[0.000000] (-) TimerEvent: {}
[0.000347] (-) JobUnselected: {'identifier': 'camera_calibration'}
[0.000365] (-) JobUnselected: {'identifier': 'depth_image_proc'}
[0.000373] (-) JobUnselected: {'identifier': 'image_pipeline'}
[0.000380] (-) JobUnselected: {'identifier': 'image_proc'}
[0.000386] (-) JobUnselected: {'identifier': 'image_rotate'}
[0.000392] (-) JobUnselected: {'identifier': 'image_view'}
[0.000401] (-) JobUnselected: {'identifier': 'libuvc'}
[0.000406] (-) JobUnselected: {'identifier': 'openni2_camera'}
[0.000412] (-) JobUnselected: {'identifier': 'stereo_image_proc'}
[0.000418] (-) JobUnselected: {'identifier': 'tracetools_image_pipeline'}
[0.000425] (astra_camera_msgs) JobQueued: {'identifier': 'astra_camera_msgs', 'dependencies': OrderedDict()}
[0.000433] (image_publisher) JobQueued: {'identifier': 'image_publisher', 'dependencies': OrderedDict()}
[0.000439] (astra_camera) JobQueued: {'identifier': 'astra_camera', 'dependencies': OrderedDict([('astra_camera_msgs', '/home/robo/jdcobot200_imitation_learning/depth_cam/install/astra_camera_msgs'), ('image_publisher', '/home/robo/jdcobot200_imitation_learning/depth_cam/install/image_publisher')])}
[0.000448] (astra_camera_msgs) JobStarted: {'identifier': 'astra_camera_msgs'}
[0.002691] (image_publisher) JobStarted: {'identifier': 'image_publisher'}
[0.004417] (astra_camera_msgs) JobProgress: {'identifier': 'astra_camera_msgs', 'progress': 'cmake'}
[0.004581] (astra_camera_msgs) Command: {'cmd': ['/usr/bin/cmake', '/home/robo/jdcobot200_imitation_learning/depth_cam/src/ros2_astra_camera/astra_camera_msgs', '-DCMAKE_BUILD_TYPE=Release', '-DAMENT_CMAKE_SYMLINK_INSTALL=1', '-DCMAKE_INSTALL_PREFIX=/home/robo/jdcobot200_imitation_learning/depth_cam/install/astra_camera_msgs'], 'cwd': '/home/robo/jdcobot200_imitation_learning/depth_cam/build/astra_camera_msgs', 'env': OrderedDict([('LESSOPEN', '| /usr/bin/lesspipe %s'), ('CODEX_CI', '1'), ('LANGUAGE', 'en_US:en'), ('USER', 'robo'), ('LC_TIME', 'ko_KR.UTF-8'), ('XDG_SESSION_TYPE', 'x11'), ('SHLVL', '1'), ('LD_LIBRARY_PATH', '/usr/lib/x86_64-linux-gnu/gazebo-11/plugins:/opt/ros/humble/opt/rviz_ogre_vendor/lib:/opt/ros/humble/lib/x86_64-linux-gnu:/opt/ros/humble/lib:/usr/local/cuda-12.9/lib64:/usr/lib/mesa-diverted/x86_64-linux-gnu:/usr/lib/x86_64-linux-gnu/mesa:/usr/lib/x86_64-linux-gnu/dri:/usr/lib/x86_64-linux-gnu/gallium-pipe'), ('HOME', '/home/robo'), ('OLDPWD', '/home/robo/jdcobot200_imitation_learning'), ('DESKTOP_SESSION', 'ubuntu'), ('ROS_PYTHON_VERSION', '3'), ('GTK_MODULES', 'gail:atk-bridge'), ('XDG_SEAT_PATH', '/org/freedesktop/DisplayManager/Seat0'), ('PAGER', 'cat'), ('LC_MONETARY', 'ko_KR.UTF-8'), ('PULSE_SINK', 'chrome_remote_desktop_session'), ('LC_CTYPE', 'C.UTF-8'), ('SYSTEMD_EXEC_PID', '1698'), ('NO_COLOR', '1'), ('DBUS_SESSION_BUS_ADDRESS', 'unix:path=/run/user/1000/bus'), ('COLORTERM', 'truecolor'), ('IM_CONFIG_PHASE', '1'), ('PULSE_STATE_PATH', '/run/user/1000/crd_audio#dlfdci21-0'), ('CODEX_PERMISSION_PROFILE', ':workspace'), ('ROS_DISTRO', 'humble'), ('GTK_IM_MODULE', 'ibus'), ('LOGNAME', 'robo'), ('_', '/usr/bin/colcon'), ('ROS_VERSION', '2'), ('PKG_CONFIG_PATH', '/home/robo/jdcobot200_imitation_learning/depth_cam/local/lib/pkgconfig:'), ('XDG_SESSION_CLASS', 'user'), ('TERM', 'xterm-256color'), ('GNOME_DESKTOP_SESSION_ID', 'this-is-deprecated'), ('ROS_LOCALHOST_ONLY', '0'), ('PATH', '/opt/ros/humble/bin:/home/robo/.codex/packages/standalone/releases/0.150.1-x86_64-unknown-linux-musl/codex-path:/home/robo/.local/bin:/home/robo/.codex/tmp/arg0/codex-arg0RD5CVs:/home/robo/.codex/packages/standalone/releases/0.150.1-x86_64-unknown-linux-musl/codex-path:/usr/local/cuda-12.9/bin:/home/robo/.local/bin:/usr/local/sbin:/usr/local/bin:/usr/sbin:/usr/bin:/sbin:/bin:/usr/games:/usr/local/games:/snap/bin'), ('SESSION_MANAGER', 'local/robo:@/tmp/.ICE-unix/1655,unix/robo:/tmp/.ICE-unix/1655'), ('PULSE_RUNTIME_PATH', '/run/user/1000/crd_audio#dlfdci21-0'), ('GDM_LANG', 'en_US'), ('CODEX_SESSION_ID', '01a046e6-55ba-7641-b9f9-20119459adf7'), ('PAPERSIZE', 'a4'), ('XDG_SESSION_PATH', '/org/freedesktop/DisplayManager/Session0'), ('XDG_MENU_PREFIX', 'gnome-'), ('LC_ADDRESS', 'ko_KR.UTF-8'), ('GNOME_TERMINAL_SCREEN', '/org/gnome/Terminal/screen/1216b3e6_4a52_4dfe_a607_c977df9d914a'), ('XDG_RUNTIME_DIR', '/run/user/1000'), ('GDK_BACKEND', 'x11'), ('DISPLAY', ':0'), ('CODEX_SANDBOX_NETWORK_DISABLED', '1'), ('LANG', 'en_US.UTF-8'), ('XDG_CURRENT_DESKTOP', 'GNOME'), ('LC_TELEPHONE', 'ko_KR.UTF-8'), ('XMODIFIERS', '@im=ibus'), ('GH_PAGER', 'cat'), ('XDG_SESSION_DESKTOP', 'ubuntu'), ('XAUTHORITY', '/home/robo/.Xauthority'), ('LS_COLORS', 'rs=0:di=01;34:ln=01;36:mh=00:pi=40;33:so=01;35:do=01;35:bd=40;33;01:cd=40;33;01:or=40;31;01:mi=00:su=37;41:sg=30;43:ca=30;41:tw=30;42:ow=34;42:st=37;44:ex=01;32:*.tar=01;31:*.tgz=01;31:*.arc=01;31:*.arj=01;31:*.taz=01;31:*.lha=01;31:*.lz4=01;31:*.lzh=01;31:*.lzma=01;31:*.tlz=01;31:*.txz=01;31:*.tzo=01;31:*.t7z=01;31:*.zip=01;31:*.z=01;31:*.dz=01;31:*.gz=01;31:*.lrz=01;31:*.lz=01;31:*.lzo=01;31:*.xz=01;31:*.zst=01;31:*.tzst=01;31:*.bz2=01;31:*.bz=01;31:*.tbz=01;31:*.tbz2=01;31:*.tz=01;31:*.deb=01;31:*.rpm=01;31:*.jar=01;31:*.war=01;31:*.ear=01;31:*.sar=01;31:*.rar=01;31:*.alz=01;31:*.ace=01;31:*.zoo=01;31:*.cpio=01;31:*.7z=01;31:*.rz=01;31:*.cab=01;31:*.wim=01;31:*.swm=01;31:*.dwm=01;31:*.esd=01;31:*.jpg=01;35:*.jpeg=01;35:*.mjpg=01;35:*.mjpeg=01;35:*.gif=01;35:*.bmp=01;35:*.pbm=01;35:*.pgm=01;35:*.ppm=01;35:*.tga=01;35:*.xbm=01;35:*.xpm=01;35:*.tif=01;35:*.tiff=01;35:*.png=01;35:*.svg=01;35:*.svgz=01;35:*.mng=01;35:*.pcx=01;35:*.mov=01;35:*.mpg=01;35:*.mpeg=01;35:*.m2v=01;35:*.mkv=01;35:*.webm=01;35:*.webp=01;35:*.ogm=01;35:*.mp4=01;35:*.m4v=01;35:*.mp4v=01;35:*.vob=01;35:*.qt=01;35:*.nuv=01;35:*.wmv=01;35:*.asf=01;35:*.rm=01;35:*.rmvb=01;35:*.flc=01;35:*.avi=01;35:*.fli=01;35:*.flv=01;35:*.gl=01;35:*.dl=01;35:*.xcf=01;35:*.xwd=01;35:*.yuv=01;35:*.cgm=01;35:*.emf=01;35:*.ogv=01;35:*.ogx=01;35:*.aac=00;36:*.au=00;36:*.flac=00;36:*.m4a=00;36:*.mid=00;36:*.midi=00;36:*.mka=00;36:*.mp3=00;36:*.mpc=00;36:*.ogg=00;36:*.ra=00;36:*.wav=00;36:*.oga=00;36:*.opus=00;36:*.spx=00;36:*.xspf=00;36:'), ('GNOME_TERMINAL_SERVICE', ':1.166'), ('SSH_AUTH_SOCK', '/run/user/1000/keyring/ssh'), ('XDG_GREETER_DATA_DIR', '/var/lib/lightdm-data/robo'), ('AMENT_PREFIX_PATH', '/opt/ros/humble'), ('SHELL', '/bin/bash'), ('LC_NAME', 'ko_KR.UTF-8'), ('QT_ACCESSIBILITY', '1'), ('PULSE_CONFIG_PATH', '/run/user/1000/crd_audio#dlfdci21-0'), ('GDMSESSION', 'ubuntu'), ('LESSCLOSE', '/usr/bin/lesspipe %s %s'), ('CODEX_THREAD_ID', '01a046e6-55ba-7641-b9f9-20119459adf7'), ('LC_MEASUREMENT', 'ko_KR.UTF-8'), ('GPG_AGENT_INFO', '/run/user/1000/gnupg/S.gpg-agent:0:1'), ('LC_IDENTIFICATION', 'ko_KR.UTF-8'), ('GIT_PAGER', 'cat'), ('QT_IM_MODULE', 'ibus'), ('PWD', '/home/robo/jdcobot200_imitation_learning/depth_cam/build/astra_camera_msgs'), ('LC_ALL', 'en_US.UTF-8'), ('XDG_CONFIG_DIRS', '/etc/xdg/xdg-ubuntu:/etc/xdg'), ('CLUTTER_IM_MODULE', 'ibus'), ('CHROME_REMOTE_DESKTOP_SESSION', '1'), ('XDG_DATA_DIRS', '/usr/share/ubuntu:/usr/share/gnome:/usr/local/share:/usr/share:/var/lib/snapd/desktop'), ('PYTHONPATH', '/opt/ros/humble/lib/python3.10/site-packages:/opt/ros/humble/local/lib/python3.10/dist-packages'), ('LC_NUMERIC', 'ko_KR.UTF-8'), ('LC_PAPER', 'ko_KR.UTF-8'), ('COLCON', '1'), ('VTE_VERSION', '6800'), ('CMAKE_PREFIX_PATH', '/home/robo/jdcobot200_imitation_learning/depth_cam/local::/opt/ros/humble')]), 'shell': False}
[0.005491] (image_publisher) JobProgress: {'identifier': 'image_publisher', 'progress': 'cmake'}
[0.005708] (image_publisher) Command: {'cmd': ['/usr/bin/cmake', '/home/robo/jdcobot200_imitation_learning/depth_cam/src/image_pipeline/image_publisher', '-DCMAKE_BUILD_TYPE=Release', '-DAMENT_CMAKE_SYMLINK_INSTALL=1', '-DCMAKE_INSTALL_PREFIX=/home/robo/jdcobot200_imitation_learning/depth_cam/install/image_publisher'], 'cwd': '/home/robo/jdcobot200_imitation_learning/depth_cam/build/image_publisher', 'env': OrderedDict([('LESSOPEN', '| /usr/bin/lesspipe %s'), ('CODEX_CI', '1'), ('LANGUAGE', 'en_US:en'), ('USER', 'robo'), ('LC_TIME', 'ko_KR.UTF-8'), ('XDG_SESSION_TYPE', 'x11'), ('SHLVL', '1'), ('LD_LIBRARY_PATH', '/usr/lib/x86_64-linux-gnu/gazebo-11/plugins:/opt/ros/humble/opt/rviz_ogre_vendor/lib:/opt/ros/humble/lib/x86_64-linux-gnu:/opt/ros/humble/lib:/usr/local/cuda-12.9/lib64:/usr/lib/mesa-diverted/x86_64-linux-gnu:/usr/lib/x86_64-linux-gnu/mesa:/usr/lib/x86_64-linux-gnu/dri:/usr/lib/x86_64-linux-gnu/gallium-pipe'), ('HOME', '/home/robo'), ('OLDPWD', '/home/robo/jdcobot200_imitation_learning'), ('DESKTOP_SESSION', 'ubuntu'), ('ROS_PYTHON_VERSION', '3'), ('GTK_MODULES', 'gail:atk-bridge'), ('XDG_SEAT_PATH', '/org/freedesktop/DisplayManager/Seat0'), ('PAGER', 'cat'), ('LC_MONETARY', 'ko_KR.UTF-8'), ('PULSE_SINK', 'chrome_remote_desktop_session'), ('LC_CTYPE', 'C.UTF-8'), ('SYSTEMD_EXEC_PID', '1698'), ('NO_COLOR', '1'), ('DBUS_SESSION_BUS_ADDRESS', 'unix:path=/run/user/1000/bus'), ('COLORTERM', 'truecolor'), ('IM_CONFIG_PHASE', '1'), ('PULSE_STATE_PATH', '/run/user/1000/crd_audio#dlfdci21-0'), ('CODEX_PERMISSION_PROFILE', ':workspace'), ('ROS_DISTRO', 'humble'), ('GTK_IM_MODULE', 'ibus'), ('LOGNAME', 'robo'), ('_', '/usr/bin/colcon'), ('ROS_VERSION', '2'), ('PKG_CONFIG_PATH', '/home/robo/jdcobot200_imitation_learning/depth_cam/local/lib/pkgconfig:'), ('XDG_SESSION_CLASS', 'user'), ('TERM', 'xterm-256color'), ('GNOME_DESKTOP_SESSION_ID', 'this-is-deprecated'), ('ROS_LOCALHOST_ONLY', '0'), ('PATH', '/opt/ros/humble/bin:/home/robo/.codex/packages/standalone/releases/0.150.1-x86_64-unknown-linux-musl/codex-path:/home/robo/.local/bin:/home/robo/.codex/tmp/arg0/codex-arg0RD5CVs:/home/robo/.codex/packages/standalone/releases/0.150.1-x86_64-unknown-linux-musl/codex-path:/usr/local/cuda-12.9/bin:/home/robo/.local/bin:/usr/local/sbin:/usr/local/bin:/usr/sbin:/usr/bin:/sbin:/bin:/usr/games:/usr/local/games:/snap/bin'), ('SESSION_MANAGER', 'local/robo:@/tmp/.ICE-unix/1655,unix/robo:/tmp/.ICE-unix/1655'), ('PULSE_RUNTIME_PATH', '/run/user/1000/crd_audio#dlfdci21-0'), ('GDM_LANG', 'en_US'), ('CODEX_SESSION_ID', '01a046e6-55ba-7641-b9f9-20119459adf7'), ('PAPERSIZE', 'a4'), ('XDG_SESSION_PATH', '/org/freedesktop/DisplayManager/Session0'), ('XDG_MENU_PREFIX', 'gnome-'), ('LC_ADDRESS', 'ko_KR.UTF-8'), ('GNOME_TERMINAL_SCREEN', '/org/gnome/Terminal/screen/1216b3e6_4a52_4dfe_a607_c977df9d914a'), ('XDG_RUNTIME_DIR', '/run/user/1000'), ('GDK_BACKEND', 'x11'), ('DISPLAY', ':0'), ('CODEX_SANDBOX_NETWORK_DISABLED', '1'), ('LANG', 'en_US.UTF-8'), ('XDG_CURRENT_DESKTOP', 'GNOME'), ('LC_TELEPHONE', 'ko_KR.UTF-8'), ('XMODIFIERS', '@im=ibus'), ('GH_PAGER', 'cat'), ('XDG_SESSION_DESKTOP', 'ubuntu'), ('XAUTHORITY', '/home/robo/.Xauthority'), ('LS_COLORS', 'rs=0:di=01;34:ln=01;36:mh=00:pi=40;33:so=01;35:do=01;35:bd=40;33;01:cd=40;33;01:or=40;31;01:mi=00:su=37;41:sg=30;43:ca=30;41:tw=30;42:ow=34;42:st=37;44:ex=01;32:*.tar=01;31:*.tgz=01;31:*.arc=01;31:*.arj=01;31:*.taz=01;31:*.lha=01;31:*.lz4=01;31:*.lzh=01;31:*.lzma=01;31:*.tlz=01;31:*.txz=01;31:*.tzo=01;31:*.t7z=01;31:*.zip=01;31:*.z=01;31:*.dz=01;31:*.gz=01;31:*.lrz=01;31:*.lz=01;31:*.lzo=01;31:*.xz=01;31:*.zst=01;31:*.tzst=01;31:*.bz2=01;31:*.bz=01;31:*.tbz=01;31:*.tbz2=01;31:*.tz=01;31:*.deb=01;31:*.rpm=01;31:*.jar=01;31:*.war=01;31:*.ear=01;31:*.sar=01;31:*.rar=01;31:*.alz=01;31:*.ace=01;31:*.zoo=01;31:*.cpio=01;31:*.7z=01;31:*.rz=01;31:*.cab=01;31:*.wim=01;31:*.swm=01;31:*.dwm=01;31:*.esd=01;31:*.jpg=01;35:*.jpeg=01;35:*.mjpg=01;35:*.mjpeg=01;35:*.gif=01;35:*.bmp=01;35:*.pbm=01;35:*.pgm=01;35:*.ppm=01;35:*.tga=01;35:*.xbm=01;35:*.xpm=01;35:*.tif=01;35:*.tiff=01;35:*.png=01;35:*.svg=01;35:*.svgz=01;35:*.mng=01;35:*.pcx=01;35:*.mov=01;35:*.mpg=01;35:*.mpeg=01;35:*.m2v=01;35:*.mkv=01;35:*.webm=01;35:*.webp=01;35:*.ogm=01;35:*.mp4=01;35:*.m4v=01;35:*.mp4v=01;35:*.vob=01;35:*.qt=01;35:*.nuv=01;35:*.wmv=01;35:*.asf=01;35:*.rm=01;35:*.rmvb=01;35:*.flc=01;35:*.avi=01;35:*.fli=01;35:*.flv=01;35:*.gl=01;35:*.dl=01;35:*.xcf=01;35:*.xwd=01;35:*.yuv=01;35:*.cgm=01;35:*.emf=01;35:*.ogv=01;35:*.ogx=01;35:*.aac=00;36:*.au=00;36:*.flac=00;36:*.m4a=00;36:*.mid=00;36:*.midi=00;36:*.mka=00;36:*.mp3=00;36:*.mpc=00;36:*.ogg=00;36:*.ra=00;36:*.wav=00;36:*.oga=00;36:*.opus=00;36:*.spx=00;36:*.xspf=00;36:'), ('GNOME_TERMINAL_SERVICE', ':1.166'), ('SSH_AUTH_SOCK', '/run/user/1000/keyring/ssh'), ('XDG_GREETER_DATA_DIR', '/var/lib/lightdm-data/robo'), ('AMENT_PREFIX_PATH', '/opt/ros/humble'), ('SHELL', '/bin/bash'), ('LC_NAME', 'ko_KR.UTF-8'), ('QT_ACCESSIBILITY', '1'), ('PULSE_CONFIG_PATH', '/run/user/1000/crd_audio#dlfdci21-0'), ('GDMSESSION', 'ubuntu'), ('LESSCLOSE', '/usr/bin/lesspipe %s %s'), ('CODEX_THREAD_ID', '01a046e6-55ba-7641-b9f9-20119459adf7'), ('LC_MEASUREMENT', 'ko_KR.UTF-8'), ('GPG_AGENT_INFO', '/run/user/1000/gnupg/S.gpg-agent:0:1'), ('LC_IDENTIFICATION', 'ko_KR.UTF-8'), ('GIT_PAGER', 'cat'), ('QT_IM_MODULE', 'ibus'), ('PWD', '/home/robo/jdcobot200_imitation_learning/depth_cam/build/image_publisher'), ('LC_ALL', 'en_US.UTF-8'), ('XDG_CONFIG_DIRS', '/etc/xdg/xdg-ubuntu:/etc/xdg'), ('CLUTTER_IM_MODULE', 'ibus'), ('CHROME_REMOTE_DESKTOP_SESSION', '1'), ('XDG_DATA_DIRS', '/usr/share/ubuntu:/usr/share/gnome:/usr/local/share:/usr/share:/var/lib/snapd/desktop'), ('PYTHONPATH', '/opt/ros/humble/lib/python3.10/site-packages:/opt/ros/humble/local/lib/python3.10/dist-packages'), ('LC_NUMERIC', 'ko_KR.UTF-8'), ('LC_PAPER', 'ko_KR.UTF-8'), ('COLCON', '1'), ('VTE_VERSION', '6800'), ('CMAKE_PREFIX_PATH', '/home/robo/jdcobot200_imitation_learning/depth_cam/local::/opt/ros/humble')]), 'shell': False}
[0.041491] (image_publisher) StdoutLine: {'line': b'-- The C compiler identification is GNU 11.4.0\n'}
[0.044135] (astra_camera_msgs) StdoutLine: {'line': b'-- The C compiler identification is GNU 11.4.0\n'}
[0.089694] (astra_camera_msgs) StdoutLine: {'line': b'-- The CXX compiler identification is GNU 11.4.0\n'}
[0.091218] (image_publisher) StdoutLine: {'line': b'-- The CXX compiler identification is GNU 11.4.0\n'}
[0.094223] (astra_camera_msgs) StdoutLine: {'line': b'-- Detecting C compiler ABI info\n'}
[0.096726] (image_publisher) StdoutLine: {'line': b'-- Detecting C compiler ABI info\n'}
[0.099881] (-) TimerEvent: {}
[0.175643] (image_publisher) StdoutLine: {'line': b'-- Detecting C compiler ABI info - done\n'}
[0.176707] (astra_camera_msgs) StdoutLine: {'line': b'-- Detecting C compiler ABI info - done\n'}
[0.180929] (astra_camera_msgs) StdoutLine: {'line': b'-- Check for working C compiler: /usr/bin/cc - skipped\n'}
[0.181086] (astra_camera_msgs) StdoutLine: {'line': b'-- Detecting C compile features\n'}
[0.181299] (astra_camera_msgs) StdoutLine: {'line': b'-- Detecting C compile features - done\n'}
[0.182745] (image_publisher) StdoutLine: {'line': b'-- Check for working C compiler: /usr/bin/cc - skipped\n'}
[0.182948] (image_publisher) StdoutLine: {'line': b'-- Detecting C compile features\n'}
[0.183045] (astra_camera_msgs) StdoutLine: {'line': b'-- Detecting CXX compiler ABI info\n'}
[0.183316] (image_publisher) StdoutLine: {'line': b'-- Detecting C compile features - done\n'}
[0.185775] (image_publisher) StdoutLine: {'line': b'-- Detecting CXX compiler ABI info\n'}
[0.199953] (-) TimerEvent: {}
[0.237049] (astra_camera_msgs) StdoutLine: {'line': b'-- Detecting CXX compiler ABI info - done\n'}
[0.242189] (image_publisher) StdoutLine: {'line': b'-- Detecting CXX compiler ABI info - done\n'}
[0.243955] (astra_camera_msgs) StdoutLine: {'line': b'-- Check for working CXX compiler: /usr/bin/c++ - skipped\n'}
[0.244198] (astra_camera_msgs) StdoutLine: {'line': b'-- Detecting CXX compile features\n'}
[0.244605] (astra_camera_msgs) StdoutLine: {'line': b'-- Detecting CXX compile features - done\n'}
[0.246532] (astra_camera_msgs) StdoutLine: {'line': b'-- Found ament_cmake: 1.3.12 (/opt/ros/humble/share/ament_cmake/cmake)\n'}
[0.249336] (image_publisher) StdoutLine: {'line': b'-- Check for working CXX compiler: /usr/bin/c++ - skipped\n'}
[0.249552] (image_publisher) StdoutLine: {'line': b'-- Detecting CXX compile features\n'}
[0.249931] (image_publisher) StdoutLine: {'line': b'-- Detecting CXX compile features - done\n'}
[0.251870] (image_publisher) StdoutLine: {'line': b'-- Found ament_cmake_auto: 1.3.12 (/opt/ros/humble/share/ament_cmake_auto/cmake)\n'}
[0.300077] (-) TimerEvent: {}
[0.336809] (astra_camera_msgs) StdoutLine: {'line': b'-- Found Python3: /usr/bin/python3 (found version "3.10.12") found components: Interpreter \n'}
[0.339581] (image_publisher) StdoutLine: {'line': b'-- Found Python3: /usr/bin/python3 (found version "3.10.12") found components: Interpreter \n'}
[0.368550] (astra_camera_msgs) StdoutLine: {'line': b'-- Override CMake install command with custom implementation using symlinks instead of copying resources\n'}
[0.371565] (image_publisher) StdoutLine: {'line': b'-- Override CMake install command with custom implementation using symlinks instead of copying resources\n'}
[0.382592] (astra_camera_msgs) StdoutLine: {'line': b'-- Found rosidl_default_generators: 1.2.0 (/opt/ros/humble/share/rosidl_default_generators/cmake)\n'}
[0.384963] (astra_camera_msgs) StdoutLine: {'line': b'-- Using all available rosidl_typesupport_c: rosidl_typesupport_fastrtps_c;rosidl_typesupport_introspection_c\n'}
[0.389539] (astra_camera_msgs) StdoutLine: {'line': b'-- Found rosidl_adapter: 3.1.8 (/opt/ros/humble/share/rosidl_adapter/cmake)\n'}
[0.390777] (image_publisher) StdoutLine: {'line': b'-- Found camera_info_manager: 3.1.13 (/opt/ros/humble/share/camera_info_manager/cmake)\n'}
[0.400182] (-) TimerEvent: {}
[0.413564] (astra_camera_msgs) StdoutLine: {'line': b'-- Using all available rosidl_typesupport_cpp: rosidl_typesupport_fastrtps_cpp;rosidl_typesupport_introspection_cpp\n'}
[0.417779] (image_publisher) StdoutLine: {'line': b'-- Found rosidl_generator_c: 3.1.8 (/opt/ros/humble/share/rosidl_generator_c/cmake)\n'}
[0.420145] (image_publisher) StdoutLine: {'line': b'-- Found rosidl_adapter: 3.1.8 (/opt/ros/humble/share/rosidl_adapter/cmake)\n'}
[0.424184] (image_publisher) StdoutLine: {'line': b'-- Found rosidl_generator_cpp: 3.1.8 (/opt/ros/humble/share/rosidl_generator_cpp/cmake)\n'}
[0.429597] (astra_camera_msgs) StdoutLine: {'line': b'-- Found sensor_msgs: 4.9.0 (/opt/ros/humble/share/sensor_msgs/cmake)\n'}
[0.429795] (image_publisher) StdoutLine: {'line': b'-- Using all available rosidl_typesupport_c: rosidl_typesupport_fastrtps_c;rosidl_typesupport_introspection_c\n'}
[0.437579] (image_publisher) StdoutLine: {'line': b'-- Using all available rosidl_typesupport_cpp: rosidl_typesupport_fastrtps_cpp;rosidl_typesupport_introspection_cpp\n'}
[0.459461] (image_publisher) StdoutLine: {'line': b'-- Found rmw_implementation_cmake: 6.1.2 (/opt/ros/humble/share/rmw_implementation_cmake/cmake)\n'}
[0.460652] (image_publisher) StdoutLine: {'line': b'-- Found rmw_fastrtps_cpp: 6.2.9 (/opt/ros/humble/share/rmw_fastrtps_cpp/cmake)\n'}
[0.500272] (-) TimerEvent: {}
[0.513269] (image_publisher) StdoutLine: {'line': b'-- Found OpenSSL: /usr/lib/x86_64-linux-gnu/libcrypto.so (found version "3.0.2")  \n'}
[0.530991] (image_publisher) StdoutLine: {'line': b'-- Found FastRTPS: /opt/ros/humble/include  \n'}
[0.557910] (image_publisher) StdoutLine: {'line': b"-- Using RMW implementation 'rmw_fastrtps_cpp' as default\n"}
[0.564675] (image_publisher) StdoutLine: {'line': b'-- Looking for pthread.h\n'}
[0.600445] (-) TimerEvent: {}
[0.617685] (image_publisher) StdoutLine: {'line': b'-- Looking for pthread.h - found\n'}
[0.617994] (image_publisher) StdoutLine: {'line': b'-- Performing Test CMAKE_HAVE_LIBC_PTHREAD\n'}
[0.647966] (astra_camera_msgs) StdoutLine: {'line': b'-- Found ament_cmake_ros: 0.10.0 (/opt/ros/humble/share/ament_cmake_ros/cmake)\n'}
[0.669749] (image_publisher) StdoutLine: {'line': b'-- Performing Test CMAKE_HAVE_LIBC_PTHREAD - Success\n'}
[0.670647] (image_publisher) StdoutLine: {'line': b'-- Found Threads: TRUE  \n'}
[0.700570] (-) TimerEvent: {}
[0.791089] (image_publisher) StdoutLine: {'line': b'-- Found OpenCV: /usr (found version "4.5.4") found components: core imgcodecs videoio \n'}
[0.791182] (image_publisher) StdoutLine: {'line': b'-- opencv version 4.5.4\n'}
[0.793473] (image_publisher) StdoutLine: {'line': b'-- Found ament_lint_auto: 0.12.14 (/opt/ros/humble/share/ament_lint_auto/cmake)\n'}
[0.794902] (astra_camera_msgs) StdoutLine: {'line': b'-- Using all available rosidl_typesupport_c: rosidl_typesupport_fastrtps_c;rosidl_typesupport_introspection_c\n'}
[0.800623] (-) TimerEvent: {}
[0.804559] (image_publisher) StderrLine: {'line': b'In this package, headers install destination is set to `include` by ament_auto_package. It is recommended to install `include/image_publisher` instead and will be the default behavior of ament_auto_package from ROS 2 Kilted Kaiju. On distributions before Kilted, ament_auto_package behaves the same way when you use USE_SCOPED_HEADER_INSTALL_DIR option.\n'}
[0.807060] (image_publisher) StdoutLine: {'line': b"-- Added test 'copyright' to check source files copyright and LICENSE\n"}
[0.807670] (image_publisher) StdoutLine: {'line': b"-- Added test 'cppcheck' to perform static code analysis on C / C++ code\n"}
[0.807789] (image_publisher) StdoutLine: {'line': b'-- Configured cppcheck include dirs: /home/robo/jdcobot200_imitation_learning/depth_cam/src/image_pipeline/image_publisher/include\n'}
[0.807814] (image_publisher) StdoutLine: {'line': b'-- Configured cppcheck exclude dirs and/or files: \n'}
[0.808344] (image_publisher) StdoutLine: {'line': b"-- Added test 'cpplint' to check C / C++ code against the Google style\n"}
[0.808368] (image_publisher) StdoutLine: {'line': b'-- Configured cpplint exclude dirs and/or files: \n'}
[0.808684] (image_publisher) StdoutLine: {'line': b"-- Added test 'flake8' to check Python code syntax and style conventions\n"}
[0.808971] (image_publisher) StdoutLine: {'line': b"-- Added test 'lint_cmake' to check CMake code style\n"}
[0.809264] (image_publisher) StdoutLine: {'line': b"-- Added test 'pep257' to check Python code against some of the docstring style conventions in PEP 257\n"}
[0.809826] (image_publisher) StdoutLine: {'line': b"-- Added test 'uncrustify' to check C / C++ code style\n"}
[0.809849] (image_publisher) StdoutLine: {'line': b'-- Configured uncrustify additional arguments: \n'}
[0.810128] (image_publisher) StdoutLine: {'line': b"-- Added test 'xmllint' to check XML markup files\n"}
[0.811400] (image_publisher) StdoutLine: {'line': b'-- Configuring done\n'}
[0.820924] (image_publisher) StdoutLine: {'line': b'-- Generating done\n'}
[0.824108] (image_publisher) StdoutLine: {'line': b'-- Build files have been written to: /home/robo/jdcobot200_imitation_learning/depth_cam/build/image_publisher\n'}
[0.900711] (-) TimerEvent: {}
[1.000845] (-) TimerEvent: {}
[1.013982] (astra_camera_msgs) StdoutLine: {'line': b'-- Using all available rosidl_typesupport_cpp: rosidl_typesupport_fastrtps_cpp;rosidl_typesupport_introspection_cpp\n'}
[1.014109] (image_publisher) CommandEnded: {'returncode': 0}
[1.014378] (image_publisher) JobProgress: {'identifier': 'image_publisher', 'progress': 'build'}
[1.014398] (image_publisher) Command: {'cmd': ['/usr/bin/cmake', '--build', '/home/robo/jdcobot200_imitation_learning/depth_cam/build/image_publisher', '--', '-j24', '-l24'], 'cwd': '/home/robo/jdcobot200_imitation_learning/depth_cam/build/image_publisher', 'env': OrderedDict([('LESSOPEN', '| /usr/bin/lesspipe %s'), ('CODEX_CI', '1'), ('LANGUAGE', 'en_US:en'), ('USER', 'robo'), ('LC_TIME', 'ko_KR.UTF-8'), ('XDG_SESSION_TYPE', 'x11'), ('SHLVL', '1'), ('LD_LIBRARY_PATH', '/usr/lib/x86_64-linux-gnu/gazebo-11/plugins:/opt/ros/humble/opt/rviz_ogre_vendor/lib:/opt/ros/humble/lib/x86_64-linux-gnu:/opt/ros/humble/lib:/usr/local/cuda-12.9/lib64:/usr/lib/mesa-diverted/x86_64-linux-gnu:/usr/lib/x86_64-linux-gnu/mesa:/usr/lib/x86_64-linux-gnu/dri:/usr/lib/x86_64-linux-gnu/gallium-pipe'), ('HOME', '/home/robo'), ('OLDPWD', '/home/robo/jdcobot200_imitation_learning'), ('DESKTOP_SESSION', 'ubuntu'), ('ROS_PYTHON_VERSION', '3'), ('GTK_MODULES', 'gail:atk-bridge'), ('XDG_SEAT_PATH', '/org/freedesktop/DisplayManager/Seat0'), ('PAGER', 'cat'), ('LC_MONETARY', 'ko_KR.UTF-8'), ('PULSE_SINK', 'chrome_remote_desktop_session'), ('LC_CTYPE', 'C.UTF-8'), ('SYSTEMD_EXEC_PID', '1698'), ('NO_COLOR', '1'), ('DBUS_SESSION_BUS_ADDRESS', 'unix:path=/run/user/1000/bus'), ('COLORTERM', 'truecolor'), ('IM_CONFIG_PHASE', '1'), ('PULSE_STATE_PATH', '/run/user/1000/crd_audio#dlfdci21-0'), ('CODEX_PERMISSION_PROFILE', ':workspace'), ('ROS_DISTRO', 'humble'), ('GTK_IM_MODULE', 'ibus'), ('LOGNAME', 'robo'), ('_', '/usr/bin/colcon'), ('ROS_VERSION', '2'), ('PKG_CONFIG_PATH', '/home/robo/jdcobot200_imitation_learning/depth_cam/local/lib/pkgconfig:'), ('XDG_SESSION_CLASS', 'user'), ('TERM', 'xterm-256color'), ('GNOME_DESKTOP_SESSION_ID', 'this-is-deprecated'), ('ROS_LOCALHOST_ONLY', '0'), ('PATH', '/opt/ros/humble/bin:/home/robo/.codex/packages/standalone/releases/0.150.1-x86_64-unknown-linux-musl/codex-path:/home/robo/.local/bin:/home/robo/.codex/tmp/arg0/codex-arg0RD5CVs:/home/robo/.codex/packages/standalone/releases/0.150.1-x86_64-unknown-linux-musl/codex-path:/usr/local/cuda-12.9/bin:/home/robo/.local/bin:/usr/local/sbin:/usr/local/bin:/usr/sbin:/usr/bin:/sbin:/bin:/usr/games:/usr/local/games:/snap/bin'), ('SESSION_MANAGER', 'local/robo:@/tmp/.ICE-unix/1655,unix/robo:/tmp/.ICE-unix/1655'), ('PULSE_RUNTIME_PATH', '/run/user/1000/crd_audio#dlfdci21-0'), ('GDM_LANG', 'en_US'), ('CODEX_SESSION_ID', '01a046e6-55ba-7641-b9f9-20119459adf7'), ('PAPERSIZE', 'a4'), ('XDG_SESSION_PATH', '/org/freedesktop/DisplayManager/Session0'), ('XDG_MENU_PREFIX', 'gnome-'), ('LC_ADDRESS', 'ko_KR.UTF-8'), ('GNOME_TERMINAL_SCREEN', '/org/gnome/Terminal/screen/1216b3e6_4a52_4dfe_a607_c977df9d914a'), ('XDG_RUNTIME_DIR', '/run/user/1000'), ('GDK_BACKEND', 'x11'), ('DISPLAY', ':0'), ('CODEX_SANDBOX_NETWORK_DISABLED', '1'), ('LANG', 'en_US.UTF-8'), ('XDG_CURRENT_DESKTOP', 'GNOME'), ('LC_TELEPHONE', 'ko_KR.UTF-8'), ('XMODIFIERS', '@im=ibus'), ('GH_PAGER', 'cat'), ('XDG_SESSION_DESKTOP', 'ubuntu'), ('XAUTHORITY', '/home/robo/.Xauthority'), ('LS_COLORS', 'rs=0:di=01;34:ln=01;36:mh=00:pi=40;33:so=01;35:do=01;35:bd=40;33;01:cd=40;33;01:or=40;31;01:mi=00:su=37;41:sg=30;43:ca=30;41:tw=30;42:ow=34;42:st=37;44:ex=01;32:*.tar=01;31:*.tgz=01;31:*.arc=01;31:*.arj=01;31:*.taz=01;31:*.lha=01;31:*.lz4=01;31:*.lzh=01;31:*.lzma=01;31:*.tlz=01;31:*.txz=01;31:*.tzo=01;31:*.t7z=01;31:*.zip=01;31:*.z=01;31:*.dz=01;31:*.gz=01;31:*.lrz=01;31:*.lz=01;31:*.lzo=01;31:*.xz=01;31:*.zst=01;31:*.tzst=01;31:*.bz2=01;31:*.bz=01;31:*.tbz=01;31:*.tbz2=01;31:*.tz=01;31:*.deb=01;31:*.rpm=01;31:*.jar=01;31:*.war=01;31:*.ear=01;31:*.sar=01;31:*.rar=01;31:*.alz=01;31:*.ace=01;31:*.zoo=01;31:*.cpio=01;31:*.7z=01;31:*.rz=01;31:*.cab=01;31:*.wim=01;31:*.swm=01;31:*.dwm=01;31:*.esd=01;31:*.jpg=01;35:*.jpeg=01;35:*.mjpg=01;35:*.mjpeg=01;35:*.gif=01;35:*.bmp=01;35:*.pbm=01;35:*.pgm=01;35:*.ppm=01;35:*.tga=01;35:*.xbm=01;35:*.xpm=01;35:*.tif=01;35:*.tiff=01;35:*.png=01;35:*.svg=01;35:*.svgz=01;35:*.mng=01;35:*.pcx=01;35:*.mov=01;35:*.mpg=01;35:*.mpeg=01;35:*.m2v=01;35:*.mkv=01;35:*.webm=01;35:*.webp=01;35:*.ogm=01;35:*.mp4=01;35:*.m4v=01;35:*.mp4v=01;35:*.vob=01;35:*.qt=01;35:*.nuv=01;35:*.wmv=01;35:*.asf=01;35:*.rm=01;35:*.rmvb=01;35:*.flc=01;35:*.avi=01;35:*.fli=01;35:*.flv=01;35:*.gl=01;35:*.dl=01;35:*.xcf=01;35:*.xwd=01;35:*.yuv=01;35:*.cgm=01;35:*.emf=01;35:*.ogv=01;35:*.ogx=01;35:*.aac=00;36:*.au=00;36:*.flac=00;36:*.m4a=00;36:*.mid=00;36:*.midi=00;36:*.mka=00;36:*.mp3=00;36:*.mpc=00;36:*.ogg=00;36:*.ra=00;36:*.wav=00;36:*.oga=00;36:*.opus=00;36:*.spx=00;36:*.xspf=00;36:'), ('GNOME_TERMINAL_SERVICE', ':1.166'), ('SSH_AUTH_SOCK', '/run/user/1000/keyring/ssh'), ('XDG_GREETER_DATA_DIR', '/var/lib/lightdm-data/robo'), ('AMENT_PREFIX_PATH', '/opt/ros/humble'), ('SHELL', '/bin/bash'), ('LC_NAME', 'ko_KR.UTF-8'), ('QT_ACCESSIBILITY', '1'), ('PULSE_CONFIG_PATH', '/run/user/1000/crd_audio#dlfdci21-0'), ('GDMSESSION', 'ubuntu'), ('LESSCLOSE', '/usr/bin/lesspipe %s %s'), ('CODEX_THREAD_ID', '01a046e6-55ba-7641-b9f9-20119459adf7'), ('LC_MEASUREMENT', 'ko_KR.UTF-8'), ('GPG_AGENT_INFO', '/run/user/1000/gnupg/S.gpg-agent:0:1'), ('LC_IDENTIFICATION', 'ko_KR.UTF-8'), ('GIT_PAGER', 'cat'), ('QT_IM_MODULE', 'ibus'), ('PWD', '/home/robo/jdcobot200_imitation_learning/depth_cam/build/image_publisher'), ('LC_ALL', 'en_US.UTF-8'), ('XDG_CONFIG_DIRS', '/etc/xdg/xdg-ubuntu:/etc/xdg'), ('CLUTTER_IM_MODULE', 'ibus'), ('CHROME_REMOTE_DESKTOP_SESSION', '1'), ('XDG_DATA_DIRS', '/usr/share/ubuntu:/usr/share/gnome:/usr/local/share:/usr/share:/var/lib/snapd/desktop'), ('PYTHONPATH', '/opt/ros/humble/lib/python3.10/site-packages:/opt/ros/humble/local/lib/python3.10/dist-packages'), ('LC_NUMERIC', 'ko_KR.UTF-8'), ('LC_PAPER', 'ko_KR.UTF-8'), ('COLCON', '1'), ('VTE_VERSION', '6800'), ('CMAKE_PREFIX_PATH', '/home/robo/jdcobot200_imitation_learning/depth_cam/local::/opt/ros/humble')]), 'shell': False}
[1.036176] (astra_camera_msgs) StdoutLine: {'line': b'-- Found PythonInterp: /usr/bin/python3 (found suitable version "3.10.12", minimum required is "3.6") \n'}
[1.037430] (astra_camera_msgs) StdoutLine: {'line': b'-- Found python_cmake_module: 0.10.0 (/opt/ros/humble/share/python_cmake_module/cmake)\n'}
[1.060190] (astra_camera_msgs) StdoutLine: {'line': b'-- Found PythonLibs: /usr/lib/x86_64-linux-gnu/libpython3.10.so (found suitable version "3.10.12", minimum required is "3.5") \n'}
[1.060306] (astra_camera_msgs) StdoutLine: {'line': b'-- Using PYTHON_EXECUTABLE: /usr/bin/python3\n'}
[1.060353] (astra_camera_msgs) StdoutLine: {'line': b'-- Using PYTHON_INCLUDE_DIRS: /usr/include/python3.10\n'}
[1.060381] (astra_camera_msgs) StdoutLine: {'line': b'-- Using PYTHON_LIBRARIES: /usr/lib/x86_64-linux-gnu/libpython3.10.so\n'}
[1.062438] (image_publisher) StdoutLine: {'line': b'[ 25%] Building CXX object CMakeFiles/image_publisher.dir/src/image_publisher.cpp.o\n'}
[1.072690] (astra_camera_msgs) StdoutLine: {'line': b'-- Found PythonExtra: .so  \n'}
[1.101170] (-) TimerEvent: {}
[1.112691] (astra_camera_msgs) StdoutLine: {'line': b'-- Found ament_lint_auto: 0.12.14 (/opt/ros/humble/share/ament_lint_auto/cmake)\n'}
[1.122699] (astra_camera_msgs) StdoutLine: {'line': b"-- Added test 'copyright' to check source files copyright and LICENSE\n"}
[1.123526] (astra_camera_msgs) StdoutLine: {'line': b"-- Added test 'lint_cmake' to check CMake code style\n"}
[1.124004] (astra_camera_msgs) StdoutLine: {'line': b"-- Added test 'xmllint' to check XML markup files\n"}
[1.125407] (astra_camera_msgs) StdoutLine: {'line': b'-- Configuring done\n'}
[1.149094] (astra_camera_msgs) StdoutLine: {'line': b'-- Generating done\n'}
[1.155506] (astra_camera_msgs) StdoutLine: {'line': b'-- Build files have been written to: /home/robo/jdcobot200_imitation_learning/depth_cam/build/astra_camera_msgs\n'}
[1.201260] (-) TimerEvent: {}
[1.301421] (-) TimerEvent: {}
[1.401584] (-) TimerEvent: {}
[1.501805] (-) TimerEvent: {}
[1.601967] (-) TimerEvent: {}
[1.702181] (-) TimerEvent: {}
[1.802390] (-) TimerEvent: {}
[1.902560] (-) TimerEvent: {}
[2.002769] (-) TimerEvent: {}
[2.102935] (-) TimerEvent: {}
[2.203133] (-) TimerEvent: {}
[2.303339] (-) TimerEvent: {}
[2.403500] (-) TimerEvent: {}
[2.503720] (-) TimerEvent: {}
[2.603935] (-) TimerEvent: {}
[2.704190] (-) TimerEvent: {}
[2.804361] (-) TimerEvent: {}
[2.904527] (-) TimerEvent: {}
[3.004690] (-) TimerEvent: {}
[3.104857] (-) TimerEvent: {}
[3.205023] (-) TimerEvent: {}
[3.305191] (-) TimerEvent: {}
[3.320941] (image_publisher) StdoutLine: {'line': b'[ 50%] Linking CXX shared library libimage_publisher.so\n'}
[3.321089] (astra_camera_msgs) CommandEnded: {'returncode': 0}
[3.321971] (astra_camera_msgs) JobProgress: {'identifier': 'astra_camera_msgs', 'progress': 'build'}
[3.322067] (astra_camera_msgs) Command: {'cmd': ['/usr/bin/cmake', '--build', '/home/robo/jdcobot200_imitation_learning/depth_cam/build/astra_camera_msgs', '--', '-j24', '-l24'], 'cwd': '/home/robo/jdcobot200_imitation_learning/depth_cam/build/astra_camera_msgs', 'env': OrderedDict([('LESSOPEN', '| /usr/bin/lesspipe %s'), ('CODEX_CI', '1'), ('LANGUAGE', 'en_US:en'), ('USER', 'robo'), ('LC_TIME', 'ko_KR.UTF-8'), ('XDG_SESSION_TYPE', 'x11'), ('SHLVL', '1'), ('LD_LIBRARY_PATH', '/usr/lib/x86_64-linux-gnu/gazebo-11/plugins:/opt/ros/humble/opt/rviz_ogre_vendor/lib:/opt/ros/humble/lib/x86_64-linux-gnu:/opt/ros/humble/lib:/usr/local/cuda-12.9/lib64:/usr/lib/mesa-diverted/x86_64-linux-gnu:/usr/lib/x86_64-linux-gnu/mesa:/usr/lib/x86_64-linux-gnu/dri:/usr/lib/x86_64-linux-gnu/gallium-pipe'), ('HOME', '/home/robo'), ('OLDPWD', '/home/robo/jdcobot200_imitation_learning'), ('DESKTOP_SESSION', 'ubuntu'), ('ROS_PYTHON_VERSION', '3'), ('GTK_MODULES', 'gail:atk-bridge'), ('XDG_SEAT_PATH', '/org/freedesktop/DisplayManager/Seat0'), ('PAGER', 'cat'), ('LC_MONETARY', 'ko_KR.UTF-8'), ('PULSE_SINK', 'chrome_remote_desktop_session'), ('LC_CTYPE', 'C.UTF-8'), ('SYSTEMD_EXEC_PID', '1698'), ('NO_COLOR', '1'), ('DBUS_SESSION_BUS_ADDRESS', 'unix:path=/run/user/1000/bus'), ('COLORTERM', 'truecolor'), ('IM_CONFIG_PHASE', '1'), ('PULSE_STATE_PATH', '/run/user/1000/crd_audio#dlfdci21-0'), ('CODEX_PERMISSION_PROFILE', ':workspace'), ('ROS_DISTRO', 'humble'), ('GTK_IM_MODULE', 'ibus'), ('LOGNAME', 'robo'), ('_', '/usr/bin/colcon'), ('ROS_VERSION', '2'), ('PKG_CONFIG_PATH', '/home/robo/jdcobot200_imitation_learning/depth_cam/local/lib/pkgconfig:'), ('XDG_SESSION_CLASS', 'user'), ('TERM', 'xterm-256color'), ('GNOME_DESKTOP_SESSION_ID', 'this-is-deprecated'), ('ROS_LOCALHOST_ONLY', '0'), ('PATH', '/opt/ros/humble/bin:/home/robo/.codex/packages/standalone/releases/0.150.1-x86_64-unknown-linux-musl/codex-path:/home/robo/.local/bin:/home/robo/.codex/tmp/arg0/codex-arg0RD5CVs:/home/robo/.codex/packages/standalone/releases/0.150.1-x86_64-unknown-linux-musl/codex-path:/usr/local/cuda-12.9/bin:/home/robo/.local/bin:/usr/local/sbin:/usr/local/bin:/usr/sbin:/usr/bin:/sbin:/bin:/usr/games:/usr/local/games:/snap/bin'), ('SESSION_MANAGER', 'local/robo:@/tmp/.ICE-unix/1655,unix/robo:/tmp/.ICE-unix/1655'), ('PULSE_RUNTIME_PATH', '/run/user/1000/crd_audio#dlfdci21-0'), ('GDM_LANG', 'en_US'), ('CODEX_SESSION_ID', '01a046e6-55ba-7641-b9f9-20119459adf7'), ('PAPERSIZE', 'a4'), ('XDG_SESSION_PATH', '/org/freedesktop/DisplayManager/Session0'), ('XDG_MENU_PREFIX', 'gnome-'), ('LC_ADDRESS', 'ko_KR.UTF-8'), ('GNOME_TERMINAL_SCREEN', '/org/gnome/Terminal/screen/1216b3e6_4a52_4dfe_a607_c977df9d914a'), ('XDG_RUNTIME_DIR', '/run/user/1000'), ('GDK_BACKEND', 'x11'), ('DISPLAY', ':0'), ('CODEX_SANDBOX_NETWORK_DISABLED', '1'), ('LANG', 'en_US.UTF-8'), ('XDG_CURRENT_DESKTOP', 'GNOME'), ('LC_TELEPHONE', 'ko_KR.UTF-8'), ('XMODIFIERS', '@im=ibus'), ('GH_PAGER', 'cat'), ('XDG_SESSION_DESKTOP', 'ubuntu'), ('XAUTHORITY', '/home/robo/.Xauthority'), ('LS_COLORS', 'rs=0:di=01;34:ln=01;36:mh=00:pi=40;33:so=01;35:do=01;35:bd=40;33;01:cd=40;33;01:or=40;31;01:mi=00:su=37;41:sg=30;43:ca=30;41:tw=30;42:ow=34;42:st=37;44:ex=01;32:*.tar=01;31:*.tgz=01;31:*.arc=01;31:*.arj=01;31:*.taz=01;31:*.lha=01;31:*.lz4=01;31:*.lzh=01;31:*.lzma=01;31:*.tlz=01;31:*.txz=01;31:*.tzo=01;31:*.t7z=01;31:*.zip=01;31:*.z=01;31:*.dz=01;31:*.gz=01;31:*.lrz=01;31:*.lz=01;31:*.lzo=01;31:*.xz=01;31:*.zst=01;31:*.tzst=01;31:*.bz2=01;31:*.bz=01;31:*.tbz=01;31:*.tbz2=01;31:*.tz=01;31:*.deb=01;31:*.rpm=01;31:*.jar=01;31:*.war=01;31:*.ear=01;31:*.sar=01;31:*.rar=01;31:*.alz=01;31:*.ace=01;31:*.zoo=01;31:*.cpio=01;31:*.7z=01;31:*.rz=01;31:*.cab=01;31:*.wim=01;31:*.swm=01;31:*.dwm=01;31:*.esd=01;31:*.jpg=01;35:*.jpeg=01;35:*.mjpg=01;35:*.mjpeg=01;35:*.gif=01;35:*.bmp=01;35:*.pbm=01;35:*.pgm=01;35:*.ppm=01;35:*.tga=01;35:*.xbm=01;35:*.xpm=01;35:*.tif=01;35:*.tiff=01;35:*.png=01;35:*.svg=01;35:*.svgz=01;35:*.mng=01;35:*.pcx=01;35:*.mov=01;35:*.mpg=01;35:*.mpeg=01;35:*.m2v=01;35:*.mkv=01;35:*.webm=01;35:*.webp=01;35:*.ogm=01;35:*.mp4=01;35:*.m4v=01;35:*.mp4v=01;35:*.vob=01;35:*.qt=01;35:*.nuv=01;35:*.wmv=01;35:*.asf=01;35:*.rm=01;35:*.rmvb=01;35:*.flc=01;35:*.avi=01;35:*.fli=01;35:*.flv=01;35:*.gl=01;35:*.dl=01;35:*.xcf=01;35:*.xwd=01;35:*.yuv=01;35:*.cgm=01;35:*.emf=01;35:*.ogv=01;35:*.ogx=01;35:*.aac=00;36:*.au=00;36:*.flac=00;36:*.m4a=00;36:*.mid=00;36:*.midi=00;36:*.mka=00;36:*.mp3=00;36:*.mpc=00;36:*.ogg=00;36:*.ra=00;36:*.wav=00;36:*.oga=00;36:*.opus=00;36:*.spx=00;36:*.xspf=00;36:'), ('GNOME_TERMINAL_SERVICE', ':1.166'), ('SSH_AUTH_SOCK', '/run/user/1000/keyring/ssh'), ('XDG_GREETER_DATA_DIR', '/var/lib/lightdm-data/robo'), ('AMENT_PREFIX_PATH', '/opt/ros/humble'), ('SHELL', '/bin/bash'), ('LC_NAME', 'ko_KR.UTF-8'), ('QT_ACCESSIBILITY', '1'), ('PULSE_CONFIG_PATH', '/run/user/1000/crd_audio#dlfdci21-0'), ('GDMSESSION', 'ubuntu'), ('LESSCLOSE', '/usr/bin/lesspipe %s %s'), ('CODEX_THREAD_ID', '01a046e6-55ba-7641-b9f9-20119459adf7'), ('LC_MEASUREMENT', 'ko_KR.UTF-8'), ('GPG_AGENT_INFO', '/run/user/1000/gnupg/S.gpg-agent:0:1'), ('LC_IDENTIFICATION', 'ko_KR.UTF-8'), ('GIT_PAGER', 'cat'), ('QT_IM_MODULE', 'ibus'), ('PWD', '/home/robo/jdcobot200_imitation_learning/depth_cam/build/astra_camera_msgs'), ('LC_ALL', 'en_US.UTF-8'), ('XDG_CONFIG_DIRS', '/etc/xdg/xdg-ubuntu:/etc/xdg'), ('CLUTTER_IM_MODULE', 'ibus'), ('CHROME_REMOTE_DESKTOP_SESSION', '1'), ('XDG_DATA_DIRS', '/usr/share/ubuntu:/usr/share/gnome:/usr/local/share:/usr/share:/var/lib/snapd/desktop'), ('PYTHONPATH', '/opt/ros/humble/lib/python3.10/site-packages:/opt/ros/humble/local/lib/python3.10/dist-packages'), ('LC_NUMERIC', 'ko_KR.UTF-8'), ('LC_PAPER', 'ko_KR.UTF-8'), ('COLCON', '1'), ('VTE_VERSION', '6800'), ('CMAKE_PREFIX_PATH', '/home/robo/jdcobot200_imitation_learning/depth_cam/local::/opt/ros/humble')]), 'shell': False}
[3.372079] (astra_camera_msgs) StdoutLine: {'line': b'[  1%] Generating C code for ROS interfaces\n'}
[3.380456] (astra_camera_msgs) StdoutLine: {'line': b'[  2%] Generating C++ code for ROS interfaces\n'}
[3.386735] (astra_camera_msgs) StdoutLine: {'line': b'[  2%] Built target ament_cmake_python_symlink_astra_camera_msgs\n'}
[3.405273] (-) TimerEvent: {}
[3.448030] (image_publisher) StdoutLine: {'line': b'[ 50%] Built target image_publisher\n'}
[3.463820] (image_publisher) StdoutLine: {'line': b'[ 75%] Building CXX object CMakeFiles/image_publisher_node.dir/src/image_publisher_node.cpp.o\n'}
[3.505351] (-) TimerEvent: {}
[3.510929] (astra_camera_msgs) StdoutLine: {'line': b'running egg_info\n'}
[3.511179] (astra_camera_msgs) StdoutLine: {'line': b'creating astra_camera_msgs.egg-info\n'}
[3.511276] (astra_camera_msgs) StdoutLine: {'line': b'writing astra_camera_msgs.egg-info/PKG-INFO\n'}
[3.511378] (astra_camera_msgs) StdoutLine: {'line': b'writing dependency_links to astra_camera_msgs.egg-info/dependency_links.txt\n'}
[3.511498] (astra_camera_msgs) StdoutLine: {'line': b'writing top-level names to astra_camera_msgs.egg-info/top_level.txt\n'}
[3.511559] (astra_camera_msgs) StdoutLine: {'line': b"writing manifest file 'astra_camera_msgs.egg-info/SOURCES.txt'\n"}
[3.512398] (astra_camera_msgs) StdoutLine: {'line': b"reading manifest file 'astra_camera_msgs.egg-info/SOURCES.txt'\n"}
[3.512633] (astra_camera_msgs) StdoutLine: {'line': b"writing manifest file 'astra_camera_msgs.egg-info/SOURCES.txt'\n"}
[3.526988] (astra_camera_msgs) StdoutLine: {'line': b'[  2%] Built target ament_cmake_python_build_astra_camera_msgs_egg\n'}
[3.605392] (-) TimerEvent: {}
[3.705537] (-) TimerEvent: {}
[3.739589] (astra_camera_msgs) StdoutLine: {'line': b'[  3%] Building C object CMakeFiles/astra_camera_msgs__rosidl_generator_c.dir/rosidl_generator_c/astra_camera_msgs/msg/detail/extrinsics__functions.c.o\n'}
[3.739760] (astra_camera_msgs) StdoutLine: {'line': b'[  4%] Building C object CMakeFiles/astra_camera_msgs__rosidl_generator_c.dir/rosidl_generator_c/astra_camera_msgs/srv/detail/get_device_info__functions.c.o\n'}
[3.739986] (astra_camera_msgs) StdoutLine: {'line': b'[  5%] Building C object CMakeFiles/astra_camera_msgs__rosidl_generator_c.dir/rosidl_generator_c/astra_camera_msgs/srv/detail/get_camera_info__functions.c.o\n'}
[3.740081] (astra_camera_msgs) StdoutLine: {'line': b'[  6%] Building C object CMakeFiles/astra_camera_msgs__rosidl_generator_c.dir/rosidl_generator_c/astra_camera_msgs/srv/detail/get_camera_params__functions.c.o\n'}
[3.740129] (astra_camera_msgs) StdoutLine: {'line': b'[  7%] Building C object CMakeFiles/astra_camera_msgs__rosidl_generator_c.dir/rosidl_generator_c/astra_camera_msgs/msg/detail/device_info__functions.c.o\n'}
[3.740171] (astra_camera_msgs) StdoutLine: {'line': b'[  8%] Building C object CMakeFiles/astra_camera_msgs__rosidl_generator_c.dir/rosidl_generator_c/astra_camera_msgs/srv/detail/get_int32__functions.c.o\n'}
[3.740212] (astra_camera_msgs) StdoutLine: {'line': b'[  9%] Building C object CMakeFiles/astra_camera_msgs__rosidl_generator_c.dir/rosidl_generator_c/astra_camera_msgs/srv/detail/get_string__functions.c.o\n'}
[3.744580] (astra_camera_msgs) StdoutLine: {'line': b'[ 10%] Building C object CMakeFiles/astra_camera_msgs__rosidl_generator_c.dir/rosidl_generator_c/astra_camera_msgs/srv/detail/set_int32__functions.c.o\n'}
[3.745547] (astra_camera_msgs) StdoutLine: {'line': b'[ 11%] Building C object CMakeFiles/astra_camera_msgs__rosidl_generator_c.dir/rosidl_generator_c/astra_camera_msgs/msg/detail/metadata__functions.c.o\n'}
[3.767986] (astra_camera_msgs) StdoutLine: {'line': b'[ 11%] Built target astra_camera_msgs__cpp\n'}
[3.774459] (astra_camera_msgs) StdoutLine: {'line': b'[ 13%] Generating C++ type support dispatch for ROS interfaces\n'}
[3.774632] (astra_camera_msgs) StdoutLine: {'line': b'[ 13%] Generating C++ type support for eProsima Fast-RTPS\n'}
[3.775862] (astra_camera_msgs) StdoutLine: {'line': b'[ 14%] Generating C++ introspection for ROS interfaces\n'}
[3.805610] (-) TimerEvent: {}
[3.861558] (astra_camera_msgs) StdoutLine: {'line': b'[ 15%] Linking C shared library libastra_camera_msgs__rosidl_generator_c.so\n'}
[3.890821] (astra_camera_msgs) StdoutLine: {'line': b'[ 15%] Built target astra_camera_msgs__rosidl_generator_c\n'}
[3.900014] (astra_camera_msgs) StdoutLine: {'line': b'[ 18%] Generating C introspection for ROS interfaces\n'}
[3.900061] (astra_camera_msgs) StdoutLine: {'line': b'[ 18%] Generating C type support dispatch for ROS interfaces\n'}
[3.900094] (astra_camera_msgs) StdoutLine: {'line': b'[ 18%] Generating C type support for eProsima Fast-RTPS\n'}
[3.905684] (-) TimerEvent: {}
[4.005824] (-) TimerEvent: {}
[4.026255] (astra_camera_msgs) StdoutLine: {'line': b'[ 20%] Building CXX object CMakeFiles/astra_camera_msgs__rosidl_typesupport_cpp.dir/rosidl_typesupport_cpp/astra_camera_msgs/msg/metadata__type_support.cpp.o\n'}
[4.026430] (astra_camera_msgs) StdoutLine: {'line': b'[ 21%] Building CXX object CMakeFiles/astra_camera_msgs__rosidl_typesupport_cpp.dir/rosidl_typesupport_cpp/astra_camera_msgs/srv/get_int32__type_support.cpp.o\n'}
[4.027582] (astra_camera_msgs) StdoutLine: {'line': b'[ 22%] Building CXX object CMakeFiles/astra_camera_msgs__rosidl_typesupport_cpp.dir/rosidl_typesupport_cpp/astra_camera_msgs/msg/device_info__type_support.cpp.o\n'}
[4.027764] (astra_camera_msgs) StdoutLine: {'line': b'[ 24%] Building CXX object CMakeFiles/astra_camera_msgs__rosidl_typesupport_cpp.dir/rosidl_typesupport_cpp/astra_camera_msgs/srv/get_device_info__type_support.cpp.o\n'}
[4.027834] (astra_camera_msgs) StdoutLine: {'line': b'[ 24%] Building CXX object CMakeFiles/astra_camera_msgs__rosidl_typesupport_cpp.dir/rosidl_typesupport_cpp/astra_camera_msgs/msg/extrinsics__type_support.cpp.o\n'}
[4.027989] (astra_camera_msgs) StdoutLine: {'line': b'[ 25%] Building CXX object CMakeFiles/astra_camera_msgs__rosidl_typesupport_cpp.dir/rosidl_typesupport_cpp/astra_camera_msgs/srv/get_camera_info__type_support.cpp.o\n'}
[4.028316] (astra_camera_msgs) StdoutLine: {'line': b'[ 26%] Building CXX object CMakeFiles/astra_camera_msgs__rosidl_typesupport_cpp.dir/rosidl_typesupport_cpp/astra_camera_msgs/srv/set_int32__type_support.cpp.o\n'}
[4.028427] (astra_camera_msgs) StdoutLine: {'line': b'[ 27%] Building CXX object CMakeFiles/astra_camera_msgs__rosidl_typesupport_cpp.dir/rosidl_typesupport_cpp/astra_camera_msgs/srv/get_camera_params__type_support.cpp.o\n'}
[4.028792] (astra_camera_msgs) StdoutLine: {'line': b'[ 28%] Building CXX object CMakeFiles/astra_camera_msgs__rosidl_typesupport_cpp.dir/rosidl_typesupport_cpp/astra_camera_msgs/srv/get_string__type_support.cpp.o\n'}
[4.085206] (astra_camera_msgs) StdoutLine: {'line': b'[ 30%] Building CXX object CMakeFiles/astra_camera_msgs__rosidl_typesupport_introspection_cpp.dir/rosidl_typesupport_introspection_cpp/astra_camera_msgs/msg/detail/metadata__type_support.cpp.o\n'}
[4.085353] (astra_camera_msgs) StdoutLine: {'line': b'[ 30%] Building CXX object CMakeFiles/astra_camera_msgs__rosidl_typesupport_introspection_cpp.dir/rosidl_typesupport_introspection_cpp/astra_camera_msgs/msg/detail/device_info__type_support.cpp.o\n'}
[4.085404] (astra_camera_msgs) StdoutLine: {'line': b'[ 31%] Building CXX object CMakeFiles/astra_camera_msgs__rosidl_typesupport_introspection_cpp.dir/rosidl_typesupport_introspection_cpp/astra_camera_msgs/srv/detail/get_camera_info__type_support.cpp.o\n'}
[4.085458] (astra_camera_msgs) StdoutLine: {'line': b'[ 32%] Building CXX object CMakeFiles/astra_camera_msgs__rosidl_typesupport_introspection_cpp.dir/rosidl_typesupport_introspection_cpp/astra_camera_msgs/msg/detail/extrinsics__type_support.cpp.o\n'}
[4.085504] (astra_camera_msgs) StdoutLine: {'line': b'[ 33%] Building CXX object CMakeFiles/astra_camera_msgs__rosidl_typesupport_introspection_cpp.dir/rosidl_typesupport_introspection_cpp/astra_camera_msgs/srv/detail/get_int32__type_support.cpp.o\n'}
[4.085549] (astra_camera_msgs) StdoutLine: {'line': b'[ 34%] Building CXX object CMakeFiles/astra_camera_msgs__rosidl_typesupport_introspection_cpp.dir/rosidl_typesupport_introspection_cpp/astra_camera_msgs/srv/detail/get_string__type_support.cpp.o\n'}
[4.085594] (astra_camera_msgs) StdoutLine: {'line': b'[ 35%] Building CXX object CMakeFiles/astra_camera_msgs__rosidl_typesupport_introspection_cpp.dir/rosidl_typesupport_introspection_cpp/astra_camera_msgs/srv/detail/get_device_info__type_support.cpp.o\n'}
[4.085637] (astra_camera_msgs) StdoutLine: {'line': b'[ 36%] Building CXX object CMakeFiles/astra_camera_msgs__rosidl_typesupport_introspection_cpp.dir/rosidl_typesupport_introspection_cpp/astra_camera_msgs/srv/detail/get_camera_params__type_support.cpp.o\n'}
[4.086194] (astra_camera_msgs) StdoutLine: {'line': b'[ 37%] Building CXX object CMakeFiles/astra_camera_msgs__rosidl_typesupport_introspection_cpp.dir/rosidl_typesupport_introspection_cpp/astra_camera_msgs/srv/detail/set_int32__type_support.cpp.o\n'}
[4.105917] (-) TimerEvent: {}
[4.207392] (-) TimerEvent: {}
[4.239196] (astra_camera_msgs) StdoutLine: {'line': b'[ 38%] Building CXX object CMakeFiles/astra_camera_msgs__rosidl_typesupport_fastrtps_cpp.dir/rosidl_typesupport_fastrtps_cpp/astra_camera_msgs/msg/detail/dds_fastrtps/device_info__type_support.cpp.o\n'}
[4.246062] (astra_camera_msgs) StdoutLine: {'line': b'[ 41%] Building CXX object CMakeFiles/astra_camera_msgs__rosidl_typesupport_fastrtps_cpp.dir/rosidl_typesupport_fastrtps_cpp/astra_camera_msgs/srv/detail/dds_fastrtps/get_device_info__type_support.cpp.o\n'}
[4.246390] (astra_camera_msgs) StdoutLine: {'line': b'[ 41%] Building CXX object CMakeFiles/astra_camera_msgs__rosidl_typesupport_fastrtps_cpp.dir/rosidl_typesupport_fastrtps_cpp/astra_camera_msgs/msg/detail/dds_fastrtps/metadata__type_support.cpp.o\n'}
[4.246567] (astra_camera_msgs) StdoutLine: {'line': b'[ 42%] Building CXX object CMakeFiles/astra_camera_msgs__rosidl_typesupport_fastrtps_cpp.dir/rosidl_typesupport_fastrtps_cpp/astra_camera_msgs/msg/detail/dds_fastrtps/extrinsics__type_support.cpp.o\n'}
[4.250240] (astra_camera_msgs) StdoutLine: {'line': b'[ 43%] Building CXX object CMakeFiles/astra_camera_msgs__rosidl_typesupport_fastrtps_cpp.dir/rosidl_typesupport_fastrtps_cpp/astra_camera_msgs/srv/detail/dds_fastrtps/get_camera_info__type_support.cpp.o\n'}
[4.252225] (astra_camera_msgs) StdoutLine: {'line': b'[ 44%] Building CXX object CMakeFiles/astra_camera_msgs__rosidl_typesupport_c.dir/rosidl_typesupport_c/astra_camera_msgs/msg/device_info__type_support.cpp.o\n'}
[4.262238] (astra_camera_msgs) StdoutLine: {'line': b'[ 45%] Building CXX object CMakeFiles/astra_camera_msgs__rosidl_typesupport_fastrtps_cpp.dir/rosidl_typesupport_fastrtps_cpp/astra_camera_msgs/srv/detail/dds_fastrtps/get_camera_params__type_support.cpp.o\n'}
[4.268842] (astra_camera_msgs) StdoutLine: {'line': b'[ 46%] Building CXX object CMakeFiles/astra_camera_msgs__rosidl_typesupport_fastrtps_cpp.dir/rosidl_typesupport_fastrtps_cpp/astra_camera_msgs/srv/detail/dds_fastrtps/get_int32__type_support.cpp.o\n'}
[4.274146] (astra_camera_msgs) StdoutLine: {'line': b'[ 47%] Building CXX object CMakeFiles/astra_camera_msgs__rosidl_typesupport_fastrtps_cpp.dir/rosidl_typesupport_fastrtps_cpp/astra_camera_msgs/srv/detail/dds_fastrtps/get_string__type_support.cpp.o\n'}
[4.295356] (astra_camera_msgs) StdoutLine: {'line': b'[ 48%] Building CXX object CMakeFiles/astra_camera_msgs__rosidl_typesupport_c.dir/rosidl_typesupport_c/astra_camera_msgs/msg/extrinsics__type_support.cpp.o\n'}
[4.307483] (-) TimerEvent: {}
[4.311018] (astra_camera_msgs) StdoutLine: {'line': b'[ 49%] Building CXX object CMakeFiles/astra_camera_msgs__rosidl_typesupport_fastrtps_cpp.dir/rosidl_typesupport_fastrtps_cpp/astra_camera_msgs/srv/detail/dds_fastrtps/set_int32__type_support.cpp.o\n'}
[4.322481] (astra_camera_msgs) StdoutLine: {'line': b'[ 50%] Building CXX object CMakeFiles/astra_camera_msgs__rosidl_typesupport_c.dir/rosidl_typesupport_c/astra_camera_msgs/msg/metadata__type_support.cpp.o\n'}
[4.323368] (astra_camera_msgs) StdoutLine: {'line': b'[ 51%] Building CXX object CMakeFiles/astra_camera_msgs__rosidl_typesupport_c.dir/rosidl_typesupport_c/astra_camera_msgs/srv/get_device_info__type_support.cpp.o\n'}
[4.325842] (astra_camera_msgs) StdoutLine: {'line': b'[ 52%] Linking CXX shared library libastra_camera_msgs__rosidl_typesupport_cpp.so\n'}
[4.345277] (astra_camera_msgs) StdoutLine: {'line': b'[ 53%] Building CXX object CMakeFiles/astra_camera_msgs__rosidl_typesupport_c.dir/rosidl_typesupport_c/astra_camera_msgs/srv/get_camera_info__type_support.cpp.o\n'}
[4.356330] (astra_camera_msgs) StdoutLine: {'line': b'[ 54%] Building CXX object CMakeFiles/astra_camera_msgs__rosidl_typesupport_c.dir/rosidl_typesupport_c/astra_camera_msgs/srv/get_camera_params__type_support.cpp.o\n'}
[4.370073] (astra_camera_msgs) StdoutLine: {'line': b'[ 54%] Built target astra_camera_msgs__rosidl_typesupport_cpp\n'}
[4.376632] (astra_camera_msgs) StdoutLine: {'line': b'[ 55%] Building CXX object CMakeFiles/astra_camera_msgs__rosidl_typesupport_c.dir/rosidl_typesupport_c/astra_camera_msgs/srv/get_int32__type_support.cpp.o\n'}
[4.377886] (astra_camera_msgs) StdoutLine: {'line': b'[ 56%] Building CXX object CMakeFiles/astra_camera_msgs__rosidl_typesupport_c.dir/rosidl_typesupport_c/astra_camera_msgs/srv/get_string__type_support.cpp.o\n'}
[4.384011] (astra_camera_msgs) StdoutLine: {'line': b'[ 57%] Building CXX object CMakeFiles/astra_camera_msgs__rosidl_typesupport_c.dir/rosidl_typesupport_c/astra_camera_msgs/srv/set_int32__type_support.cpp.o\n'}
[4.407653] (-) TimerEvent: {}
[4.415553] (astra_camera_msgs) StdoutLine: {'line': b'[ 58%] Linking CXX shared library libastra_camera_msgs__rosidl_typesupport_c.so\n'}
[4.448002] (astra_camera_msgs) StdoutLine: {'line': b'[ 60%] Building C object CMakeFiles/astra_camera_msgs__rosidl_typesupport_introspection_c.dir/rosidl_typesupport_introspection_c/astra_camera_msgs/msg/detail/device_info__type_support.c.o\n'}
[4.451362] (astra_camera_msgs) StdoutLine: {'line': b'[ 61%] Building C object CMakeFiles/astra_camera_msgs__rosidl_typesupport_introspection_c.dir/rosidl_typesupport_introspection_c/astra_camera_msgs/msg/detail/extrinsics__type_support.c.o\n'}
[4.451626] (astra_camera_msgs) StdoutLine: {'line': b'[ 62%] Building C object CMakeFiles/astra_camera_msgs__rosidl_typesupport_introspection_c.dir/rosidl_typesupport_introspection_c/astra_camera_msgs/msg/detail/metadata__type_support.c.o\n'}
[4.451687] (astra_camera_msgs) StdoutLine: {'line': b'[ 63%] Building C object CMakeFiles/astra_camera_msgs__rosidl_typesupport_introspection_c.dir/rosidl_typesupport_introspection_c/astra_camera_msgs/srv/detail/get_device_info__type_support.c.o\n'}
[4.454623] (astra_camera_msgs) StdoutLine: {'line': b'[ 64%] Building C object CMakeFiles/astra_camera_msgs__rosidl_typesupport_introspection_c.dir/rosidl_typesupport_introspection_c/astra_camera_msgs/srv/detail/get_camera_info__type_support.c.o\n'}
[4.455561] (astra_camera_msgs) StdoutLine: {'line': b'[ 65%] Building C object CMakeFiles/astra_camera_msgs__rosidl_typesupport_introspection_c.dir/rosidl_typesupport_introspection_c/astra_camera_msgs/srv/detail/get_camera_params__type_support.c.o\n'}
[4.457980] (astra_camera_msgs) StdoutLine: {'line': b'[ 65%] Built target astra_camera_msgs__rosidl_typesupport_c\n'}
[4.467638] (astra_camera_msgs) StdoutLine: {'line': b'[ 66%] Building C object CMakeFiles/astra_camera_msgs__rosidl_typesupport_introspection_c.dir/rosidl_typesupport_introspection_c/astra_camera_msgs/srv/detail/get_int32__type_support.c.o\n'}
[4.473772] (astra_camera_msgs) StdoutLine: {'line': b'[ 68%] Building CXX object CMakeFiles/astra_camera_msgs__rosidl_typesupport_fastrtps_c.dir/rosidl_typesupport_fastrtps_c/astra_camera_msgs/msg/detail/device_info__type_support_c.cpp.o\n'}
[4.476399] (astra_camera_msgs) StdoutLine: {'line': b'[ 67%] Building C object CMakeFiles/astra_camera_msgs__rosidl_typesupport_introspection_c.dir/rosidl_typesupport_introspection_c/astra_camera_msgs/srv/detail/get_string__type_support.c.o\n'}
[4.476705] (astra_camera_msgs) StdoutLine: {'line': b'[ 69%] Building C object CMakeFiles/astra_camera_msgs__rosidl_typesupport_introspection_c.dir/rosidl_typesupport_introspection_c/astra_camera_msgs/srv/detail/set_int32__type_support.c.o\n'}
[4.484390] (astra_camera_msgs) StdoutLine: {'line': b'[ 70%] Building CXX object CMakeFiles/astra_camera_msgs__rosidl_typesupport_fastrtps_c.dir/rosidl_typesupport_fastrtps_c/astra_camera_msgs/msg/detail/extrinsics__type_support_c.cpp.o\n'}
[4.489260] (astra_camera_msgs) StdoutLine: {'line': b'[ 71%] Building CXX object CMakeFiles/astra_camera_msgs__rosidl_typesupport_fastrtps_c.dir/rosidl_typesupport_fastrtps_c/astra_camera_msgs/msg/detail/metadata__type_support_c.cpp.o\n'}
[4.492489] (astra_camera_msgs) StdoutLine: {'line': b'[ 72%] Building CXX object CMakeFiles/astra_camera_msgs__rosidl_typesupport_fastrtps_c.dir/rosidl_typesupport_fastrtps_c/astra_camera_msgs/srv/detail/get_device_info__type_support_c.cpp.o\n'}
[4.499709] (astra_camera_msgs) StdoutLine: {'line': b'[ 74%] Building CXX object CMakeFiles/astra_camera_msgs__rosidl_typesupport_fastrtps_c.dir/rosidl_typesupport_fastrtps_c/astra_camera_msgs/srv/detail/get_int32__type_support_c.cpp.o\n'}
[4.500104] (astra_camera_msgs) StdoutLine: {'line': b'[ 74%] Building CXX object CMakeFiles/astra_camera_msgs__rosidl_typesupport_fastrtps_c.dir/rosidl_typesupport_fastrtps_c/astra_camera_msgs/srv/detail/get_camera_params__type_support_c.cpp.o\n'}
[4.505530] (astra_camera_msgs) StdoutLine: {'line': b'[ 75%] Building CXX object CMakeFiles/astra_camera_msgs__rosidl_typesupport_fastrtps_c.dir/rosidl_typesupport_fastrtps_c/astra_camera_msgs/srv/detail/get_camera_info__type_support_c.cpp.o\n'}
[4.507739] (-) TimerEvent: {}
[4.511430] (astra_camera_msgs) StdoutLine: {'line': b'[ 76%] Building CXX object CMakeFiles/astra_camera_msgs__rosidl_typesupport_fastrtps_c.dir/rosidl_typesupport_fastrtps_c/astra_camera_msgs/srv/detail/get_string__type_support_c.cpp.o\n'}
[4.518970] (astra_camera_msgs) StdoutLine: {'line': b'[ 77%] Building CXX object CMakeFiles/astra_camera_msgs__rosidl_typesupport_fastrtps_c.dir/rosidl_typesupport_fastrtps_c/astra_camera_msgs/srv/detail/set_int32__type_support_c.cpp.o\n'}
[4.528328] (astra_camera_msgs) StdoutLine: {'line': b'[ 78%] Linking C shared library libastra_camera_msgs__rosidl_typesupport_introspection_c.so\n'}
[4.563768] (astra_camera_msgs) StdoutLine: {'line': b'[ 78%] Built target astra_camera_msgs__rosidl_typesupport_introspection_c\n'}
[4.587823] (astra_camera_msgs) StdoutLine: {'line': b'[ 80%] Linking CXX shared library libastra_camera_msgs__rosidl_typesupport_introspection_cpp.so\n'}
[4.607850] (-) TimerEvent: {}
[4.640670] (astra_camera_msgs) StdoutLine: {'line': b'[ 80%] Built target astra_camera_msgs__rosidl_typesupport_introspection_cpp\n'}
[4.707951] (-) TimerEvent: {}
[4.749967] (astra_camera_msgs) StdoutLine: {'line': b'[ 81%] Linking CXX shared library libastra_camera_msgs__rosidl_typesupport_fastrtps_cpp.so\n'}
[4.799103] (astra_camera_msgs) StdoutLine: {'line': b'[ 81%] Built target astra_camera_msgs__rosidl_typesupport_fastrtps_cpp\n'}
[4.808036] (-) TimerEvent: {}
[4.859793] (astra_camera_msgs) StdoutLine: {'line': b'[ 82%] Linking CXX shared library libastra_camera_msgs__rosidl_typesupport_fastrtps_c.so\n'}
[4.904103] (astra_camera_msgs) StdoutLine: {'line': b'[ 82%] Built target astra_camera_msgs__rosidl_typesupport_fastrtps_c\n'}
[4.908108] (-) TimerEvent: {}
[4.918918] (astra_camera_msgs) StdoutLine: {'line': b'[ 82%] Built target astra_camera_msgs\n'}
[4.934072] (astra_camera_msgs) StdoutLine: {'line': b'[ 83%] Generating Python code for ROS interfaces\n'}
[5.008232] (-) TimerEvent: {}
[5.108360] (-) TimerEvent: {}
[5.208535] (-) TimerEvent: {}
[5.308662] (-) TimerEvent: {}
[5.408856] (-) TimerEvent: {}
[5.427842] (image_publisher) StdoutLine: {'line': b'[100%] Linking CXX executable image_publisher_node\n'}
[5.508932] (-) TimerEvent: {}
[5.532530] (astra_camera_msgs) StdoutLine: {'line': b'[ 83%] Built target astra_camera_msgs__py\n'}
[5.551697] (astra_camera_msgs) StdoutLine: {'line': b'[ 84%] Building C object CMakeFiles/astra_camera_msgs__rosidl_generator_py.dir/rosidl_generator_py/astra_camera_msgs/msg/_metadata_s.c.o\n'}
[5.552996] (astra_camera_msgs) StdoutLine: {'line': b'[ 86%] Building C object CMakeFiles/astra_camera_msgs__rosidl_generator_py.dir/rosidl_generator_py/astra_camera_msgs/srv/_set_int32_s.c.o\n'}
[5.553956] (astra_camera_msgs) StdoutLine: {'line': b'[ 86%] Building C object CMakeFiles/astra_camera_msgs__rosidl_generator_py.dir/rosidl_generator_py/astra_camera_msgs/srv/_get_string_s.c.o\n'}
[5.554234] (astra_camera_msgs) StdoutLine: {'line': b'[ 87%] Building C object CMakeFiles/astra_camera_msgs__rosidl_generator_py.dir/rosidl_generator_py/astra_camera_msgs/srv/_get_camera_params_s.c.o\n'}
[5.554500] (astra_camera_msgs) StdoutLine: {'line': b'[ 88%] Building C object CMakeFiles/astra_camera_msgs__rosidl_generator_py.dir/rosidl_generator_py/astra_camera_msgs/srv/_get_int32_s.c.o\n'}
[5.556992] (astra_camera_msgs) StdoutLine: {'line': b'[ 90%] Building C object CMakeFiles/astra_camera_msgs__rosidl_generator_py.dir/rosidl_generator_py/astra_camera_msgs/msg/_device_info_s.c.o\n'}
[5.557259] (astra_camera_msgs) StdoutLine: {'line': b'[ 90%] Building C object CMakeFiles/astra_camera_msgs__rosidl_generator_py.dir/rosidl_generator_py/astra_camera_msgs/msg/_extrinsics_s.c.o\n'}
[5.557857] (astra_camera_msgs) StdoutLine: {'line': b'[ 91%] Building C object CMakeFiles/astra_camera_msgs__rosidl_generator_py.dir/rosidl_generator_py/astra_camera_msgs/srv/_get_device_info_s.c.o\n'}
[5.558497] (astra_camera_msgs) StdoutLine: {'line': b'[ 92%] Building C object CMakeFiles/astra_camera_msgs__rosidl_generator_py.dir/rosidl_generator_py/astra_camera_msgs/srv/_get_camera_info_s.c.o\n'}
[5.609039] (-) TimerEvent: {}
[5.686013] (astra_camera_msgs) StdoutLine: {'line': b'[ 93%] Linking C shared library rosidl_generator_py/astra_camera_msgs/libastra_camera_msgs__rosidl_generator_py.so\n'}
[5.709129] (-) TimerEvent: {}
[5.719212] (astra_camera_msgs) StdoutLine: {'line': b'[ 93%] Built target astra_camera_msgs__rosidl_generator_py\n'}
[5.732256] (image_publisher) StdoutLine: {'line': b'[100%] Built target image_publisher_node\n'}
[5.734223] (astra_camera_msgs) StdoutLine: {'line': b'[ 94%] Building C object CMakeFiles/astra_camera_msgs__rosidl_typesupport_fastrtps_c__pyext.dir/rosidl_generator_py/astra_camera_msgs/_astra_camera_msgs_s.ep.rosidl_typesupport_fastrtps_c.c.o\n'}
[5.735799] (astra_camera_msgs) StdoutLine: {'line': b'[ 95%] Building C object CMakeFiles/astra_camera_msgs__rosidl_typesupport_c__pyext.dir/rosidl_generator_py/astra_camera_msgs/_astra_camera_msgs_s.ep.rosidl_typesupport_c.c.o\n'}
[5.736211] (astra_camera_msgs) StdoutLine: {'line': b'[ 96%] Building C object CMakeFiles/astra_camera_msgs__rosidl_typesupport_introspection_c__pyext.dir/rosidl_generator_py/astra_camera_msgs/_astra_camera_msgs_s.ep.rosidl_typesupport_introspection_c.c.o\n'}
[5.738437] (image_publisher) CommandEnded: {'returncode': 0}
[5.738877] (image_publisher) JobProgress: {'identifier': 'image_publisher', 'progress': 'install'}
[5.745667] (image_publisher) Command: {'cmd': ['/usr/bin/cmake', '--install', '/home/robo/jdcobot200_imitation_learning/depth_cam/build/image_publisher'], 'cwd': '/home/robo/jdcobot200_imitation_learning/depth_cam/build/image_publisher', 'env': OrderedDict([('LESSOPEN', '| /usr/bin/lesspipe %s'), ('CODEX_CI', '1'), ('LANGUAGE', 'en_US:en'), ('USER', 'robo'), ('LC_TIME', 'ko_KR.UTF-8'), ('XDG_SESSION_TYPE', 'x11'), ('SHLVL', '1'), ('LD_LIBRARY_PATH', '/usr/lib/x86_64-linux-gnu/gazebo-11/plugins:/opt/ros/humble/opt/rviz_ogre_vendor/lib:/opt/ros/humble/lib/x86_64-linux-gnu:/opt/ros/humble/lib:/usr/local/cuda-12.9/lib64:/usr/lib/mesa-diverted/x86_64-linux-gnu:/usr/lib/x86_64-linux-gnu/mesa:/usr/lib/x86_64-linux-gnu/dri:/usr/lib/x86_64-linux-gnu/gallium-pipe'), ('HOME', '/home/robo'), ('OLDPWD', '/home/robo/jdcobot200_imitation_learning'), ('DESKTOP_SESSION', 'ubuntu'), ('ROS_PYTHON_VERSION', '3'), ('GTK_MODULES', 'gail:atk-bridge'), ('XDG_SEAT_PATH', '/org/freedesktop/DisplayManager/Seat0'), ('PAGER', 'cat'), ('LC_MONETARY', 'ko_KR.UTF-8'), ('PULSE_SINK', 'chrome_remote_desktop_session'), ('LC_CTYPE', 'C.UTF-8'), ('SYSTEMD_EXEC_PID', '1698'), ('NO_COLOR', '1'), ('DBUS_SESSION_BUS_ADDRESS', 'unix:path=/run/user/1000/bus'), ('COLORTERM', 'truecolor'), ('IM_CONFIG_PHASE', '1'), ('PULSE_STATE_PATH', '/run/user/1000/crd_audio#dlfdci21-0'), ('CODEX_PERMISSION_PROFILE', ':workspace'), ('ROS_DISTRO', 'humble'), ('GTK_IM_MODULE', 'ibus'), ('LOGNAME', 'robo'), ('_', '/usr/bin/colcon'), ('ROS_VERSION', '2'), ('PKG_CONFIG_PATH', '/home/robo/jdcobot200_imitation_learning/depth_cam/local/lib/pkgconfig:'), ('XDG_SESSION_CLASS', 'user'), ('TERM', 'xterm-256color'), ('GNOME_DESKTOP_SESSION_ID', 'this-is-deprecated'), ('ROS_LOCALHOST_ONLY', '0'), ('PATH', '/opt/ros/humble/bin:/home/robo/.codex/packages/standalone/releases/0.150.1-x86_64-unknown-linux-musl/codex-path:/home/robo/.local/bin:/home/robo/.codex/tmp/arg0/codex-arg0RD5CVs:/home/robo/.codex/packages/standalone/releases/0.150.1-x86_64-unknown-linux-musl/codex-path:/usr/local/cuda-12.9/bin:/home/robo/.local/bin:/usr/local/sbin:/usr/local/bin:/usr/sbin:/usr/bin:/sbin:/bin:/usr/games:/usr/local/games:/snap/bin'), ('SESSION_MANAGER', 'local/robo:@/tmp/.ICE-unix/1655,unix/robo:/tmp/.ICE-unix/1655'), ('PULSE_RUNTIME_PATH', '/run/user/1000/crd_audio#dlfdci21-0'), ('GDM_LANG', 'en_US'), ('CODEX_SESSION_ID', '01a046e6-55ba-7641-b9f9-20119459adf7'), ('PAPERSIZE', 'a4'), ('XDG_SESSION_PATH', '/org/freedesktop/DisplayManager/Session0'), ('XDG_MENU_PREFIX', 'gnome-'), ('LC_ADDRESS', 'ko_KR.UTF-8'), ('GNOME_TERMINAL_SCREEN', '/org/gnome/Terminal/screen/1216b3e6_4a52_4dfe_a607_c977df9d914a'), ('XDG_RUNTIME_DIR', '/run/user/1000'), ('GDK_BACKEND', 'x11'), ('DISPLAY', ':0'), ('CODEX_SANDBOX_NETWORK_DISABLED', '1'), ('LANG', 'en_US.UTF-8'), ('XDG_CURRENT_DESKTOP', 'GNOME'), ('LC_TELEPHONE', 'ko_KR.UTF-8'), ('XMODIFIERS', '@im=ibus'), ('GH_PAGER', 'cat'), ('XDG_SESSION_DESKTOP', 'ubuntu'), ('XAUTHORITY', '/home/robo/.Xauthority'), ('LS_COLORS', 'rs=0:di=01;34:ln=01;36:mh=00:pi=40;33:so=01;35:do=01;35:bd=40;33;01:cd=40;33;01:or=40;31;01:mi=00:su=37;41:sg=30;43:ca=30;41:tw=30;42:ow=34;42:st=37;44:ex=01;32:*.tar=01;31:*.tgz=01;31:*.arc=01;31:*.arj=01;31:*.taz=01;31:*.lha=01;31:*.lz4=01;31:*.lzh=01;31:*.lzma=01;31:*.tlz=01;31:*.txz=01;31:*.tzo=01;31:*.t7z=01;31:*.zip=01;31:*.z=01;31:*.dz=01;31:*.gz=01;31:*.lrz=01;31:*.lz=01;31:*.lzo=01;31:*.xz=01;31:*.zst=01;31:*.tzst=01;31:*.bz2=01;31:*.bz=01;31:*.tbz=01;31:*.tbz2=01;31:*.tz=01;31:*.deb=01;31:*.rpm=01;31:*.jar=01;31:*.war=01;31:*.ear=01;31:*.sar=01;31:*.rar=01;31:*.alz=01;31:*.ace=01;31:*.zoo=01;31:*.cpio=01;31:*.7z=01;31:*.rz=01;31:*.cab=01;31:*.wim=01;31:*.swm=01;31:*.dwm=01;31:*.esd=01;31:*.jpg=01;35:*.jpeg=01;35:*.mjpg=01;35:*.mjpeg=01;35:*.gif=01;35:*.bmp=01;35:*.pbm=01;35:*.pgm=01;35:*.ppm=01;35:*.tga=01;35:*.xbm=01;35:*.xpm=01;35:*.tif=01;35:*.tiff=01;35:*.png=01;35:*.svg=01;35:*.svgz=01;35:*.mng=01;35:*.pcx=01;35:*.mov=01;35:*.mpg=01;35:*.mpeg=01;35:*.m2v=01;35:*.mkv=01;35:*.webm=01;35:*.webp=01;35:*.ogm=01;35:*.mp4=01;35:*.m4v=01;35:*.mp4v=01;35:*.vob=01;35:*.qt=01;35:*.nuv=01;35:*.wmv=01;35:*.asf=01;35:*.rm=01;35:*.rmvb=01;35:*.flc=01;35:*.avi=01;35:*.fli=01;35:*.flv=01;35:*.gl=01;35:*.dl=01;35:*.xcf=01;35:*.xwd=01;35:*.yuv=01;35:*.cgm=01;35:*.emf=01;35:*.ogv=01;35:*.ogx=01;35:*.aac=00;36:*.au=00;36:*.flac=00;36:*.m4a=00;36:*.mid=00;36:*.midi=00;36:*.mka=00;36:*.mp3=00;36:*.mpc=00;36:*.ogg=00;36:*.ra=00;36:*.wav=00;36:*.oga=00;36:*.opus=00;36:*.spx=00;36:*.xspf=00;36:'), ('GNOME_TERMINAL_SERVICE', ':1.166'), ('SSH_AUTH_SOCK', '/run/user/1000/keyring/ssh'), ('XDG_GREETER_DATA_DIR', '/var/lib/lightdm-data/robo'), ('AMENT_PREFIX_PATH', '/opt/ros/humble'), ('SHELL', '/bin/bash'), ('LC_NAME', 'ko_KR.UTF-8'), ('QT_ACCESSIBILITY', '1'), ('PULSE_CONFIG_PATH', '/run/user/1000/crd_audio#dlfdci21-0'), ('GDMSESSION', 'ubuntu'), ('LESSCLOSE', '/usr/bin/lesspipe %s %s'), ('CODEX_THREAD_ID', '01a046e6-55ba-7641-b9f9-20119459adf7'), ('LC_MEASUREMENT', 'ko_KR.UTF-8'), ('GPG_AGENT_INFO', '/run/user/1000/gnupg/S.gpg-agent:0:1'), ('LC_IDENTIFICATION', 'ko_KR.UTF-8'), ('GIT_PAGER', 'cat'), ('QT_IM_MODULE', 'ibus'), ('PWD', '/home/robo/jdcobot200_imitation_learning/depth_cam/build/image_publisher'), ('LC_ALL', 'en_US.UTF-8'), ('XDG_CONFIG_DIRS', '/etc/xdg/xdg-ubuntu:/etc/xdg'), ('CLUTTER_IM_MODULE', 'ibus'), ('CHROME_REMOTE_DESKTOP_SESSION', '1'), ('XDG_DATA_DIRS', '/usr/share/ubuntu:/usr/share/gnome:/usr/local/share:/usr/share:/var/lib/snapd/desktop'), ('PYTHONPATH', '/opt/ros/humble/lib/python3.10/site-packages:/opt/ros/humble/local/lib/python3.10/dist-packages'), ('LC_NUMERIC', 'ko_KR.UTF-8'), ('LC_PAPER', 'ko_KR.UTF-8'), ('COLCON', '1'), ('VTE_VERSION', '6800'), ('CMAKE_PREFIX_PATH', '/home/robo/jdcobot200_imitation_learning/depth_cam/local::/opt/ros/humble')]), 'shell': False}
[5.750317] (image_publisher) StdoutLine: {'line': b'-- Install configuration: "Release"\n'}
[5.750601] (image_publisher) StdoutLine: {'line': b'-- Execute custom install script\n'}
[5.750820] (image_publisher) StdoutLine: {'line': b'-- Symlinking: /home/robo/jdcobot200_imitation_learning/depth_cam/install/image_publisher/include/image_publisher/image_publisher.hpp\n'}
[5.757547] (image_publisher) StdoutLine: {'line': b'-- Symlinking: /home/robo/jdcobot200_imitation_learning/depth_cam/install/image_publisher/include/image_publisher/visibility.h\n'}
[5.762059] (image_publisher) StdoutLine: {'line': b'-- Symlinking: /home/robo/jdcobot200_imitation_learning/depth_cam/install/image_publisher/share/image_publisher/environment/library_path.sh\n'}
[5.768493] (image_publisher) StdoutLine: {'line': b'-- Symlinking: /home/robo/jdcobot200_imitation_learning/depth_cam/install/image_publisher/share/image_publisher/environment/library_path.dsv\n'}
[5.775044] (image_publisher) StdoutLine: {'line': b'-- Symlinking: /home/robo/jdcobot200_imitation_learning/depth_cam/install/image_publisher/lib/libimage_publisher.so\n'}
[5.781259] (image_publisher) StdoutLine: {'line': b'-- Symlinking: /home/robo/jdcobot200_imitation_learning/depth_cam/install/image_publisher/lib/image_publisher/image_publisher_node\n'}
[5.786300] (image_publisher) StdoutLine: {'line': b'-- Symlinking: /home/robo/jdcobot200_imitation_learning/depth_cam/install/image_publisher/share/image_publisher/launch/image_publisher_file.launch.py\n'}
[5.793079] (image_publisher) StdoutLine: {'line': b'-- Symlinking: /home/robo/jdcobot200_imitation_learning/depth_cam/install/image_publisher/share/image_publisher/launch/image_publisher_mono.launch.py\n'}
[5.798592] (image_publisher) StdoutLine: {'line': b'-- Symlinking: /home/robo/jdcobot200_imitation_learning/depth_cam/install/image_publisher/share/image_publisher/launch/image_publisher_stereo.launch.py\n'}
[5.805347] (image_publisher) StdoutLine: {'line': b'-- Symlinking: /home/robo/jdcobot200_imitation_learning/depth_cam/install/image_publisher/share/image_publisher/launch/splash.png\n'}
[5.809192] (-) TimerEvent: {}
[5.810203] (image_publisher) StdoutLine: {'line': b'-- Symlinking: /home/robo/jdcobot200_imitation_learning/depth_cam/install/image_publisher/share/ament_index/resource_index/package_run_dependencies/image_publisher\n'}
[5.817398] (image_publisher) StdoutLine: {'line': b'-- Symlinking: /home/robo/jdcobot200_imitation_learning/depth_cam/install/image_publisher/share/ament_index/resource_index/parent_prefix_path/image_publisher\n'}
[5.823955] (image_publisher) StdoutLine: {'line': b'-- Symlinking: /home/robo/jdcobot200_imitation_learning/depth_cam/install/image_publisher/share/image_publisher/environment/ament_prefix_path.sh\n'}
[5.829982] (image_publisher) StdoutLine: {'line': b'-- Symlinking: /home/robo/jdcobot200_imitation_learning/depth_cam/install/image_publisher/share/image_publisher/environment/ament_prefix_path.dsv\n'}
[5.834919] (image_publisher) StdoutLine: {'line': b'-- Symlinking: /home/robo/jdcobot200_imitation_learning/depth_cam/install/image_publisher/share/image_publisher/environment/path.sh\n'}
[5.841581] (image_publisher) StdoutLine: {'line': b'-- Symlinking: /home/robo/jdcobot200_imitation_learning/depth_cam/install/image_publisher/share/image_publisher/environment/path.dsv\n'}
[5.847869] (image_publisher) StdoutLine: {'line': b'-- Symlinking: /home/robo/jdcobot200_imitation_learning/depth_cam/install/image_publisher/share/image_publisher/local_setup.bash\n'}
[5.854005] (image_publisher) StdoutLine: {'line': b'-- Symlinking: /home/robo/jdcobot200_imitation_learning/depth_cam/install/image_publisher/share/image_publisher/local_setup.sh\n'}
[5.858141] (image_publisher) StdoutLine: {'line': b'-- Symlinking: /home/robo/jdcobot200_imitation_learning/depth_cam/install/image_publisher/share/image_publisher/local_setup.zsh\n'}
[5.864210] (image_publisher) StdoutLine: {'line': b'-- Symlinking: /home/robo/jdcobot200_imitation_learning/depth_cam/install/image_publisher/share/image_publisher/local_setup.dsv\n'}
[5.870589] (image_publisher) StdoutLine: {'line': b'-- Symlinking: /home/robo/jdcobot200_imitation_learning/depth_cam/install/image_publisher/share/image_publisher/package.dsv\n'}
[5.877071] (image_publisher) StdoutLine: {'line': b'-- Symlinking: /home/robo/jdcobot200_imitation_learning/depth_cam/install/image_publisher/share/ament_index/resource_index/packages/image_publisher\n'}
[5.881935] (image_publisher) StdoutLine: {'line': b'-- Symlinking: /home/robo/jdcobot200_imitation_learning/depth_cam/install/image_publisher/share/ament_index/resource_index/rclcpp_components/image_publisher\n'}
[5.888888] (image_publisher) StdoutLine: {'line': b'-- Symlinking: /home/robo/jdcobot200_imitation_learning/depth_cam/install/image_publisher/share/image_publisher/cmake/ament_cmake_export_dependencies-extras.cmake\n'}
[5.889180] (astra_camera_msgs) StdoutLine: {'line': b'[ 97%] Linking C shared library rosidl_generator_py/astra_camera_msgs/astra_camera_msgs_s__rosidl_typesupport_fastrtps_c.cpython-310-x86_64-linux-gnu.so\n'}
[5.892710] (astra_camera_msgs) StdoutLine: {'line': b'[ 98%] Linking C shared library rosidl_generator_py/astra_camera_msgs/astra_camera_msgs_s__rosidl_typesupport_c.cpython-310-x86_64-linux-gnu.so\n'}
[5.895214] (image_publisher) StdoutLine: {'line': b'-- Symlinking: /home/robo/jdcobot200_imitation_learning/depth_cam/install/image_publisher/share/image_publisher/cmake/ament_cmake_export_include_directories-extras.cmake\n'}
[5.901424] (image_publisher) StdoutLine: {'line': b'-- Symlinking: /home/robo/jdcobot200_imitation_learning/depth_cam/install/image_publisher/share/image_publisher/cmake/ament_cmake_export_libraries-extras.cmake\n'}
[5.908035] (image_publisher) StdoutLine: {'line': b'-- Symlinking: /home/robo/jdcobot200_imitation_learning/depth_cam/install/image_publisher/share/image_publisher/cmake/image_publisherConfig.cmake\n'}
[5.909243] (-) TimerEvent: {}
[5.911440] (astra_camera_msgs) StdoutLine: {'line': b'[100%] Linking C shared library rosidl_generator_py/astra_camera_msgs/astra_camera_msgs_s__rosidl_typesupport_introspection_c.cpython-310-x86_64-linux-gnu.so\n'}
[5.913544] (image_publisher) StdoutLine: {'line': b'-- Symlinking: /home/robo/jdcobot200_imitation_learning/depth_cam/install/image_publisher/share/image_publisher/cmake/image_publisherConfig-version.cmake\n'}
[5.918578] (image_publisher) StdoutLine: {'line': b'-- Symlinking: /home/robo/jdcobot200_imitation_learning/depth_cam/install/image_publisher/share/image_publisher/package.xml\n'}
[5.919320] (astra_camera_msgs) StdoutLine: {'line': b'[100%] Built target astra_camera_msgs__rosidl_typesupport_c__pyext\n'}
[5.920879] (astra_camera_msgs) StdoutLine: {'line': b'[100%] Built target astra_camera_msgs__rosidl_typesupport_fastrtps_c__pyext\n'}
[5.925665] (image_publisher) CommandEnded: {'returncode': 0}
[5.934684] (image_publisher) JobEnded: {'identifier': 'image_publisher', 'rc': 0}
[5.935709] (astra_camera_msgs) StdoutLine: {'line': b'[100%] Built target astra_camera_msgs__rosidl_typesupport_introspection_c__pyext\n'}
[5.942156] (astra_camera_msgs) CommandEnded: {'returncode': 0}
[5.942488] (astra_camera_msgs) JobProgress: {'identifier': 'astra_camera_msgs', 'progress': 'install'}
[5.942622] (astra_camera_msgs) Command: {'cmd': ['/usr/bin/cmake', '--install', '/home/robo/jdcobot200_imitation_learning/depth_cam/build/astra_camera_msgs'], 'cwd': '/home/robo/jdcobot200_imitation_learning/depth_cam/build/astra_camera_msgs', 'env': OrderedDict([('LESSOPEN', '| /usr/bin/lesspipe %s'), ('CODEX_CI', '1'), ('LANGUAGE', 'en_US:en'), ('USER', 'robo'), ('LC_TIME', 'ko_KR.UTF-8'), ('XDG_SESSION_TYPE', 'x11'), ('SHLVL', '1'), ('LD_LIBRARY_PATH', '/usr/lib/x86_64-linux-gnu/gazebo-11/plugins:/opt/ros/humble/opt/rviz_ogre_vendor/lib:/opt/ros/humble/lib/x86_64-linux-gnu:/opt/ros/humble/lib:/usr/local/cuda-12.9/lib64:/usr/lib/mesa-diverted/x86_64-linux-gnu:/usr/lib/x86_64-linux-gnu/mesa:/usr/lib/x86_64-linux-gnu/dri:/usr/lib/x86_64-linux-gnu/gallium-pipe'), ('HOME', '/home/robo'), ('OLDPWD', '/home/robo/jdcobot200_imitation_learning'), ('DESKTOP_SESSION', 'ubuntu'), ('ROS_PYTHON_VERSION', '3'), ('GTK_MODULES', 'gail:atk-bridge'), ('XDG_SEAT_PATH', '/org/freedesktop/DisplayManager/Seat0'), ('PAGER', 'cat'), ('LC_MONETARY', 'ko_KR.UTF-8'), ('PULSE_SINK', 'chrome_remote_desktop_session'), ('LC_CTYPE', 'C.UTF-8'), ('SYSTEMD_EXEC_PID', '1698'), ('NO_COLOR', '1'), ('DBUS_SESSION_BUS_ADDRESS', 'unix:path=/run/user/1000/bus'), ('COLORTERM', 'truecolor'), ('IM_CONFIG_PHASE', '1'), ('PULSE_STATE_PATH', '/run/user/1000/crd_audio#dlfdci21-0'), ('CODEX_PERMISSION_PROFILE', ':workspace'), ('ROS_DISTRO', 'humble'), ('GTK_IM_MODULE', 'ibus'), ('LOGNAME', 'robo'), ('_', '/usr/bin/colcon'), ('ROS_VERSION', '2'), ('PKG_CONFIG_PATH', '/home/robo/jdcobot200_imitation_learning/depth_cam/local/lib/pkgconfig:'), ('XDG_SESSION_CLASS', 'user'), ('TERM', 'xterm-256color'), ('GNOME_DESKTOP_SESSION_ID', 'this-is-deprecated'), ('ROS_LOCALHOST_ONLY', '0'), ('PATH', '/opt/ros/humble/bin:/home/robo/.codex/packages/standalone/releases/0.150.1-x86_64-unknown-linux-musl/codex-path:/home/robo/.local/bin:/home/robo/.codex/tmp/arg0/codex-arg0RD5CVs:/home/robo/.codex/packages/standalone/releases/0.150.1-x86_64-unknown-linux-musl/codex-path:/usr/local/cuda-12.9/bin:/home/robo/.local/bin:/usr/local/sbin:/usr/local/bin:/usr/sbin:/usr/bin:/sbin:/bin:/usr/games:/usr/local/games:/snap/bin'), ('SESSION_MANAGER', 'local/robo:@/tmp/.ICE-unix/1655,unix/robo:/tmp/.ICE-unix/1655'), ('PULSE_RUNTIME_PATH', '/run/user/1000/crd_audio#dlfdci21-0'), ('GDM_LANG', 'en_US'), ('CODEX_SESSION_ID', '01a046e6-55ba-7641-b9f9-20119459adf7'), ('PAPERSIZE', 'a4'), ('XDG_SESSION_PATH', '/org/freedesktop/DisplayManager/Session0'), ('XDG_MENU_PREFIX', 'gnome-'), ('LC_ADDRESS', 'ko_KR.UTF-8'), ('GNOME_TERMINAL_SCREEN', '/org/gnome/Terminal/screen/1216b3e6_4a52_4dfe_a607_c977df9d914a'), ('XDG_RUNTIME_DIR', '/run/user/1000'), ('GDK_BACKEND', 'x11'), ('DISPLAY', ':0'), ('CODEX_SANDBOX_NETWORK_DISABLED', '1'), ('LANG', 'en_US.UTF-8'), ('XDG_CURRENT_DESKTOP', 'GNOME'), ('LC_TELEPHONE', 'ko_KR.UTF-8'), ('XMODIFIERS', '@im=ibus'), ('GH_PAGER', 'cat'), ('XDG_SESSION_DESKTOP', 'ubuntu'), ('XAUTHORITY', '/home/robo/.Xauthority'), ('LS_COLORS', 'rs=0:di=01;34:ln=01;36:mh=00:pi=40;33:so=01;35:do=01;35:bd=40;33;01:cd=40;33;01:or=40;31;01:mi=00:su=37;41:sg=30;43:ca=30;41:tw=30;42:ow=34;42:st=37;44:ex=01;32:*.tar=01;31:*.tgz=01;31:*.arc=01;31:*.arj=01;31:*.taz=01;31:*.lha=01;31:*.lz4=01;31:*.lzh=01;31:*.lzma=01;31:*.tlz=01;31:*.txz=01;31:*.tzo=01;31:*.t7z=01;31:*.zip=01;31:*.z=01;31:*.dz=01;31:*.gz=01;31:*.lrz=01;31:*.lz=01;31:*.lzo=01;31:*.xz=01;31:*.zst=01;31:*.tzst=01;31:*.bz2=01;31:*.bz=01;31:*.tbz=01;31:*.tbz2=01;31:*.tz=01;31:*.deb=01;31:*.rpm=01;31:*.jar=01;31:*.war=01;31:*.ear=01;31:*.sar=01;31:*.rar=01;31:*.alz=01;31:*.ace=01;31:*.zoo=01;31:*.cpio=01;31:*.7z=01;31:*.rz=01;31:*.cab=01;31:*.wim=01;31:*.swm=01;31:*.dwm=01;31:*.esd=01;31:*.jpg=01;35:*.jpeg=01;35:*.mjpg=01;35:*.mjpeg=01;35:*.gif=01;35:*.bmp=01;35:*.pbm=01;35:*.pgm=01;35:*.ppm=01;35:*.tga=01;35:*.xbm=01;35:*.xpm=01;35:*.tif=01;35:*.tiff=01;35:*.png=01;35:*.svg=01;35:*.svgz=01;35:*.mng=01;35:*.pcx=01;35:*.mov=01;35:*.mpg=01;35:*.mpeg=01;35:*.m2v=01;35:*.mkv=01;35:*.webm=01;35:*.webp=01;35:*.ogm=01;35:*.mp4=01;35:*.m4v=01;35:*.mp4v=01;35:*.vob=01;35:*.qt=01;35:*.nuv=01;35:*.wmv=01;35:*.asf=01;35:*.rm=01;35:*.rmvb=01;35:*.flc=01;35:*.avi=01;35:*.fli=01;35:*.flv=01;35:*.gl=01;35:*.dl=01;35:*.xcf=01;35:*.xwd=01;35:*.yuv=01;35:*.cgm=01;35:*.emf=01;35:*.ogv=01;35:*.ogx=01;35:*.aac=00;36:*.au=00;36:*.flac=00;36:*.m4a=00;36:*.mid=00;36:*.midi=00;36:*.mka=00;36:*.mp3=00;36:*.mpc=00;36:*.ogg=00;36:*.ra=00;36:*.wav=00;36:*.oga=00;36:*.opus=00;36:*.spx=00;36:*.xspf=00;36:'), ('GNOME_TERMINAL_SERVICE', ':1.166'), ('SSH_AUTH_SOCK', '/run/user/1000/keyring/ssh'), ('XDG_GREETER_DATA_DIR', '/var/lib/lightdm-data/robo'), ('AMENT_PREFIX_PATH', '/opt/ros/humble'), ('SHELL', '/bin/bash'), ('LC_NAME', 'ko_KR.UTF-8'), ('QT_ACCESSIBILITY', '1'), ('PULSE_CONFIG_PATH', '/run/user/1000/crd_audio#dlfdci21-0'), ('GDMSESSION', 'ubuntu'), ('LESSCLOSE', '/usr/bin/lesspipe %s %s'), ('CODEX_THREAD_ID', '01a046e6-55ba-7641-b9f9-20119459adf7'), ('LC_MEASUREMENT', 'ko_KR.UTF-8'), ('GPG_AGENT_INFO', '/run/user/1000/gnupg/S.gpg-agent:0:1'), ('LC_IDENTIFICATION', 'ko_KR.UTF-8'), ('GIT_PAGER', 'cat'), ('QT_IM_MODULE', 'ibus'), ('PWD', '/home/robo/jdcobot200_imitation_learning/depth_cam/build/astra_camera_msgs'), ('LC_ALL', 'en_US.UTF-8'), ('XDG_CONFIG_DIRS', '/etc/xdg/xdg-ubuntu:/etc/xdg'), ('CLUTTER_IM_MODULE', 'ibus'), ('CHROME_REMOTE_DESKTOP_SESSION', '1'), ('XDG_DATA_DIRS', '/usr/share/ubuntu:/usr/share/gnome:/usr/local/share:/usr/share:/var/lib/snapd/desktop'), ('PYTHONPATH', '/opt/ros/humble/lib/python3.10/site-packages:/opt/ros/humble/local/lib/python3.10/dist-packages'), ('LC_NUMERIC', 'ko_KR.UTF-8'), ('LC_PAPER', 'ko_KR.UTF-8'), ('COLCON', '1'), ('VTE_VERSION', '6800'), ('CMAKE_PREFIX_PATH', '/home/robo/jdcobot200_imitation_learning/depth_cam/local::/opt/ros/humble')]), 'shell': False}
[5.948870] (astra_camera_msgs) StdoutLine: {'line': b'-- Install configuration: "Release"\n'}
[5.949379] (astra_camera_msgs) StdoutLine: {'line': b'-- Execute custom install script\n'}
[5.949531] (astra_camera_msgs) StdoutLine: {'line': b'-- Symlinking: /home/robo/jdcobot200_imitation_learning/depth_cam/install/astra_camera_msgs/share/ament_index/resource_index/rosidl_interfaces/astra_camera_msgs\n'}
[5.954105] (astra_camera_msgs) StdoutLine: {'line': b'-- Symlinking: /home/robo/jdcobot200_imitation_learning/depth_cam/install/astra_camera_msgs/include/astra_camera_msgs/astra_camera_msgs/msg/detail/device_info__functions.h\n'}
[5.958964] (astra_camera_msgs) StdoutLine: {'line': b'-- Symlinking: /home/robo/jdcobot200_imitation_learning/depth_cam/install/astra_camera_msgs/include/astra_camera_msgs/astra_camera_msgs/msg/detail/device_info__struct.h\n'}
[5.965232] (astra_camera_msgs) StdoutLine: {'line': b'-- Symlinking: /home/robo/jdcobot200_imitation_learning/depth_cam/install/astra_camera_msgs/include/astra_camera_msgs/astra_camera_msgs/msg/detail/device_info__type_support.h\n'}
[5.971660] (astra_camera_msgs) StdoutLine: {'line': b'-- Symlinking: /home/robo/jdcobot200_imitation_learning/depth_cam/install/astra_camera_msgs/include/astra_camera_msgs/astra_camera_msgs/msg/detail/extrinsics__functions.h\n'}
[5.976507] (astra_camera_msgs) StdoutLine: {'line': b'-- Symlinking: /home/robo/jdcobot200_imitation_learning/depth_cam/install/astra_camera_msgs/include/astra_camera_msgs/astra_camera_msgs/msg/detail/extrinsics__struct.h\n'}
[5.981283] (astra_camera_msgs) StdoutLine: {'line': b'-- Symlinking: /home/robo/jdcobot200_imitation_learning/depth_cam/install/astra_camera_msgs/include/astra_camera_msgs/astra_camera_msgs/msg/detail/extrinsics__type_support.h\n'}
[5.987055] (astra_camera_msgs) StdoutLine: {'line': b'-- Symlinking: /home/robo/jdcobot200_imitation_learning/depth_cam/install/astra_camera_msgs/include/astra_camera_msgs/astra_camera_msgs/msg/detail/metadata__functions.h\n'}
[5.992055] (astra_camera_msgs) StdoutLine: {'line': b'-- Symlinking: /home/robo/jdcobot200_imitation_learning/depth_cam/install/astra_camera_msgs/include/astra_camera_msgs/astra_camera_msgs/msg/detail/metadata__struct.h\n'}
[5.997812] (astra_camera_msgs) StdoutLine: {'line': b'-- Symlinking: /home/robo/jdcobot200_imitation_learning/depth_cam/install/astra_camera_msgs/include/astra_camera_msgs/astra_camera_msgs/msg/detail/metadata__type_support.h\n'}
[6.001967] (astra_camera_msgs) StdoutLine: {'line': b'-- Symlinking: /home/robo/jdcobot200_imitation_learning/depth_cam/install/astra_camera_msgs/include/astra_camera_msgs/astra_camera_msgs/msg/device_info.h\n'}
[6.006105] (astra_camera_msgs) StdoutLine: {'line': b'-- Symlinking: /home/robo/jdcobot200_imitation_learning/depth_cam/install/astra_camera_msgs/include/astra_camera_msgs/astra_camera_msgs/msg/extrinsics.h\n'}
[6.009302] (-) TimerEvent: {}
[6.011108] (astra_camera_msgs) StdoutLine: {'line': b'-- Symlinking: /home/robo/jdcobot200_imitation_learning/depth_cam/install/astra_camera_msgs/include/astra_camera_msgs/astra_camera_msgs/msg/metadata.h\n'}
[6.019784] (astra_camera_msgs) StdoutLine: {'line': b'-- Symlinking: /home/robo/jdcobot200_imitation_learning/depth_cam/install/astra_camera_msgs/include/astra_camera_msgs/astra_camera_msgs/msg/rosidl_generator_c__visibility_control.h\n'}
[6.026403] (astra_camera_msgs) StdoutLine: {'line': b'-- Symlinking: /home/robo/jdcobot200_imitation_learning/depth_cam/install/astra_camera_msgs/include/astra_camera_msgs/astra_camera_msgs/srv/detail/get_camera_info__functions.h\n'}
[6.036769] (astra_camera_msgs) StdoutLine: {'line': b'-- Symlinking: /home/robo/jdcobot200_imitation_learning/depth_cam/install/astra_camera_msgs/include/astra_camera_msgs/astra_camera_msgs/srv/detail/get_camera_info__struct.h\n'}
[6.043412] (astra_camera_msgs) StdoutLine: {'line': b'-- Symlinking: /home/robo/jdcobot200_imitation_learning/depth_cam/install/astra_camera_msgs/include/astra_camera_msgs/astra_camera_msgs/srv/detail/get_camera_info__type_support.h\n'}
[6.051649] (astra_camera_msgs) StdoutLine: {'line': b'-- Symlinking: /home/robo/jdcobot200_imitation_learning/depth_cam/install/astra_camera_msgs/include/astra_camera_msgs/astra_camera_msgs/srv/detail/get_camera_params__functions.h\n'}
[6.061913] (astra_camera_msgs) StdoutLine: {'line': b'-- Symlinking: /home/robo/jdcobot200_imitation_learning/depth_cam/install/astra_camera_msgs/include/astra_camera_msgs/astra_camera_msgs/srv/detail/get_camera_params__struct.h\n'}
[6.070848] (astra_camera_msgs) StdoutLine: {'line': b'-- Symlinking: /home/robo/jdcobot200_imitation_learning/depth_cam/install/astra_camera_msgs/include/astra_camera_msgs/astra_camera_msgs/srv/detail/get_camera_params__type_support.h\n'}
[6.079046] (astra_camera_msgs) StdoutLine: {'line': b'-- Symlinking: /home/robo/jdcobot200_imitation_learning/depth_cam/install/astra_camera_msgs/include/astra_camera_msgs/astra_camera_msgs/srv/detail/get_device_info__functions.h\n'}
[6.083722] (astra_camera_msgs) StdoutLine: {'line': b'-- Symlinking: /home/robo/jdcobot200_imitation_learning/depth_cam/install/astra_camera_msgs/include/astra_camera_msgs/astra_camera_msgs/srv/detail/get_device_info__struct.h\n'}
[6.087794] (astra_camera_msgs) StdoutLine: {'line': b'-- Symlinking: /home/robo/jdcobot200_imitation_learning/depth_cam/install/astra_camera_msgs/include/astra_camera_msgs/astra_camera_msgs/srv/detail/get_device_info__type_support.h\n'}
[6.093660] (astra_camera_msgs) StdoutLine: {'line': b'-- Symlinking: /home/robo/jdcobot200_imitation_learning/depth_cam/install/astra_camera_msgs/include/astra_camera_msgs/astra_camera_msgs/srv/detail/get_int32__functions.h\n'}
[6.098173] (astra_camera_msgs) StdoutLine: {'line': b'-- Symlinking: /home/robo/jdcobot200_imitation_learning/depth_cam/install/astra_camera_msgs/include/astra_camera_msgs/astra_camera_msgs/srv/detail/get_int32__struct.h\n'}
[6.106171] (astra_camera_msgs) StdoutLine: {'line': b'-- Symlinking: /home/robo/jdcobot200_imitation_learning/depth_cam/install/astra_camera_msgs/include/astra_camera_msgs/astra_camera_msgs/srv/detail/get_int32__type_support.h\n'}
[6.109367] (-) TimerEvent: {}
[6.120627] (astra_camera_msgs) StdoutLine: {'line': b'-- Symlinking: /home/robo/jdcobot200_imitation_learning/depth_cam/install/astra_camera_msgs/include/astra_camera_msgs/astra_camera_msgs/srv/detail/get_string__functions.h\n'}
[6.130076] (astra_camera_msgs) StdoutLine: {'line': b'-- Symlinking: /home/robo/jdcobot200_imitation_learning/depth_cam/install/astra_camera_msgs/include/astra_camera_msgs/astra_camera_msgs/srv/detail/get_string__struct.h\n'}
[6.145456] (astra_camera_msgs) StdoutLine: {'line': b'-- Symlinking: /home/robo/jdcobot200_imitation_learning/depth_cam/install/astra_camera_msgs/include/astra_camera_msgs/astra_camera_msgs/srv/detail/get_string__type_support.h\n'}
[6.156146] (astra_camera_msgs) StdoutLine: {'line': b'-- Symlinking: /home/robo/jdcobot200_imitation_learning/depth_cam/install/astra_camera_msgs/include/astra_camera_msgs/astra_camera_msgs/srv/detail/set_int32__functions.h\n'}
[6.161613] (astra_camera_msgs) StdoutLine: {'line': b'-- Symlinking: /home/robo/jdcobot200_imitation_learning/depth_cam/install/astra_camera_msgs/include/astra_camera_msgs/astra_camera_msgs/srv/detail/set_int32__struct.h\n'}
[6.165401] (astra_camera_msgs) StdoutLine: {'line': b'-- Symlinking: /home/robo/jdcobot200_imitation_learning/depth_cam/install/astra_camera_msgs/include/astra_camera_msgs/astra_camera_msgs/srv/detail/set_int32__type_support.h\n'}
[6.170160] (astra_camera_msgs) StdoutLine: {'line': b'-- Symlinking: /home/robo/jdcobot200_imitation_learning/depth_cam/install/astra_camera_msgs/include/astra_camera_msgs/astra_camera_msgs/srv/get_camera_info.h\n'}
[6.175237] (astra_camera_msgs) StdoutLine: {'line': b'-- Symlinking: /home/robo/jdcobot200_imitation_learning/depth_cam/install/astra_camera_msgs/include/astra_camera_msgs/astra_camera_msgs/srv/get_camera_params.h\n'}
[6.181222] (astra_camera_msgs) StdoutLine: {'line': b'-- Symlinking: /home/robo/jdcobot200_imitation_learning/depth_cam/install/astra_camera_msgs/include/astra_camera_msgs/astra_camera_msgs/srv/get_device_info.h\n'}
[6.187755] (astra_camera_msgs) StdoutLine: {'line': b'-- Symlinking: /home/robo/jdcobot200_imitation_learning/depth_cam/install/astra_camera_msgs/include/astra_camera_msgs/astra_camera_msgs/srv/get_int32.h\n'}
[6.192138] (astra_camera_msgs) StdoutLine: {'line': b'-- Symlinking: /home/robo/jdcobot200_imitation_learning/depth_cam/install/astra_camera_msgs/include/astra_camera_msgs/astra_camera_msgs/srv/get_string.h\n'}
[6.197107] (astra_camera_msgs) StdoutLine: {'line': b'-- Symlinking: /home/robo/jdcobot200_imitation_learning/depth_cam/install/astra_camera_msgs/include/astra_camera_msgs/astra_camera_msgs/srv/set_int32.h\n'}
[6.203076] (astra_camera_msgs) StdoutLine: {'line': b'-- Symlinking: /home/robo/jdcobot200_imitation_learning/depth_cam/install/astra_camera_msgs/share/astra_camera_msgs/environment/library_path.sh\n'}
[6.209428] (-) TimerEvent: {}
[6.209893] (astra_camera_msgs) StdoutLine: {'line': b'-- Symlinking: /home/robo/jdcobot200_imitation_learning/depth_cam/install/astra_camera_msgs/share/astra_camera_msgs/environment/library_path.dsv\n'}
[6.221547] (astra_camera_msgs) StdoutLine: {'line': b'-- Symlinking: /home/robo/jdcobot200_imitation_learning/depth_cam/install/astra_camera_msgs/include/astra_camera_msgs/astra_camera_msgs/msg/detail/device_info__rosidl_typesupport_fastrtps_c.h\n'}
[6.231534] (astra_camera_msgs) StdoutLine: {'line': b'-- Symlinking: /home/robo/jdcobot200_imitation_learning/depth_cam/install/astra_camera_msgs/include/astra_camera_msgs/astra_camera_msgs/msg/detail/extrinsics__rosidl_typesupport_fastrtps_c.h\n'}
[6.241873] (astra_camera_msgs) StdoutLine: {'line': b'-- Symlinking: /home/robo/jdcobot200_imitation_learning/depth_cam/install/astra_camera_msgs/include/astra_camera_msgs/astra_camera_msgs/msg/detail/metadata__rosidl_typesupport_fastrtps_c.h\n'}
[6.252528] (astra_camera_msgs) StdoutLine: {'line': b'-- Symlinking: /home/robo/jdcobot200_imitation_learning/depth_cam/install/astra_camera_msgs/include/astra_camera_msgs/astra_camera_msgs/msg/rosidl_typesupport_fastrtps_c__visibility_control.h\n'}
[6.263432] (astra_camera_msgs) StdoutLine: {'line': b'-- Symlinking: /home/robo/jdcobot200_imitation_learning/depth_cam/install/astra_camera_msgs/include/astra_camera_msgs/astra_camera_msgs/srv/detail/get_camera_info__rosidl_typesupport_fastrtps_c.h\n'}
[6.272726] (astra_camera_msgs) StdoutLine: {'line': b'-- Symlinking: /home/robo/jdcobot200_imitation_learning/depth_cam/install/astra_camera_msgs/include/astra_camera_msgs/astra_camera_msgs/srv/detail/get_camera_params__rosidl_typesupport_fastrtps_c.h\n'}
[6.280355] (astra_camera_msgs) StdoutLine: {'line': b'-- Symlinking: /home/robo/jdcobot200_imitation_learning/depth_cam/install/astra_camera_msgs/include/astra_camera_msgs/astra_camera_msgs/srv/detail/get_device_info__rosidl_typesupport_fastrtps_c.h\n'}
[6.287007] (astra_camera_msgs) StdoutLine: {'line': b'-- Symlinking: /home/robo/jdcobot200_imitation_learning/depth_cam/install/astra_camera_msgs/include/astra_camera_msgs/astra_camera_msgs/srv/detail/get_int32__rosidl_typesupport_fastrtps_c.h\n'}
[6.292903] (astra_camera_msgs) StdoutLine: {'line': b'-- Symlinking: /home/robo/jdcobot200_imitation_learning/depth_cam/install/astra_camera_msgs/include/astra_camera_msgs/astra_camera_msgs/srv/detail/get_string__rosidl_typesupport_fastrtps_c.h\n'}
[6.304144] (astra_camera_msgs) StdoutLine: {'line': b'-- Symlinking: /home/robo/jdcobot200_imitation_learning/depth_cam/install/astra_camera_msgs/include/astra_camera_msgs/astra_camera_msgs/srv/detail/set_int32__rosidl_typesupport_fastrtps_c.h\n'}
[6.309640] (-) TimerEvent: {}
[6.319087] (astra_camera_msgs) StdoutLine: {'line': b'-- Symlinking: /home/robo/jdcobot200_imitation_learning/depth_cam/install/astra_camera_msgs/include/astra_camera_msgs/astra_camera_msgs/msg/detail/device_info__rosidl_typesupport_introspection_c.h\n'}
[6.327971] (astra_camera_msgs) StdoutLine: {'line': b'-- Symlinking: /home/robo/jdcobot200_imitation_learning/depth_cam/install/astra_camera_msgs/include/astra_camera_msgs/astra_camera_msgs/msg/detail/extrinsics__rosidl_typesupport_introspection_c.h\n'}
[6.340624] (astra_camera_msgs) StdoutLine: {'line': b'-- Symlinking: /home/robo/jdcobot200_imitation_learning/depth_cam/install/astra_camera_msgs/include/astra_camera_msgs/astra_camera_msgs/msg/detail/metadata__rosidl_typesupport_introspection_c.h\n'}
[6.352734] (astra_camera_msgs) StdoutLine: {'line': b'-- Symlinking: /home/robo/jdcobot200_imitation_learning/depth_cam/install/astra_camera_msgs/include/astra_camera_msgs/astra_camera_msgs/msg/rosidl_typesupport_introspection_c__visibility_control.h\n'}
[6.361042] (astra_camera_msgs) StdoutLine: {'line': b'-- Symlinking: /home/robo/jdcobot200_imitation_learning/depth_cam/install/astra_camera_msgs/include/astra_camera_msgs/astra_camera_msgs/srv/detail/get_camera_info__rosidl_typesupport_introspection_c.h\n'}
[6.367438] (astra_camera_msgs) StdoutLine: {'line': b'-- Symlinking: /home/robo/jdcobot200_imitation_learning/depth_cam/install/astra_camera_msgs/include/astra_camera_msgs/astra_camera_msgs/srv/detail/get_camera_params__rosidl_typesupport_introspection_c.h\n'}
[6.373065] (astra_camera_msgs) StdoutLine: {'line': b'-- Symlinking: /home/robo/jdcobot200_imitation_learning/depth_cam/install/astra_camera_msgs/include/astra_camera_msgs/astra_camera_msgs/srv/detail/get_device_info__rosidl_typesupport_introspection_c.h\n'}
[6.380236] (astra_camera_msgs) StdoutLine: {'line': b'-- Symlinking: /home/robo/jdcobot200_imitation_learning/depth_cam/install/astra_camera_msgs/include/astra_camera_msgs/astra_camera_msgs/srv/detail/get_int32__rosidl_typesupport_introspection_c.h\n'}
[6.388678] (astra_camera_msgs) StdoutLine: {'line': b'-- Symlinking: /home/robo/jdcobot200_imitation_learning/depth_cam/install/astra_camera_msgs/include/astra_camera_msgs/astra_camera_msgs/srv/detail/get_string__rosidl_typesupport_introspection_c.h\n'}
[6.396668] (astra_camera_msgs) StdoutLine: {'line': b'-- Symlinking: /home/robo/jdcobot200_imitation_learning/depth_cam/install/astra_camera_msgs/include/astra_camera_msgs/astra_camera_msgs/srv/detail/set_int32__rosidl_typesupport_introspection_c.h\n'}
[6.406882] (astra_camera_msgs) StdoutLine: {'line': b'-- Symlinking: /home/robo/jdcobot200_imitation_learning/depth_cam/install/astra_camera_msgs/include/astra_camera_msgs/astra_camera_msgs/msg/detail/device_info__builder.hpp\n'}
[6.409727] (-) TimerEvent: {}
[6.417643] (astra_camera_msgs) StdoutLine: {'line': b'-- Symlinking: /home/robo/jdcobot200_imitation_learning/depth_cam/install/astra_camera_msgs/include/astra_camera_msgs/astra_camera_msgs/msg/detail/device_info__struct.hpp\n'}
[6.425401] (astra_camera_msgs) StdoutLine: {'line': b'-- Symlinking: /home/robo/jdcobot200_imitation_learning/depth_cam/install/astra_camera_msgs/include/astra_camera_msgs/astra_camera_msgs/msg/detail/device_info__traits.hpp\n'}
[6.431578] (astra_camera_msgs) StdoutLine: {'line': b'-- Symlinking: /home/robo/jdcobot200_imitation_learning/depth_cam/install/astra_camera_msgs/include/astra_camera_msgs/astra_camera_msgs/msg/detail/device_info__type_support.hpp\n'}
[6.437580] (astra_camera_msgs) StdoutLine: {'line': b'-- Symlinking: /home/robo/jdcobot200_imitation_learning/depth_cam/install/astra_camera_msgs/include/astra_camera_msgs/astra_camera_msgs/msg/detail/extrinsics__builder.hpp\n'}
[6.443800] (astra_camera_msgs) StdoutLine: {'line': b'-- Symlinking: /home/robo/jdcobot200_imitation_learning/depth_cam/install/astra_camera_msgs/include/astra_camera_msgs/astra_camera_msgs/msg/detail/extrinsics__struct.hpp\n'}
[6.452383] (astra_camera_msgs) StdoutLine: {'line': b'-- Symlinking: /home/robo/jdcobot200_imitation_learning/depth_cam/install/astra_camera_msgs/include/astra_camera_msgs/astra_camera_msgs/msg/detail/extrinsics__traits.hpp\n'}
[6.459042] (astra_camera_msgs) StdoutLine: {'line': b'-- Symlinking: /home/robo/jdcobot200_imitation_learning/depth_cam/install/astra_camera_msgs/include/astra_camera_msgs/astra_camera_msgs/msg/detail/extrinsics__type_support.hpp\n'}
[6.467590] (astra_camera_msgs) StdoutLine: {'line': b'-- Symlinking: /home/robo/jdcobot200_imitation_learning/depth_cam/install/astra_camera_msgs/include/astra_camera_msgs/astra_camera_msgs/msg/detail/metadata__builder.hpp\n'}
[6.478567] (astra_camera_msgs) StdoutLine: {'line': b'-- Symlinking: /home/robo/jdcobot200_imitation_learning/depth_cam/install/astra_camera_msgs/include/astra_camera_msgs/astra_camera_msgs/msg/detail/metadata__struct.hpp\n'}
[6.488540] (astra_camera_msgs) StdoutLine: {'line': b'-- Symlinking: /home/robo/jdcobot200_imitation_learning/depth_cam/install/astra_camera_msgs/include/astra_camera_msgs/astra_camera_msgs/msg/detail/metadata__traits.hpp\n'}
[6.497521] (astra_camera_msgs) StdoutLine: {'line': b'-- Symlinking: /home/robo/jdcobot200_imitation_learning/depth_cam/install/astra_camera_msgs/include/astra_camera_msgs/astra_camera_msgs/msg/detail/metadata__type_support.hpp\n'}
[6.509846] (-) TimerEvent: {}
[6.511852] (astra_camera_msgs) StdoutLine: {'line': b'-- Symlinking: /home/robo/jdcobot200_imitation_learning/depth_cam/install/astra_camera_msgs/include/astra_camera_msgs/astra_camera_msgs/msg/device_info.hpp\n'}
[6.522957] (astra_camera_msgs) StdoutLine: {'line': b'-- Symlinking: /home/robo/jdcobot200_imitation_learning/depth_cam/install/astra_camera_msgs/include/astra_camera_msgs/astra_camera_msgs/msg/extrinsics.hpp\n'}
[6.527567] (astra_camera_msgs) StdoutLine: {'line': b'-- Symlinking: /home/robo/jdcobot200_imitation_learning/depth_cam/install/astra_camera_msgs/include/astra_camera_msgs/astra_camera_msgs/msg/metadata.hpp\n'}
[6.531954] (astra_camera_msgs) StdoutLine: {'line': b'-- Symlinking: /home/robo/jdcobot200_imitation_learning/depth_cam/install/astra_camera_msgs/include/astra_camera_msgs/astra_camera_msgs/msg/rosidl_generator_cpp__visibility_control.hpp\n'}
[6.539714] (astra_camera_msgs) StdoutLine: {'line': b'-- Symlinking: /home/robo/jdcobot200_imitation_learning/depth_cam/install/astra_camera_msgs/include/astra_camera_msgs/astra_camera_msgs/srv/detail/get_camera_info__builder.hpp\n'}
[6.549786] (astra_camera_msgs) StdoutLine: {'line': b'-- Symlinking: /home/robo/jdcobot200_imitation_learning/depth_cam/install/astra_camera_msgs/include/astra_camera_msgs/astra_camera_msgs/srv/detail/get_camera_info__struct.hpp\n'}
[6.558303] (astra_camera_msgs) StdoutLine: {'line': b'-- Symlinking: /home/robo/jdcobot200_imitation_learning/depth_cam/install/astra_camera_msgs/include/astra_camera_msgs/astra_camera_msgs/srv/detail/get_camera_info__traits.hpp\n'}
[6.563796] (astra_camera_msgs) StdoutLine: {'line': b'-- Symlinking: /home/robo/jdcobot200_imitation_learning/depth_cam/install/astra_camera_msgs/include/astra_camera_msgs/astra_camera_msgs/srv/detail/get_camera_info__type_support.hpp\n'}
[6.572168] (astra_camera_msgs) StdoutLine: {'line': b'-- Symlinking: /home/robo/jdcobot200_imitation_learning/depth_cam/install/astra_camera_msgs/include/astra_camera_msgs/astra_camera_msgs/srv/detail/get_camera_params__builder.hpp\n'}
[6.577880] (astra_camera_msgs) StdoutLine: {'line': b'-- Symlinking: /home/robo/jdcobot200_imitation_learning/depth_cam/install/astra_camera_msgs/include/astra_camera_msgs/astra_camera_msgs/srv/detail/get_camera_params__struct.hpp\n'}
[6.583851] (astra_camera_msgs) StdoutLine: {'line': b'-- Symlinking: /home/robo/jdcobot200_imitation_learning/depth_cam/install/astra_camera_msgs/include/astra_camera_msgs/astra_camera_msgs/srv/detail/get_camera_params__traits.hpp\n'}
[6.593303] (astra_camera_msgs) StdoutLine: {'line': b'-- Symlinking: /home/robo/jdcobot200_imitation_learning/depth_cam/install/astra_camera_msgs/include/astra_camera_msgs/astra_camera_msgs/srv/detail/get_camera_params__type_support.hpp\n'}
[6.608628] (astra_camera_msgs) StdoutLine: {'line': b'-- Symlinking: /home/robo/jdcobot200_imitation_learning/depth_cam/install/astra_camera_msgs/include/astra_camera_msgs/astra_camera_msgs/srv/detail/get_device_info__builder.hpp\n'}
[6.609907] (-) TimerEvent: {}
[6.618294] (astra_camera_msgs) StdoutLine: {'line': b'-- Symlinking: /home/robo/jdcobot200_imitation_learning/depth_cam/install/astra_camera_msgs/include/astra_camera_msgs/astra_camera_msgs/srv/detail/get_device_info__struct.hpp\n'}
[6.630967] (astra_camera_msgs) StdoutLine: {'line': b'-- Symlinking: /home/robo/jdcobot200_imitation_learning/depth_cam/install/astra_camera_msgs/include/astra_camera_msgs/astra_camera_msgs/srv/detail/get_device_info__traits.hpp\n'}
[6.642531] (astra_camera_msgs) StdoutLine: {'line': b'-- Symlinking: /home/robo/jdcobot200_imitation_learning/depth_cam/install/astra_camera_msgs/include/astra_camera_msgs/astra_camera_msgs/srv/detail/get_device_info__type_support.hpp\n'}
[6.656862] (astra_camera_msgs) StdoutLine: {'line': b'-- Symlinking: /home/robo/jdcobot200_imitation_learning/depth_cam/install/astra_camera_msgs/include/astra_camera_msgs/astra_camera_msgs/srv/detail/get_int32__builder.hpp\n'}
[6.668021] (astra_camera_msgs) StdoutLine: {'line': b'-- Symlinking: /home/robo/jdcobot200_imitation_learning/depth_cam/install/astra_camera_msgs/include/astra_camera_msgs/astra_camera_msgs/srv/detail/get_int32__struct.hpp\n'}
[6.679339] (astra_camera_msgs) StdoutLine: {'line': b'-- Symlinking: /home/robo/jdcobot200_imitation_learning/depth_cam/install/astra_camera_msgs/include/astra_camera_msgs/astra_camera_msgs/srv/detail/get_int32__traits.hpp\n'}
[6.687761] (astra_camera_msgs) StdoutLine: {'line': b'-- Symlinking: /home/robo/jdcobot200_imitation_learning/depth_cam/install/astra_camera_msgs/include/astra_camera_msgs/astra_camera_msgs/srv/detail/get_int32__type_support.hpp\n'}
[6.699234] (astra_camera_msgs) StdoutLine: {'line': b'-- Symlinking: /home/robo/jdcobot200_imitation_learning/depth_cam/install/astra_camera_msgs/include/astra_camera_msgs/astra_camera_msgs/srv/detail/get_string__builder.hpp\n'}
[6.708471] (astra_camera_msgs) StdoutLine: {'line': b'-- Symlinking: /home/robo/jdcobot200_imitation_learning/depth_cam/install/astra_camera_msgs/include/astra_camera_msgs/astra_camera_msgs/srv/detail/get_string__struct.hpp\n'}
[6.709995] (-) TimerEvent: {}
[6.720766] (astra_camera_msgs) StdoutLine: {'line': b'-- Symlinking: /home/robo/jdcobot200_imitation_learning/depth_cam/install/astra_camera_msgs/include/astra_camera_msgs/astra_camera_msgs/srv/detail/get_string__traits.hpp\n'}
[6.733891] (astra_camera_msgs) StdoutLine: {'line': b'-- Symlinking: /home/robo/jdcobot200_imitation_learning/depth_cam/install/astra_camera_msgs/include/astra_camera_msgs/astra_camera_msgs/srv/detail/get_string__type_support.hpp\n'}
[6.748620] (astra_camera_msgs) StdoutLine: {'line': b'-- Symlinking: /home/robo/jdcobot200_imitation_learning/depth_cam/install/astra_camera_msgs/include/astra_camera_msgs/astra_camera_msgs/srv/detail/set_int32__builder.hpp\n'}
[6.761647] (astra_camera_msgs) StdoutLine: {'line': b'-- Symlinking: /home/robo/jdcobot200_imitation_learning/depth_cam/install/astra_camera_msgs/include/astra_camera_msgs/astra_camera_msgs/srv/detail/set_int32__struct.hpp\n'}
[6.776854] (astra_camera_msgs) StdoutLine: {'line': b'-- Symlinking: /home/robo/jdcobot200_imitation_learning/depth_cam/install/astra_camera_msgs/include/astra_camera_msgs/astra_camera_msgs/srv/detail/set_int32__traits.hpp\n'}
[6.786364] (astra_camera_msgs) StdoutLine: {'line': b'-- Symlinking: /home/robo/jdcobot200_imitation_learning/depth_cam/install/astra_camera_msgs/include/astra_camera_msgs/astra_camera_msgs/srv/detail/set_int32__type_support.hpp\n'}
[6.796101] (astra_camera_msgs) StdoutLine: {'line': b'-- Symlinking: /home/robo/jdcobot200_imitation_learning/depth_cam/install/astra_camera_msgs/include/astra_camera_msgs/astra_camera_msgs/srv/get_camera_info.hpp\n'}
[6.807329] (astra_camera_msgs) StdoutLine: {'line': b'-- Symlinking: /home/robo/jdcobot200_imitation_learning/depth_cam/install/astra_camera_msgs/include/astra_camera_msgs/astra_camera_msgs/srv/get_camera_params.hpp\n'}
[6.810115] (-) TimerEvent: {}
[6.815930] (astra_camera_msgs) StdoutLine: {'line': b'-- Symlinking: /home/robo/jdcobot200_imitation_learning/depth_cam/install/astra_camera_msgs/include/astra_camera_msgs/astra_camera_msgs/srv/get_device_info.hpp\n'}
[6.827189] (astra_camera_msgs) StdoutLine: {'line': b'-- Symlinking: /home/robo/jdcobot200_imitation_learning/depth_cam/install/astra_camera_msgs/include/astra_camera_msgs/astra_camera_msgs/srv/get_int32.hpp\n'}
[6.842796] (astra_camera_msgs) StdoutLine: {'line': b'-- Symlinking: /home/robo/jdcobot200_imitation_learning/depth_cam/install/astra_camera_msgs/include/astra_camera_msgs/astra_camera_msgs/srv/get_string.hpp\n'}
[6.854656] (astra_camera_msgs) StdoutLine: {'line': b'-- Symlinking: /home/robo/jdcobot200_imitation_learning/depth_cam/install/astra_camera_msgs/include/astra_camera_msgs/astra_camera_msgs/srv/set_int32.hpp\n'}
[6.863375] (astra_camera_msgs) StdoutLine: {'line': b'-- Symlinking: /home/robo/jdcobot200_imitation_learning/depth_cam/install/astra_camera_msgs/include/astra_camera_msgs/astra_camera_msgs/msg/detail/device_info__rosidl_typesupport_fastrtps_cpp.hpp\n'}
[6.869305] (astra_camera_msgs) StdoutLine: {'line': b'-- Symlinking: /home/robo/jdcobot200_imitation_learning/depth_cam/install/astra_camera_msgs/include/astra_camera_msgs/astra_camera_msgs/msg/detail/extrinsics__rosidl_typesupport_fastrtps_cpp.hpp\n'}
[6.878175] (astra_camera_msgs) StdoutLine: {'line': b'-- Symlinking: /home/robo/jdcobot200_imitation_learning/depth_cam/install/astra_camera_msgs/include/astra_camera_msgs/astra_camera_msgs/msg/detail/metadata__rosidl_typesupport_fastrtps_cpp.hpp\n'}
[6.891015] (astra_camera_msgs) StdoutLine: {'line': b'-- Symlinking: /home/robo/jdcobot200_imitation_learning/depth_cam/install/astra_camera_msgs/include/astra_camera_msgs/astra_camera_msgs/msg/rosidl_typesupport_fastrtps_cpp__visibility_control.h\n'}
[6.903859] (astra_camera_msgs) StdoutLine: {'line': b'-- Symlinking: /home/robo/jdcobot200_imitation_learning/depth_cam/install/astra_camera_msgs/include/astra_camera_msgs/astra_camera_msgs/srv/detail/get_camera_info__rosidl_typesupport_fastrtps_cpp.hpp\n'}
[6.910209] (-) TimerEvent: {}
[6.917861] (astra_camera_msgs) StdoutLine: {'line': b'-- Symlinking: /home/robo/jdcobot200_imitation_learning/depth_cam/install/astra_camera_msgs/include/astra_camera_msgs/astra_camera_msgs/srv/detail/get_camera_params__rosidl_typesupport_fastrtps_cpp.hpp\n'}
[6.928782] (astra_camera_msgs) StdoutLine: {'line': b'-- Symlinking: /home/robo/jdcobot200_imitation_learning/depth_cam/install/astra_camera_msgs/include/astra_camera_msgs/astra_camera_msgs/srv/detail/get_device_info__rosidl_typesupport_fastrtps_cpp.hpp\n'}
[6.939283] (astra_camera_msgs) StdoutLine: {'line': b'-- Symlinking: /home/robo/jdcobot200_imitation_learning/depth_cam/install/astra_camera_msgs/include/astra_camera_msgs/astra_camera_msgs/srv/detail/get_int32__rosidl_typesupport_fastrtps_cpp.hpp\n'}
[6.949083] (astra_camera_msgs) StdoutLine: {'line': b'-- Symlinking: /home/robo/jdcobot200_imitation_learning/depth_cam/install/astra_camera_msgs/include/astra_camera_msgs/astra_camera_msgs/srv/detail/get_string__rosidl_typesupport_fastrtps_cpp.hpp\n'}
[6.956489] (astra_camera_msgs) StdoutLine: {'line': b'-- Symlinking: /home/robo/jdcobot200_imitation_learning/depth_cam/install/astra_camera_msgs/include/astra_camera_msgs/astra_camera_msgs/srv/detail/set_int32__rosidl_typesupport_fastrtps_cpp.hpp\n'}
[6.970331] (astra_camera_msgs) StdoutLine: {'line': b'-- Symlinking: /home/robo/jdcobot200_imitation_learning/depth_cam/install/astra_camera_msgs/include/astra_camera_msgs/astra_camera_msgs/msg/detail/device_info__rosidl_typesupport_introspection_cpp.hpp\n'}
[6.983092] (astra_camera_msgs) StdoutLine: {'line': b'-- Symlinking: /home/robo/jdcobot200_imitation_learning/depth_cam/install/astra_camera_msgs/include/astra_camera_msgs/astra_camera_msgs/msg/detail/extrinsics__rosidl_typesupport_introspection_cpp.hpp\n'}
[6.992772] (astra_camera_msgs) StdoutLine: {'line': b'-- Symlinking: /home/robo/jdcobot200_imitation_learning/depth_cam/install/astra_camera_msgs/include/astra_camera_msgs/astra_camera_msgs/msg/detail/metadata__rosidl_typesupport_introspection_cpp.hpp\n'}
[7.003669] (astra_camera_msgs) StdoutLine: {'line': b'-- Symlinking: /home/robo/jdcobot200_imitation_learning/depth_cam/install/astra_camera_msgs/include/astra_camera_msgs/astra_camera_msgs/srv/detail/get_camera_info__rosidl_typesupport_introspection_cpp.hpp\n'}
[7.010278] (-) TimerEvent: {}
[7.015539] (astra_camera_msgs) StdoutLine: {'line': b'-- Symlinking: /home/robo/jdcobot200_imitation_learning/depth_cam/install/astra_camera_msgs/include/astra_camera_msgs/astra_camera_msgs/srv/detail/get_camera_params__rosidl_typesupport_introspection_cpp.hpp\n'}
[7.031434] (astra_camera_msgs) StdoutLine: {'line': b'-- Symlinking: /home/robo/jdcobot200_imitation_learning/depth_cam/install/astra_camera_msgs/include/astra_camera_msgs/astra_camera_msgs/srv/detail/get_device_info__rosidl_typesupport_introspection_cpp.hpp\n'}
[7.042337] (astra_camera_msgs) StdoutLine: {'line': b'-- Symlinking: /home/robo/jdcobot200_imitation_learning/depth_cam/install/astra_camera_msgs/include/astra_camera_msgs/astra_camera_msgs/srv/detail/get_int32__rosidl_typesupport_introspection_cpp.hpp\n'}
[7.052794] (astra_camera_msgs) StdoutLine: {'line': b'-- Symlinking: /home/robo/jdcobot200_imitation_learning/depth_cam/install/astra_camera_msgs/include/astra_camera_msgs/astra_camera_msgs/srv/detail/get_string__rosidl_typesupport_introspection_cpp.hpp\n'}
[7.063083] (astra_camera_msgs) StdoutLine: {'line': b'-- Symlinking: /home/robo/jdcobot200_imitation_learning/depth_cam/install/astra_camera_msgs/include/astra_camera_msgs/astra_camera_msgs/srv/detail/set_int32__rosidl_typesupport_introspection_cpp.hpp\n'}
[7.073107] (astra_camera_msgs) StdoutLine: {'line': b'-- Symlinking: /home/robo/jdcobot200_imitation_learning/depth_cam/install/astra_camera_msgs/share/astra_camera_msgs/environment/pythonpath.sh\n'}
[7.085907] (astra_camera_msgs) StdoutLine: {'line': b'-- Symlinking: /home/robo/jdcobot200_imitation_learning/depth_cam/install/astra_camera_msgs/share/astra_camera_msgs/environment/pythonpath.dsv\n'}
[7.100279] (astra_camera_msgs) StdoutLine: {'line': b'-- Symlinking: /home/robo/jdcobot200_imitation_learning/depth_cam/install/astra_camera_msgs/local/lib/python3.10/dist-packages/astra_camera_msgs-1.0.1-py3.10.egg-info/PKG-INFO\n'}
[7.110365] (-) TimerEvent: {}
[7.112835] (astra_camera_msgs) StdoutLine: {'line': b'-- Symlinking: /home/robo/jdcobot200_imitation_learning/depth_cam/install/astra_camera_msgs/local/lib/python3.10/dist-packages/astra_camera_msgs-1.0.1-py3.10.egg-info/SOURCES.txt\n'}
[7.124387] (astra_camera_msgs) StdoutLine: {'line': b'-- Symlinking: /home/robo/jdcobot200_imitation_learning/depth_cam/install/astra_camera_msgs/local/lib/python3.10/dist-packages/astra_camera_msgs-1.0.1-py3.10.egg-info/dependency_links.txt\n'}
[7.133316] (astra_camera_msgs) StdoutLine: {'line': b'-- Symlinking: /home/robo/jdcobot200_imitation_learning/depth_cam/install/astra_camera_msgs/local/lib/python3.10/dist-packages/astra_camera_msgs-1.0.1-py3.10.egg-info/top_level.txt\n'}
[7.140692] (astra_camera_msgs) StdoutLine: {'line': b'-- Symlinking: /home/robo/jdcobot200_imitation_learning/depth_cam/install/astra_camera_msgs/local/lib/python3.10/dist-packages/astra_camera_msgs/__init__.py\n'}
[7.149188] (astra_camera_msgs) StdoutLine: {'line': b'-- Symlinking: /home/robo/jdcobot200_imitation_learning/depth_cam/install/astra_camera_msgs/local/lib/python3.10/dist-packages/astra_camera_msgs/_astra_camera_msgs_s.ep.rosidl_typesupport_c.c\n'}
[7.159297] (astra_camera_msgs) StdoutLine: {'line': b'-- Symlinking: /home/robo/jdcobot200_imitation_learning/depth_cam/install/astra_camera_msgs/local/lib/python3.10/dist-packages/astra_camera_msgs/_astra_camera_msgs_s.ep.rosidl_typesupport_fastrtps_c.c\n'}
[7.173031] (astra_camera_msgs) StdoutLine: {'line': b'-- Symlinking: /home/robo/jdcobot200_imitation_learning/depth_cam/install/astra_camera_msgs/local/lib/python3.10/dist-packages/astra_camera_msgs/_astra_camera_msgs_s.ep.rosidl_typesupport_introspection_c.c\n'}
[7.187023] (astra_camera_msgs) StdoutLine: {'line': b'-- Symlinking: /home/robo/jdcobot200_imitation_learning/depth_cam/install/astra_camera_msgs/local/lib/python3.10/dist-packages/astra_camera_msgs/astra_camera_msgs_s__rosidl_typesupport_c.cpython-310-x86_64-linux-gnu.so\n'}
[7.197110] (astra_camera_msgs) StdoutLine: {'line': b'-- Symlinking: /home/robo/jdcobot200_imitation_learning/depth_cam/install/astra_camera_msgs/local/lib/python3.10/dist-packages/astra_camera_msgs/astra_camera_msgs_s__rosidl_typesupport_fastrtps_c.cpython-310-x86_64-linux-gnu.so\n'}
[7.208127] (astra_camera_msgs) StdoutLine: {'line': b'-- Symlinking: /home/robo/jdcobot200_imitation_learning/depth_cam/install/astra_camera_msgs/local/lib/python3.10/dist-packages/astra_camera_msgs/astra_camera_msgs_s__rosidl_typesupport_introspection_c.cpython-310-x86_64-linux-gnu.so\n'}
[7.210428] (-) TimerEvent: {}
[7.221603] (astra_camera_msgs) StdoutLine: {'line': b'-- Symlinking: /home/robo/jdcobot200_imitation_learning/depth_cam/install/astra_camera_msgs/local/lib/python3.10/dist-packages/astra_camera_msgs/libastra_camera_msgs__rosidl_generator_py.so\n'}
[7.235054] (astra_camera_msgs) StdoutLine: {'line': b'-- Symlinking: /home/robo/jdcobot200_imitation_learning/depth_cam/install/astra_camera_msgs/local/lib/python3.10/dist-packages/astra_camera_msgs/msg/__init__.py\n'}
[7.247206] (astra_camera_msgs) StdoutLine: {'line': b'-- Symlinking: /home/robo/jdcobot200_imitation_learning/depth_cam/install/astra_camera_msgs/local/lib/python3.10/dist-packages/astra_camera_msgs/msg/_device_info.py\n'}
[7.255737] (astra_camera_msgs) StdoutLine: {'line': b'-- Symlinking: /home/robo/jdcobot200_imitation_learning/depth_cam/install/astra_camera_msgs/local/lib/python3.10/dist-packages/astra_camera_msgs/msg/_device_info_s.c\n'}
[7.265771] (astra_camera_msgs) StdoutLine: {'line': b'-- Symlinking: /home/robo/jdcobot200_imitation_learning/depth_cam/install/astra_camera_msgs/local/lib/python3.10/dist-packages/astra_camera_msgs/msg/_extrinsics.py\n'}
[7.279602] (astra_camera_msgs) StdoutLine: {'line': b'-- Symlinking: /home/robo/jdcobot200_imitation_learning/depth_cam/install/astra_camera_msgs/local/lib/python3.10/dist-packages/astra_camera_msgs/msg/_extrinsics_s.c\n'}
[7.289917] (astra_camera_msgs) StdoutLine: {'line': b'-- Symlinking: /home/robo/jdcobot200_imitation_learning/depth_cam/install/astra_camera_msgs/local/lib/python3.10/dist-packages/astra_camera_msgs/msg/_metadata.py\n'}
[7.306377] (astra_camera_msgs) StdoutLine: {'line': b'-- Symlinking: /home/robo/jdcobot200_imitation_learning/depth_cam/install/astra_camera_msgs/local/lib/python3.10/dist-packages/astra_camera_msgs/msg/_metadata_s.c\n'}
[7.310512] (-) TimerEvent: {}
[7.316160] (astra_camera_msgs) StdoutLine: {'line': b'-- Symlinking: /home/robo/jdcobot200_imitation_learning/depth_cam/install/astra_camera_msgs/local/lib/python3.10/dist-packages/astra_camera_msgs/srv/__init__.py\n'}
[7.329587] (astra_camera_msgs) StdoutLine: {'line': b'-- Symlinking: /home/robo/jdcobot200_imitation_learning/depth_cam/install/astra_camera_msgs/local/lib/python3.10/dist-packages/astra_camera_msgs/srv/_get_camera_info.py\n'}
[7.342981] (astra_camera_msgs) StdoutLine: {'line': b'-- Symlinking: /home/robo/jdcobot200_imitation_learning/depth_cam/install/astra_camera_msgs/local/lib/python3.10/dist-packages/astra_camera_msgs/srv/_get_camera_info_s.c\n'}
[7.353949] (astra_camera_msgs) StdoutLine: {'line': b'-- Symlinking: /home/robo/jdcobot200_imitation_learning/depth_cam/install/astra_camera_msgs/local/lib/python3.10/dist-packages/astra_camera_msgs/srv/_get_camera_params.py\n'}
[7.361360] (astra_camera_msgs) StdoutLine: {'line': b'-- Symlinking: /home/robo/jdcobot200_imitation_learning/depth_cam/install/astra_camera_msgs/local/lib/python3.10/dist-packages/astra_camera_msgs/srv/_get_camera_params_s.c\n'}
[7.369706] (astra_camera_msgs) StdoutLine: {'line': b'-- Symlinking: /home/robo/jdcobot200_imitation_learning/depth_cam/install/astra_camera_msgs/local/lib/python3.10/dist-packages/astra_camera_msgs/srv/_get_device_info.py\n'}
[7.378526] (astra_camera_msgs) StdoutLine: {'line': b'-- Symlinking: /home/robo/jdcobot200_imitation_learning/depth_cam/install/astra_camera_msgs/local/lib/python3.10/dist-packages/astra_camera_msgs/srv/_get_device_info_s.c\n'}
[7.383711] (astra_camera_msgs) StdoutLine: {'line': b'-- Symlinking: /home/robo/jdcobot200_imitation_learning/depth_cam/install/astra_camera_msgs/local/lib/python3.10/dist-packages/astra_camera_msgs/srv/_get_int32.py\n'}
[7.387614] (astra_camera_msgs) StdoutLine: {'line': b'-- Symlinking: /home/robo/jdcobot200_imitation_learning/depth_cam/install/astra_camera_msgs/local/lib/python3.10/dist-packages/astra_camera_msgs/srv/_get_int32_s.c\n'}
[7.396468] (astra_camera_msgs) StdoutLine: {'line': b'-- Symlinking: /home/robo/jdcobot200_imitation_learning/depth_cam/install/astra_camera_msgs/local/lib/python3.10/dist-packages/astra_camera_msgs/srv/_get_string.py\n'}
[7.404966] (astra_camera_msgs) StdoutLine: {'line': b'-- Symlinking: /home/robo/jdcobot200_imitation_learning/depth_cam/install/astra_camera_msgs/local/lib/python3.10/dist-packages/astra_camera_msgs/srv/_get_string_s.c\n'}
[7.410581] (-) TimerEvent: {}
[7.418379] (astra_camera_msgs) StdoutLine: {'line': b'-- Symlinking: /home/robo/jdcobot200_imitation_learning/depth_cam/install/astra_camera_msgs/local/lib/python3.10/dist-packages/astra_camera_msgs/srv/_set_int32.py\n'}
[7.427919] (astra_camera_msgs) StdoutLine: {'line': b'-- Symlinking: /home/robo/jdcobot200_imitation_learning/depth_cam/install/astra_camera_msgs/local/lib/python3.10/dist-packages/astra_camera_msgs/srv/_set_int32_s.c\n'}
[7.435047] (astra_camera_msgs) StdoutLine: {'line': b'-- Up-to-date symlink: /home/robo/jdcobot200_imitation_learning/depth_cam/install/astra_camera_msgs/local/lib/python3.10/dist-packages/astra_camera_msgs/astra_camera_msgs_s__rosidl_typesupport_fastrtps_c.cpython-310-x86_64-linux-gnu.so\n'}
[7.435269] (astra_camera_msgs) StdoutLine: {'line': b'-- Up-to-date symlink: /home/robo/jdcobot200_imitation_learning/depth_cam/install/astra_camera_msgs/local/lib/python3.10/dist-packages/astra_camera_msgs/astra_camera_msgs_s__rosidl_typesupport_introspection_c.cpython-310-x86_64-linux-gnu.so\n'}
[7.435468] (astra_camera_msgs) StdoutLine: {'line': b'-- Up-to-date symlink: /home/robo/jdcobot200_imitation_learning/depth_cam/install/astra_camera_msgs/local/lib/python3.10/dist-packages/astra_camera_msgs/astra_camera_msgs_s__rosidl_typesupport_c.cpython-310-x86_64-linux-gnu.so\n'}
[7.435646] (astra_camera_msgs) StdoutLine: {'line': b'-- Symlinking: /home/robo/jdcobot200_imitation_learning/depth_cam/install/astra_camera_msgs/share/astra_camera_msgs/msg/DeviceInfo.idl\n'}
[7.446556] (astra_camera_msgs) StdoutLine: {'line': b'-- Symlinking: /home/robo/jdcobot200_imitation_learning/depth_cam/install/astra_camera_msgs/share/astra_camera_msgs/msg/Extrinsics.idl\n'}
[7.460791] (astra_camera_msgs) StdoutLine: {'line': b'-- Symlinking: /home/robo/jdcobot200_imitation_learning/depth_cam/install/astra_camera_msgs/share/astra_camera_msgs/msg/Metadata.idl\n'}
[7.475485] (astra_camera_msgs) StdoutLine: {'line': b'-- Symlinking: /home/robo/jdcobot200_imitation_learning/depth_cam/install/astra_camera_msgs/share/astra_camera_msgs/srv/GetDeviceInfo.idl\n'}
[7.489357] (astra_camera_msgs) StdoutLine: {'line': b'-- Symlinking: /home/robo/jdcobot200_imitation_learning/depth_cam/install/astra_camera_msgs/share/astra_camera_msgs/srv/GetCameraInfo.idl\n'}
[7.497353] (astra_camera_msgs) StdoutLine: {'line': b'-- Symlinking: /home/robo/jdcobot200_imitation_learning/depth_cam/install/astra_camera_msgs/share/astra_camera_msgs/srv/GetCameraParams.idl\n'}
[7.505407] (astra_camera_msgs) StdoutLine: {'line': b'-- Symlinking: /home/robo/jdcobot200_imitation_learning/depth_cam/install/astra_camera_msgs/share/astra_camera_msgs/srv/GetInt32.idl\n'}
[7.510716] (-) TimerEvent: {}
[7.514235] (astra_camera_msgs) StdoutLine: {'line': b'-- Symlinking: /home/robo/jdcobot200_imitation_learning/depth_cam/install/astra_camera_msgs/share/astra_camera_msgs/srv/GetString.idl\n'}
[7.523732] (astra_camera_msgs) StdoutLine: {'line': b'-- Symlinking: /home/robo/jdcobot200_imitation_learning/depth_cam/install/astra_camera_msgs/share/astra_camera_msgs/srv/SetInt32.idl\n'}
[7.531891] (astra_camera_msgs) StdoutLine: {'line': b'-- Symlinking: /home/robo/jdcobot200_imitation_learning/depth_cam/install/astra_camera_msgs/share/astra_camera_msgs/msg/DeviceInfo.msg\n'}
[7.548684] (astra_camera_msgs) StdoutLine: {'line': b'-- Symlinking: /home/robo/jdcobot200_imitation_learning/depth_cam/install/astra_camera_msgs/share/astra_camera_msgs/msg/Extrinsics.msg\n'}
[7.558160] (astra_camera_msgs) StdoutLine: {'line': b'-- Symlinking: /home/robo/jdcobot200_imitation_learning/depth_cam/install/astra_camera_msgs/share/astra_camera_msgs/msg/Metadata.msg\n'}
[7.572893] (astra_camera_msgs) StdoutLine: {'line': b'-- Symlinking: /home/robo/jdcobot200_imitation_learning/depth_cam/install/astra_camera_msgs/share/astra_camera_msgs/srv/GetDeviceInfo.srv\n'}
[7.588903] (astra_camera_msgs) StdoutLine: {'line': b'-- Symlinking: /home/robo/jdcobot200_imitation_learning/depth_cam/install/astra_camera_msgs/share/astra_camera_msgs/srv/GetDeviceInfo_Request.msg\n'}
[7.599112] (astra_camera_msgs) StdoutLine: {'line': b'-- Symlinking: /home/robo/jdcobot200_imitation_learning/depth_cam/install/astra_camera_msgs/share/astra_camera_msgs/srv/GetDeviceInfo_Response.msg\n'}
[7.608665] (astra_camera_msgs) StdoutLine: {'line': b'-- Symlinking: /home/robo/jdcobot200_imitation_learning/depth_cam/install/astra_camera_msgs/share/astra_camera_msgs/srv/GetCameraInfo.srv\n'}
[7.610847] (-) TimerEvent: {}
[7.616553] (astra_camera_msgs) StdoutLine: {'line': b'-- Symlinking: /home/robo/jdcobot200_imitation_learning/depth_cam/install/astra_camera_msgs/share/astra_camera_msgs/srv/GetCameraInfo_Request.msg\n'}
[7.625868] (astra_camera_msgs) StdoutLine: {'line': b'-- Symlinking: /home/robo/jdcobot200_imitation_learning/depth_cam/install/astra_camera_msgs/share/astra_camera_msgs/srv/GetCameraInfo_Response.msg\n'}
[7.637966] (astra_camera_msgs) StdoutLine: {'line': b'-- Symlinking: /home/robo/jdcobot200_imitation_learning/depth_cam/install/astra_camera_msgs/share/astra_camera_msgs/srv/GetCameraParams.srv\n'}
[7.651664] (astra_camera_msgs) StdoutLine: {'line': b'-- Symlinking: /home/robo/jdcobot200_imitation_learning/depth_cam/install/astra_camera_msgs/share/astra_camera_msgs/srv/GetCameraParams_Request.msg\n'}
[7.663899] (astra_camera_msgs) StdoutLine: {'line': b'-- Symlinking: /home/robo/jdcobot200_imitation_learning/depth_cam/install/astra_camera_msgs/share/astra_camera_msgs/srv/GetCameraParams_Response.msg\n'}
[7.673639] (astra_camera_msgs) StdoutLine: {'line': b'-- Symlinking: /home/robo/jdcobot200_imitation_learning/depth_cam/install/astra_camera_msgs/share/astra_camera_msgs/srv/GetInt32.srv\n'}
[7.684777] (astra_camera_msgs) StdoutLine: {'line': b'-- Symlinking: /home/robo/jdcobot200_imitation_learning/depth_cam/install/astra_camera_msgs/share/astra_camera_msgs/srv/GetInt32_Request.msg\n'}
[7.696800] (astra_camera_msgs) StdoutLine: {'line': b'-- Symlinking: /home/robo/jdcobot200_imitation_learning/depth_cam/install/astra_camera_msgs/share/astra_camera_msgs/srv/GetInt32_Response.msg\n'}
[7.709486] (astra_camera_msgs) StdoutLine: {'line': b'-- Symlinking: /home/robo/jdcobot200_imitation_learning/depth_cam/install/astra_camera_msgs/share/astra_camera_msgs/srv/GetString.srv\n'}
[7.710921] (-) TimerEvent: {}
[7.720728] (astra_camera_msgs) StdoutLine: {'line': b'-- Symlinking: /home/robo/jdcobot200_imitation_learning/depth_cam/install/astra_camera_msgs/share/astra_camera_msgs/srv/GetString_Request.msg\n'}
[7.730105] (astra_camera_msgs) StdoutLine: {'line': b'-- Symlinking: /home/robo/jdcobot200_imitation_learning/depth_cam/install/astra_camera_msgs/share/astra_camera_msgs/srv/GetString_Response.msg\n'}
[7.741948] (astra_camera_msgs) StdoutLine: {'line': b'-- Symlinking: /home/robo/jdcobot200_imitation_learning/depth_cam/install/astra_camera_msgs/share/astra_camera_msgs/srv/SetInt32.srv\n'}
[7.753811] (astra_camera_msgs) StdoutLine: {'line': b'-- Symlinking: /home/robo/jdcobot200_imitation_learning/depth_cam/install/astra_camera_msgs/share/astra_camera_msgs/srv/SetInt32_Request.msg\n'}
[7.763429] (astra_camera_msgs) StdoutLine: {'line': b'-- Symlinking: /home/robo/jdcobot200_imitation_learning/depth_cam/install/astra_camera_msgs/share/astra_camera_msgs/srv/SetInt32_Response.msg\n'}
[7.775324] (astra_camera_msgs) StdoutLine: {'line': b'-- Symlinking: /home/robo/jdcobot200_imitation_learning/depth_cam/install/astra_camera_msgs/share/ament_index/resource_index/package_run_dependencies/astra_camera_msgs\n'}
[7.790728] (astra_camera_msgs) StdoutLine: {'line': b'-- Symlinking: /home/robo/jdcobot200_imitation_learning/depth_cam/install/astra_camera_msgs/share/ament_index/resource_index/parent_prefix_path/astra_camera_msgs\n'}
[7.798871] (astra_camera_msgs) StdoutLine: {'line': b'-- Symlinking: /home/robo/jdcobot200_imitation_learning/depth_cam/install/astra_camera_msgs/share/astra_camera_msgs/environment/ament_prefix_path.sh\n'}
[7.805365] (astra_camera_msgs) StdoutLine: {'line': b'-- Symlinking: /home/robo/jdcobot200_imitation_learning/depth_cam/install/astra_camera_msgs/share/astra_camera_msgs/environment/ament_prefix_path.dsv\n'}
[7.811056] (-) TimerEvent: {}
[7.816650] (astra_camera_msgs) StdoutLine: {'line': b'-- Symlinking: /home/robo/jdcobot200_imitation_learning/depth_cam/install/astra_camera_msgs/share/astra_camera_msgs/environment/path.sh\n'}
[7.829893] (astra_camera_msgs) StdoutLine: {'line': b'-- Symlinking: /home/robo/jdcobot200_imitation_learning/depth_cam/install/astra_camera_msgs/share/astra_camera_msgs/environment/path.dsv\n'}
[7.841971] (astra_camera_msgs) StdoutLine: {'line': b'-- Symlinking: /home/robo/jdcobot200_imitation_learning/depth_cam/install/astra_camera_msgs/share/astra_camera_msgs/local_setup.bash\n'}
[7.855633] (astra_camera_msgs) StdoutLine: {'line': b'-- Symlinking: /home/robo/jdcobot200_imitation_learning/depth_cam/install/astra_camera_msgs/share/astra_camera_msgs/local_setup.sh\n'}
[7.864682] (astra_camera_msgs) StdoutLine: {'line': b'-- Symlinking: /home/robo/jdcobot200_imitation_learning/depth_cam/install/astra_camera_msgs/share/astra_camera_msgs/local_setup.zsh\n'}
[7.875379] (astra_camera_msgs) StdoutLine: {'line': b'-- Symlinking: /home/robo/jdcobot200_imitation_learning/depth_cam/install/astra_camera_msgs/share/astra_camera_msgs/local_setup.dsv\n'}
[7.885156] (astra_camera_msgs) StdoutLine: {'line': b'-- Symlinking: /home/robo/jdcobot200_imitation_learning/depth_cam/install/astra_camera_msgs/share/astra_camera_msgs/package.dsv\n'}
[7.896688] (astra_camera_msgs) StdoutLine: {'line': b'-- Symlinking: /home/robo/jdcobot200_imitation_learning/depth_cam/install/astra_camera_msgs/share/ament_index/resource_index/packages/astra_camera_msgs\n'}
[7.910125] (astra_camera_msgs) StdoutLine: {'line': b'-- Symlinking: /home/robo/jdcobot200_imitation_learning/depth_cam/install/astra_camera_msgs/share/astra_camera_msgs/cmake/rosidl_cmake-extras.cmake\n'}
[7.911115] (-) TimerEvent: {}
[7.924520] (astra_camera_msgs) StdoutLine: {'line': b'-- Symlinking: /home/robo/jdcobot200_imitation_learning/depth_cam/install/astra_camera_msgs/share/astra_camera_msgs/cmake/ament_cmake_export_dependencies-extras.cmake\n'}
[7.938317] (astra_camera_msgs) StdoutLine: {'line': b'-- Symlinking: /home/robo/jdcobot200_imitation_learning/depth_cam/install/astra_camera_msgs/share/astra_camera_msgs/cmake/ament_cmake_export_include_directories-extras.cmake\n'}
[7.956069] (astra_camera_msgs) StdoutLine: {'line': b'-- Symlinking: /home/robo/jdcobot200_imitation_learning/depth_cam/install/astra_camera_msgs/share/astra_camera_msgs/cmake/ament_cmake_export_libraries-extras.cmake\n'}
[7.967788] (astra_camera_msgs) StdoutLine: {'line': b'-- Symlinking: /home/robo/jdcobot200_imitation_learning/depth_cam/install/astra_camera_msgs/share/astra_camera_msgs/cmake/ament_cmake_export_targets-extras.cmake\n'}
[7.973560] (astra_camera_msgs) StdoutLine: {'line': b'-- Symlinking: /home/robo/jdcobot200_imitation_learning/depth_cam/install/astra_camera_msgs/share/astra_camera_msgs/cmake/rosidl_cmake_export_typesupport_targets-extras.cmake\n'}
[7.979335] (astra_camera_msgs) StdoutLine: {'line': b'-- Symlinking: /home/robo/jdcobot200_imitation_learning/depth_cam/install/astra_camera_msgs/share/astra_camera_msgs/cmake/rosidl_cmake_export_typesupport_libraries-extras.cmake\n'}
[7.990650] (astra_camera_msgs) StdoutLine: {'line': b'-- Symlinking: /home/robo/jdcobot200_imitation_learning/depth_cam/install/astra_camera_msgs/share/astra_camera_msgs/cmake/astra_camera_msgsConfig.cmake\n'}
[7.995865] (astra_camera_msgs) StdoutLine: {'line': b'-- Symlinking: /home/robo/jdcobot200_imitation_learning/depth_cam/install/astra_camera_msgs/share/astra_camera_msgs/cmake/astra_camera_msgsConfig-version.cmake\n'}
[8.001955] (astra_camera_msgs) StdoutLine: {'line': b'-- Symlinking: /home/robo/jdcobot200_imitation_learning/depth_cam/install/astra_camera_msgs/share/astra_camera_msgs/package.xml\n'}
[8.008542] (astra_camera_msgs) StdoutLine: {'line': b'-- Installing: /home/robo/jdcobot200_imitation_learning/depth_cam/install/astra_camera_msgs/lib/libastra_camera_msgs__rosidl_generator_c.so\n'}
[8.008709] (astra_camera_msgs) StdoutLine: {'line': b'-- Set runtime path of "/home/robo/jdcobot200_imitation_learning/depth_cam/install/astra_camera_msgs/lib/libastra_camera_msgs__rosidl_generator_c.so" to ""\n'}
[8.008810] (astra_camera_msgs) StdoutLine: {'line': b'-- Installing: /home/robo/jdcobot200_imitation_learning/depth_cam/install/astra_camera_msgs/lib/libastra_camera_msgs__rosidl_typesupport_fastrtps_c.so\n'}
[8.008892] (astra_camera_msgs) StdoutLine: {'line': b'-- Set runtime path of "/home/robo/jdcobot200_imitation_learning/depth_cam/install/astra_camera_msgs/lib/libastra_camera_msgs__rosidl_typesupport_fastrtps_c.so" to ""\n'}
[8.008986] (astra_camera_msgs) StdoutLine: {'line': b'-- Installing: /home/robo/jdcobot200_imitation_learning/depth_cam/install/astra_camera_msgs/lib/libastra_camera_msgs__rosidl_typesupport_introspection_c.so\n'}
[8.009065] (astra_camera_msgs) StdoutLine: {'line': b'-- Set runtime path of "/home/robo/jdcobot200_imitation_learning/depth_cam/install/astra_camera_msgs/lib/libastra_camera_msgs__rosidl_typesupport_introspection_c.so" to ""\n'}
[8.009136] (astra_camera_msgs) StdoutLine: {'line': b'-- Installing: /home/robo/jdcobot200_imitation_learning/depth_cam/install/astra_camera_msgs/lib/libastra_camera_msgs__rosidl_typesupport_c.so\n'}
[8.009227] (astra_camera_msgs) StdoutLine: {'line': b'-- Set runtime path of "/home/robo/jdcobot200_imitation_learning/depth_cam/install/astra_camera_msgs/lib/libastra_camera_msgs__rosidl_typesupport_c.so" to ""\n'}
[8.009290] (astra_camera_msgs) StdoutLine: {'line': b'-- Installing: /home/robo/jdcobot200_imitation_learning/depth_cam/install/astra_camera_msgs/lib/libastra_camera_msgs__rosidl_typesupport_fastrtps_cpp.so\n'}
[8.009396] (astra_camera_msgs) StdoutLine: {'line': b'-- Set runtime path of "/home/robo/jdcobot200_imitation_learning/depth_cam/install/astra_camera_msgs/lib/libastra_camera_msgs__rosidl_typesupport_fastrtps_cpp.so" to ""\n'}
[8.009454] (astra_camera_msgs) StdoutLine: {'line': b'-- Installing: /home/robo/jdcobot200_imitation_learning/depth_cam/install/astra_camera_msgs/lib/libastra_camera_msgs__rosidl_typesupport_introspection_cpp.so\n'}
[8.009530] (astra_camera_msgs) StdoutLine: {'line': b'-- Set runtime path of "/home/robo/jdcobot200_imitation_learning/depth_cam/install/astra_camera_msgs/lib/libastra_camera_msgs__rosidl_typesupport_introspection_cpp.so" to ""\n'}
[8.009584] (astra_camera_msgs) StdoutLine: {'line': b'-- Installing: /home/robo/jdcobot200_imitation_learning/depth_cam/install/astra_camera_msgs/lib/libastra_camera_msgs__rosidl_typesupport_cpp.so\n'}
[8.009636] (astra_camera_msgs) StdoutLine: {'line': b'-- Set runtime path of "/home/robo/jdcobot200_imitation_learning/depth_cam/install/astra_camera_msgs/lib/libastra_camera_msgs__rosidl_typesupport_cpp.so" to ""\n'}
[8.011176] (-) TimerEvent: {}
[8.036462] (astra_camera_msgs) StdoutLine: {'line': b"Listing '/home/robo/jdcobot200_imitation_learning/depth_cam/install/astra_camera_msgs/local/lib/python3.10/dist-packages/astra_camera_msgs'...\n"}
[8.036558] (astra_camera_msgs) StdoutLine: {'line': b"Compiling '/home/robo/jdcobot200_imitation_learning/depth_cam/install/astra_camera_msgs/local/lib/python3.10/dist-packages/astra_camera_msgs/__init__.py'...\n"}
[8.036629] (astra_camera_msgs) StdoutLine: {'line': b"Listing '/home/robo/jdcobot200_imitation_learning/depth_cam/install/astra_camera_msgs/local/lib/python3.10/dist-packages/astra_camera_msgs/msg'...\n"}
[8.036685] (astra_camera_msgs) StdoutLine: {'line': b"Compiling '/home/robo/jdcobot200_imitation_learning/depth_cam/install/astra_camera_msgs/local/lib/python3.10/dist-packages/astra_camera_msgs/msg/__init__.py'...\n"}
[8.036738] (astra_camera_msgs) StdoutLine: {'line': b"Compiling '/home/robo/jdcobot200_imitation_learning/depth_cam/install/astra_camera_msgs/local/lib/python3.10/dist-packages/astra_camera_msgs/msg/_device_info.py'...\n"}
[8.036790] (astra_camera_msgs) StdoutLine: {'line': b"Compiling '/home/robo/jdcobot200_imitation_learning/depth_cam/install/astra_camera_msgs/local/lib/python3.10/dist-packages/astra_camera_msgs/msg/_extrinsics.py'...\n"}
[8.036851] (astra_camera_msgs) StdoutLine: {'line': b"Compiling '/home/robo/jdcobot200_imitation_learning/depth_cam/install/astra_camera_msgs/local/lib/python3.10/dist-packages/astra_camera_msgs/msg/_metadata.py'...\n"}
[8.036903] (astra_camera_msgs) StdoutLine: {'line': b"Listing '/home/robo/jdcobot200_imitation_learning/depth_cam/install/astra_camera_msgs/local/lib/python3.10/dist-packages/astra_camera_msgs/srv'...\n"}
[8.036953] (astra_camera_msgs) StdoutLine: {'line': b"Compiling '/home/robo/jdcobot200_imitation_learning/depth_cam/install/astra_camera_msgs/local/lib/python3.10/dist-packages/astra_camera_msgs/srv/__init__.py'...\n"}
[8.037034] (astra_camera_msgs) StdoutLine: {'line': b"Compiling '/home/robo/jdcobot200_imitation_learning/depth_cam/install/astra_camera_msgs/local/lib/python3.10/dist-packages/astra_camera_msgs/srv/_get_camera_info.py'...\n"}
[8.037088] (astra_camera_msgs) StdoutLine: {'line': b"Compiling '/home/robo/jdcobot200_imitation_learning/depth_cam/install/astra_camera_msgs/local/lib/python3.10/dist-packages/astra_camera_msgs/srv/_get_camera_params.py'...\n"}
[8.037140] (astra_camera_msgs) StdoutLine: {'line': b"Compiling '/home/robo/jdcobot200_imitation_learning/depth_cam/install/astra_camera_msgs/local/lib/python3.10/dist-packages/astra_camera_msgs/srv/_get_device_info.py'...\n"}
[8.037198] (astra_camera_msgs) StdoutLine: {'line': b"Compiling '/home/robo/jdcobot200_imitation_learning/depth_cam/install/astra_camera_msgs/local/lib/python3.10/dist-packages/astra_camera_msgs/srv/_get_int32.py'...\n"}
[8.037251] (astra_camera_msgs) StdoutLine: {'line': b"Compiling '/home/robo/jdcobot200_imitation_learning/depth_cam/install/astra_camera_msgs/local/lib/python3.10/dist-packages/astra_camera_msgs/srv/_get_string.py'...\n"}
[8.037303] (astra_camera_msgs) StdoutLine: {'line': b"Compiling '/home/robo/jdcobot200_imitation_learning/depth_cam/install/astra_camera_msgs/local/lib/python3.10/dist-packages/astra_camera_msgs/srv/_set_int32.py'...\n"}
[8.038872] (astra_camera_msgs) StdoutLine: {'line': b'-- Installing: /home/robo/jdcobot200_imitation_learning/depth_cam/install/astra_camera_msgs/lib/libastra_camera_msgs__rosidl_generator_py.so\n'}
[8.039066] (astra_camera_msgs) StdoutLine: {'line': b'-- Set runtime path of "/home/robo/jdcobot200_imitation_learning/depth_cam/install/astra_camera_msgs/lib/libastra_camera_msgs__rosidl_generator_py.so" to ""\n'}
[8.039284] (astra_camera_msgs) StdoutLine: {'line': b'-- Installing: /home/robo/jdcobot200_imitation_learning/depth_cam/install/astra_camera_msgs/share/astra_camera_msgs/cmake/export_astra_camera_msgs__rosidl_generator_cExport.cmake\n'}
[8.039415] (astra_camera_msgs) StdoutLine: {'line': b'-- Installing: /home/robo/jdcobot200_imitation_learning/depth_cam/install/astra_camera_msgs/share/astra_camera_msgs/cmake/export_astra_camera_msgs__rosidl_generator_cExport-release.cmake\n'}
[8.039545] (astra_camera_msgs) StdoutLine: {'line': b'-- Installing: /home/robo/jdcobot200_imitation_learning/depth_cam/install/astra_camera_msgs/share/astra_camera_msgs/cmake/export_astra_camera_msgs__rosidl_typesupport_fastrtps_cExport.cmake\n'}
[8.039642] (astra_camera_msgs) StdoutLine: {'line': b'-- Installing: /home/robo/jdcobot200_imitation_learning/depth_cam/install/astra_camera_msgs/share/astra_camera_msgs/cmake/export_astra_camera_msgs__rosidl_typesupport_fastrtps_cExport-release.cmake\n'}
[8.039735] (astra_camera_msgs) StdoutLine: {'line': b'-- Installing: /home/robo/jdcobot200_imitation_learning/depth_cam/install/astra_camera_msgs/share/astra_camera_msgs/cmake/astra_camera_msgs__rosidl_typesupport_introspection_cExport.cmake\n'}
[8.039789] (astra_camera_msgs) StdoutLine: {'line': b'-- Installing: /home/robo/jdcobot200_imitation_learning/depth_cam/install/astra_camera_msgs/share/astra_camera_msgs/cmake/astra_camera_msgs__rosidl_typesupport_introspection_cExport-release.cmake\n'}
[8.039842] (astra_camera_msgs) StdoutLine: {'line': b'-- Installing: /home/robo/jdcobot200_imitation_learning/depth_cam/install/astra_camera_msgs/share/astra_camera_msgs/cmake/astra_camera_msgs__rosidl_typesupport_cExport.cmake\n'}
[8.039894] (astra_camera_msgs) StdoutLine: {'line': b'-- Installing: /home/robo/jdcobot200_imitation_learning/depth_cam/install/astra_camera_msgs/share/astra_camera_msgs/cmake/astra_camera_msgs__rosidl_typesupport_cExport-release.cmake\n'}
[8.039947] (astra_camera_msgs) StdoutLine: {'line': b'-- Installing: /home/robo/jdcobot200_imitation_learning/depth_cam/install/astra_camera_msgs/share/astra_camera_msgs/cmake/export_astra_camera_msgs__rosidl_generator_cppExport.cmake\n'}
[8.040006] (astra_camera_msgs) StdoutLine: {'line': b'-- Installing: /home/robo/jdcobot200_imitation_learning/depth_cam/install/astra_camera_msgs/share/astra_camera_msgs/cmake/export_astra_camera_msgs__rosidl_typesupport_fastrtps_cppExport.cmake\n'}
[8.040059] (astra_camera_msgs) StdoutLine: {'line': b'-- Installing: /home/robo/jdcobot200_imitation_learning/depth_cam/install/astra_camera_msgs/share/astra_camera_msgs/cmake/export_astra_camera_msgs__rosidl_typesupport_fastrtps_cppExport-release.cmake\n'}
[8.040112] (astra_camera_msgs) StdoutLine: {'line': b'-- Installing: /home/robo/jdcobot200_imitation_learning/depth_cam/install/astra_camera_msgs/share/astra_camera_msgs/cmake/astra_camera_msgs__rosidl_typesupport_introspection_cppExport.cmake\n'}
[8.040164] (astra_camera_msgs) StdoutLine: {'line': b'-- Installing: /home/robo/jdcobot200_imitation_learning/depth_cam/install/astra_camera_msgs/share/astra_camera_msgs/cmake/astra_camera_msgs__rosidl_typesupport_introspection_cppExport-release.cmake\n'}
[8.040220] (astra_camera_msgs) StdoutLine: {'line': b'-- Installing: /home/robo/jdcobot200_imitation_learning/depth_cam/install/astra_camera_msgs/share/astra_camera_msgs/cmake/astra_camera_msgs__rosidl_typesupport_cppExport.cmake\n'}
[8.040273] (astra_camera_msgs) StdoutLine: {'line': b'-- Installing: /home/robo/jdcobot200_imitation_learning/depth_cam/install/astra_camera_msgs/share/astra_camera_msgs/cmake/astra_camera_msgs__rosidl_typesupport_cppExport-release.cmake\n'}
[8.040333] (astra_camera_msgs) StdoutLine: {'line': b'-- Installing: /home/robo/jdcobot200_imitation_learning/depth_cam/install/astra_camera_msgs/share/astra_camera_msgs/cmake/export_astra_camera_msgs__rosidl_generator_pyExport.cmake\n'}
[8.040393] (astra_camera_msgs) StdoutLine: {'line': b'-- Installing: /home/robo/jdcobot200_imitation_learning/depth_cam/install/astra_camera_msgs/share/astra_camera_msgs/cmake/export_astra_camera_msgs__rosidl_generator_pyExport-release.cmake\n'}
[8.040691] (astra_camera_msgs) CommandEnded: {'returncode': 0}
[8.047590] (astra_camera_msgs) JobEnded: {'identifier': 'astra_camera_msgs', 'rc': 0}
[8.048105] (astra_camera) JobStarted: {'identifier': 'astra_camera'}
[8.054586] (astra_camera) JobProgress: {'identifier': 'astra_camera', 'progress': 'cmake'}
[8.054817] (astra_camera) Command: {'cmd': ['/usr/bin/cmake', '/home/robo/jdcobot200_imitation_learning/depth_cam/src/ros2_astra_camera/astra_camera', '-DCMAKE_BUILD_TYPE=Release', '-DAMENT_CMAKE_SYMLINK_INSTALL=1', '-DCMAKE_INSTALL_PREFIX=/home/robo/jdcobot200_imitation_learning/depth_cam/install/astra_camera'], 'cwd': '/home/robo/jdcobot200_imitation_learning/depth_cam/build/astra_camera', 'env': OrderedDict([('LESSOPEN', '| /usr/bin/lesspipe %s'), ('CODEX_CI', '1'), ('LANGUAGE', 'en_US:en'), ('USER', 'robo'), ('LC_TIME', 'ko_KR.UTF-8'), ('XDG_SESSION_TYPE', 'x11'), ('SHLVL', '1'), ('LD_LIBRARY_PATH', '/home/robo/jdcobot200_imitation_learning/depth_cam/install/image_publisher/lib:/home/robo/jdcobot200_imitation_learning/depth_cam/install/astra_camera_msgs/lib:/usr/lib/x86_64-linux-gnu/gazebo-11/plugins:/opt/ros/humble/opt/rviz_ogre_vendor/lib:/opt/ros/humble/lib/x86_64-linux-gnu:/opt/ros/humble/lib:/usr/local/cuda-12.9/lib64:/usr/lib/mesa-diverted/x86_64-linux-gnu:/usr/lib/x86_64-linux-gnu/mesa:/usr/lib/x86_64-linux-gnu/dri:/usr/lib/x86_64-linux-gnu/gallium-pipe'), ('HOME', '/home/robo'), ('OLDPWD', '/home/robo/jdcobot200_imitation_learning'), ('DESKTOP_SESSION', 'ubuntu'), ('ROS_PYTHON_VERSION', '3'), ('GTK_MODULES', 'gail:atk-bridge'), ('XDG_SEAT_PATH', '/org/freedesktop/DisplayManager/Seat0'), ('PAGER', 'cat'), ('LC_MONETARY', 'ko_KR.UTF-8'), ('PULSE_SINK', 'chrome_remote_desktop_session'), ('LC_CTYPE', 'C.UTF-8'), ('SYSTEMD_EXEC_PID', '1698'), ('NO_COLOR', '1'), ('DBUS_SESSION_BUS_ADDRESS', 'unix:path=/run/user/1000/bus'), ('COLORTERM', 'truecolor'), ('IM_CONFIG_PHASE', '1'), ('PULSE_STATE_PATH', '/run/user/1000/crd_audio#dlfdci21-0'), ('CODEX_PERMISSION_PROFILE', ':workspace'), ('ROS_DISTRO', 'humble'), ('GTK_IM_MODULE', 'ibus'), ('LOGNAME', 'robo'), ('_', '/usr/bin/colcon'), ('ROS_VERSION', '2'), ('PKG_CONFIG_PATH', '/home/robo/jdcobot200_imitation_learning/depth_cam/local/lib/pkgconfig:'), ('XDG_SESSION_CLASS', 'user'), ('TERM', 'xterm-256color'), ('GNOME_DESKTOP_SESSION_ID', 'this-is-deprecated'), ('ROS_LOCALHOST_ONLY', '0'), ('PATH', '/opt/ros/humble/bin:/home/robo/.codex/packages/standalone/releases/0.150.1-x86_64-unknown-linux-musl/codex-path:/home/robo/.local/bin:/home/robo/.codex/tmp/arg0/codex-arg0RD5CVs:/home/robo/.codex/packages/standalone/releases/0.150.1-x86_64-unknown-linux-musl/codex-path:/usr/local/cuda-12.9/bin:/home/robo/.local/bin:/usr/local/sbin:/usr/local/bin:/usr/sbin:/usr/bin:/sbin:/bin:/usr/games:/usr/local/games:/snap/bin'), ('SESSION_MANAGER', 'local/robo:@/tmp/.ICE-unix/1655,unix/robo:/tmp/.ICE-unix/1655'), ('PULSE_RUNTIME_PATH', '/run/user/1000/crd_audio#dlfdci21-0'), ('GDM_LANG', 'en_US'), ('CODEX_SESSION_ID', '01a046e6-55ba-7641-b9f9-20119459adf7'), ('PAPERSIZE', 'a4'), ('XDG_SESSION_PATH', '/org/freedesktop/DisplayManager/Session0'), ('XDG_MENU_PREFIX', 'gnome-'), ('LC_ADDRESS', 'ko_KR.UTF-8'), ('GNOME_TERMINAL_SCREEN', '/org/gnome/Terminal/screen/1216b3e6_4a52_4dfe_a607_c977df9d914a'), ('XDG_RUNTIME_DIR', '/run/user/1000'), ('GDK_BACKEND', 'x11'), ('DISPLAY', ':0'), ('CODEX_SANDBOX_NETWORK_DISABLED', '1'), ('LANG', 'en_US.UTF-8'), ('XDG_CURRENT_DESKTOP', 'GNOME'), ('LC_TELEPHONE', 'ko_KR.UTF-8'), ('XMODIFIERS', '@im=ibus'), ('GH_PAGER', 'cat'), ('XDG_SESSION_DESKTOP', 'ubuntu'), ('XAUTHORITY', '/home/robo/.Xauthority'), ('LS_COLORS', 'rs=0:di=01;34:ln=01;36:mh=00:pi=40;33:so=01;35:do=01;35:bd=40;33;01:cd=40;33;01:or=40;31;01:mi=00:su=37;41:sg=30;43:ca=30;41:tw=30;42:ow=34;42:st=37;44:ex=01;32:*.tar=01;31:*.tgz=01;31:*.arc=01;31:*.arj=01;31:*.taz=01;31:*.lha=01;31:*.lz4=01;31:*.lzh=01;31:*.lzma=01;31:*.tlz=01;31:*.txz=01;31:*.tzo=01;31:*.t7z=01;31:*.zip=01;31:*.z=01;31:*.dz=01;31:*.gz=01;31:*.lrz=01;31:*.lz=01;31:*.lzo=01;31:*.xz=01;31:*.zst=01;31:*.tzst=01;31:*.bz2=01;31:*.bz=01;31:*.tbz=01;31:*.tbz2=01;31:*.tz=01;31:*.deb=01;31:*.rpm=01;31:*.jar=01;31:*.war=01;31:*.ear=01;31:*.sar=01;31:*.rar=01;31:*.alz=01;31:*.ace=01;31:*.zoo=01;31:*.cpio=01;31:*.7z=01;31:*.rz=01;31:*.cab=01;31:*.wim=01;31:*.swm=01;31:*.dwm=01;31:*.esd=01;31:*.jpg=01;35:*.jpeg=01;35:*.mjpg=01;35:*.mjpeg=01;35:*.gif=01;35:*.bmp=01;35:*.pbm=01;35:*.pgm=01;35:*.ppm=01;35:*.tga=01;35:*.xbm=01;35:*.xpm=01;35:*.tif=01;35:*.tiff=01;35:*.png=01;35:*.svg=01;35:*.svgz=01;35:*.mng=01;35:*.pcx=01;35:*.mov=01;35:*.mpg=01;35:*.mpeg=01;35:*.m2v=01;35:*.mkv=01;35:*.webm=01;35:*.webp=01;35:*.ogm=01;35:*.mp4=01;35:*.m4v=01;35:*.mp4v=01;35:*.vob=01;35:*.qt=01;35:*.nuv=01;35:*.wmv=01;35:*.asf=01;35:*.rm=01;35:*.rmvb=01;35:*.flc=01;35:*.avi=01;35:*.fli=01;35:*.flv=01;35:*.gl=01;35:*.dl=01;35:*.xcf=01;35:*.xwd=01;35:*.yuv=01;35:*.cgm=01;35:*.emf=01;35:*.ogv=01;35:*.ogx=01;35:*.aac=00;36:*.au=00;36:*.flac=00;36:*.m4a=00;36:*.mid=00;36:*.midi=00;36:*.mka=00;36:*.mp3=00;36:*.mpc=00;36:*.ogg=00;36:*.ra=00;36:*.wav=00;36:*.oga=00;36:*.opus=00;36:*.spx=00;36:*.xspf=00;36:'), ('GNOME_TERMINAL_SERVICE', ':1.166'), ('SSH_AUTH_SOCK', '/run/user/1000/keyring/ssh'), ('XDG_GREETER_DATA_DIR', '/var/lib/lightdm-data/robo'), ('AMENT_PREFIX_PATH', '/home/robo/jdcobot200_imitation_learning/depth_cam/install/image_publisher:/home/robo/jdcobot200_imitation_learning/depth_cam/install/astra_camera_msgs:/opt/ros/humble'), ('SHELL', '/bin/bash'), ('LC_NAME', 'ko_KR.UTF-8'), ('QT_ACCESSIBILITY', '1'), ('PULSE_CONFIG_PATH', '/run/user/1000/crd_audio#dlfdci21-0'), ('GDMSESSION', 'ubuntu'), ('LESSCLOSE', '/usr/bin/lesspipe %s %s'), ('CODEX_THREAD_ID', '01a046e6-55ba-7641-b9f9-20119459adf7'), ('LC_MEASUREMENT', 'ko_KR.UTF-8'), ('GPG_AGENT_INFO', '/run/user/1000/gnupg/S.gpg-agent:0:1'), ('LC_IDENTIFICATION', 'ko_KR.UTF-8'), ('GIT_PAGER', 'cat'), ('QT_IM_MODULE', 'ibus'), ('PWD', '/home/robo/jdcobot200_imitation_learning/depth_cam/build/astra_camera'), ('LC_ALL', 'en_US.UTF-8'), ('XDG_CONFIG_DIRS', '/etc/xdg/xdg-ubuntu:/etc/xdg'), ('CLUTTER_IM_MODULE', 'ibus'), ('CHROME_REMOTE_DESKTOP_SESSION', '1'), ('XDG_DATA_DIRS', '/usr/share/ubuntu:/usr/share/gnome:/usr/local/share:/usr/share:/var/lib/snapd/desktop'), ('PYTHONPATH', '/home/robo/jdcobot200_imitation_learning/depth_cam/install/astra_camera_msgs/local/lib/python3.10/dist-packages:/opt/ros/humble/lib/python3.10/site-packages:/opt/ros/humble/local/lib/python3.10/dist-packages'), ('LC_NUMERIC', 'ko_KR.UTF-8'), ('LC_PAPER', 'ko_KR.UTF-8'), ('COLCON', '1'), ('VTE_VERSION', '6800'), ('CMAKE_PREFIX_PATH', '/home/robo/jdcobot200_imitation_learning/depth_cam/install/image_publisher:/home/robo/jdcobot200_imitation_learning/depth_cam/install/astra_camera_msgs:/home/robo/jdcobot200_imitation_learning/depth_cam/local:/opt/ros/humble')]), 'shell': False}
[8.111064] (astra_camera) StdoutLine: {'line': b'-- The C compiler identification is GNU 11.4.0\n'}
[8.111182] (-) TimerEvent: {}
[8.153573] (astra_camera) StdoutLine: {'line': b'-- The CXX compiler identification is GNU 11.4.0\n'}
[8.157547] (astra_camera) StdoutLine: {'line': b'-- Detecting C compiler ABI info\n'}
[8.211303] (-) TimerEvent: {}
[8.254258] (astra_camera) StdoutLine: {'line': b'-- Detecting C compiler ABI info - done\n'}
[8.259551] (astra_camera) StdoutLine: {'line': b'-- Check for working C compiler: /usr/bin/cc - skipped\n'}
[8.259784] (astra_camera) StdoutLine: {'line': b'-- Detecting C compile features\n'}
[8.260113] (astra_camera) StdoutLine: {'line': b'-- Detecting C compile features - done\n'}
[8.262278] (astra_camera) StdoutLine: {'line': b'-- Detecting CXX compiler ABI info\n'}
[8.311359] (-) TimerEvent: {}
[8.334601] (astra_camera) StdoutLine: {'line': b'-- Detecting CXX compiler ABI info - done\n'}
[8.342195] (astra_camera) StdoutLine: {'line': b'-- Check for working CXX compiler: /usr/bin/c++ - skipped\n'}
[8.342392] (astra_camera) StdoutLine: {'line': b'-- Detecting CXX compile features\n'}
[8.342758] (astra_camera) StdoutLine: {'line': b'-- Detecting CXX compile features - done\n'}
[8.344580] (astra_camera) StdoutLine: {'line': b'-- Found ament_cmake: 1.3.12 (/opt/ros/humble/share/ament_cmake/cmake)\n'}
[8.411477] (-) TimerEvent: {}
[8.456292] (astra_camera) StdoutLine: {'line': b'-- Found Python3: /usr/bin/python3 (found version "3.10.12") found components: Interpreter \n'}
[8.495862] (astra_camera) StdoutLine: {'line': b'-- Override CMake install command with custom implementation using symlinks instead of copying resources\n'}
[8.508988] (astra_camera) StdoutLine: {'line': b'-- Found ament_index_cpp: 1.4.0 (/opt/ros/humble/share/ament_index_cpp/cmake)\n'}
[8.509429] (astra_camera) StdoutLine: {'line': b'-- Found astra_camera_msgs: 1.0.1 (/home/robo/jdcobot200_imitation_learning/depth_cam/install/astra_camera_msgs/share/astra_camera_msgs/cmake)\n'}
[8.511585] (-) TimerEvent: {}
[8.527762] (astra_camera) StdoutLine: {'line': b'-- Found rosidl_generator_c: 3.1.8 (/opt/ros/humble/share/rosidl_generator_c/cmake)\n'}
[8.530117] (astra_camera) StdoutLine: {'line': b'-- Found rosidl_adapter: 3.1.8 (/opt/ros/humble/share/rosidl_adapter/cmake)\n'}
[8.534243] (astra_camera) StdoutLine: {'line': b'-- Found rosidl_generator_cpp: 3.1.8 (/opt/ros/humble/share/rosidl_generator_cpp/cmake)\n'}
[8.540065] (astra_camera) StdoutLine: {'line': b'-- Using all available rosidl_typesupport_c: rosidl_typesupport_fastrtps_c;rosidl_typesupport_introspection_c\n'}
[8.547792] (astra_camera) StdoutLine: {'line': b'-- Using all available rosidl_typesupport_cpp: rosidl_typesupport_fastrtps_cpp;rosidl_typesupport_introspection_cpp\n'}
[8.585648] (astra_camera) StdoutLine: {'line': b'-- Found camera_info_manager: 3.1.13 (/opt/ros/humble/share/camera_info_manager/cmake)\n'}
[8.605183] (astra_camera) StdoutLine: {'line': b'-- Found rmw_implementation_cmake: 6.1.2 (/opt/ros/humble/share/rmw_implementation_cmake/cmake)\n'}
[8.606469] (astra_camera) StdoutLine: {'line': b'-- Found rmw_fastrtps_cpp: 6.2.9 (/opt/ros/humble/share/rmw_fastrtps_cpp/cmake)\n'}
[8.611649] (-) TimerEvent: {}
[8.667275] (astra_camera) StdoutLine: {'line': b'-- Found OpenSSL: /usr/lib/x86_64-linux-gnu/libcrypto.so (found version "3.0.2")  \n'}
[8.691330] (astra_camera) StdoutLine: {'line': b'-- Found FastRTPS: /opt/ros/humble/include  \n'}
[8.711720] (-) TimerEvent: {}
[8.724822] (astra_camera) StdoutLine: {'line': b"-- Using RMW implementation 'rmw_fastrtps_cpp' as default\n"}
[8.734524] (astra_camera) StdoutLine: {'line': b'-- Looking for pthread.h\n'}
[8.801974] (astra_camera) StdoutLine: {'line': b'-- Looking for pthread.h - found\n'}
[8.802381] (astra_camera) StdoutLine: {'line': b'-- Performing Test CMAKE_HAVE_LIBC_PTHREAD\n'}
[8.811862] (-) TimerEvent: {}
[8.897517] (astra_camera) StdoutLine: {'line': b'-- Performing Test CMAKE_HAVE_LIBC_PTHREAD - Success\n'}
[8.898092] (astra_camera) StdoutLine: {'line': b'-- Found Threads: TRUE  \n'}
[8.911956] (-) TimerEvent: {}
[8.924712] (astra_camera) StdoutLine: {'line': b'-- Found class_loader: 2.2.0 (/opt/ros/humble/share/class_loader/cmake)\n'}
[8.929068] (astra_camera) StdoutLine: {'line': b'-- Found cv_bridge: 3.2.1 (/opt/ros/humble/share/cv_bridge/cmake)\n'}
[8.934837] (astra_camera) StdoutLine: {'line': b'-- Found message_filters: 4.3.11 (/opt/ros/humble/share/message_filters/cmake)\n'}
[8.941214] (astra_camera) StdoutLine: {'line': b'-- Found image_geometry: 3.2.1 (/opt/ros/humble/share/image_geometry/cmake)\n'}
[8.942563] (astra_camera) StdoutLine: {'line': b'-- Found image_publisher: 3.0.9 (/home/robo/jdcobot200_imitation_learning/depth_cam/install/image_publisher/share/image_publisher/cmake)\n'}
[8.965721] (astra_camera) StdoutLine: {'line': b'-- Found OpenCV: /usr (found version "4.5.4") \n'}
[8.967378] (astra_camera) StdoutLine: {'line': b'-- Found std_srvs: 4.9.0 (/opt/ros/humble/share/std_srvs/cmake)\n'}
[8.975921] (astra_camera) StdoutLine: {'line': b'-- Found tf2: 0.25.18 (/opt/ros/humble/share/tf2/cmake)\n'}
[8.978686] (astra_camera) StdoutLine: {'line': b'-- Found tf2_eigen: 0.25.18 (/opt/ros/humble/share/tf2_eigen/cmake)\n'}
[9.012033] (-) TimerEvent: {}
[9.020806] (astra_camera) StdoutLine: {'line': b'-- Found tf2_sensor_msgs: 0.25.18 (/opt/ros/humble/share/tf2_sensor_msgs/cmake)\n'}
[9.026447] (astra_camera) StdoutLine: {'line': b'-- Found PkgConfig: /usr/bin/pkg-config (found version "0.29.2") \n'}
[9.026749] (astra_camera) StdoutLine: {'line': b"-- Checking for one of the modules 'libuvc'\n"}
[9.080483] (astra_camera) StdoutLine: {'line': b"-- Checking for one of the modules 'libglog'\n"}
[9.112141] (-) TimerEvent: {}
[9.186769] (astra_camera) StdoutLine: {'line': b'-- ORRBEC Machine : x86_64\n'}
[9.186951] (astra_camera) StdoutLine: {'line': b'\n'}
[9.187013] (astra_camera) StdoutLine: {'line': b'-- ORRBEC Machine Bits : 64\n'}
[9.187068] (astra_camera) StdoutLine: {'line': b'\n'}
[9.187118] (astra_camera) StdoutLine: {'line': b'-- ORRBEC : x64\n'}
[9.212211] (-) TimerEvent: {}
[9.230604] (astra_camera) StdoutLine: {'line': b'-- Found ament_lint_auto: 0.12.14 (/opt/ros/humble/share/ament_lint_auto/cmake)\n'}
[9.269198] (astra_camera) StdoutLine: {'line': b'-- Configuring done\n'}
[9.312344] (-) TimerEvent: {}
[9.315466] (astra_camera) StdoutLine: {'line': b'-- Generating done\n'}
[9.324228] (astra_camera) StdoutLine: {'line': b'-- Build files have been written to: /home/robo/jdcobot200_imitation_learning/depth_cam/build/astra_camera\n'}
[9.330000] (astra_camera) CommandEnded: {'returncode': 0}
[9.330805] (astra_camera) JobProgress: {'identifier': 'astra_camera', 'progress': 'build'}
[9.330830] (astra_camera) Command: {'cmd': ['/usr/bin/cmake', '--build', '/home/robo/jdcobot200_imitation_learning/depth_cam/build/astra_camera', '--', '-j24', '-l24'], 'cwd': '/home/robo/jdcobot200_imitation_learning/depth_cam/build/astra_camera', 'env': OrderedDict([('LESSOPEN', '| /usr/bin/lesspipe %s'), ('CODEX_CI', '1'), ('LANGUAGE', 'en_US:en'), ('USER', 'robo'), ('LC_TIME', 'ko_KR.UTF-8'), ('XDG_SESSION_TYPE', 'x11'), ('SHLVL', '1'), ('LD_LIBRARY_PATH', '/home/robo/jdcobot200_imitation_learning/depth_cam/install/image_publisher/lib:/home/robo/jdcobot200_imitation_learning/depth_cam/install/astra_camera_msgs/lib:/usr/lib/x86_64-linux-gnu/gazebo-11/plugins:/opt/ros/humble/opt/rviz_ogre_vendor/lib:/opt/ros/humble/lib/x86_64-linux-gnu:/opt/ros/humble/lib:/usr/local/cuda-12.9/lib64:/usr/lib/mesa-diverted/x86_64-linux-gnu:/usr/lib/x86_64-linux-gnu/mesa:/usr/lib/x86_64-linux-gnu/dri:/usr/lib/x86_64-linux-gnu/gallium-pipe'), ('HOME', '/home/robo'), ('OLDPWD', '/home/robo/jdcobot200_imitation_learning'), ('DESKTOP_SESSION', 'ubuntu'), ('ROS_PYTHON_VERSION', '3'), ('GTK_MODULES', 'gail:atk-bridge'), ('XDG_SEAT_PATH', '/org/freedesktop/DisplayManager/Seat0'), ('PAGER', 'cat'), ('LC_MONETARY', 'ko_KR.UTF-8'), ('PULSE_SINK', 'chrome_remote_desktop_session'), ('LC_CTYPE', 'C.UTF-8'), ('SYSTEMD_EXEC_PID', '1698'), ('NO_COLOR', '1'), ('DBUS_SESSION_BUS_ADDRESS', 'unix:path=/run/user/1000/bus'), ('COLORTERM', 'truecolor'), ('IM_CONFIG_PHASE', '1'), ('PULSE_STATE_PATH', '/run/user/1000/crd_audio#dlfdci21-0'), ('CODEX_PERMISSION_PROFILE', ':workspace'), ('ROS_DISTRO', 'humble'), ('GTK_IM_MODULE', 'ibus'), ('LOGNAME', 'robo'), ('_', '/usr/bin/colcon'), ('ROS_VERSION', '2'), ('PKG_CONFIG_PATH', '/home/robo/jdcobot200_imitation_learning/depth_cam/local/lib/pkgconfig:'), ('XDG_SESSION_CLASS', 'user'), ('TERM', 'xterm-256color'), ('GNOME_DESKTOP_SESSION_ID', 'this-is-deprecated'), ('ROS_LOCALHOST_ONLY', '0'), ('PATH', '/opt/ros/humble/bin:/home/robo/.codex/packages/standalone/releases/0.150.1-x86_64-unknown-linux-musl/codex-path:/home/robo/.local/bin:/home/robo/.codex/tmp/arg0/codex-arg0RD5CVs:/home/robo/.codex/packages/standalone/releases/0.150.1-x86_64-unknown-linux-musl/codex-path:/usr/local/cuda-12.9/bin:/home/robo/.local/bin:/usr/local/sbin:/usr/local/bin:/usr/sbin:/usr/bin:/sbin:/bin:/usr/games:/usr/local/games:/snap/bin'), ('SESSION_MANAGER', 'local/robo:@/tmp/.ICE-unix/1655,unix/robo:/tmp/.ICE-unix/1655'), ('PULSE_RUNTIME_PATH', '/run/user/1000/crd_audio#dlfdci21-0'), ('GDM_LANG', 'en_US'), ('CODEX_SESSION_ID', '01a046e6-55ba-7641-b9f9-20119459adf7'), ('PAPERSIZE', 'a4'), ('XDG_SESSION_PATH', '/org/freedesktop/DisplayManager/Session0'), ('XDG_MENU_PREFIX', 'gnome-'), ('LC_ADDRESS', 'ko_KR.UTF-8'), ('GNOME_TERMINAL_SCREEN', '/org/gnome/Terminal/screen/1216b3e6_4a52_4dfe_a607_c977df9d914a'), ('XDG_RUNTIME_DIR', '/run/user/1000'), ('GDK_BACKEND', 'x11'), ('DISPLAY', ':0'), ('CODEX_SANDBOX_NETWORK_DISABLED', '1'), ('LANG', 'en_US.UTF-8'), ('XDG_CURRENT_DESKTOP', 'GNOME'), ('LC_TELEPHONE', 'ko_KR.UTF-8'), ('XMODIFIERS', '@im=ibus'), ('GH_PAGER', 'cat'), ('XDG_SESSION_DESKTOP', 'ubuntu'), ('XAUTHORITY', '/home/robo/.Xauthority'), ('LS_COLORS', 'rs=0:di=01;34:ln=01;36:mh=00:pi=40;33:so=01;35:do=01;35:bd=40;33;01:cd=40;33;01:or=40;31;01:mi=00:su=37;41:sg=30;43:ca=30;41:tw=30;42:ow=34;42:st=37;44:ex=01;32:*.tar=01;31:*.tgz=01;31:*.arc=01;31:*.arj=01;31:*.taz=01;31:*.lha=01;31:*.lz4=01;31:*.lzh=01;31:*.lzma=01;31:*.tlz=01;31:*.txz=01;31:*.tzo=01;31:*.t7z=01;31:*.zip=01;31:*.z=01;31:*.dz=01;31:*.gz=01;31:*.lrz=01;31:*.lz=01;31:*.lzo=01;31:*.xz=01;31:*.zst=01;31:*.tzst=01;31:*.bz2=01;31:*.bz=01;31:*.tbz=01;31:*.tbz2=01;31:*.tz=01;31:*.deb=01;31:*.rpm=01;31:*.jar=01;31:*.war=01;31:*.ear=01;31:*.sar=01;31:*.rar=01;31:*.alz=01;31:*.ace=01;31:*.zoo=01;31:*.cpio=01;31:*.7z=01;31:*.rz=01;31:*.cab=01;31:*.wim=01;31:*.swm=01;31:*.dwm=01;31:*.esd=01;31:*.jpg=01;35:*.jpeg=01;35:*.mjpg=01;35:*.mjpeg=01;35:*.gif=01;35:*.bmp=01;35:*.pbm=01;35:*.pgm=01;35:*.ppm=01;35:*.tga=01;35:*.xbm=01;35:*.xpm=01;35:*.tif=01;35:*.tiff=01;35:*.png=01;35:*.svg=01;35:*.svgz=01;35:*.mng=01;35:*.pcx=01;35:*.mov=01;35:*.mpg=01;35:*.mpeg=01;35:*.m2v=01;35:*.mkv=01;35:*.webm=01;35:*.webp=01;35:*.ogm=01;35:*.mp4=01;35:*.m4v=01;35:*.mp4v=01;35:*.vob=01;35:*.qt=01;35:*.nuv=01;35:*.wmv=01;35:*.asf=01;35:*.rm=01;35:*.rmvb=01;35:*.flc=01;35:*.avi=01;35:*.fli=01;35:*.flv=01;35:*.gl=01;35:*.dl=01;35:*.xcf=01;35:*.xwd=01;35:*.yuv=01;35:*.cgm=01;35:*.emf=01;35:*.ogv=01;35:*.ogx=01;35:*.aac=00;36:*.au=00;36:*.flac=00;36:*.m4a=00;36:*.mid=00;36:*.midi=00;36:*.mka=00;36:*.mp3=00;36:*.mpc=00;36:*.ogg=00;36:*.ra=00;36:*.wav=00;36:*.oga=00;36:*.opus=00;36:*.spx=00;36:*.xspf=00;36:'), ('GNOME_TERMINAL_SERVICE', ':1.166'), ('SSH_AUTH_SOCK', '/run/user/1000/keyring/ssh'), ('XDG_GREETER_DATA_DIR', '/var/lib/lightdm-data/robo'), ('AMENT_PREFIX_PATH', '/home/robo/jdcobot200_imitation_learning/depth_cam/install/image_publisher:/home/robo/jdcobot200_imitation_learning/depth_cam/install/astra_camera_msgs:/opt/ros/humble'), ('SHELL', '/bin/bash'), ('LC_NAME', 'ko_KR.UTF-8'), ('QT_ACCESSIBILITY', '1'), ('PULSE_CONFIG_PATH', '/run/user/1000/crd_audio#dlfdci21-0'), ('GDMSESSION', 'ubuntu'), ('LESSCLOSE', '/usr/bin/lesspipe %s %s'), ('CODEX_THREAD_ID', '01a046e6-55ba-7641-b9f9-20119459adf7'), ('LC_MEASUREMENT', 'ko_KR.UTF-8'), ('GPG_AGENT_INFO', '/run/user/1000/gnupg/S.gpg-agent:0:1'), ('LC_IDENTIFICATION', 'ko_KR.UTF-8'), ('GIT_PAGER', 'cat'), ('QT_IM_MODULE', 'ibus'), ('PWD', '/home/robo/jdcobot200_imitation_learning/depth_cam/build/astra_camera'), ('LC_ALL', 'en_US.UTF-8'), ('XDG_CONFIG_DIRS', '/etc/xdg/xdg-ubuntu:/etc/xdg'), ('CLUTTER_IM_MODULE', 'ibus'), ('CHROME_REMOTE_DESKTOP_SESSION', '1'), ('XDG_DATA_DIRS', '/usr/share/ubuntu:/usr/share/gnome:/usr/local/share:/usr/share:/var/lib/snapd/desktop'), ('PYTHONPATH', '/home/robo/jdcobot200_imitation_learning/depth_cam/install/astra_camera_msgs/local/lib/python3.10/dist-packages:/opt/ros/humble/lib/python3.10/site-packages:/opt/ros/humble/local/lib/python3.10/dist-packages'), ('LC_NUMERIC', 'ko_KR.UTF-8'), ('LC_PAPER', 'ko_KR.UTF-8'), ('COLCON', '1'), ('VTE_VERSION', '6800'), ('CMAKE_PREFIX_PATH', '/home/robo/jdcobot200_imitation_learning/depth_cam/install/image_publisher:/home/robo/jdcobot200_imitation_learning/depth_cam/install/astra_camera_msgs:/home/robo/jdcobot200_imitation_learning/depth_cam/local:/opt/ros/humble')]), 'shell': False}
[9.370661] (astra_camera) StdoutLine: {'line': b'[  5%] Building CXX object CMakeFiles/astra_camera.dir/src/point_cloud_proc/point_cloud_xyzrgb.cpp.o\n'}
[9.370899] (astra_camera) StdoutLine: {'line': b'[ 10%] Building CXX object CMakeFiles/astra_camera.dir/src/ob_context.cpp.o\n'}
[9.371033] (astra_camera) StdoutLine: {'line': b'[ 15%] Building CXX object CMakeFiles/astra_camera.dir/src/ob_camera_info.cpp.o\n'}
[9.371070] (astra_camera) StdoutLine: {'line': b'[ 21%] Building CXX object CMakeFiles/astra_camera.dir/src/ob_timer_filter.cpp.o\n'}
[9.371459] (astra_camera) StdoutLine: {'line': b'[ 26%] Building CXX object CMakeFiles/astra_camera.dir/src/ob_camera_node_factory.cpp.o\n'}
[9.371519] (astra_camera) StdoutLine: {'line': b'[ 31%] Building CXX object CMakeFiles/astra_camera.dir/src/ob_camera_node.cpp.o\n'}
[9.371643] (astra_camera) StdoutLine: {'line': b'[ 36%] Building CXX object CMakeFiles/astra_camera.dir/src/dynamic_params.cpp.o\n'}
[9.371682] (astra_camera) StdoutLine: {'line': b'[ 42%] Building CXX object CMakeFiles/astra_camera.dir/src/uvc_camera_driver.cpp.o\n'}
[9.373097] (astra_camera) StdoutLine: {'line': b'[ 47%] Building CXX object CMakeFiles/astra_camera.dir/src/point_cloud_proc/point_cloud_xyz.cpp.o\n'}
[9.374090] (astra_camera) StdoutLine: {'line': b'[ 52%] Building CXX object CMakeFiles/astra_camera.dir/src/ros_service.cpp.o\n'}
[9.374254] (astra_camera) StdoutLine: {'line': b'[ 63%] Building CXX object CMakeFiles/astra_camera.dir/src/ros_param_backend.cpp.o\n'}
[9.374386] (astra_camera) StdoutLine: {'line': b'[ 63%] Building CXX object CMakeFiles/astra_camera.dir/src/utils.cpp.o\n'}
[9.412462] (-) TimerEvent: {}
[9.512659] (-) TimerEvent: {}
[9.612929] (-) TimerEvent: {}
[9.713209] (-) TimerEvent: {}
[9.813462] (-) TimerEvent: {}
[9.913781] (-) TimerEvent: {}
[10.014035] (-) TimerEvent: {}
[10.114222] (-) TimerEvent: {}
[10.214423] (-) TimerEvent: {}
[10.314714] (-) TimerEvent: {}
[10.414992] (-) TimerEvent: {}
[10.515222] (-) TimerEvent: {}
[10.615480] (-) TimerEvent: {}
[10.715700] (-) TimerEvent: {}
[10.815919] (-) TimerEvent: {}
[10.916153] (-) TimerEvent: {}
[11.016390] (-) TimerEvent: {}
[11.116623] (-) TimerEvent: {}
[11.216867] (-) TimerEvent: {}
[11.317105] (-) TimerEvent: {}
[11.417353] (-) TimerEvent: {}
[11.517594] (-) TimerEvent: {}
[11.617842] (-) TimerEvent: {}
[11.718080] (-) TimerEvent: {}
[11.818385] (-) TimerEvent: {}
[11.918595] (-) TimerEvent: {}
[12.018807] (-) TimerEvent: {}
[12.119003] (-) TimerEvent: {}
[12.219279] (-) TimerEvent: {}
[12.319493] (-) TimerEvent: {}
[12.419697] (-) TimerEvent: {}
[12.519893] (-) TimerEvent: {}
[12.620082] (-) TimerEvent: {}
[12.720271] (-) TimerEvent: {}
[12.820481] (-) TimerEvent: {}
[12.920690] (-) TimerEvent: {}
[13.020899] (-) TimerEvent: {}
[13.121149] (-) TimerEvent: {}
[13.221348] (-) TimerEvent: {}
[13.321597] (-) TimerEvent: {}
[13.421775] (-) TimerEvent: {}
[13.521976] (-) TimerEvent: {}
[13.622265] (-) TimerEvent: {}
[13.722559] (-) TimerEvent: {}
[13.822754] (-) TimerEvent: {}
[13.923043] (-) TimerEvent: {}
[14.023220] (-) TimerEvent: {}
[14.123374] (-) TimerEvent: {}
[14.223567] (-) TimerEvent: {}
[14.323766] (-) TimerEvent: {}
[14.423954] (-) TimerEvent: {}
[14.524207] (-) TimerEvent: {}
[14.624390] (-) TimerEvent: {}
[14.724591] (-) TimerEvent: {}
[14.824783] (-) TimerEvent: {}
[14.924965] (-) TimerEvent: {}
[15.025334] (-) TimerEvent: {}
[15.125629] (-) TimerEvent: {}
[15.225854] (-) TimerEvent: {}
[15.326089] (-) TimerEvent: {}
[15.426380] (-) TimerEvent: {}
[15.526574] (-) TimerEvent: {}
[15.626757] (-) TimerEvent: {}
[15.726949] (-) TimerEvent: {}
[15.827133] (-) TimerEvent: {}
[15.927353] (-) TimerEvent: {}
[16.027597] (-) TimerEvent: {}
[16.127825] (-) TimerEvent: {}
[16.228030] (-) TimerEvent: {}
[16.328217] (-) TimerEvent: {}
[16.428420] (-) TimerEvent: {}
[16.528609] (-) TimerEvent: {}
[16.628789] (-) TimerEvent: {}
[16.729002] (-) TimerEvent: {}
[16.829238] (-) TimerEvent: {}
[16.929428] (-) TimerEvent: {}
[17.029649] (-) TimerEvent: {}
[17.129851] (-) TimerEvent: {}
[17.230081] (-) TimerEvent: {}
[17.330294] (-) TimerEvent: {}
[17.430535] (-) TimerEvent: {}
[17.530703] (-) TimerEvent: {}
[17.630867] (-) TimerEvent: {}
[17.731029] (-) TimerEvent: {}
[17.831233] (-) TimerEvent: {}
[17.931459] (-) TimerEvent: {}
[18.031658] (-) TimerEvent: {}
[18.131821] (-) TimerEvent: {}
[18.232024] (-) TimerEvent: {}
[18.332246] (-) TimerEvent: {}
[18.432448] (-) TimerEvent: {}
[18.532676] (-) TimerEvent: {}
[18.632906] (-) TimerEvent: {}
[18.733077] (-) TimerEvent: {}
[18.833273] (-) TimerEvent: {}
[18.933547] (-) TimerEvent: {}
[19.033738] (-) TimerEvent: {}
[19.133898] (-) TimerEvent: {}
[19.234167] (-) TimerEvent: {}
[19.334422] (-) TimerEvent: {}
[19.434583] (-) TimerEvent: {}
[19.534754] (-) TimerEvent: {}
[19.634959] (-) TimerEvent: {}
[19.735118] (-) TimerEvent: {}
[19.835282] (-) TimerEvent: {}
[19.935454] (-) TimerEvent: {}
[20.035615] (-) TimerEvent: {}
[20.135775] (-) TimerEvent: {}
[20.235938] (-) TimerEvent: {}
[20.336178] (-) TimerEvent: {}
[20.436398] (-) TimerEvent: {}
[20.536580] (-) TimerEvent: {}
[20.636797] (-) TimerEvent: {}
[20.737076] (-) TimerEvent: {}
[20.837280] (-) TimerEvent: {}
[20.937462] (-) TimerEvent: {}
[21.037658] (-) TimerEvent: {}
[21.137851] (-) TimerEvent: {}
[21.238019] (-) TimerEvent: {}
[21.338238] (-) TimerEvent: {}
[21.438364] (-) TimerEvent: {}
[21.538527] (-) TimerEvent: {}
[21.638689] (-) TimerEvent: {}
[21.738855] (-) TimerEvent: {}
[21.839032] (-) TimerEvent: {}
[21.939244] (-) TimerEvent: {}
[22.039398] (-) TimerEvent: {}
[22.139564] (-) TimerEvent: {}
[22.239701] (-) TimerEvent: {}
[22.339872] (-) TimerEvent: {}
[22.440050] (-) TimerEvent: {}
[22.540197] (-) TimerEvent: {}
[22.640411] (-) TimerEvent: {}
[22.740634] (-) TimerEvent: {}
[22.840844] (-) TimerEvent: {}
[22.940990] (-) TimerEvent: {}
[23.041162] (-) TimerEvent: {}
[23.141351] (-) TimerEvent: {}
[23.241538] (-) TimerEvent: {}
[23.341719] (-) TimerEvent: {}
[23.441899] (-) TimerEvent: {}
[23.542079] (-) TimerEvent: {}
[23.642264] (-) TimerEvent: {}
[23.742401] (-) TimerEvent: {}
[23.842593] (-) TimerEvent: {}
[23.942783] (-) TimerEvent: {}
[24.042926] (-) TimerEvent: {}
[24.143103] (-) TimerEvent: {}
[24.243241] (-) TimerEvent: {}
[24.343432] (-) TimerEvent: {}
[24.443624] (-) TimerEvent: {}
[24.543812] (-) TimerEvent: {}
[24.644006] (-) TimerEvent: {}
[24.744222] (-) TimerEvent: {}
[24.827571] (astra_camera) StdoutLine: {'line': b'[ 68%] Linking CXX shared library libastra_camera.so\n'}
[24.844282] (-) TimerEvent: {}
[24.908059] (astra_camera) StderrLine: {'line': b'/usr/bin/ld: cannot find -luvc: No such file or directory\n'}
[24.944355] (-) TimerEvent: {}
[24.963195] (astra_camera) StderrLine: {'line': b'collect2: error: ld returned 1 exit status\n'}
[24.964361] (astra_camera) StderrLine: {'line': b'gmake[2]: *** [CMakeFiles/astra_camera.dir/build.make:521: libastra_camera.so] Error 1\n'}
[24.964512] (astra_camera) StderrLine: {'line': b'gmake[1]: *** [CMakeFiles/Makefile2:143: CMakeFiles/astra_camera.dir/all] Error 2\n'}
[24.964621] (astra_camera) StderrLine: {'line': b'gmake: *** [Makefile:146: all] Error 2\n'}
[25.044497] (-) TimerEvent: {}
[25.144766] (-) TimerEvent: {}
[25.245111] (-) TimerEvent: {}
[25.345448] (-) TimerEvent: {}
[25.445785] (-) TimerEvent: {}
[25.546079] (-) TimerEvent: {}
[25.646394] (-) TimerEvent: {}
[25.746649] (-) TimerEvent: {}
[25.846898] (-) TimerEvent: {}
[25.947259] (-) TimerEvent: {}
[26.047668] (-) TimerEvent: {}
[26.147974] (-) TimerEvent: {}
[26.248329] (-) TimerEvent: {}
[26.348664] (-) TimerEvent: {}
[26.448968] (-) TimerEvent: {}
[26.549242] (-) TimerEvent: {}
[26.649541] (-) TimerEvent: {}
[26.749772] (-) TimerEvent: {}
[26.849971] (-) TimerEvent: {}
[26.950176] (-) TimerEvent: {}
[27.050419] (-) TimerEvent: {}
[27.150705] (-) TimerEvent: {}
[27.250982] (-) TimerEvent: {}
[27.351263] (-) TimerEvent: {}
[27.451594] (-) TimerEvent: {}
[27.551913] (-) TimerEvent: {}
[27.652291] (-) TimerEvent: {}
[27.752716] (-) TimerEvent: {}
[27.853115] (-) TimerEvent: {}
[27.953361] (-) TimerEvent: {}
[28.053585] (-) TimerEvent: {}
[28.153997] (-) TimerEvent: {}
[28.254408] (-) TimerEvent: {}
[28.354852] (-) TimerEvent: {}
[28.455175] (-) TimerEvent: {}
[28.555543] (-) TimerEvent: {}
[28.655970] (-) TimerEvent: {}
[28.756443] (-) TimerEvent: {}
[28.856830] (-) TimerEvent: {}
[28.957153] (-) TimerEvent: {}
[29.057554] (-) TimerEvent: {}
[29.157936] (-) TimerEvent: {}
[29.258341] (-) TimerEvent: {}
[29.358765] (-) TimerEvent: {}
[29.459124] (-) TimerEvent: {}
[29.559362] (-) TimerEvent: {}
[29.659563] (-) TimerEvent: {}
[29.759753] (-) TimerEvent: {}
[29.859996] (-) TimerEvent: {}
[29.960259] (-) TimerEvent: {}
[30.060563] (-) TimerEvent: {}
[30.160813] (-) TimerEvent: {}
[30.261137] (-) TimerEvent: {}
[30.361433] (-) TimerEvent: {}
[30.461639] (-) TimerEvent: {}
[30.561975] (-) TimerEvent: {}
[30.662269] (-) TimerEvent: {}
[30.762640] (-) TimerEvent: {}
[30.862983] (-) TimerEvent: {}
[30.963447] (-) TimerEvent: {}
[31.063693] (-) TimerEvent: {}
[31.163972] (-) TimerEvent: {}
[31.264331] (-) TimerEvent: {}
[31.364644] (-) TimerEvent: {}
[31.464981] (-) TimerEvent: {}
[31.565368] (-) TimerEvent: {}
[31.665689] (-) TimerEvent: {}
[31.765969] (-) TimerEvent: {}
[31.866336] (-) TimerEvent: {}
[31.966629] (-) TimerEvent: {}
[32.066966] (-) TimerEvent: {}
[32.167350] (-) TimerEvent: {}
[32.267580] (-) TimerEvent: {}
[32.367826] (-) TimerEvent: {}
[32.468085] (-) TimerEvent: {}
[32.568427] (-) TimerEvent: {}
[32.668621] (-) TimerEvent: {}
[32.768929] (-) TimerEvent: {}
[32.869467] (-) TimerEvent: {}
[32.969767] (-) TimerEvent: {}
[33.069913] (-) TimerEvent: {}
[33.170183] (-) TimerEvent: {}
[33.270481] (-) TimerEvent: {}
[33.370761] (-) TimerEvent: {}
[33.471094] (-) TimerEvent: {}
[33.571459] (-) TimerEvent: {}
[33.671862] (-) TimerEvent: {}
[33.772204] (-) TimerEvent: {}
[33.872632] (-) TimerEvent: {}
[33.973038] (-) TimerEvent: {}
[34.073492] (-) TimerEvent: {}
[34.173838] (-) TimerEvent: {}
[34.274180] (-) TimerEvent: {}
[34.374493] (-) TimerEvent: {}
[34.474703] (-) TimerEvent: {}
[34.574913] (-) TimerEvent: {}
[34.675259] (-) TimerEvent: {}
[34.775661] (-) TimerEvent: {}
[34.875987] (-) TimerEvent: {}
[34.976155] (-) TimerEvent: {}
[35.076344] (-) TimerEvent: {}
[35.176575] (-) TimerEvent: {}
[35.276902] (-) TimerEvent: {}
[35.377138] (-) TimerEvent: {}
[35.477434] (-) TimerEvent: {}
[35.577685] (-) TimerEvent: {}
[35.677939] (-) TimerEvent: {}
[35.778194] (-) TimerEvent: {}
[35.878410] (-) TimerEvent: {}
[35.978610] (-) TimerEvent: {}
[36.078767] (-) TimerEvent: {}
[36.178957] (-) TimerEvent: {}
[36.279204] (-) TimerEvent: {}
[36.379428] (-) TimerEvent: {}
[36.479681] (-) TimerEvent: {}
[36.579921] (-) TimerEvent: {}
[36.680114] (-) TimerEvent: {}
[36.780421] (-) TimerEvent: {}
[36.880684] (-) TimerEvent: {}
[36.980989] (-) TimerEvent: {}
[37.081249] (-) TimerEvent: {}
[37.181525] (-) TimerEvent: {}
[37.281774] (-) TimerEvent: {}
[37.382007] (-) TimerEvent: {}
[37.482271] (-) TimerEvent: {}
[37.582729] (-) TimerEvent: {}
[37.682940] (-) TimerEvent: {}
[37.783230] (-) TimerEvent: {}
[37.883528] (-) TimerEvent: {}
[37.983757] (-) TimerEvent: {}
[38.061231] (astra_camera) CommandEnded: {'returncode': 2}
[38.068083] (astra_camera) JobEnded: {'identifier': 'astra_camera', 'rc': 2}
[38.078691] (-) EventReactorShutdown: {}
