ISO-10303-21;
HEADER;
/* Generated by software containing ST-Developer
 * from STEP Tools, Inc. (www.steptools.com) 
 */

FILE_DESCRIPTION(
/* description */ (''),
/* implementation_level */ '2;1');

FILE_NAME(
/* name */ 'arm_link.step',
/* time_stamp */ '2026-06-11T21:47:22+09:00',
/* author */ (''),
/* organization */ (''),
/* preprocessor_version */ 'ST-DEVELOPER v20.1',
/* originating_system */ 'Autodesk Translation Framework v15.8.0.0',
/* authorisation */ '');

FILE_SCHEMA (('AUTOMOTIVE_DESIGN { 1 0 10303 214 3 1 1 }'));
ENDSEC;

DATA;
#10=MECHANICAL_DESIGN_GEOMETRIC_PRESENTATION_REPRESENTATION('',(#13),#8880);
#11=SHAPE_REPRESENTATION_RELATIONSHIP('SRR','None',#8887,#12);
#12=ADVANCED_BREP_SHAPE_REPRESENTATION('',(#14),#8879);
#13=STYLED_ITEM('',(#8896),#14);
#14=MANIFOLD_SOLID_BREP('\X2\BCF8CCB4\X0\1',#4843);
#15=B_SPLINE_SURFACE_WITH_KNOTS('',3,3,((#7894,#7895,#7896,#7897,#7898,
#7899,#7900,#7901),(#7902,#7903,#7904,#7905,#7906,#7907,#7908,#7909),(#7910,
#7911,#7912,#7913,#7914,#7915,#7916,#7917),(#7918,#7919,#7920,#7921,#7922,
#7923,#7924,#7925)),.UNSPECIFIED.,.F.,.F.,.F.,(4,4),(4,2,1,1,4),(0.,1.),
(-0.221056483214791,-0.220465988300157,-0.088186395320063,-0.0440931976600317,
-4.42411546915636E-16),.UNSPECIFIED.);
#16=B_SPLINE_SURFACE_WITH_KNOTS('',3,3,((#7982,#7983,#7984,#7985,#7986,
#7987,#7988,#7989),(#7990,#7991,#7992,#7993,#7994,#7995,#7996,#7997),(#7998,
#7999,#8000,#8001,#8002,#8003,#8004,#8005),(#8006,#8007,#8008,#8009,#8010,
#8011,#8012,#8013),(#8014,#8015,#8016,#8017,#8018,#8019,#8020,#8021)),
 .UNSPECIFIED.,.F.,.F.,.F.,(4,1,4),(4,1,1,2,4),(0.,0.5,1.),(0.,0.0849813300783586,
0.127471995117538,0.212453325195897,0.213125804182683),.UNSPECIFIED.);
#17=B_SPLINE_SURFACE_WITH_KNOTS('',3,3,((#8185,#8186,#8187,#8188,#8189,
#8190,#8191),(#8192,#8193,#8194,#8195,#8196,#8197,#8198),(#8199,#8200,#8201,
#8202,#8203,#8204,#8205),(#8206,#8207,#8208,#8209,#8210,#8211,#8212),(#8213,
#8214,#8215,#8216,#8217,#8218,#8219),(#8220,#8221,#8222,#8223,#8224,#8225,
#8226)),.UNSPECIFIED.,.F.,.F.,.F.,(4,1,1,4),(4,1,1,1,4),(0.,0.285714285714286,
0.571428571428571,1.),(1.90803703605399,1.98694883252777,2.06586062900155,
2.17107635763327,2.27629208626498),.UNSPECIFIED.);
#18=SPHERICAL_SURFACE('',#4910,1.);
#19=SPHERICAL_SURFACE('',#5149,1.);
#20=SPHERICAL_SURFACE('',#5153,1.);
#21=SPHERICAL_SURFACE('',#5173,1.);
#22=SPHERICAL_SURFACE('',#5274,3.);
#23=SPHERICAL_SURFACE('',#5280,3.);
#24=SPHERICAL_SURFACE('',#5294,3.);
#25=SPHERICAL_SURFACE('',#5300,3.);
#26=TOROIDAL_SURFACE('',#4906,4.50000000000001,1.);
#27=TOROIDAL_SURFACE('',#4913,11.0000001788139,1.);
#28=TOROIDAL_SURFACE('',#4957,9.00000017881393,3.);
#29=TOROIDAL_SURFACE('',#5113,1.5,0.5);
#30=TOROIDAL_SURFACE('',#5117,11.5000001788139,0.5);
#31=TOROIDAL_SURFACE('',#5127,1.5,0.5);
#32=TOROIDAL_SURFACE('',#5141,3.,0.5);
#33=TOROIDAL_SURFACE('',#5145,4.5,1.);
#34=TOROIDAL_SURFACE('',#5157,11.0000001788139,1.);
#35=TOROIDAL_SURFACE('',#5161,2.25,0.5);
#36=TOROIDAL_SURFACE('',#5175,1.5,1.);
#37=TOROIDAL_SURFACE('',#5193,11.5000001788139,0.5);
#38=TOROIDAL_SURFACE('',#5195,3.00000000000001,0.5);
#39=TOROIDAL_SURFACE('',#5243,13.0000001490116,3.);
#40=TOROIDAL_SURFACE('',#5249,13.0000001490116,3.);
#41=TOROIDAL_SURFACE('',#5254,19.,3.);
#42=TOROIDAL_SURFACE('',#5261,19.000000372529,3.);
#43=TOROIDAL_SURFACE('',#5306,13.0000001490116,3.);
#44=TOROIDAL_SURFACE('',#5320,13.0000001490116,3.);
#45=TOROIDAL_SURFACE('',#5327,9.00000017881393,3.);
#46=ELLIPSE('',#4892,7.38392919776624,3.);
#47=ELLIPSE('',#4893,7.38392919776624,3.);
#48=ELLIPSE('',#4919,1.203836713775,1.1);
#49=ELLIPSE('',#4922,1.20383671377499,1.1);
#50=ELLIPSE('',#4924,1.1176779469595,1.1);
#51=ELLIPSE('',#4928,1.1176779469595,1.1);
#52=ELLIPSE('',#5182,7.38392919776621,3.);
#53=ELLIPSE('',#5183,7.38392919776621,3.);
#54=ELLIPSE('',#5224,4.24264068711929,3.);
#55=ELLIPSE('',#5225,4.24264068711929,3.);
#56=ELLIPSE('',#5234,4.24264068711929,3.);
#57=ELLIPSE('',#5235,4.24264068711929,3.);
#58=ELLIPSE('',#5268,3.0184617108034,3.);
#59=ELLIPSE('',#5277,3.0184617108034,3.);
#60=ELLIPSE('',#5290,3.01193333016043,3.);
#61=ELLIPSE('',#5298,3.01193333016043,3.);
#62=B_SPLINE_CURVE_WITH_KNOTS('',3,(#6947,#6948,#6949,#6950,#6951,#6952,
#6953,#6954),.UNSPECIFIED.,.F.,.F.,(4,2,2,4),(1.05762798627437,1.05907124033589,
1.12809547246779,1.1971197045997),.UNSPECIFIED.);
#63=B_SPLINE_CURVE_WITH_KNOTS('',3,(#6955,#6956,#6957,#6958,#6959,#6960,
#6961,#6962),.UNSPECIFIED.,.F.,.F.,(4,2,2,4),(1.1971197045997,1.2661439367316,
1.3351681688635,1.33661142292503),.UNSPECIFIED.);
#64=B_SPLINE_CURVE_WITH_KNOTS('',3,(#7002,#7003,#7004,#7005),
 .UNSPECIFIED.,.F.,.F.,(4,4),(0.151706018990774,0.160320375997665),
 .UNSPECIFIED.);
#65=B_SPLINE_CURVE_WITH_KNOTS('',3,(#7007,#7008,#7009,#7010),
 .UNSPECIFIED.,.F.,.F.,(4,4),(0.96212932285255,1.07153546892308),
 .UNSPECIFIED.);
#66=B_SPLINE_CURVE_WITH_KNOTS('',3,(#7013,#7014,#7015,#7016),
 .UNSPECIFIED.,.F.,.F.,(4,4),(0.357735550867444,0.474642156140016),
 .UNSPECIFIED.);
#67=B_SPLINE_CURVE_WITH_KNOTS('',3,(#7019,#7020,#7021,#7022,#7023,#7024,
#7025,#7026),.UNSPECIFIED.,.F.,.F.,(4,2,2,4),(0.046625797419082,0.0857353588494424,
0.123950242044747,0.161045753604505),.UNSPECIFIED.);
#68=B_SPLINE_CURVE_WITH_KNOTS('',3,(#7029,#7030,#7031,#7032,#7033,#7034,
#7035,#7036),.UNSPECIFIED.,.F.,.F.,(4,2,2,4),(-0.114234190821937,-0.0751881253247146,
-0.037035285516831,0.),.UNSPECIFIED.);
#69=B_SPLINE_CURVE_WITH_KNOTS('',3,(#7053,#7054,#7055,#7056,#7057,#7058),
 .UNSPECIFIED.,.F.,.F.,(4,2,4),(0.,0.172428683019518,0.344857366039036),
 .UNSPECIFIED.);
#70=B_SPLINE_CURVE_WITH_KNOTS('',3,(#7101,#7102,#7103,#7104,#7105,#7106,
#7107,#7108,#7109,#7110),.UNSPECIFIED.,.F.,.F.,(4,2,2,2,4),(0.0955835542639539,
0.110922646811113,0.222043432056411,0.333483246006986,0.445368263735772),
 .UNSPECIFIED.);
#71=B_SPLINE_CURVE_WITH_KNOTS('',3,(#7119,#7120,#7121,#7122,#7123,#7124,
#7125,#7126,#7127,#7128),.UNSPECIFIED.,.F.,.F.,(4,2,2,2,4),(1.33785244116248,
1.44973745889127,1.56117727284185,1.67229805808714,1.6876371506343),
 .UNSPECIFIED.);
#72=B_SPLINE_CURVE_WITH_KNOTS('',3,(#7174,#7175,#7176,#7177,#7178,#7179,
#7180,#7181,#7182,#7183),.UNSPECIFIED.,.F.,.F.,(4,2,2,2,4),(0.0955835542639533,
0.110922646811113,0.222043432056412,0.333483246006986,0.445368263735772),
 .UNSPECIFIED.);
#73=B_SPLINE_CURVE_WITH_KNOTS('',3,(#7193,#7194,#7195,#7196,#7197,#7198,
#7199,#7200,#7201,#7202),.UNSPECIFIED.,.F.,.F.,(4,2,2,2,4),(1.33785243135237,
1.44973744908116,1.56117726303174,1.67229804827703,1.68763714082419),
 .UNSPECIFIED.);
#74=B_SPLINE_CURVE_WITH_KNOTS('',3,(#7208,#7209,#7210,#7211,#7212,#7213,
#7214,#7215,#7216,#7217,#7218,#7219,#7220,#7221),.UNSPECIFIED.,.F.,.F.,
(4,2,2,2,2,2,4),(0.732790657187211,0.838239994331946,0.959795912311215,
1.07955955228791,1.19775490760518,1.32035738359941,1.35106767769612),
 .UNSPECIFIED.);
#75=B_SPLINE_CURVE_WITH_KNOTS('',3,(#7233,#7234,#7235,#7236,#7237,#7238,
#7239,#7240,#7241,#7242,#7243,#7244,#7245,#7246),.UNSPECIFIED.,.F.,.F.,
(4,2,2,2,2,2,4),(0.732790657186584,0.8382399943312,0.959795912310349,1.07955955228694,
1.19775490760411,1.32035738359824,1.35106767769492),.UNSPECIFIED.);
#76=B_SPLINE_CURVE_WITH_KNOTS('',3,(#7508,#7509,#7510,#7511,#7512,#7513,
#7514,#7515,#7516,#7517,#7518,#7519),.UNSPECIFIED.,.F.,.F.,(4,2,2,2,2,4),
(0.,0.0666185725531606,0.133237145106321,0.266474290212642,0.421279297100463,
0.576084303988284),.UNSPECIFIED.);
#77=B_SPLINE_CURVE_WITH_KNOTS('',3,(#7523,#7524,#7525,#7526),
 .UNSPECIFIED.,.F.,.F.,(4,4),(0.483560748419046,0.516527459975453),
 .UNSPECIFIED.);
#78=B_SPLINE_CURVE_WITH_KNOTS('',3,(#7528,#7529,#7530,#7531),
 .UNSPECIFIED.,.F.,.F.,(4,4),(0.45059403686264,0.483560748419046),
 .UNSPECIFIED.);
#79=B_SPLINE_CURVE_WITH_KNOTS('',3,(#7535,#7536,#7537,#7538),
 .UNSPECIFIED.,.F.,.F.,(4,4),(0.483614114097608,0.516580825654015),
 .UNSPECIFIED.);
#80=B_SPLINE_CURVE_WITH_KNOTS('',3,(#7540,#7541,#7542,#7543),
 .UNSPECIFIED.,.F.,.F.,(4,4),(0.450563433839998,0.483614114097608),
 .UNSPECIFIED.);
#81=B_SPLINE_CURVE_WITH_KNOTS('',3,(#7547,#7548,#7549,#7550),
 .UNSPECIFIED.,.F.,.F.,(4,4),(0.483560748419046,0.516527459975453),
 .UNSPECIFIED.);
#82=B_SPLINE_CURVE_WITH_KNOTS('',3,(#7552,#7553,#7554,#7555),
 .UNSPECIFIED.,.F.,.F.,(4,4),(0.45059403686264,0.483560748419046),
 .UNSPECIFIED.);
#83=B_SPLINE_CURVE_WITH_KNOTS('',3,(#7559,#7560,#7561,#7562),
 .UNSPECIFIED.,.F.,.F.,(4,4),(0.483560748419046,0.516611428676656),
 .UNSPECIFIED.);
#84=B_SPLINE_CURVE_WITH_KNOTS('',3,(#7564,#7565,#7566,#7567),
 .UNSPECIFIED.,.F.,.F.,(4,4),(0.45059403686264,0.483560748419046),
 .UNSPECIFIED.);
#85=B_SPLINE_CURVE_WITH_KNOTS('',3,(#7571,#7572,#7573,#7574),
 .UNSPECIFIED.,.F.,.F.,(4,4),(0.483560748419046,0.516527459975453),
 .UNSPECIFIED.);
#86=B_SPLINE_CURVE_WITH_KNOTS('',3,(#7576,#7577,#7578,#7579),
 .UNSPECIFIED.,.F.,.F.,(4,4),(0.45059403686264,0.483560748419046),
 .UNSPECIFIED.);
#87=B_SPLINE_CURVE_WITH_KNOTS('',3,(#7583,#7584,#7585,#7586),
 .UNSPECIFIED.,.F.,.F.,(4,4),(0.483560748419046,0.516527459975453),
 .UNSPECIFIED.);
#88=B_SPLINE_CURVE_WITH_KNOTS('',3,(#7588,#7589,#7590,#7591),
 .UNSPECIFIED.,.F.,.F.,(4,4),(0.45059403686264,0.483560748419046),
 .UNSPECIFIED.);
#89=B_SPLINE_CURVE_WITH_KNOTS('',3,(#7594,#7595,#7596,#7597,#7598,#7599,
#7600,#7601,#7602,#7603,#7604,#7605),.UNSPECIFIED.,.F.,.F.,(4,2,2,2,2,4),
(-0.574280427042025,-0.403805530069389,-0.233330633096754,-0.116665316548377,
-0.0583326582741885,0.),.UNSPECIFIED.);
#90=B_SPLINE_CURVE_WITH_KNOTS('',3,(#7607,#7608,#7609,#7610,#7611,#7612,
#7613,#7614,#7615,#7616,#7617,#7618),.UNSPECIFIED.,.F.,.F.,(4,2,2,2,2,4),
(1.08600944074824,1.14434209942526,1.20267475810228,1.31934007545632,1.48981497835869,
1.66028988126105),.UNSPECIFIED.);
#91=B_SPLINE_CURVE_WITH_KNOTS('',3,(#7622,#7623,#7624,#7625),
 .UNSPECIFIED.,.F.,.F.,(4,4),(0.483560748419047,0.516527694216907),
 .UNSPECIFIED.);
#92=B_SPLINE_CURVE_WITH_KNOTS('',3,(#7627,#7628,#7629,#7630),
 .UNSPECIFIED.,.F.,.F.,(4,4),(0.450593802621185,0.483560748419047),
 .UNSPECIFIED.);
#93=B_SPLINE_CURVE_WITH_KNOTS('',3,(#7634,#7635,#7636,#7637),
 .UNSPECIFIED.,.F.,.F.,(4,4),(0.483560748419046,0.516527694216907),
 .UNSPECIFIED.);
#94=B_SPLINE_CURVE_WITH_KNOTS('',3,(#7639,#7640,#7641,#7642),
 .UNSPECIFIED.,.F.,.F.,(4,4),(0.450593802621185,0.483560748419046),
 .UNSPECIFIED.);
#95=B_SPLINE_CURVE_WITH_KNOTS('',3,(#7646,#7647,#7648,#7649),
 .UNSPECIFIED.,.F.,.F.,(4,4),(0.483614114097608,0.516581059895468),
 .UNSPECIFIED.);
#96=B_SPLINE_CURVE_WITH_KNOTS('',3,(#7651,#7652,#7653,#7654),
 .UNSPECIFIED.,.F.,.F.,(4,4),(0.450563198673507,0.483614114097608),
 .UNSPECIFIED.);
#97=B_SPLINE_CURVE_WITH_KNOTS('',3,(#7658,#7659,#7660,#7661),
 .UNSPECIFIED.,.F.,.F.,(4,4),(0.483560748419047,0.516527694216908),
 .UNSPECIFIED.);
#98=B_SPLINE_CURVE_WITH_KNOTS('',3,(#7663,#7664,#7665,#7666),
 .UNSPECIFIED.,.F.,.F.,(4,4),(0.450593802621186,0.483560748419047),
 .UNSPECIFIED.);
#99=B_SPLINE_CURVE_WITH_KNOTS('',3,(#7670,#7671,#7672,#7673),
 .UNSPECIFIED.,.F.,.F.,(4,4),(0.483560748419046,0.516611663843147),
 .UNSPECIFIED.);
#100=B_SPLINE_CURVE_WITH_KNOTS('',3,(#7675,#7676,#7677,#7678),
 .UNSPECIFIED.,.F.,.F.,(4,4),(0.450593802621186,0.483560748419046),
 .UNSPECIFIED.);
#101=B_SPLINE_CURVE_WITH_KNOTS('',3,(#7682,#7683,#7684,#7685),
 .UNSPECIFIED.,.F.,.F.,(4,4),(0.483560748419047,0.516527694216907),
 .UNSPECIFIED.);
#102=B_SPLINE_CURVE_WITH_KNOTS('',3,(#7687,#7688,#7689,#7690),
 .UNSPECIFIED.,.F.,.F.,(4,4),(0.450593802621186,0.483560748419047),
 .UNSPECIFIED.);
#103=B_SPLINE_CURVE_WITH_KNOTS('',3,(#7693,#7694,#7695,#7696,#7697,#7698,
#7699,#7700,#7701,#7702,#7703,#7704),.UNSPECIFIED.,.F.,.F.,(4,2,2,2,2,4),
(0.509925122807469,0.664730133931365,0.819535145055261,0.952772292901749,
1.01939086682499,1.08600944074824),.UNSPECIFIED.);
#104=B_SPLINE_CURVE_WITH_KNOTS('',3,(#7815,#7816,#7817,#7818,#7819,#7820,
#7821,#7822,#7823,#7824),.UNSPECIFIED.,.F.,.F.,(4,2,2,2,4),(1.08213566717184,
1.08434224759276,1.16186418181386,1.23938611603496,1.24159269645587),
 .UNSPECIFIED.);
#105=B_SPLINE_CURVE_WITH_KNOTS('',3,(#7873,#7874,#7875,#7876,#7877,#7878,
#7879,#7880,#7881,#7882,#7883,#7884,#7885,#7886),.UNSPECIFIED.,.F.,.F.,
(4,2,2,2,2,2,4),(-0.0809963050734424,-0.0624487778020852,-0.0434333701876631,
-0.0233400287316143,-0.0116853867539542,0.,0.000376871564871069),
 .UNSPECIFIED.);
#106=B_SPLINE_CURVE_WITH_KNOTS('',3,(#7927,#7928,#7929,#7930,#7931,#7932,
#7933,#7934),.UNSPECIFIED.,.F.,.F.,(4,1,1,2,4),(4.42411546915636E-16,0.0440931976600317,
0.088186395320063,0.220465988300157,0.221056483214791),.UNSPECIFIED.);
#107=B_SPLINE_CURVE_WITH_KNOTS('',3,(#7935,#7936,#7937,#7938,#7939,#7940,
#7941,#7942),.UNSPECIFIED.,.F.,.F.,(4,2,1,1,4),(-0.221056483214791,-0.220465988300157,
-0.088186395320063,-0.0440931976600317,-4.42411546915636E-16),
 .UNSPECIFIED.);
#108=B_SPLINE_CURVE_WITH_KNOTS('',3,(#7963,#7964,#7965,#7966,#7967,#7968,
#7969,#7970,#7971,#7972,#7973,#7974,#7975,#7976),.UNSPECIFIED.,.F.,.F.,
(4,2,2,2,2,2,4),(-0.0811937486145742,-0.0808177080522876,-0.0691580876004311,
-0.0575291441325732,-0.0374801085362285,-0.0185066299351462,0.),
 .UNSPECIFIED.);
#109=B_SPLINE_CURVE_WITH_KNOTS('',3,(#8023,#8024,#8025,#8026,#8027,#8028,
#8029,#8030),.UNSPECIFIED.,.F.,.F.,(4,1,1,2,4),(0.,0.0849813300783586,0.127471995117538,
0.212453325195897,0.213125804182683),.UNSPECIFIED.);
#110=B_SPLINE_CURVE_WITH_KNOTS('',3,(#8031,#8032,#8033,#8034,#8035,#8036,
#8037,#8038),.UNSPECIFIED.,.F.,.F.,(4,2,1,1,4),(-0.213125804182683,-0.212453325195897,
-0.127471995117538,-0.0849813300783586,0.),.UNSPECIFIED.);
#111=B_SPLINE_CURVE_WITH_KNOTS('',3,(#8095,#8096,#8097,#8098,#8099,#8100,
#8101,#8102,#8103,#8104,#8105),.UNSPECIFIED.,.F.,.F.,(4,2,3,2,4),(1.02163207259008,
1.06860956514523,1.13509021768438,1.20157087022353,1.24854836277867),
 .UNSPECIFIED.);
#112=B_SPLINE_CURVE_WITH_KNOTS('',3,(#8107,#8108,#8109,#8110,#8111,#8112,
#8113,#8114,#8115,#8116,#8117,#8118,#8119,#8120),.UNSPECIFIED.,.F.,.F.,
(4,2,2,2,2,2,4),(-0.161271826263459,-0.160784289398748,-0.138139165863642,
-0.115537204409575,-0.0751881253247386,-0.0370352855168474,0.),
 .UNSPECIFIED.);
#113=B_SPLINE_CURVE_WITH_KNOTS('',3,(#8125,#8126,#8127,#8128,#8129,#8130,
#8131,#8132,#8133,#8134,#8135,#8136,#8137,#8138),.UNSPECIFIED.,.F.,.F.,
(4,2,2,2,2,2,4),(-0.000488329687450093,0.,0.0226819485837311,0.0453206648971605,
0.085735358850435,0.123950242046202,0.161045753606411),.UNSPECIFIED.);
#114=B_SPLINE_CURVE_WITH_KNOTS('',3,(#8177,#8178,#8179,#8180),
 .UNSPECIFIED.,.F.,.F.,(4,4),(1.13494390820473,1.19711970459611),
 .UNSPECIFIED.);
#115=B_SPLINE_CURVE_WITH_KNOTS('',3,(#8181,#8182,#8183,#8184),
 .UNSPECIFIED.,.F.,.F.,(4,4),(1.19711970459611,1.2592955009875),
 .UNSPECIFIED.);
#116=B_SPLINE_CURVE_WITH_KNOTS('',3,(#8229,#8230,#8231,#8232,#8233,#8234),
 .UNSPECIFIED.,.F.,.F.,(4,2,4),(0.104032132265901,0.149651658587811,0.150158479884012),
 .UNSPECIFIED.);
#117=B_SPLINE_CURVE_WITH_KNOTS('',3,(#8235,#8236,#8237,#8238,#8239,#8240,
#8241,#8242,#8243,#8244,#8245,#8246,#8247,#8248,#8249,#8250,#8251,#8252,
#8253,#8254,#8255,#8256,#8257,#8258,#8259,#8260,#8261,#8262,#8263,#8264,
#8265),.UNSPECIFIED.,.F.,.F.,(4,3,3,3,3,3,3,3,3,3,4),(-2.14806440913778,
-2.1426271909575,-2.10760906186786,-2.08082083778748,-2.06582310906936,
-2.02021647880657,-1.98692713164755,-1.96334859555048,-1.95100397513172,
-1.91521603395603,-1.90803703605399),.UNSPECIFIED.);
#118=B_SPLINE_CURVE_WITH_KNOTS('',3,(#8267,#8268,#8269,#8270,#8271,#8272,
#8273),.UNSPECIFIED.,.F.,.F.,(4,1,1,1,4),(1.90803703605399,1.98694883252777,
2.06586062900155,2.17107635763327,2.27552105491019),.UNSPECIFIED.);
#119=B_SPLINE_CURVE_WITH_KNOTS('',3,(#8274,#8275,#8276,#8277,#8278,#8279,
#8280,#8281,#8282,#8283,#8284,#8285),.UNSPECIFIED.,.F.,.F.,(4,2,2,2,2,4),
(-0.000461908058113136,0.,0.0312458557164974,0.0627365773271628,0.0982455387810181,
0.113386599967269),.UNSPECIFIED.);
#120=B_SPLINE_CURVE_WITH_KNOTS('',3,(#8295,#8296,#8297,#8298,#8299,#8300,
#8301,#8302,#8303,#8304,#8305,#8306),.UNSPECIFIED.,.F.,.F.,(4,2,2,2,2,4),
(0.,0.0191291277155261,0.0415068912752249,0.0781918966243182,0.105333039055747,
0.105873673114705),.UNSPECIFIED.);
#121=B_SPLINE_CURVE_WITH_KNOTS('',3,(#8309,#8310,#8311,#8312),
 .UNSPECIFIED.,.F.,.F.,(4,4),(0.,0.0594959751994979),.UNSPECIFIED.);
#122=B_SPLINE_CURVE_WITH_KNOTS('',3,(#8330,#8331,#8332,#8333,#8334,#8335),
 .UNSPECIFIED.,.F.,.F.,(4,2,4),(0.,0.172428683019518,0.344857366039036),
 .UNSPECIFIED.);
#123=B_SPLINE_CURVE_WITH_KNOTS('',3,(#8344,#8345,#8346,#8347,#8348,#8349,
#8350,#8351,#8352,#8353,#8354,#8355,#8356,#8357),.UNSPECIFIED.,.F.,.F.,
(4,2,2,2,2,2,4),(-0.0809963050737817,-0.0624487778023611,-0.0434333701878636,
-0.0233400287317339,-0.011685386754008,0.,0.00037687156486994),
 .UNSPECIFIED.);
#124=B_SPLINE_CURVE_WITH_KNOTS('',3,(#8366,#8367,#8368,#8369,#8370,#8371,
#8372,#8373,#8374,#8375,#8376,#8377,#8378,#8379),.UNSPECIFIED.,.F.,.F.,
(4,2,2,2,2,2,4),(-0.0811937486145645,-0.0808177080522763,-0.0691580876004891,
-0.0575291441326386,-0.037480108536277,-0.0185066299351648,0.),
 .UNSPECIFIED.);
#125=B_SPLINE_CURVE_WITH_KNOTS('',3,(#8412,#8413,#8414,#8415,#8416,#8417,
#8418,#8419),.UNSPECIFIED.,.F.,.F.,(4,2,2,4),(0.,0.142787842241885,0.201207302388877,
0.259626762535869),.UNSPECIFIED.);
#126=B_SPLINE_CURVE_WITH_KNOTS('',3,(#8423,#8424,#8425,#8426,#8427,#8428,
#8429,#8430),.UNSPECIFIED.,.F.,.F.,(4,2,2,4),(0.590301045802574,0.648720505949566,
0.707139966096557,0.849927808338443),.UNSPECIFIED.);
#127=B_SPLINE_CURVE_WITH_KNOTS('',3,(#8463,#8464,#8465,#8466,#8467,#8468,
#8469,#8470),.UNSPECIFIED.,.F.,.F.,(4,2,2,4),(0.,0.134480415134174,0.20172062270126,
0.268960830268347),.UNSPECIFIED.);
#128=B_SPLINE_CURVE_WITH_KNOTS('',3,(#8472,#8473,#8474,#8475,#8476,#8477,
#8478,#8479),.UNSPECIFIED.,.F.,.F.,(4,2,2,4),(0.599635113535053,0.66687532110214,
0.734115528669226,0.8685959438034),.UNSPECIFIED.);
#129=B_SPLINE_CURVE_WITH_KNOTS('',3,(#8528,#8529,#8530,#8531,#8532,#8533,
#8534,#8535,#8536,#8537,#8538),.UNSPECIFIED.,.F.,.F.,(4,2,3,2,4),(-0.111734003966639,
-0.0790335631815613,0.,0.0790335631815611,0.111734003966639),
 .UNSPECIFIED.);
#130=B_SPLINE_CURVE_WITH_KNOTS('',3,(#8555,#8556,#8557,#8558,#8559,#8560,
#8561,#8562,#8563,#8564),.UNSPECIFIED.,.F.,.F.,(4,2,2,2,4),(2.39475635892489,
2.65269860609246,2.91064085326003,3.22055473372909,3.53046861419815),
 .UNSPECIFIED.);
#131=B_SPLINE_CURVE_WITH_KNOTS('',3,(#8570,#8571,#8572,#8573,#8574,#8575),
 .UNSPECIFIED.,.F.,.F.,(4,2,4),(2.39475641327257,2.97124414193106,3.54773187058955),
 .UNSPECIFIED.);
#132=B_SPLINE_CURVE_WITH_KNOTS('',3,(#8582,#8583,#8584,#8585,#8586,#8587,
#8588,#8589,#8590,#8591),.UNSPECIFIED.,.F.,.F.,(4,2,2,2,4),(0.,0.309913939267202,
0.619827878534405,0.87777010042407,1.13571232231374),.UNSPECIFIED.);
#133=B_SPLINE_CURVE_WITH_KNOTS('',3,(#8642,#8643,#8644,#8645,#8646,#8647),
 .UNSPECIFIED.,.F.,.F.,(4,2,4),(0.,0.57648769463505,1.1529753892701),
 .UNSPECIFIED.);
#134=B_SPLINE_CURVE_WITH_KNOTS('',3,(#8664,#8665,#8666,#8667,#8668,#8669),
 .UNSPECIFIED.,.F.,.F.,(4,2,4),(1.37832750167698,1.55075618469649,1.72318486771601),
 .UNSPECIFIED.);
#135=B_SPLINE_CURVE_WITH_KNOTS('',3,(#8688,#8689,#8690,#8691,#8692,#8693),
 .UNSPECIFIED.,.F.,.F.,(4,2,4),(1.38972493352915,1.56215361654866,1.73458229956818),
 .UNSPECIFIED.);
#136=B_SPLINE_CURVE_WITH_KNOTS('',3,(#8711,#8712,#8713,#8714),
 .UNSPECIFIED.,.F.,.F.,(4,4),(0.732790657187171,0.807996582067192),
 .UNSPECIFIED.);
#137=B_SPLINE_CURVE_WITH_KNOTS('',3,(#8715,#8716,#8717,#8718,#8719,#8720,
#8721,#8722,#8723,#8724,#8725,#8726,#8727,#8728),.UNSPECIFIED.,.F.,.F.,
(4,2,2,2,2,2,4),(0.807996582067192,0.838239994331869,0.959795912311114,
1.0795595522878,1.19775490760506,1.32035738359927,1.35106767769597),
 .UNSPECIFIED.);
#138=B_SPLINE_CURVE_WITH_KNOTS('',3,(#8730,#8731,#8732,#8733,#8734,#8735,
#8736,#8737,#8738,#8739,#8740,#8741),.UNSPECIFIED.,.F.,.F.,(4,2,2,2,2,4),
(0.732790657186011,0.838239994330518,0.959795912309536,1.07955955228599,
1.19775490760303,1.27589522389872),.UNSPECIFIED.);
#139=B_SPLINE_CURVE_WITH_KNOTS('',3,(#8742,#8743,#8744,#8745,#8746,#8747),
 .UNSPECIFIED.,.F.,.F.,(4,2,4),(1.27589522389872,1.32035738359702,1.35106767769367),
 .UNSPECIFIED.);
#140=CYLINDRICAL_SURFACE('',#4868,11.0000001788139);
#141=CYLINDRICAL_SURFACE('',#4872,12.);
#142=CYLINDRICAL_SURFACE('',#4878,4.5);
#143=CYLINDRICAL_SURFACE('',#4889,1.75);
#144=CYLINDRICAL_SURFACE('',#4904,11.9999999403954);
#145=CYLINDRICAL_SURFACE('',#4908,1.);
#146=CYLINDRICAL_SURFACE('',#4916,1.);
#147=CYLINDRICAL_SURFACE('',#4917,1.1);
#148=CYLINDRICAL_SURFACE('',#4920,1.1);
#149=CYLINDRICAL_SURFACE('',#4923,1.1);
#150=CYLINDRICAL_SURFACE('',#4927,1.1);
#151=CYLINDRICAL_SURFACE('',#4931,1.1);
#152=CYLINDRICAL_SURFACE('',#4934,1.1);
#153=CYLINDRICAL_SURFACE('',#4994,20.);
#154=CYLINDRICAL_SURFACE('',#5044,18.0069424003194);
#155=CYLINDRICAL_SURFACE('',#5066,3.);
#156=CYLINDRICAL_SURFACE('',#5068,1.5);
#157=CYLINDRICAL_SURFACE('',#5070,1.5);
#158=CYLINDRICAL_SURFACE('',#5072,1.5);
#159=CYLINDRICAL_SURFACE('',#5074,1.5);
#160=CYLINDRICAL_SURFACE('',#5076,1.5);
#161=CYLINDRICAL_SURFACE('',#5078,1.5);
#162=CYLINDRICAL_SURFACE('',#5089,3.);
#163=CYLINDRICAL_SURFACE('',#5091,3.);
#164=CYLINDRICAL_SURFACE('',#5093,20.);
#165=CYLINDRICAL_SURFACE('',#5095,20.);
#166=CYLINDRICAL_SURFACE('',#5097,6.);
#167=CYLINDRICAL_SURFACE('',#5100,2.);
#168=CYLINDRICAL_SURFACE('',#5105,2.);
#169=CYLINDRICAL_SURFACE('',#5109,1.25);
#170=CYLINDRICAL_SURFACE('',#5110,1.25);
#171=CYLINDRICAL_SURFACE('',#5111,0.5);
#172=CYLINDRICAL_SURFACE('',#5125,0.5);
#173=CYLINDRICAL_SURFACE('',#5130,1.);
#174=CYLINDRICAL_SURFACE('',#5133,0.5);
#175=CYLINDRICAL_SURFACE('',#5134,12.0000001788139);
#176=CYLINDRICAL_SURFACE('',#5143,1.);
#177=CYLINDRICAL_SURFACE('',#5147,1.);
#178=CYLINDRICAL_SURFACE('',#5151,1.);
#179=CYLINDRICAL_SURFACE('',#5155,1.75);
#180=CYLINDRICAL_SURFACE('',#5160,3.5);
#181=CYLINDRICAL_SURFACE('',#5165,1.75);
#182=CYLINDRICAL_SURFACE('',#5166,1.);
#183=CYLINDRICAL_SURFACE('',#5168,1.);
#184=CYLINDRICAL_SURFACE('',#5170,1.);
#185=CYLINDRICAL_SURFACE('',#5177,1.75);
#186=CYLINDRICAL_SURFACE('',#5179,1.75);
#187=CYLINDRICAL_SURFACE('',#5184,1.);
#188=CYLINDRICAL_SURFACE('',#5185,0.5);
#189=CYLINDRICAL_SURFACE('',#5187,0.5);
#190=CYLINDRICAL_SURFACE('',#5191,0.5);
#191=CYLINDRICAL_SURFACE('',#5206,1.);
#192=CYLINDRICAL_SURFACE('',#5222,1.);
#193=CYLINDRICAL_SURFACE('',#5223,3.);
#194=CYLINDRICAL_SURFACE('',#5226,3.);
#195=CYLINDRICAL_SURFACE('',#5230,3.);
#196=CYLINDRICAL_SURFACE('',#5233,3.);
#197=CYLINDRICAL_SURFACE('',#5237,3.);
#198=CYLINDRICAL_SURFACE('',#5240,3.);
#199=CYLINDRICAL_SURFACE('',#5246,10.0000001490116);
#200=CYLINDRICAL_SURFACE('',#5250,3.);
#201=CYLINDRICAL_SURFACE('',#5252,3.);
#202=CYLINDRICAL_SURFACE('',#5258,2.);
#203=CYLINDRICAL_SURFACE('',#5260,22.);
#204=CYLINDRICAL_SURFACE('',#5264,22.000000372529);
#205=CYLINDRICAL_SURFACE('',#5265,1.99999999999999);
#206=CYLINDRICAL_SURFACE('',#5267,3.);
#207=CYLINDRICAL_SURFACE('',#5269,3.);
#208=CYLINDRICAL_SURFACE('',#5271,3.);
#209=CYLINDRICAL_SURFACE('',#5276,3.);
#210=CYLINDRICAL_SURFACE('',#5278,3.);
#211=CYLINDRICAL_SURFACE('',#5282,3.);
#212=CYLINDRICAL_SURFACE('',#5284,3.);
#213=CYLINDRICAL_SURFACE('',#5288,3.);
#214=CYLINDRICAL_SURFACE('',#5291,3.);
#215=CYLINDRICAL_SURFACE('',#5292,3.);
#216=CYLINDRICAL_SURFACE('',#5296,3.);
#217=CYLINDRICAL_SURFACE('',#5299,3.);
#218=CYLINDRICAL_SURFACE('',#5302,3.);
#219=CYLINDRICAL_SURFACE('',#5303,3.);
#220=CYLINDRICAL_SURFACE('',#5304,3.);
#221=CYLINDRICAL_SURFACE('',#5309,3.);
#222=CYLINDRICAL_SURFACE('',#5311,10.0000001490116);
#223=CYLINDRICAL_SURFACE('',#5314,1.);
#224=CYLINDRICAL_SURFACE('',#5315,1.);
#225=CYLINDRICAL_SURFACE('',#5317,12.0000001788139);
#226=CYLINDRICAL_SURFACE('',#5318,3.);
#227=CYLINDRICAL_SURFACE('',#5322,3.);
#228=CYLINDRICAL_SURFACE('',#5323,22.000000372529);
#229=CYLINDRICAL_SURFACE('',#5324,22.);
#230=CYLINDRICAL_SURFACE('',#5325,3.);
#231=CYLINDRICAL_SURFACE('',#5328,3.);
#232=CYLINDRICAL_SURFACE('',#5330,3.);
#233=CYLINDRICAL_SURFACE('',#5334,3.);
#234=CYLINDRICAL_SURFACE('',#5337,3.);
#235=CYLINDRICAL_SURFACE('',#5342,3.);
#236=CYLINDRICAL_SURFACE('',#5346,3.);
#237=CYLINDRICAL_SURFACE('',#5351,3.);
#238=CYLINDRICAL_SURFACE('',#5358,3.50000000000001);
#239=CYLINDRICAL_SURFACE('',#5359,1.5);
#240=CYLINDRICAL_SURFACE('',#5360,1.5);
#241=CYLINDRICAL_SURFACE('',#5361,1.5);
#242=CYLINDRICAL_SURFACE('',#5362,1.5);
#243=CYLINDRICAL_SURFACE('',#5363,1.5);
#244=CYLINDRICAL_SURFACE('',#5364,1.5);
#245=CYLINDRICAL_SURFACE('',#5365,1.5);
#246=CYLINDRICAL_SURFACE('',#5366,1.5);
#247=CYLINDRICAL_SURFACE('',#5367,1.5);
#248=CYLINDRICAL_SURFACE('',#5368,1.5);
#249=CYLINDRICAL_SURFACE('',#5369,1.5);
#250=CYLINDRICAL_SURFACE('',#5370,1.5);
#251=CYLINDRICAL_SURFACE('',#5371,1.5);
#252=CYLINDRICAL_SURFACE('',#5372,1.5);
#253=CYLINDRICAL_SURFACE('',#5373,1.5);
#254=CYLINDRICAL_SURFACE('',#5374,1.5);
#255=CYLINDRICAL_SURFACE('',#5375,1.5);
#256=CYLINDRICAL_SURFACE('',#5376,1.5);
#257=CYLINDRICAL_SURFACE('',#5377,1.5);
#258=CYLINDRICAL_SURFACE('',#5378,1.5);
#259=CYLINDRICAL_SURFACE('',#5379,1.5);
#260=CYLINDRICAL_SURFACE('',#5380,1.5);
#261=CYLINDRICAL_SURFACE('',#5381,1.5);
#262=CYLINDRICAL_SURFACE('',#5382,1.5);
#263=CYLINDRICAL_SURFACE('',#5383,1.5);
#264=CYLINDRICAL_SURFACE('',#5384,1.5);
#265=CYLINDRICAL_SURFACE('',#5385,1.5);
#266=CYLINDRICAL_SURFACE('',#5386,1.5);
#267=CYLINDRICAL_SURFACE('',#5387,1.5);
#268=CYLINDRICAL_SURFACE('',#5388,1.5);
#269=CYLINDRICAL_SURFACE('',#5394,1.25);
#270=CYLINDRICAL_SURFACE('',#5395,1.25);
#271=CYLINDRICAL_SURFACE('',#5396,1.75);
#272=CYLINDRICAL_SURFACE('',#5397,1.75);
#273=CYLINDRICAL_SURFACE('',#5398,1.75);
#274=CYLINDRICAL_SURFACE('',#5399,1.75);
#275=FACE_BOUND('',#904,.T.);
#276=FACE_BOUND('',#905,.T.);
#277=FACE_BOUND('',#918,.T.);
#278=FACE_BOUND('',#919,.T.);
#279=FACE_BOUND('',#923,.T.);
#280=FACE_BOUND('',#924,.T.);
#281=FACE_BOUND('',#925,.T.);
#282=FACE_BOUND('',#945,.T.);
#283=FACE_BOUND('',#946,.T.);
#284=FACE_BOUND('',#947,.T.);
#285=FACE_BOUND('',#956,.T.);
#286=FACE_BOUND('',#957,.T.);
#287=FACE_BOUND('',#958,.T.);
#288=FACE_BOUND('',#959,.T.);
#289=FACE_BOUND('',#960,.T.);
#290=FACE_BOUND('',#961,.T.);
#291=FACE_BOUND('',#963,.T.);
#292=FACE_BOUND('',#965,.T.);
#293=FACE_BOUND('',#969,.T.);
#294=FACE_BOUND('',#974,.T.);
#295=FACE_BOUND('',#975,.T.);
#296=FACE_BOUND('',#976,.T.);
#297=FACE_BOUND('',#977,.T.);
#298=FACE_BOUND('',#979,.T.);
#299=FACE_BOUND('',#981,.T.);
#300=FACE_BOUND('',#982,.T.);
#301=FACE_BOUND('',#983,.T.);
#302=FACE_BOUND('',#984,.T.);
#303=FACE_BOUND('',#985,.T.);
#304=FACE_BOUND('',#986,.T.);
#305=FACE_BOUND('',#987,.T.);
#306=FACE_BOUND('',#988,.T.);
#307=FACE_BOUND('',#989,.T.);
#308=FACE_BOUND('',#990,.T.);
#309=FACE_BOUND('',#991,.T.);
#310=FACE_BOUND('',#992,.T.);
#311=FACE_BOUND('',#994,.T.);
#312=FACE_BOUND('',#995,.T.);
#313=FACE_BOUND('',#996,.T.);
#314=FACE_BOUND('',#997,.T.);
#315=FACE_BOUND('',#998,.T.);
#316=FACE_BOUND('',#999,.T.);
#317=FACE_BOUND('',#1000,.T.);
#318=FACE_BOUND('',#1001,.T.);
#319=FACE_BOUND('',#1002,.T.);
#320=FACE_BOUND('',#1003,.T.);
#321=FACE_BOUND('',#1004,.T.);
#322=FACE_BOUND('',#1005,.T.);
#323=FACE_BOUND('',#1007,.T.);
#324=FACE_BOUND('',#1008,.T.);
#325=FACE_BOUND('',#1009,.T.);
#326=FACE_BOUND('',#1010,.T.);
#327=FACE_BOUND('',#1011,.T.);
#328=FACE_BOUND('',#1012,.T.);
#329=FACE_BOUND('',#1014,.T.);
#330=FACE_BOUND('',#1016,.T.);
#331=FACE_BOUND('',#1019,.T.);
#332=FACE_BOUND('',#1020,.T.);
#333=FACE_BOUND('',#1023,.T.);
#334=FACE_BOUND('',#1032,.T.);
#335=FACE_BOUND('',#1033,.T.);
#336=FACE_BOUND('',#1034,.T.);
#337=FACE_BOUND('',#1035,.T.);
#338=FACE_BOUND('',#1036,.T.);
#339=FACE_BOUND('',#1037,.T.);
#340=FACE_BOUND('',#1038,.T.);
#341=FACE_BOUND('',#1050,.T.);
#342=FACE_BOUND('',#1054,.T.);
#343=FACE_BOUND('',#1062,.T.);
#344=FACE_BOUND('',#1103,.T.);
#345=FACE_BOUND('',#1104,.T.);
#346=FACE_BOUND('',#1105,.T.);
#347=FACE_BOUND('',#1106,.T.);
#348=FACE_BOUND('',#1107,.T.);
#349=FACE_BOUND('',#1108,.T.);
#350=FACE_BOUND('',#1112,.T.);
#351=FACE_BOUND('',#1113,.T.);
#352=FACE_BOUND('',#1114,.T.);
#353=FACE_BOUND('',#1115,.T.);
#354=FACE_BOUND('',#1116,.T.);
#355=FACE_BOUND('',#1117,.T.);
#356=FACE_BOUND('',#1118,.T.);
#357=FACE_BOUND('',#1126,.T.);
#358=FACE_BOUND('',#1127,.T.);
#359=FACE_BOUND('',#1166,.T.);
#360=FACE_BOUND('',#1167,.T.);
#361=FACE_BOUND('',#1184,.T.);
#362=FACE_BOUND('',#1187,.T.);
#363=FACE_BOUND('',#1190,.T.);
#364=FACE_BOUND('',#1192,.T.);
#365=FACE_BOUND('',#1195,.T.);
#366=FACE_BOUND('',#1198,.T.);
#367=FACE_BOUND('',#1200,.T.);
#368=FACE_BOUND('',#1203,.T.);
#369=FACE_BOUND('',#1240,.T.);
#370=FACE_BOUND('',#1242,.T.);
#371=CIRCLE('',#4860,18.0069424003194);
#372=CIRCLE('',#4861,18.0069424003194);
#373=CIRCLE('',#4862,1.25);
#374=CIRCLE('',#4863,1.25);
#375=CIRCLE('',#4865,18.0069424003194);
#376=CIRCLE('',#4867,18.0069424003194);
#377=CIRCLE('',#4869,11.0000001788139);
#378=CIRCLE('',#4870,11.0000001788139);
#379=CIRCLE('',#4873,12.);
#380=CIRCLE('',#4874,12.);
#381=CIRCLE('',#4879,4.5);
#382=CIRCLE('',#4880,4.5);
#383=CIRCLE('',#4884,1.75);
#384=CIRCLE('',#4885,1.75);
#385=CIRCLE('',#4886,1.75);
#386=CIRCLE('',#4887,1.75);
#387=CIRCLE('',#4888,1.75);
#388=CIRCLE('',#4890,1.75);
#389=CIRCLE('',#4895,1.75);
#390=CIRCLE('',#4896,0.435889894354066);
#391=CIRCLE('',#4897,11.9999999403954);
#392=CIRCLE('',#4898,11.435890073168);
#393=CIRCLE('',#4899,0.435889894354061);
#394=CIRCLE('',#4900,4.06411010564594);
#395=CIRCLE('',#4901,1.75);
#396=CIRCLE('',#4902,1.75);
#397=CIRCLE('',#4903,1.75);
#398=CIRCLE('',#4905,11.9999999403954);
#399=CIRCLE('',#4907,3.50000000000001);
#400=CIRCLE('',#4909,1.);
#401=CIRCLE('',#4911,1.);
#402=CIRCLE('',#4912,0.999999999999996);
#403=CIRCLE('',#4914,1.);
#404=CIRCLE('',#4915,12.0000001788139);
#405=CIRCLE('',#4918,1.1);
#406=CIRCLE('',#4921,1.1);
#407=CIRCLE('',#4925,1.1);
#408=CIRCLE('',#4929,1.1);
#409=CIRCLE('',#4932,1.1);
#410=CIRCLE('',#4933,1.1);
#411=CIRCLE('',#4935,1.1);
#412=CIRCLE('',#4936,1.1);
#413=CIRCLE('',#4941,11.8284273035601);
#414=CIRCLE('',#4943,9.00000017881393);
#415=CIRCLE('',#4944,3.);
#416=CIRCLE('',#4945,9.00000017881393);
#417=CIRCLE('',#4946,9.00000017881393);
#418=CIRCLE('',#4947,3.);
#419=CIRCLE('',#4948,9.00000017881393);
#420=CIRCLE('',#4949,3.);
#421=CIRCLE('',#4950,3.);
#422=CIRCLE('',#4951,1.75);
#423=CIRCLE('',#4953,11.8284273035601);
#424=CIRCLE('',#4958,9.00000017881393);
#425=CIRCLE('',#4959,9.00000017881393);
#426=CIRCLE('',#4960,3.);
#427=CIRCLE('',#4961,12.0000001788139);
#428=CIRCLE('',#4962,2.99999976158142);
#429=CIRCLE('',#4963,9.00000017881393);
#430=CIRCLE('',#4964,9.00000017881393);
#431=CIRCLE('',#4967,6.);
#432=CIRCLE('',#4968,20.);
#433=CIRCLE('',#4969,3.);
#434=CIRCLE('',#4971,2.);
#435=CIRCLE('',#4972,2.);
#436=CIRCLE('',#4973,18.0069424003194);
#437=CIRCLE('',#4974,1.99999999999999);
#438=CIRCLE('',#4975,1.99999999999999);
#439=CIRCLE('',#4976,1.5);
#440=CIRCLE('',#4977,1.5);
#441=CIRCLE('',#4978,1.5);
#442=CIRCLE('',#4979,1.5);
#443=CIRCLE('',#4980,1.5);
#444=CIRCLE('',#4981,1.5);
#445=CIRCLE('',#4985,20.);
#446=CIRCLE('',#4987,20.);
#447=CIRCLE('',#4990,20.);
#448=CIRCLE('',#4991,3.);
#449=CIRCLE('',#4993,6.);
#450=CIRCLE('',#4995,20.);
#451=CIRCLE('',#4997,3.);
#452=CIRCLE('',#4998,3.);
#453=CIRCLE('',#4999,3.);
#454=CIRCLE('',#5000,3.);
#455=CIRCLE('',#5001,3.);
#456=CIRCLE('',#5002,3.);
#457=CIRCLE('',#5005,3.);
#458=CIRCLE('',#5006,3.);
#459=CIRCLE('',#5007,1.5);
#460=CIRCLE('',#5008,1.5);
#461=CIRCLE('',#5009,1.5);
#462=CIRCLE('',#5010,1.5);
#463=CIRCLE('',#5011,1.5);
#464=CIRCLE('',#5012,1.5);
#465=CIRCLE('',#5013,1.5);
#466=CIRCLE('',#5014,1.5);
#467=CIRCLE('',#5015,1.5);
#468=CIRCLE('',#5016,1.5);
#469=CIRCLE('',#5017,1.5);
#470=CIRCLE('',#5018,1.5);
#471=CIRCLE('',#5020,3.);
#472=CIRCLE('',#5021,3.);
#473=CIRCLE('',#5022,1.5);
#474=CIRCLE('',#5023,1.5);
#475=CIRCLE('',#5024,1.5);
#476=CIRCLE('',#5025,1.5);
#477=CIRCLE('',#5026,1.5);
#478=CIRCLE('',#5027,1.5);
#479=CIRCLE('',#5028,1.5);
#480=CIRCLE('',#5029,1.5);
#481=CIRCLE('',#5030,1.5);
#482=CIRCLE('',#5031,1.5);
#483=CIRCLE('',#5032,1.5);
#484=CIRCLE('',#5033,1.5);
#485=CIRCLE('',#5035,18.0069424003194);
#486=CIRCLE('',#5036,2.);
#487=CIRCLE('',#5037,2.);
#488=CIRCLE('',#5038,1.5);
#489=CIRCLE('',#5039,1.5);
#490=CIRCLE('',#5040,1.5);
#491=CIRCLE('',#5041,1.5);
#492=CIRCLE('',#5042,1.5);
#493=CIRCLE('',#5043,1.5);
#494=CIRCLE('',#5045,18.0069424003194);
#495=CIRCLE('',#5046,18.0069424003194);
#496=CIRCLE('',#5047,18.0069424003194);
#497=CIRCLE('',#5048,18.0069424003194);
#498=CIRCLE('',#5050,1.25);
#499=CIRCLE('',#5053,1.5);
#500=CIRCLE('',#5054,1.5);
#501=CIRCLE('',#5055,1.5);
#502=CIRCLE('',#5056,1.5);
#503=CIRCLE('',#5057,1.5);
#504=CIRCLE('',#5058,1.5);
#505=CIRCLE('',#5059,1.5);
#506=CIRCLE('',#5060,1.5);
#507=CIRCLE('',#5061,1.5);
#508=CIRCLE('',#5062,1.5);
#509=CIRCLE('',#5065,1.25);
#510=CIRCLE('',#5067,3.);
#511=CIRCLE('',#5069,1.5);
#512=CIRCLE('',#5071,1.5);
#513=CIRCLE('',#5073,1.5);
#514=CIRCLE('',#5075,1.5);
#515=CIRCLE('',#5077,1.5);
#516=CIRCLE('',#5079,1.5);
#517=CIRCLE('',#5081,19.);
#518=CIRCLE('',#5082,13.0000001490116);
#519=CIRCLE('',#5083,1.5);
#520=CIRCLE('',#5084,1.5);
#521=CIRCLE('',#5085,1.5);
#522=CIRCLE('',#5086,1.5);
#523=CIRCLE('',#5087,1.5);
#524=CIRCLE('',#5088,1.5);
#525=CIRCLE('',#5090,3.);
#526=CIRCLE('',#5092,3.);
#527=CIRCLE('',#5101,2.);
#528=CIRCLE('',#5103,1.25);
#529=CIRCLE('',#5106,2.);
#530=CIRCLE('',#5108,1.25);
#531=CIRCLE('',#5112,0.5);
#532=CIRCLE('',#5114,0.5);
#533=CIRCLE('',#5115,1.);
#534=CIRCLE('',#5116,1.5);
#535=CIRCLE('',#5118,11.5000001788139);
#536=CIRCLE('',#5119,0.5);
#537=CIRCLE('',#5120,12.0000001788139);
#538=CIRCLE('',#5122,3.);
#539=CIRCLE('',#5123,1.5);
#540=CIRCLE('',#5124,2.25);
#541=CIRCLE('',#5126,0.499999999999989);
#542=CIRCLE('',#5128,0.500000000000005);
#543=CIRCLE('',#5129,1.);
#544=CIRCLE('',#5131,0.999999999999996);
#545=CIRCLE('',#5135,12.0000001788139);
#546=CIRCLE('',#5136,12.0000001788139);
#547=CIRCLE('',#5138,13.0000001490116);
#548=CIRCLE('',#5139,1.5);
#549=CIRCLE('',#5140,22.000000372529);
#550=CIRCLE('',#5142,3.5);
#551=CIRCLE('',#5144,0.999999999999996);
#552=CIRCLE('',#5146,3.5);
#553=CIRCLE('',#5148,1.);
#554=CIRCLE('',#5150,1.);
#555=CIRCLE('',#5152,1.);
#556=CIRCLE('',#5154,1.);
#557=CIRCLE('',#5156,1.75);
#558=CIRCLE('',#5158,1.);
#559=CIRCLE('',#5162,0.5);
#560=CIRCLE('',#5163,1.75);
#561=CIRCLE('',#5164,1.75);
#562=CIRCLE('',#5167,1.);
#563=CIRCLE('',#5169,0.999999999999996);
#564=CIRCLE('',#5171,1.);
#565=CIRCLE('',#5172,1.00000000000001);
#566=CIRCLE('',#5174,1.);
#567=CIRCLE('',#5176,0.5);
#568=CIRCLE('',#5178,1.75);
#569=CIRCLE('',#5180,1.75);
#570=CIRCLE('',#5186,0.499999999999998);
#571=CIRCLE('',#5189,11.5000001788139);
#572=CIRCLE('',#5190,3.00000000000001);
#573=CIRCLE('',#5194,12.0000001788139);
#574=CIRCLE('',#5196,3.50000000000001);
#575=CIRCLE('',#5199,1.5);
#576=CIRCLE('',#5200,1.5);
#577=CIRCLE('',#5201,1.5);
#578=CIRCLE('',#5202,1.5);
#579=CIRCLE('',#5203,1.5);
#580=CIRCLE('',#5204,1.5);
#581=CIRCLE('',#5208,19.000000372529);
#582=CIRCLE('',#5209,1.5);
#583=CIRCLE('',#5210,1.5);
#584=CIRCLE('',#5211,1.5);
#585=CIRCLE('',#5212,1.5);
#586=CIRCLE('',#5213,1.5);
#587=CIRCLE('',#5214,1.5);
#588=CIRCLE('',#5215,1.5);
#589=CIRCLE('',#5216,1.5);
#590=CIRCLE('',#5217,1.5);
#591=CIRCLE('',#5218,1.5);
#592=CIRCLE('',#5219,1.5);
#593=CIRCLE('',#5220,1.5);
#594=CIRCLE('',#5221,13.0000001490116);
#595=CIRCLE('',#5227,3.);
#596=CIRCLE('',#5228,3.);
#597=CIRCLE('',#5231,3.);
#598=CIRCLE('',#5232,3.);
#599=CIRCLE('',#5238,3.);
#600=CIRCLE('',#5239,3.);
#601=CIRCLE('',#5241,3.);
#602=CIRCLE('',#5242,3.);
#603=CIRCLE('',#5244,10.0000001490116);
#604=CIRCLE('',#5247,10.0000001490116);
#605=CIRCLE('',#5251,2.99999976796764);
#606=CIRCLE('',#5253,3.);
#607=CIRCLE('',#5255,22.);
#608=CIRCLE('',#5256,22.);
#609=CIRCLE('',#5257,22.);
#610=CIRCLE('',#5259,2.);
#611=CIRCLE('',#5262,22.000000372529);
#612=CIRCLE('',#5263,22.000000372529);
#613=CIRCLE('',#5266,1.99999999999999);
#614=CIRCLE('',#5270,3.);
#615=CIRCLE('',#5272,3.);
#616=CIRCLE('',#5273,3.);
#617=CIRCLE('',#5275,3.);
#618=CIRCLE('',#5279,3.);
#619=CIRCLE('',#5281,3.);
#620=CIRCLE('',#5283,3.);
#621=CIRCLE('',#5285,3.00000023841857);
#622=CIRCLE('',#5287,13.0000001490116);
#623=CIRCLE('',#5289,3.);
#624=CIRCLE('',#5293,3.);
#625=CIRCLE('',#5295,3.);
#626=CIRCLE('',#5297,3.);
#627=CIRCLE('',#5301,3.);
#628=CIRCLE('',#5305,3.);
#629=CIRCLE('',#5307,3.);
#630=CIRCLE('',#5308,10.0000001490116);
#631=CIRCLE('',#5312,10.0000001490116);
#632=CIRCLE('',#5319,3.);
#633=CIRCLE('',#5321,3.);
#634=CIRCLE('',#5326,3.);
#635=CIRCLE('',#5329,3.);
#636=CIRCLE('',#5331,3.);
#637=CIRCLE('',#5333,1.75);
#638=CIRCLE('',#5335,3.);
#639=CIRCLE('',#5338,3.);
#640=CIRCLE('',#5340,1.75);
#641=CIRCLE('',#5343,3.);
#642=CIRCLE('',#5345,1.75);
#643=CIRCLE('',#5347,3.);
#644=CIRCLE('',#5350,1.75);
#645=CIRCLE('',#5352,3.);
#646=CIRCLE('',#5390,1.25);
#647=CIRCLE('',#5392,1.25);
#648=FACE_OUTER_BOUND('',#901,.T.);
#649=FACE_OUTER_BOUND('',#902,.T.);
#650=FACE_OUTER_BOUND('',#903,.T.);
#651=FACE_OUTER_BOUND('',#906,.T.);
#652=FACE_OUTER_BOUND('',#907,.T.);
#653=FACE_OUTER_BOUND('',#908,.T.);
#654=FACE_OUTER_BOUND('',#909,.T.);
#655=FACE_OUTER_BOUND('',#910,.T.);
#656=FACE_OUTER_BOUND('',#911,.T.);
#657=FACE_OUTER_BOUND('',#912,.T.);
#658=FACE_OUTER_BOUND('',#913,.T.);
#659=FACE_OUTER_BOUND('',#914,.T.);
#660=FACE_OUTER_BOUND('',#915,.T.);
#661=FACE_OUTER_BOUND('',#916,.T.);
#662=FACE_OUTER_BOUND('',#917,.T.);
#663=FACE_OUTER_BOUND('',#920,.T.);
#664=FACE_OUTER_BOUND('',#921,.T.);
#665=FACE_OUTER_BOUND('',#922,.T.);
#666=FACE_OUTER_BOUND('',#926,.T.);
#667=FACE_OUTER_BOUND('',#927,.T.);
#668=FACE_OUTER_BOUND('',#928,.T.);
#669=FACE_OUTER_BOUND('',#929,.T.);
#670=FACE_OUTER_BOUND('',#930,.T.);
#671=FACE_OUTER_BOUND('',#931,.T.);
#672=FACE_OUTER_BOUND('',#932,.T.);
#673=FACE_OUTER_BOUND('',#933,.T.);
#674=FACE_OUTER_BOUND('',#934,.T.);
#675=FACE_OUTER_BOUND('',#935,.T.);
#676=FACE_OUTER_BOUND('',#936,.T.);
#677=FACE_OUTER_BOUND('',#937,.T.);
#678=FACE_OUTER_BOUND('',#938,.T.);
#679=FACE_OUTER_BOUND('',#939,.T.);
#680=FACE_OUTER_BOUND('',#940,.T.);
#681=FACE_OUTER_BOUND('',#941,.T.);
#682=FACE_OUTER_BOUND('',#942,.T.);
#683=FACE_OUTER_BOUND('',#943,.T.);
#684=FACE_OUTER_BOUND('',#944,.T.);
#685=FACE_OUTER_BOUND('',#948,.T.);
#686=FACE_OUTER_BOUND('',#949,.T.);
#687=FACE_OUTER_BOUND('',#950,.T.);
#688=FACE_OUTER_BOUND('',#951,.T.);
#689=FACE_OUTER_BOUND('',#952,.T.);
#690=FACE_OUTER_BOUND('',#953,.T.);
#691=FACE_OUTER_BOUND('',#954,.T.);
#692=FACE_OUTER_BOUND('',#955,.T.);
#693=FACE_OUTER_BOUND('',#962,.T.);
#694=FACE_OUTER_BOUND('',#964,.T.);
#695=FACE_OUTER_BOUND('',#966,.T.);
#696=FACE_OUTER_BOUND('',#967,.T.);
#697=FACE_OUTER_BOUND('',#968,.T.);
#698=FACE_OUTER_BOUND('',#970,.T.);
#699=FACE_OUTER_BOUND('',#971,.T.);
#700=FACE_OUTER_BOUND('',#972,.T.);
#701=FACE_OUTER_BOUND('',#973,.T.);
#702=FACE_OUTER_BOUND('',#978,.T.);
#703=FACE_OUTER_BOUND('',#980,.T.);
#704=FACE_OUTER_BOUND('',#993,.T.);
#705=FACE_OUTER_BOUND('',#1006,.T.);
#706=FACE_OUTER_BOUND('',#1013,.T.);
#707=FACE_OUTER_BOUND('',#1015,.T.);
#708=FACE_OUTER_BOUND('',#1017,.T.);
#709=FACE_OUTER_BOUND('',#1018,.T.);
#710=FACE_OUTER_BOUND('',#1021,.T.);
#711=FACE_OUTER_BOUND('',#1022,.T.);
#712=FACE_OUTER_BOUND('',#1024,.T.);
#713=FACE_OUTER_BOUND('',#1025,.T.);
#714=FACE_OUTER_BOUND('',#1026,.T.);
#715=FACE_OUTER_BOUND('',#1027,.T.);
#716=FACE_OUTER_BOUND('',#1028,.T.);
#717=FACE_OUTER_BOUND('',#1029,.T.);
#718=FACE_OUTER_BOUND('',#1030,.T.);
#719=FACE_OUTER_BOUND('',#1031,.T.);
#720=FACE_OUTER_BOUND('',#1039,.T.);
#721=FACE_OUTER_BOUND('',#1040,.T.);
#722=FACE_OUTER_BOUND('',#1041,.T.);
#723=FACE_OUTER_BOUND('',#1042,.T.);
#724=FACE_OUTER_BOUND('',#1043,.T.);
#725=FACE_OUTER_BOUND('',#1044,.T.);
#726=FACE_OUTER_BOUND('',#1045,.T.);
#727=FACE_OUTER_BOUND('',#1046,.T.);
#728=FACE_OUTER_BOUND('',#1047,.T.);
#729=FACE_OUTER_BOUND('',#1048,.T.);
#730=FACE_OUTER_BOUND('',#1049,.T.);
#731=FACE_OUTER_BOUND('',#1051,.T.);
#732=FACE_OUTER_BOUND('',#1052,.T.);
#733=FACE_OUTER_BOUND('',#1053,.T.);
#734=FACE_OUTER_BOUND('',#1055,.T.);
#735=FACE_OUTER_BOUND('',#1056,.T.);
#736=FACE_OUTER_BOUND('',#1057,.T.);
#737=FACE_OUTER_BOUND('',#1058,.T.);
#738=FACE_OUTER_BOUND('',#1059,.T.);
#739=FACE_OUTER_BOUND('',#1060,.T.);
#740=FACE_OUTER_BOUND('',#1061,.T.);
#741=FACE_OUTER_BOUND('',#1063,.T.);
#742=FACE_OUTER_BOUND('',#1064,.T.);
#743=FACE_OUTER_BOUND('',#1065,.T.);
#744=FACE_OUTER_BOUND('',#1066,.T.);
#745=FACE_OUTER_BOUND('',#1067,.T.);
#746=FACE_OUTER_BOUND('',#1068,.T.);
#747=FACE_OUTER_BOUND('',#1069,.T.);
#748=FACE_OUTER_BOUND('',#1070,.T.);
#749=FACE_OUTER_BOUND('',#1071,.T.);
#750=FACE_OUTER_BOUND('',#1072,.T.);
#751=FACE_OUTER_BOUND('',#1073,.T.);
#752=FACE_OUTER_BOUND('',#1074,.T.);
#753=FACE_OUTER_BOUND('',#1075,.T.);
#754=FACE_OUTER_BOUND('',#1076,.T.);
#755=FACE_OUTER_BOUND('',#1077,.T.);
#756=FACE_OUTER_BOUND('',#1078,.T.);
#757=FACE_OUTER_BOUND('',#1079,.T.);
#758=FACE_OUTER_BOUND('',#1080,.T.);
#759=FACE_OUTER_BOUND('',#1081,.T.);
#760=FACE_OUTER_BOUND('',#1082,.T.);
#761=FACE_OUTER_BOUND('',#1083,.T.);
#762=FACE_OUTER_BOUND('',#1084,.T.);
#763=FACE_OUTER_BOUND('',#1085,.T.);
#764=FACE_OUTER_BOUND('',#1086,.T.);
#765=FACE_OUTER_BOUND('',#1087,.T.);
#766=FACE_OUTER_BOUND('',#1088,.T.);
#767=FACE_OUTER_BOUND('',#1089,.T.);
#768=FACE_OUTER_BOUND('',#1090,.T.);
#769=FACE_OUTER_BOUND('',#1091,.T.);
#770=FACE_OUTER_BOUND('',#1092,.T.);
#771=FACE_OUTER_BOUND('',#1093,.T.);
#772=FACE_OUTER_BOUND('',#1094,.T.);
#773=FACE_OUTER_BOUND('',#1095,.T.);
#774=FACE_OUTER_BOUND('',#1096,.T.);
#775=FACE_OUTER_BOUND('',#1097,.T.);
#776=FACE_OUTER_BOUND('',#1098,.T.);
#777=FACE_OUTER_BOUND('',#1099,.T.);
#778=FACE_OUTER_BOUND('',#1100,.T.);
#779=FACE_OUTER_BOUND('',#1101,.T.);
#780=FACE_OUTER_BOUND('',#1102,.T.);
#781=FACE_OUTER_BOUND('',#1109,.T.);
#782=FACE_OUTER_BOUND('',#1110,.T.);
#783=FACE_OUTER_BOUND('',#1111,.T.);
#784=FACE_OUTER_BOUND('',#1119,.T.);
#785=FACE_OUTER_BOUND('',#1120,.T.);
#786=FACE_OUTER_BOUND('',#1121,.T.);
#787=FACE_OUTER_BOUND('',#1122,.T.);
#788=FACE_OUTER_BOUND('',#1123,.T.);
#789=FACE_OUTER_BOUND('',#1124,.T.);
#790=FACE_OUTER_BOUND('',#1125,.T.);
#791=FACE_OUTER_BOUND('',#1128,.T.);
#792=FACE_OUTER_BOUND('',#1129,.T.);
#793=FACE_OUTER_BOUND('',#1130,.T.);
#794=FACE_OUTER_BOUND('',#1131,.T.);
#795=FACE_OUTER_BOUND('',#1132,.T.);
#796=FACE_OUTER_BOUND('',#1133,.T.);
#797=FACE_OUTER_BOUND('',#1134,.T.);
#798=FACE_OUTER_BOUND('',#1135,.T.);
#799=FACE_OUTER_BOUND('',#1136,.T.);
#800=FACE_OUTER_BOUND('',#1137,.T.);
#801=FACE_OUTER_BOUND('',#1138,.T.);
#802=FACE_OUTER_BOUND('',#1139,.T.);
#803=FACE_OUTER_BOUND('',#1140,.T.);
#804=FACE_OUTER_BOUND('',#1141,.T.);
#805=FACE_OUTER_BOUND('',#1142,.T.);
#806=FACE_OUTER_BOUND('',#1143,.T.);
#807=FACE_OUTER_BOUND('',#1144,.T.);
#808=FACE_OUTER_BOUND('',#1145,.T.);
#809=FACE_OUTER_BOUND('',#1146,.T.);
#810=FACE_OUTER_BOUND('',#1147,.T.);
#811=FACE_OUTER_BOUND('',#1148,.T.);
#812=FACE_OUTER_BOUND('',#1149,.T.);
#813=FACE_OUTER_BOUND('',#1150,.T.);
#814=FACE_OUTER_BOUND('',#1151,.T.);
#815=FACE_OUTER_BOUND('',#1152,.T.);
#816=FACE_OUTER_BOUND('',#1153,.T.);
#817=FACE_OUTER_BOUND('',#1154,.T.);
#818=FACE_OUTER_BOUND('',#1155,.T.);
#819=FACE_OUTER_BOUND('',#1156,.T.);
#820=FACE_OUTER_BOUND('',#1157,.T.);
#821=FACE_OUTER_BOUND('',#1158,.T.);
#822=FACE_OUTER_BOUND('',#1159,.T.);
#823=FACE_OUTER_BOUND('',#1160,.T.);
#824=FACE_OUTER_BOUND('',#1161,.T.);
#825=FACE_OUTER_BOUND('',#1162,.T.);
#826=FACE_OUTER_BOUND('',#1163,.T.);
#827=FACE_OUTER_BOUND('',#1164,.T.);
#828=FACE_OUTER_BOUND('',#1165,.T.);
#829=FACE_OUTER_BOUND('',#1168,.T.);
#830=FACE_OUTER_BOUND('',#1169,.T.);
#831=FACE_OUTER_BOUND('',#1170,.T.);
#832=FACE_OUTER_BOUND('',#1171,.T.);
#833=FACE_OUTER_BOUND('',#1172,.T.);
#834=FACE_OUTER_BOUND('',#1173,.T.);
#835=FACE_OUTER_BOUND('',#1174,.T.);
#836=FACE_OUTER_BOUND('',#1175,.T.);
#837=FACE_OUTER_BOUND('',#1176,.T.);
#838=FACE_OUTER_BOUND('',#1177,.T.);
#839=FACE_OUTER_BOUND('',#1178,.T.);
#840=FACE_OUTER_BOUND('',#1179,.T.);
#841=FACE_OUTER_BOUND('',#1180,.T.);
#842=FACE_OUTER_BOUND('',#1181,.T.);
#843=FACE_OUTER_BOUND('',#1182,.T.);
#844=FACE_OUTER_BOUND('',#1183,.T.);
#845=FACE_OUTER_BOUND('',#1185,.T.);
#846=FACE_OUTER_BOUND('',#1186,.T.);
#847=FACE_OUTER_BOUND('',#1188,.T.);
#848=FACE_OUTER_BOUND('',#1189,.T.);
#849=FACE_OUTER_BOUND('',#1191,.T.);
#850=FACE_OUTER_BOUND('',#1193,.T.);
#851=FACE_OUTER_BOUND('',#1194,.T.);
#852=FACE_OUTER_BOUND('',#1196,.T.);
#853=FACE_OUTER_BOUND('',#1197,.T.);
#854=FACE_OUTER_BOUND('',#1199,.T.);
#855=FACE_OUTER_BOUND('',#1201,.T.);
#856=FACE_OUTER_BOUND('',#1202,.T.);
#857=FACE_OUTER_BOUND('',#1204,.T.);
#858=FACE_OUTER_BOUND('',#1205,.T.);
#859=FACE_OUTER_BOUND('',#1206,.T.);
#860=FACE_OUTER_BOUND('',#1207,.T.);
#861=FACE_OUTER_BOUND('',#1208,.T.);
#862=FACE_OUTER_BOUND('',#1209,.T.);
#863=FACE_OUTER_BOUND('',#1210,.T.);
#864=FACE_OUTER_BOUND('',#1211,.T.);
#865=FACE_OUTER_BOUND('',#1212,.T.);
#866=FACE_OUTER_BOUND('',#1213,.T.);
#867=FACE_OUTER_BOUND('',#1214,.T.);
#868=FACE_OUTER_BOUND('',#1215,.T.);
#869=FACE_OUTER_BOUND('',#1216,.T.);
#870=FACE_OUTER_BOUND('',#1217,.T.);
#871=FACE_OUTER_BOUND('',#1218,.T.);
#872=FACE_OUTER_BOUND('',#1219,.T.);
#873=FACE_OUTER_BOUND('',#1220,.T.);
#874=FACE_OUTER_BOUND('',#1221,.T.);
#875=FACE_OUTER_BOUND('',#1222,.T.);
#876=FACE_OUTER_BOUND('',#1223,.T.);
#877=FACE_OUTER_BOUND('',#1224,.T.);
#878=FACE_OUTER_BOUND('',#1225,.T.);
#879=FACE_OUTER_BOUND('',#1226,.T.);
#880=FACE_OUTER_BOUND('',#1227,.T.);
#881=FACE_OUTER_BOUND('',#1228,.T.);
#882=FACE_OUTER_BOUND('',#1229,.T.);
#883=FACE_OUTER_BOUND('',#1230,.T.);
#884=FACE_OUTER_BOUND('',#1231,.T.);
#885=FACE_OUTER_BOUND('',#1232,.T.);
#886=FACE_OUTER_BOUND('',#1233,.T.);
#887=FACE_OUTER_BOUND('',#1234,.T.);
#888=FACE_OUTER_BOUND('',#1235,.T.);
#889=FACE_OUTER_BOUND('',#1236,.T.);
#890=FACE_OUTER_BOUND('',#1237,.T.);
#891=FACE_OUTER_BOUND('',#1238,.T.);
#892=FACE_OUTER_BOUND('',#1239,.T.);
#893=FACE_OUTER_BOUND('',#1241,.T.);
#894=FACE_OUTER_BOUND('',#1243,.T.);
#895=FACE_OUTER_BOUND('',#1244,.T.);
#896=FACE_OUTER_BOUND('',#1245,.T.);
#897=FACE_OUTER_BOUND('',#1246,.T.);
#898=FACE_OUTER_BOUND('',#1247,.T.);
#899=FACE_OUTER_BOUND('',#1248,.T.);
#900=FACE_OUTER_BOUND('',#1249,.T.);
#901=EDGE_LOOP('',(#3083,#3084,#3085,#3086));
#902=EDGE_LOOP('',(#3087,#3088,#3089,#3090));
#903=EDGE_LOOP('',(#3091,#3092,#3093,#3094,#3095,#3096,#3097,#3098));
#904=EDGE_LOOP('',(#3099));
#905=EDGE_LOOP('',(#3100));
#906=EDGE_LOOP('',(#3101,#3102,#3103,#3104));
#907=EDGE_LOOP('',(#3105,#3106,#3107,#3108));
#908=EDGE_LOOP('',(#3109,#3110,#3111,#3112));
#909=EDGE_LOOP('',(#3113,#3114,#3115,#3116));
#910=EDGE_LOOP('',(#3117,#3118,#3119,#3120));
#911=EDGE_LOOP('',(#3121,#3122,#3123,#3124));
#912=EDGE_LOOP('',(#3125,#3126,#3127,#3128));
#913=EDGE_LOOP('',(#3129,#3130,#3131,#3132));
#914=EDGE_LOOP('',(#3133,#3134,#3135,#3136));
#915=EDGE_LOOP('',(#3137,#3138,#3139,#3140));
#916=EDGE_LOOP('',(#3141,#3142,#3143,#3144));
#917=EDGE_LOOP('',(#3145,#3146,#3147,#3148,#3149,#3150,#3151,#3152,#3153,
#3154,#3155,#3156));
#918=EDGE_LOOP('',(#3157));
#919=EDGE_LOOP('',(#3158));
#920=EDGE_LOOP('',(#3159,#3160,#3161,#3162,#3163,#3164,#3165,#3166));
#921=EDGE_LOOP('',(#3167,#3168,#3169,#3170,#3171,#3172));
#922=EDGE_LOOP('',(#3173,#3174,#3175,#3176,#3177,#3178,#3179,#3180,#3181,
#3182));
#923=EDGE_LOOP('',(#3183));
#924=EDGE_LOOP('',(#3184));
#925=EDGE_LOOP('',(#3185));
#926=EDGE_LOOP('',(#3186,#3187,#3188,#3189,#3190));
#927=EDGE_LOOP('',(#3191,#3192,#3193,#3194));
#928=EDGE_LOOP('',(#3195,#3196,#3197,#3198));
#929=EDGE_LOOP('',(#3199,#3200,#3201,#3202));
#930=EDGE_LOOP('',(#3203,#3204,#3205,#3206));
#931=EDGE_LOOP('',(#3207,#3208,#3209,#3210,#3211,#3212));
#932=EDGE_LOOP('',(#3213,#3214,#3215,#3216));
#933=EDGE_LOOP('',(#3217,#3218,#3219,#3220));
#934=EDGE_LOOP('',(#3221,#3222,#3223,#3224));
#935=EDGE_LOOP('',(#3225));
#936=EDGE_LOOP('',(#3226,#3227,#3228,#3229));
#937=EDGE_LOOP('',(#3230));
#938=EDGE_LOOP('',(#3231,#3232,#3233,#3234));
#939=EDGE_LOOP('',(#3235,#3236,#3237,#3238));
#940=EDGE_LOOP('',(#3239,#3240,#3241,#3242));
#941=EDGE_LOOP('',(#3243,#3244,#3245,#3246));
#942=EDGE_LOOP('',(#3247,#3248,#3249,#3250));
#943=EDGE_LOOP('',(#3251,#3252,#3253,#3254));
#944=EDGE_LOOP('',(#3255,#3256,#3257,#3258,#3259,#3260,#3261,#3262,#3263,
#3264,#3265,#3266));
#945=EDGE_LOOP('',(#3267));
#946=EDGE_LOOP('',(#3268));
#947=EDGE_LOOP('',(#3269));
#948=EDGE_LOOP('',(#3270,#3271,#3272,#3273));
#949=EDGE_LOOP('',(#3274,#3275,#3276,#3277));
#950=EDGE_LOOP('',(#3278,#3279,#3280,#3281));
#951=EDGE_LOOP('',(#3282,#3283,#3284,#3285));
#952=EDGE_LOOP('',(#3286,#3287,#3288,#3289,#3290,#3291,#3292,#3293,#3294,
#3295,#3296,#3297));
#953=EDGE_LOOP('',(#3298,#3299,#3300,#3301));
#954=EDGE_LOOP('',(#3302,#3303,#3304,#3305,#3306,#3307,#3308,#3309,#3310,
#3311));
#955=EDGE_LOOP('',(#3312,#3313,#3314,#3315,#3316,#3317,#3318,#3319,#3320,
#3321,#3322,#3323,#3324,#3325));
#956=EDGE_LOOP('',(#3326));
#957=EDGE_LOOP('',(#3327));
#958=EDGE_LOOP('',(#3328));
#959=EDGE_LOOP('',(#3329));
#960=EDGE_LOOP('',(#3330));
#961=EDGE_LOOP('',(#3331));
#962=EDGE_LOOP('',(#3332,#3333,#3334,#3335,#3336,#3337));
#963=EDGE_LOOP('',(#3338));
#964=EDGE_LOOP('',(#3339,#3340,#3341,#3342));
#965=EDGE_LOOP('',(#3343));
#966=EDGE_LOOP('',(#3344,#3345,#3346,#3347,#3348));
#967=EDGE_LOOP('',(#3349,#3350,#3351,#3352,#3353));
#968=EDGE_LOOP('',(#3354,#3355,#3356,#3357));
#969=EDGE_LOOP('',(#3358));
#970=EDGE_LOOP('',(#3359,#3360,#3361,#3362,#3363));
#971=EDGE_LOOP('',(#3364,#3365,#3366,#3367,#3368));
#972=EDGE_LOOP('',(#3369,#3370,#3371,#3372));
#973=EDGE_LOOP('',(#3373,#3374,#3375,#3376,#3377,#3378,#3379,#3380,#3381,
#3382,#3383,#3384,#3385,#3386,#3387,#3388,#3389,#3390,#3391,#3392));
#974=EDGE_LOOP('',(#3393));
#975=EDGE_LOOP('',(#3394));
#976=EDGE_LOOP('',(#3395));
#977=EDGE_LOOP('',(#3396));
#978=EDGE_LOOP('',(#3397,#3398,#3399,#3400,#3401,#3402));
#979=EDGE_LOOP('',(#3403));
#980=EDGE_LOOP('',(#3404,#3405,#3406,#3407,#3408,#3409,#3410,#3411,#3412,
#3413));
#981=EDGE_LOOP('',(#3414));
#982=EDGE_LOOP('',(#3415));
#983=EDGE_LOOP('',(#3416));
#984=EDGE_LOOP('',(#3417));
#985=EDGE_LOOP('',(#3418));
#986=EDGE_LOOP('',(#3419));
#987=EDGE_LOOP('',(#3420));
#988=EDGE_LOOP('',(#3421));
#989=EDGE_LOOP('',(#3422));
#990=EDGE_LOOP('',(#3423));
#991=EDGE_LOOP('',(#3424));
#992=EDGE_LOOP('',(#3425));
#993=EDGE_LOOP('',(#3426,#3427,#3428,#3429,#3430,#3431,#3432,#3433,#3434,
#3435));
#994=EDGE_LOOP('',(#3436));
#995=EDGE_LOOP('',(#3437));
#996=EDGE_LOOP('',(#3438));
#997=EDGE_LOOP('',(#3439));
#998=EDGE_LOOP('',(#3440));
#999=EDGE_LOOP('',(#3441));
#1000=EDGE_LOOP('',(#3442));
#1001=EDGE_LOOP('',(#3443));
#1002=EDGE_LOOP('',(#3444));
#1003=EDGE_LOOP('',(#3445));
#1004=EDGE_LOOP('',(#3446));
#1005=EDGE_LOOP('',(#3447));
#1006=EDGE_LOOP('',(#3448,#3449,#3450,#3451,#3452,#3453,#3454,#3455));
#1007=EDGE_LOOP('',(#3456));
#1008=EDGE_LOOP('',(#3457));
#1009=EDGE_LOOP('',(#3458));
#1010=EDGE_LOOP('',(#3459));
#1011=EDGE_LOOP('',(#3460));
#1012=EDGE_LOOP('',(#3461));
#1013=EDGE_LOOP('',(#3462,#3463,#3464,#3465,#3466,#3467,#3468,#3469,#3470,
#3471,#3472,#3473,#3474,#3475,#3476,#3477,#3478,#3479,#3480,#3481,#3482,
#3483,#3484,#3485,#3486,#3487,#3488,#3489,#3490,#3491,#3492,#3493,#3494,
#3495,#3496,#3497,#3498,#3499,#3500,#3501,#3502,#3503,#3504,#3505));
#1014=EDGE_LOOP('',(#3506,#3507,#3508,#3509,#3510,#3511,#3512,#3513,#3514,
#3515,#3516,#3517,#3518,#3519,#3520,#3521));
#1015=EDGE_LOOP('',(#3522,#3523,#3524,#3525));
#1016=EDGE_LOOP('',(#3526));
#1017=EDGE_LOOP('',(#3527,#3528,#3529,#3530,#3531,#3532));
#1018=EDGE_LOOP('',(#3533,#3534,#3535,#3536,#3537,#3538,#3539,#3540,#3541,
#3542,#3543,#3544,#3545,#3546,#3547,#3548));
#1019=EDGE_LOOP('',(#3549));
#1020=EDGE_LOOP('',(#3550));
#1021=EDGE_LOOP('',(#3551,#3552,#3553,#3554,#3555,#3556));
#1022=EDGE_LOOP('',(#3557,#3558,#3559,#3560));
#1023=EDGE_LOOP('',(#3561));
#1024=EDGE_LOOP('',(#3562,#3563,#3564,#3565,#3566,#3567,#3568));
#1025=EDGE_LOOP('',(#3569,#3570,#3571,#3572,#3573,#3574));
#1026=EDGE_LOOP('',(#3575,#3576,#3577,#3578,#3579,#3580));
#1027=EDGE_LOOP('',(#3581,#3582,#3583,#3584,#3585,#3586));
#1028=EDGE_LOOP('',(#3587,#3588,#3589,#3590,#3591,#3592));
#1029=EDGE_LOOP('',(#3593,#3594,#3595,#3596,#3597,#3598));
#1030=EDGE_LOOP('',(#3599,#3600,#3601,#3602,#3603,#3604));
#1031=EDGE_LOOP('',(#3605,#3606,#3607,#3608,#3609,#3610,#3611,#3612,#3613,
#3614,#3615,#3616,#3617,#3618,#3619,#3620));
#1032=EDGE_LOOP('',(#3621,#3622,#3623,#3624));
#1033=EDGE_LOOP('',(#3625));
#1034=EDGE_LOOP('',(#3626));
#1035=EDGE_LOOP('',(#3627));
#1036=EDGE_LOOP('',(#3628));
#1037=EDGE_LOOP('',(#3629));
#1038=EDGE_LOOP('',(#3630));
#1039=EDGE_LOOP('',(#3631,#3632,#3633,#3634,#3635,#3636,#3637));
#1040=EDGE_LOOP('',(#3638,#3639,#3640,#3641));
#1041=EDGE_LOOP('',(#3642,#3643,#3644,#3645));
#1042=EDGE_LOOP('',(#3646,#3647,#3648,#3649));
#1043=EDGE_LOOP('',(#3650,#3651,#3652,#3653));
#1044=EDGE_LOOP('',(#3654,#3655,#3656,#3657,#3658,#3659,#3660));
#1045=EDGE_LOOP('',(#3661,#3662,#3663,#3664));
#1046=EDGE_LOOP('',(#3665,#3666,#3667,#3668,#3669));
#1047=EDGE_LOOP('',(#3670,#3671,#3672,#3673));
#1048=EDGE_LOOP('',(#3674,#3675,#3676,#3677));
#1049=EDGE_LOOP('',(#3678,#3679));
#1050=EDGE_LOOP('',(#3680));
#1051=EDGE_LOOP('',(#3681,#3682,#3683,#3684));
#1052=EDGE_LOOP('',(#3685,#3686,#3687,#3688));
#1053=EDGE_LOOP('',(#3689,#3690));
#1054=EDGE_LOOP('',(#3691));
#1055=EDGE_LOOP('',(#3692,#3693,#3694,#3695));
#1056=EDGE_LOOP('',(#3696,#3697,#3698,#3699));
#1057=EDGE_LOOP('',(#3700,#3701,#3702,#3703));
#1058=EDGE_LOOP('',(#3704,#3705,#3706,#3707));
#1059=EDGE_LOOP('',(#3708,#3709,#3710));
#1060=EDGE_LOOP('',(#3711,#3712,#3713,#3714));
#1061=EDGE_LOOP('',(#3715,#3716,#3717,#3718,#3719,#3720,#3721));
#1062=EDGE_LOOP('',(#3722));
#1063=EDGE_LOOP('',(#3723,#3724,#3725,#3726));
#1064=EDGE_LOOP('',(#3727,#3728,#3729,#3730));
#1065=EDGE_LOOP('',(#3731,#3732,#3733));
#1066=EDGE_LOOP('',(#3734,#3735,#3736,#3737,#3738));
#1067=EDGE_LOOP('',(#3739,#3740,#3741,#3742));
#1068=EDGE_LOOP('',(#3743,#3744,#3745,#3746));
#1069=EDGE_LOOP('',(#3747,#3748,#3749,#3750,#3751,#3752));
#1070=EDGE_LOOP('',(#3753,#3754,#3755,#3756,#3757,#3758,#3759,#3760,#3761,
#3762,#3763,#3764,#3765,#3766,#3767,#3768,#3769,#3770,#3771));
#1071=EDGE_LOOP('',(#3772,#3773,#3774,#3775));
#1072=EDGE_LOOP('',(#3776,#3777,#3778,#3779,#3780,#3781));
#1073=EDGE_LOOP('',(#3782,#3783,#3784,#3785));
#1074=EDGE_LOOP('',(#3786,#3787,#3788,#3789,#3790,#3791,#3792));
#1075=EDGE_LOOP('',(#3793,#3794,#3795));
#1076=EDGE_LOOP('',(#3796,#3797,#3798,#3799,#3800));
#1077=EDGE_LOOP('',(#3801,#3802,#3803));
#1078=EDGE_LOOP('',(#3804,#3805,#3806,#3807,#3808,#3809,#3810,#3811));
#1079=EDGE_LOOP('',(#3812,#3813,#3814,#3815));
#1080=EDGE_LOOP('',(#3816,#3817,#3818,#3819));
#1081=EDGE_LOOP('',(#3820,#3821,#3822,#3823));
#1082=EDGE_LOOP('',(#3824,#3825,#3826,#3827,#3828));
#1083=EDGE_LOOP('',(#3829,#3830,#3831,#3832,#3833));
#1084=EDGE_LOOP('',(#3834,#3835,#3836,#3837));
#1085=EDGE_LOOP('',(#3838,#3839,#3840,#3841,#3842,#3843,#3844));
#1086=EDGE_LOOP('',(#3845,#3846,#3847,#3848,#3849));
#1087=EDGE_LOOP('',(#3850,#3851,#3852,#3853));
#1088=EDGE_LOOP('',(#3854,#3855,#3856,#3857,#3858));
#1089=EDGE_LOOP('',(#3859,#3860,#3861,#3862,#3863));
#1090=EDGE_LOOP('',(#3864,#3865,#3866,#3867));
#1091=EDGE_LOOP('',(#3868,#3869,#3870,#3871,#3872,#3873));
#1092=EDGE_LOOP('',(#3874,#3875,#3876,#3877,#3878,#3879));
#1093=EDGE_LOOP('',(#3880,#3881,#3882,#3883,#3884));
#1094=EDGE_LOOP('',(#3885,#3886,#3887,#3888));
#1095=EDGE_LOOP('',(#3889,#3890,#3891,#3892));
#1096=EDGE_LOOP('',(#3893,#3894,#3895,#3896,#3897,#3898,#3899));
#1097=EDGE_LOOP('',(#3900,#3901,#3902,#3903));
#1098=EDGE_LOOP('',(#3904,#3905,#3906,#3907));
#1099=EDGE_LOOP('',(#3908,#3909,#3910,#3911));
#1100=EDGE_LOOP('',(#3912,#3913,#3914,#3915));
#1101=EDGE_LOOP('',(#3916,#3917,#3918,#3919));
#1102=EDGE_LOOP('',(#3920,#3921,#3922,#3923));
#1103=EDGE_LOOP('',(#3924));
#1104=EDGE_LOOP('',(#3925));
#1105=EDGE_LOOP('',(#3926));
#1106=EDGE_LOOP('',(#3927));
#1107=EDGE_LOOP('',(#3928));
#1108=EDGE_LOOP('',(#3929));
#1109=EDGE_LOOP('',(#3930,#3931,#3932,#3933));
#1110=EDGE_LOOP('',(#3934,#3935,#3936,#3937));
#1111=EDGE_LOOP('',(#3938,#3939,#3940,#3941,#3942,#3943,#3944,#3945,#3946,
#3947,#3948,#3949,#3950,#3951,#3952,#3953));
#1112=EDGE_LOOP('',(#3954));
#1113=EDGE_LOOP('',(#3955));
#1114=EDGE_LOOP('',(#3956));
#1115=EDGE_LOOP('',(#3957));
#1116=EDGE_LOOP('',(#3958));
#1117=EDGE_LOOP('',(#3959));
#1118=EDGE_LOOP('',(#3960,#3961,#3962,#3963));
#1119=EDGE_LOOP('',(#3964,#3965,#3966,#3967));
#1120=EDGE_LOOP('',(#3968,#3969,#3970,#3971,#3972,#3973));
#1121=EDGE_LOOP('',(#3974,#3975,#3976,#3977,#3978,#3979,#3980));
#1122=EDGE_LOOP('',(#3981,#3982,#3983,#3984));
#1123=EDGE_LOOP('',(#3985,#3986,#3987,#3988,#3989,#3990,#3991));
#1124=EDGE_LOOP('',(#3992,#3993,#3994,#3995,#3996,#3997));
#1125=EDGE_LOOP('',(#3998,#3999,#4000,#4001));
#1126=EDGE_LOOP('',(#4002));
#1127=EDGE_LOOP('',(#4003));
#1128=EDGE_LOOP('',(#4004,#4005,#4006,#4007,#4008,#4009,#4010));
#1129=EDGE_LOOP('',(#4011,#4012,#4013,#4014,#4015,#4016,#4017));
#1130=EDGE_LOOP('',(#4018,#4019,#4020,#4021));
#1131=EDGE_LOOP('',(#4022,#4023,#4024,#4025,#4026,#4027,#4028,#4029));
#1132=EDGE_LOOP('',(#4030,#4031,#4032,#4033));
#1133=EDGE_LOOP('',(#4034,#4035,#4036,#4037,#4038,#4039,#4040,#4041));
#1134=EDGE_LOOP('',(#4042,#4043,#4044,#4045));
#1135=EDGE_LOOP('',(#4046,#4047,#4048,#4049,#4050,#4051,#4052));
#1136=EDGE_LOOP('',(#4053,#4054,#4055,#4056,#4057,#4058,#4059));
#1137=EDGE_LOOP('',(#4060,#4061,#4062,#4063,#4064,#4065));
#1138=EDGE_LOOP('',(#4066,#4067,#4068,#4069,#4070,#4071));
#1139=EDGE_LOOP('',(#4072,#4073,#4074));
#1140=EDGE_LOOP('',(#4075,#4076,#4077,#4078,#4079,#4080));
#1141=EDGE_LOOP('',(#4081,#4082,#4083));
#1142=EDGE_LOOP('',(#4084,#4085,#4086,#4087,#4088,#4089));
#1143=EDGE_LOOP('',(#4090,#4091,#4092,#4093));
#1144=EDGE_LOOP('',(#4094,#4095,#4096,#4097));
#1145=EDGE_LOOP('',(#4098,#4099,#4100,#4101));
#1146=EDGE_LOOP('',(#4102,#4103,#4104));
#1147=EDGE_LOOP('',(#4105,#4106,#4107,#4108));
#1148=EDGE_LOOP('',(#4109,#4110,#4111,#4112));
#1149=EDGE_LOOP('',(#4113,#4114,#4115));
#1150=EDGE_LOOP('',(#4116,#4117,#4118,#4119));
#1151=EDGE_LOOP('',(#4120,#4121,#4122,#4123));
#1152=EDGE_LOOP('',(#4124,#4125,#4126,#4127,#4128,#4129,#4130,#4131,#4132,
#4133,#4134,#4135,#4136,#4137));
#1153=EDGE_LOOP('',(#4138,#4139,#4140,#4141));
#1154=EDGE_LOOP('',(#4142,#4143,#4144,#4145));
#1155=EDGE_LOOP('',(#4146,#4147,#4148,#4149));
#1156=EDGE_LOOP('',(#4150,#4151,#4152));
#1157=EDGE_LOOP('',(#4153,#4154,#4155,#4156));
#1158=EDGE_LOOP('',(#4157,#4158,#4159,#4160));
#1159=EDGE_LOOP('',(#4161,#4162,#4163));
#1160=EDGE_LOOP('',(#4164,#4165,#4166,#4167));
#1161=EDGE_LOOP('',(#4168,#4169,#4170,#4171));
#1162=EDGE_LOOP('',(#4172,#4173,#4174,#4175,#4176));
#1163=EDGE_LOOP('',(#4177,#4178,#4179,#4180));
#1164=EDGE_LOOP('',(#4181,#4182,#4183,#4184,#4185));
#1165=EDGE_LOOP('',(#4186,#4187,#4188,#4189));
#1166=EDGE_LOOP('',(#4190));
#1167=EDGE_LOOP('',(#4191));
#1168=EDGE_LOOP('',(#4192,#4193,#4194,#4195));
#1169=EDGE_LOOP('',(#4196,#4197,#4198,#4199));
#1170=EDGE_LOOP('',(#4200,#4201,#4202,#4203,#4204));
#1171=EDGE_LOOP('',(#4205,#4206,#4207,#4208,#4209));
#1172=EDGE_LOOP('',(#4210,#4211,#4212,#4213));
#1173=EDGE_LOOP('',(#4214,#4215,#4216,#4217,#4218,#4219,#4220));
#1174=EDGE_LOOP('',(#4221,#4222,#4223,#4224,#4225));
#1175=EDGE_LOOP('',(#4226,#4227,#4228,#4229));
#1176=EDGE_LOOP('',(#4230,#4231,#4232,#4233,#4234));
#1177=EDGE_LOOP('',(#4235,#4236,#4237));
#1178=EDGE_LOOP('',(#4238,#4239,#4240));
#1179=EDGE_LOOP('',(#4241,#4242,#4243,#4244,#4245,#4246));
#1180=EDGE_LOOP('',(#4247,#4248,#4249,#4250,#4251,#4252,#4253,#4254,#4255,
#4256,#4257,#4258,#4259,#4260));
#1181=EDGE_LOOP('',(#4261,#4262,#4263,#4264,#4265,#4266));
#1182=EDGE_LOOP('',(#4267,#4268,#4269,#4270,#4271,#4272));
#1183=EDGE_LOOP('',(#4273));
#1184=EDGE_LOOP('',(#4274));
#1185=EDGE_LOOP('',(#4275,#4276,#4277,#4278));
#1186=EDGE_LOOP('',(#4279));
#1187=EDGE_LOOP('',(#4280));
#1188=EDGE_LOOP('',(#4281,#4282,#4283,#4284));
#1189=EDGE_LOOP('',(#4285));
#1190=EDGE_LOOP('',(#4286));
#1191=EDGE_LOOP('',(#4287));
#1192=EDGE_LOOP('',(#4288));
#1193=EDGE_LOOP('',(#4289,#4290,#4291,#4292));
#1194=EDGE_LOOP('',(#4293));
#1195=EDGE_LOOP('',(#4294));
#1196=EDGE_LOOP('',(#4295,#4296,#4297,#4298,#4299,#4300));
#1197=EDGE_LOOP('',(#4301));
#1198=EDGE_LOOP('',(#4302));
#1199=EDGE_LOOP('',(#4303));
#1200=EDGE_LOOP('',(#4304));
#1201=EDGE_LOOP('',(#4305,#4306,#4307,#4308));
#1202=EDGE_LOOP('',(#4309));
#1203=EDGE_LOOP('',(#4310));
#1204=EDGE_LOOP('',(#4311,#4312,#4313,#4314));
#1205=EDGE_LOOP('',(#4315,#4316,#4317,#4318));
#1206=EDGE_LOOP('',(#4319,#4320,#4321,#4322));
#1207=EDGE_LOOP('',(#4323,#4324,#4325,#4326,#4327,#4328,#4329,#4330));
#1208=EDGE_LOOP('',(#4331,#4332,#4333,#4334));
#1209=EDGE_LOOP('',(#4335,#4336,#4337,#4338));
#1210=EDGE_LOOP('',(#4339,#4340,#4341,#4342,#4343));
#1211=EDGE_LOOP('',(#4344,#4345,#4346,#4347));
#1212=EDGE_LOOP('',(#4348,#4349,#4350,#4351));
#1213=EDGE_LOOP('',(#4352,#4353,#4354,#4355));
#1214=EDGE_LOOP('',(#4356,#4357,#4358,#4359,#4360));
#1215=EDGE_LOOP('',(#4361,#4362,#4363,#4364));
#1216=EDGE_LOOP('',(#4365,#4366,#4367,#4368));
#1217=EDGE_LOOP('',(#4369,#4370,#4371,#4372));
#1218=EDGE_LOOP('',(#4373,#4374,#4375,#4376,#4377));
#1219=EDGE_LOOP('',(#4378,#4379,#4380,#4381,#4382));
#1220=EDGE_LOOP('',(#4383,#4384,#4385,#4386));
#1221=EDGE_LOOP('',(#4387,#4388,#4389,#4390));
#1222=EDGE_LOOP('',(#4391,#4392,#4393,#4394,#4395,#4396));
#1223=EDGE_LOOP('',(#4397,#4398,#4399,#4400));
#1224=EDGE_LOOP('',(#4401,#4402,#4403,#4404));
#1225=EDGE_LOOP('',(#4405,#4406,#4407,#4408,#4409,#4410));
#1226=EDGE_LOOP('',(#4411,#4412,#4413,#4414));
#1227=EDGE_LOOP('',(#4415,#4416,#4417,#4418,#4419,#4420));
#1228=EDGE_LOOP('',(#4421,#4422,#4423,#4424,#4425,#4426));
#1229=EDGE_LOOP('',(#4427,#4428,#4429,#4430));
#1230=EDGE_LOOP('',(#4431,#4432,#4433,#4434,#4435,#4436));
#1231=EDGE_LOOP('',(#4437,#4438,#4439,#4440));
#1232=EDGE_LOOP('',(#4441,#4442,#4443,#4444,#4445,#4446));
#1233=EDGE_LOOP('',(#4447,#4448,#4449,#4450));
#1234=EDGE_LOOP('',(#4451,#4452,#4453,#4454));
#1235=EDGE_LOOP('',(#4455,#4456,#4457,#4458));
#1236=EDGE_LOOP('',(#4459,#4460,#4461,#4462));
#1237=EDGE_LOOP('',(#4463,#4464,#4465,#4466));
#1238=EDGE_LOOP('',(#4467,#4468,#4469,#4470));
#1239=EDGE_LOOP('',(#4471));
#1240=EDGE_LOOP('',(#4472));
#1241=EDGE_LOOP('',(#4473));
#1242=EDGE_LOOP('',(#4474));
#1243=EDGE_LOOP('',(#4475,#4476,#4477,#4478));
#1244=EDGE_LOOP('',(#4479,#4480,#4481,#4482));
#1245=EDGE_LOOP('',(#4483,#4484,#4485,#4486));
#1246=EDGE_LOOP('',(#4487,#4488,#4489,#4490));
#1247=EDGE_LOOP('',(#4491,#4492,#4493,#4494));
#1248=EDGE_LOOP('',(#4495,#4496,#4497,#4498));
#1249=EDGE_LOOP('',(#4499,#4500,#4501,#4502));
#1250=LINE('',#6831,#1589);
#1251=LINE('',#6833,#1590);
#1252=LINE('',#6835,#1591);
#1253=LINE('',#6836,#1592);
#1254=LINE('',#6840,#1593);
#1255=LINE('',#6842,#1594);
#1256=LINE('',#6844,#1595);
#1257=LINE('',#6845,#1596);
#1258=LINE('',#6850,#1597);
#1259=LINE('',#6852,#1598);
#1260=LINE('',#6854,#1599);
#1261=LINE('',#6856,#1600);
#1262=LINE('',#6865,#1601);
#1263=LINE('',#6866,#1602);
#1264=LINE('',#6869,#1603);
#1265=LINE('',#6871,#1604);
#1266=LINE('',#6878,#1605);
#1267=LINE('',#6881,#1606);
#1268=LINE('',#6884,#1607);
#1269=LINE('',#6886,#1608);
#1270=LINE('',#6887,#1609);
#1271=LINE('',#6892,#1610);
#1272=LINE('',#6896,#1611);
#1273=LINE('',#6898,#1612);
#1274=LINE('',#6899,#1613);
#1275=LINE('',#6902,#1614);
#1276=LINE('',#6904,#1615);
#1277=LINE('',#6905,#1616);
#1278=LINE('',#6909,#1617);
#1279=LINE('',#6911,#1618);
#1280=LINE('',#6913,#1619);
#1281=LINE('',#6914,#1620);
#1282=LINE('',#6919,#1621);
#1283=LINE('',#6923,#1622);
#1284=LINE('',#6925,#1623);
#1285=LINE('',#6926,#1624);
#1286=LINE('',#6929,#1625);
#1287=LINE('',#6931,#1626);
#1288=LINE('',#6932,#1627);
#1289=LINE('',#6946,#1628);
#1290=LINE('',#6965,#1629);
#1291=LINE('',#6969,#1630);
#1292=LINE('',#6972,#1631);
#1293=LINE('',#6976,#1632);
#1294=LINE('',#6980,#1633);
#1295=LINE('',#6986,#1634);
#1296=LINE('',#6992,#1635);
#1297=LINE('',#7040,#1636);
#1298=LINE('',#7051,#1637);
#1299=LINE('',#7059,#1638);
#1300=LINE('',#7064,#1639);
#1301=LINE('',#7070,#1640);
#1302=LINE('',#7076,#1641);
#1303=LINE('',#7083,#1642);
#1304=LINE('',#7090,#1643);
#1305=LINE('',#7096,#1644);
#1306=LINE('',#7112,#1645);
#1307=LINE('',#7114,#1646);
#1308=LINE('',#7115,#1647);
#1309=LINE('',#7130,#1648);
#1310=LINE('',#7132,#1649);
#1311=LINE('',#7133,#1650);
#1312=LINE('',#7135,#1651);
#1313=LINE('',#7136,#1652);
#1314=LINE('',#7147,#1653);
#1315=LINE('',#7149,#1654);
#1316=LINE('',#7151,#1655);
#1317=LINE('',#7168,#1656);
#1318=LINE('',#7170,#1657);
#1319=LINE('',#7171,#1658);
#1320=LINE('',#7185,#1659);
#1321=LINE('',#7186,#1660);
#1322=LINE('',#7189,#1661);
#1323=LINE('',#7190,#1662);
#1324=LINE('',#7203,#1663);
#1325=LINE('',#7251,#1664);
#1326=LINE('',#7253,#1665);
#1327=LINE('',#7255,#1666);
#1328=LINE('',#7256,#1667);
#1329=LINE('',#7260,#1668);
#1330=LINE('',#7262,#1669);
#1331=LINE('',#7266,#1670);
#1332=LINE('',#7269,#1671);
#1333=LINE('',#7271,#1672);
#1334=LINE('',#7274,#1673);
#1335=LINE('',#7277,#1674);
#1336=LINE('',#7279,#1675);
#1337=LINE('',#7281,#1676);
#1338=LINE('',#7287,#1677);
#1339=LINE('',#7291,#1678);
#1340=LINE('',#7297,#1679);
#1341=LINE('',#7299,#1680);
#1342=LINE('',#7300,#1681);
#1343=LINE('',#7315,#1682);
#1344=LINE('',#7317,#1683);
#1345=LINE('',#7319,#1684);
#1346=LINE('',#7320,#1685);
#1347=LINE('',#7323,#1686);
#1348=LINE('',#7324,#1687);
#1349=LINE('',#7327,#1688);
#1350=LINE('',#7329,#1689);
#1351=LINE('',#7332,#1690);
#1352=LINE('',#7336,#1691);
#1353=LINE('',#7338,#1692);
#1354=LINE('',#7340,#1693);
#1355=LINE('',#7343,#1694);
#1356=LINE('',#7346,#1695);
#1357=LINE('',#7348,#1696);
#1358=LINE('',#7349,#1697);
#1359=LINE('',#7353,#1698);
#1360=LINE('',#7356,#1699);
#1361=LINE('',#7359,#1700);
#1362=LINE('',#7361,#1701);
#1363=LINE('',#7367,#1702);
#1364=LINE('',#7368,#1703);
#1365=LINE('',#7374,#1704);
#1366=LINE('',#7375,#1705);
#1367=LINE('',#7376,#1706);
#1368=LINE('',#7378,#1707);
#1369=LINE('',#7379,#1708);
#1370=LINE('',#7389,#1709);
#1371=LINE('',#7391,#1710);
#1372=LINE('',#7392,#1711);
#1373=LINE('',#7395,#1712);
#1374=LINE('',#7397,#1713);
#1375=LINE('',#7399,#1714);
#1376=LINE('',#7403,#1715);
#1377=LINE('',#7405,#1716);
#1378=LINE('',#7407,#1717);
#1379=LINE('',#7410,#1718);
#1380=LINE('',#7437,#1719);
#1381=LINE('',#7439,#1720);
#1382=LINE('',#7443,#1721);
#1383=LINE('',#7445,#1722);
#1384=LINE('',#7447,#1723);
#1385=LINE('',#7451,#1724);
#1386=LINE('',#7452,#1725);
#1387=LINE('',#7482,#1726);
#1388=LINE('',#7486,#1727);
#1389=LINE('',#7488,#1728);
#1390=LINE('',#7490,#1729);
#1391=LINE('',#7493,#1730);
#1392=LINE('',#7521,#1731);
#1393=LINE('',#7533,#1732);
#1394=LINE('',#7545,#1733);
#1395=LINE('',#7557,#1734);
#1396=LINE('',#7569,#1735);
#1397=LINE('',#7581,#1736);
#1398=LINE('',#7593,#1737);
#1399=LINE('',#7620,#1738);
#1400=LINE('',#7632,#1739);
#1401=LINE('',#7644,#1740);
#1402=LINE('',#7656,#1741);
#1403=LINE('',#7668,#1742);
#1404=LINE('',#7680,#1743);
#1405=LINE('',#7692,#1744);
#1406=LINE('',#7708,#1745);
#1407=LINE('',#7712,#1746);
#1408=LINE('',#7715,#1747);
#1409=LINE('',#7718,#1748);
#1410=LINE('',#7721,#1749);
#1411=LINE('',#7722,#1750);
#1412=LINE('',#7727,#1751);
#1413=LINE('',#7729,#1752);
#1414=LINE('',#7731,#1753);
#1415=LINE('',#7732,#1754);
#1416=LINE('',#7735,#1755);
#1417=LINE('',#7740,#1756);
#1418=LINE('',#7745,#1757);
#1419=LINE('',#7746,#1758);
#1420=LINE('',#7759,#1759);
#1421=LINE('',#7760,#1760);
#1422=LINE('',#7762,#1761);
#1423=LINE('',#7767,#1762);
#1424=LINE('',#7770,#1763);
#1425=LINE('',#7771,#1764);
#1426=LINE('',#7773,#1765);
#1427=LINE('',#7776,#1766);
#1428=LINE('',#7779,#1767);
#1429=LINE('',#7782,#1768);
#1430=LINE('',#7785,#1769);
#1431=LINE('',#7788,#1770);
#1432=LINE('',#7792,#1771);
#1433=LINE('',#7796,#1772);
#1434=LINE('',#7798,#1773);
#1435=LINE('',#7800,#1774);
#1436=LINE('',#7829,#1775);
#1437=LINE('',#7831,#1776);
#1438=LINE('',#7833,#1777);
#1439=LINE('',#7834,#1778);
#1440=LINE('',#7837,#1779);
#1441=LINE('',#7840,#1780);
#1442=LINE('',#7842,#1781);
#1443=LINE('',#7844,#1782);
#1444=LINE('',#7845,#1783);
#1445=LINE('',#7853,#1784);
#1446=LINE('',#7855,#1785);
#1447=LINE('',#7856,#1786);
#1448=LINE('',#7863,#1787);
#1449=LINE('',#7865,#1788);
#1450=LINE('',#7871,#1789);
#1451=LINE('',#7887,#1790);
#1452=LINE('',#7953,#1791);
#1453=LINE('',#7956,#1792);
#1454=LINE('',#7977,#1793);
#1455=LINE('',#8041,#1794);
#1456=LINE('',#8044,#1795);
#1457=LINE('',#8047,#1796);
#1458=LINE('',#8048,#1797);
#1459=LINE('',#8050,#1798);
#1460=LINE('',#8053,#1799);
#1461=LINE('',#8055,#1800);
#1462=LINE('',#8059,#1801);
#1463=LINE('',#8063,#1802);
#1464=LINE('',#8065,#1803);
#1465=LINE('',#8069,#1804);
#1466=LINE('',#8071,#1805);
#1467=LINE('',#8073,#1806);
#1468=LINE('',#8077,#1807);
#1469=LINE('',#8078,#1808);
#1470=LINE('',#8080,#1809);
#1471=LINE('',#8082,#1810);
#1472=LINE('',#8084,#1811);
#1473=LINE('',#8088,#1812);
#1474=LINE('',#8090,#1813);
#1475=LINE('',#8091,#1814);
#1476=LINE('',#8122,#1815);
#1477=LINE('',#8146,#1816);
#1478=LINE('',#8152,#1817);
#1479=LINE('',#8156,#1818);
#1480=LINE('',#8165,#1819);
#1481=LINE('',#8170,#1820);
#1482=LINE('',#8171,#1821);
#1483=LINE('',#8174,#1822);
#1484=LINE('',#8289,#1823);
#1485=LINE('',#8315,#1824);
#1486=LINE('',#8319,#1825);
#1487=LINE('',#8323,#1826);
#1488=LINE('',#8327,#1827);
#1489=LINE('',#8338,#1828);
#1490=LINE('',#8342,#1829);
#1491=LINE('',#8358,#1830);
#1492=LINE('',#8363,#1831);
#1493=LINE('',#8380,#1832);
#1494=LINE('',#8382,#1833);
#1495=LINE('',#8389,#1834);
#1496=LINE('',#8390,#1835);
#1497=LINE('',#8393,#1836);
#1498=LINE('',#8394,#1837);
#1499=LINE('',#8408,#1838);
#1500=LINE('',#8421,#1839);
#1501=LINE('',#8431,#1840);
#1502=LINE('',#8434,#1841);
#1503=LINE('',#8437,#1842);
#1504=LINE('',#8457,#1843);
#1505=LINE('',#8459,#1844);
#1506=LINE('',#8480,#1845);
#1507=LINE('',#8484,#1846);
#1508=LINE('',#8487,#1847);
#1509=LINE('',#8490,#1848);
#1510=LINE('',#8495,#1849);
#1511=LINE('',#8496,#1850);
#1512=LINE('',#8503,#1851);
#1513=LINE('',#8506,#1852);
#1514=LINE('',#8509,#1853);
#1515=LINE('',#8511,#1854);
#1516=LINE('',#8512,#1855);
#1517=LINE('',#8541,#1856);
#1518=LINE('',#8551,#1857);
#1519=LINE('',#8565,#1858);
#1520=LINE('',#8578,#1859);
#1521=LINE('',#8593,#1860);
#1522=LINE('',#8597,#1861);
#1523=LINE('',#8602,#1862);
#1524=LINE('',#8608,#1863);
#1525=LINE('',#8610,#1864);
#1526=LINE('',#8614,#1865);
#1527=LINE('',#8616,#1866);
#1528=LINE('',#8622,#1867);
#1529=LINE('',#8626,#1868);
#1530=LINE('',#8628,#1869);
#1531=LINE('',#8629,#1870);
#1532=LINE('',#8630,#1871);
#1533=LINE('',#8632,#1872);
#1534=LINE('',#8636,#1873);
#1535=LINE('',#8637,#1874);
#1536=LINE('',#8662,#1875);
#1537=LINE('',#8675,#1876);
#1538=LINE('',#8678,#1877);
#1539=LINE('',#8679,#1878);
#1540=LINE('',#8682,#1879);
#1541=LINE('',#8685,#1880);
#1542=LINE('',#8695,#1881);
#1543=LINE('',#8703,#1882);
#1544=LINE('',#8707,#1883);
#1545=LINE('',#8750,#1884);
#1546=LINE('',#8754,#1885);
#1547=LINE('',#8761,#1886);
#1548=LINE('',#8766,#1887);
#1549=LINE('',#8774,#1888);
#1550=LINE('',#8781,#1889);
#1551=LINE('',#8789,#1890);
#1552=LINE('',#8795,#1891);
#1553=LINE('',#8799,#1892);
#1554=LINE('',#8801,#1893);
#1555=LINE('',#8803,#1894);
#1556=LINE('',#8805,#1895);
#1557=LINE('',#8807,#1896);
#1558=LINE('',#8809,#1897);
#1559=LINE('',#8811,#1898);
#1560=LINE('',#8813,#1899);
#1561=LINE('',#8815,#1900);
#1562=LINE('',#8817,#1901);
#1563=LINE('',#8819,#1902);
#1564=LINE('',#8821,#1903);
#1565=LINE('',#8823,#1904);
#1566=LINE('',#8825,#1905);
#1567=LINE('',#8827,#1906);
#1568=LINE('',#8829,#1907);
#1569=LINE('',#8831,#1908);
#1570=LINE('',#8833,#1909);
#1571=LINE('',#8835,#1910);
#1572=LINE('',#8837,#1911);
#1573=LINE('',#8839,#1912);
#1574=LINE('',#8841,#1913);
#1575=LINE('',#8843,#1914);
#1576=LINE('',#8845,#1915);
#1577=LINE('',#8847,#1916);
#1578=LINE('',#8849,#1917);
#1579=LINE('',#8851,#1918);
#1580=LINE('',#8853,#1919);
#1581=LINE('',#8855,#1920);
#1582=LINE('',#8857,#1921);
#1583=LINE('',#8866,#1922);
#1584=LINE('',#8868,#1923);
#1585=LINE('',#8870,#1924);
#1586=LINE('',#8872,#1925);
#1587=LINE('',#8874,#1926);
#1588=LINE('',#8876,#1927);
#1589=VECTOR('',#5404,10.);
#1590=VECTOR('',#5405,10.);
#1591=VECTOR('',#5406,10.);
#1592=VECTOR('',#5407,10.);
#1593=VECTOR('',#5410,10.);
#1594=VECTOR('',#5411,10.);
#1595=VECTOR('',#5412,10.);
#1596=VECTOR('',#5413,10.);
#1597=VECTOR('',#5418,10.);
#1598=VECTOR('',#5419,10.);
#1599=VECTOR('',#5420,10.);
#1600=VECTOR('',#5423,10.);
#1601=VECTOR('',#5432,10.);
#1602=VECTOR('',#5433,10.);
#1603=VECTOR('',#5436,10.);
#1604=VECTOR('',#5437,10.);
#1605=VECTOR('',#5444,10.);
#1606=VECTOR('',#5447,10.);
#1607=VECTOR('',#5450,10.);
#1608=VECTOR('',#5451,10.);
#1609=VECTOR('',#5452,10.);
#1610=VECTOR('',#5457,10.);
#1611=VECTOR('',#5462,10.);
#1612=VECTOR('',#5463,10.);
#1613=VECTOR('',#5464,10.);
#1614=VECTOR('',#5467,10.);
#1615=VECTOR('',#5468,10.);
#1616=VECTOR('',#5469,10.);
#1617=VECTOR('',#5472,10.);
#1618=VECTOR('',#5473,10.);
#1619=VECTOR('',#5474,10.);
#1620=VECTOR('',#5475,10.);
#1621=VECTOR('',#5480,10.);
#1622=VECTOR('',#5485,10.);
#1623=VECTOR('',#5486,10.);
#1624=VECTOR('',#5487,10.);
#1625=VECTOR('',#5490,10.);
#1626=VECTOR('',#5491,10.);
#1627=VECTOR('',#5492,10.);
#1628=VECTOR('',#5509,1.75);
#1629=VECTOR('',#5512,10.);
#1630=VECTOR('',#5515,10.);
#1631=VECTOR('',#5518,10.);
#1632=VECTOR('',#5521,10.);
#1633=VECTOR('',#5524,10.);
#1634=VECTOR('',#5529,10.);
#1635=VECTOR('',#5534,10.);
#1636=VECTOR('',#5555,10.);
#1637=VECTOR('',#5570,10.);
#1638=VECTOR('',#5571,10.);
#1639=VECTOR('',#5576,1.1);
#1640=VECTOR('',#5583,1.1);
#1641=VECTOR('',#5590,1.1);
#1642=VECTOR('',#5599,1.1);
#1643=VECTOR('',#5608,1.1);
#1644=VECTOR('',#5615,1.1);
#1645=VECTOR('',#5620,10.);
#1646=VECTOR('',#5621,10.);
#1647=VECTOR('',#5622,10.);
#1648=VECTOR('',#5625,10.);
#1649=VECTOR('',#5626,10.);
#1650=VECTOR('',#5627,10.);
#1651=VECTOR('',#5630,10.);
#1652=VECTOR('',#5631,10.);
#1653=VECTOR('',#5644,10.);
#1654=VECTOR('',#5645,10.);
#1655=VECTOR('',#5646,10.);
#1656=VECTOR('',#5663,10.);
#1657=VECTOR('',#5664,10.);
#1658=VECTOR('',#5665,10.);
#1659=VECTOR('',#5668,10.);
#1660=VECTOR('',#5669,10.);
#1661=VECTOR('',#5672,10.);
#1662=VECTOR('',#5673,10.);
#1663=VECTOR('',#5676,10.);
#1664=VECTOR('',#5695,10.);
#1665=VECTOR('',#5696,10.);
#1666=VECTOR('',#5697,10.);
#1667=VECTOR('',#5698,10.);
#1668=VECTOR('',#5701,10.);
#1669=VECTOR('',#5702,10.);
#1670=VECTOR('',#5705,10.);
#1671=VECTOR('',#5708,10.);
#1672=VECTOR('',#5709,10.);
#1673=VECTOR('',#5712,10.);
#1674=VECTOR('',#5715,10.);
#1675=VECTOR('',#5716,10.);
#1676=VECTOR('',#5717,10.);
#1677=VECTOR('',#5722,10.);
#1678=VECTOR('',#5725,10.);
#1679=VECTOR('',#5730,10.);
#1680=VECTOR('',#5731,10.);
#1681=VECTOR('',#5732,10.);
#1682=VECTOR('',#5747,10.);
#1683=VECTOR('',#5748,10.);
#1684=VECTOR('',#5749,10.);
#1685=VECTOR('',#5750,10.);
#1686=VECTOR('',#5753,10.);
#1687=VECTOR('',#5754,10.);
#1688=VECTOR('',#5757,10.);
#1689=VECTOR('',#5758,10.);
#1690=VECTOR('',#5761,10.);
#1691=VECTOR('',#5764,10.);
#1692=VECTOR('',#5765,10.);
#1693=VECTOR('',#5766,10.);
#1694=VECTOR('',#5769,10.);
#1695=VECTOR('',#5772,10.);
#1696=VECTOR('',#5773,10.);
#1697=VECTOR('',#5774,10.);
#1698=VECTOR('',#5777,10.);
#1699=VECTOR('',#5780,10.);
#1700=VECTOR('',#5785,10.);
#1701=VECTOR('',#5786,10.);
#1702=VECTOR('',#5793,10.);
#1703=VECTOR('',#5794,10.);
#1704=VECTOR('',#5801,10.);
#1705=VECTOR('',#5802,10.);
#1706=VECTOR('',#5803,10.);
#1707=VECTOR('',#5804,10.);
#1708=VECTOR('',#5805,10.);
#1709=VECTOR('',#5816,10.);
#1710=VECTOR('',#5817,10.);
#1711=VECTOR('',#5818,10.);
#1712=VECTOR('',#5821,10.);
#1713=VECTOR('',#5822,10.);
#1714=VECTOR('',#5823,10.);
#1715=VECTOR('',#5826,10.);
#1716=VECTOR('',#5827,10.);
#1717=VECTOR('',#5828,10.);
#1718=VECTOR('',#5831,10.);
#1719=VECTOR('',#5858,10.);
#1720=VECTOR('',#5859,10.);
#1721=VECTOR('',#5862,10.);
#1722=VECTOR('',#5863,10.);
#1723=VECTOR('',#5864,10.);
#1724=VECTOR('',#5867,10.);
#1725=VECTOR('',#5868,10.);
#1726=VECTOR('',#5897,10.);
#1727=VECTOR('',#5900,10.);
#1728=VECTOR('',#5901,10.);
#1729=VECTOR('',#5902,10.);
#1730=VECTOR('',#5905,10.);
#1731=VECTOR('',#5920,10.);
#1732=VECTOR('',#5921,10.);
#1733=VECTOR('',#5922,10.);
#1734=VECTOR('',#5923,10.);
#1735=VECTOR('',#5924,10.);
#1736=VECTOR('',#5925,10.);
#1737=VECTOR('',#5926,10.);
#1738=VECTOR('',#5927,10.);
#1739=VECTOR('',#5928,10.);
#1740=VECTOR('',#5929,10.);
#1741=VECTOR('',#5930,10.);
#1742=VECTOR('',#5931,10.);
#1743=VECTOR('',#5932,10.);
#1744=VECTOR('',#5933,10.);
#1745=VECTOR('',#5936,10.);
#1746=VECTOR('',#5939,10.);
#1747=VECTOR('',#5942,10.);
#1748=VECTOR('',#5945,10.);
#1749=VECTOR('',#5948,10.);
#1750=VECTOR('',#5949,10.);
#1751=VECTOR('',#5954,10.);
#1752=VECTOR('',#5955,10.);
#1753=VECTOR('',#5956,10.);
#1754=VECTOR('',#5957,10.);
#1755=VECTOR('',#5960,10.);
#1756=VECTOR('',#5965,10.);
#1757=VECTOR('',#5970,10.);
#1758=VECTOR('',#5971,10.);
#1759=VECTOR('',#5986,10.);
#1760=VECTOR('',#5987,10.);
#1761=VECTOR('',#5990,10.);
#1762=VECTOR('',#5995,10.);
#1763=VECTOR('',#5998,10.);
#1764=VECTOR('',#5999,10.);
#1765=VECTOR('',#6002,1.5);
#1766=VECTOR('',#6007,1.5);
#1767=VECTOR('',#6012,1.5);
#1768=VECTOR('',#6017,1.5);
#1769=VECTOR('',#6022,1.5);
#1770=VECTOR('',#6027,1.5);
#1771=VECTOR('',#6032,10.);
#1772=VECTOR('',#6035,10.);
#1773=VECTOR('',#6036,10.);
#1774=VECTOR('',#6037,10.);
#1775=VECTOR('',#6062,20.);
#1776=VECTOR('',#6065,10.);
#1777=VECTOR('',#6068,10.);
#1778=VECTOR('',#6069,10.);
#1779=VECTOR('',#6074,10.);
#1780=VECTOR('',#6079,10.);
#1781=VECTOR('',#6080,10.);
#1782=VECTOR('',#6081,10.);
#1783=VECTOR('',#6082,10.);
#1784=VECTOR('',#6093,10.);
#1785=VECTOR('',#6094,10.);
#1786=VECTOR('',#6095,10.);
#1787=VECTOR('',#6106,1.25);
#1788=VECTOR('',#6109,1.25);
#1789=VECTOR('',#6114,10.);
#1790=VECTOR('',#6115,10.);
#1791=VECTOR('',#6136,10.);
#1792=VECTOR('',#6139,10.);
#1793=VECTOR('',#6146,10.);
#1794=VECTOR('',#6155,10.);
#1795=VECTOR('',#6158,10.);
#1796=VECTOR('',#6161,10.);
#1797=VECTOR('',#6162,10.);
#1798=VECTOR('',#6165,10.);
#1799=VECTOR('',#6168,10.);
#1800=VECTOR('',#6169,10.);
#1801=VECTOR('',#6172,10.);
#1802=VECTOR('',#6177,10.);
#1803=VECTOR('',#6178,10.);
#1804=VECTOR('',#6181,10.);
#1805=VECTOR('',#6182,10.);
#1806=VECTOR('',#6183,10.);
#1807=VECTOR('',#6186,10.);
#1808=VECTOR('',#6187,10.);
#1809=VECTOR('',#6188,10.);
#1810=VECTOR('',#6189,10.);
#1811=VECTOR('',#6190,10.);
#1812=VECTOR('',#6193,10.);
#1813=VECTOR('',#6194,10.);
#1814=VECTOR('',#6195,10.);
#1815=VECTOR('',#6202,10.);
#1816=VECTOR('',#6221,10.);
#1817=VECTOR('',#6230,1.75);
#1818=VECTOR('',#6237,10.);
#1819=VECTOR('',#6250,1.75);
#1820=VECTOR('',#6255,10.);
#1821=VECTOR('',#6256,10.);
#1822=VECTOR('',#6259,10.);
#1823=VECTOR('',#6266,10.);
#1824=VECTOR('',#6279,1.75);
#1825=VECTOR('',#6284,1.75);
#1826=VECTOR('',#6289,10.);
#1827=VECTOR('',#6292,10.);
#1828=VECTOR('',#6299,10.);
#1829=VECTOR('',#6304,10.);
#1830=VECTOR('',#6305,10.);
#1831=VECTOR('',#6312,10.);
#1832=VECTOR('',#6315,10.);
#1833=VECTOR('',#6318,10.);
#1834=VECTOR('',#6329,10.);
#1835=VECTOR('',#6330,10.);
#1836=VECTOR('',#6333,10.);
#1837=VECTOR('',#6334,10.);
#1838=VECTOR('',#6349,10.);
#1839=VECTOR('',#6352,10.);
#1840=VECTOR('',#6353,10.);
#1841=VECTOR('',#6356,10.);
#1842=VECTOR('',#6359,10.);
#1843=VECTOR('',#6384,10.);
#1844=VECTOR('',#6385,10.);
#1845=VECTOR('',#6390,10.);
#1846=VECTOR('',#6395,10.);
#1847=VECTOR('',#6398,10.);
#1848=VECTOR('',#6401,10.);
#1849=VECTOR('',#6408,10.);
#1850=VECTOR('',#6409,10.);
#1851=VECTOR('',#6420,10.);
#1852=VECTOR('',#6423,10.);
#1853=VECTOR('',#6426,10.);
#1854=VECTOR('',#6427,10.);
#1855=VECTOR('',#6428,10.);
#1856=VECTOR('',#6461,10.);
#1857=VECTOR('',#6474,2.);
#1858=VECTOR('',#6479,10.);
#1859=VECTOR('',#6490,1.99999999999999);
#1860=VECTOR('',#6495,10.);
#1861=VECTOR('',#6500,10.);
#1862=VECTOR('',#6507,10.);
#1863=VECTOR('',#6516,10.);
#1864=VECTOR('',#6517,10.);
#1865=VECTOR('',#6522,10.);
#1866=VECTOR('',#6525,10.);
#1867=VECTOR('',#6536,10.);
#1868=VECTOR('',#6541,10.);
#1869=VECTOR('',#6542,10.);
#1870=VECTOR('',#6543,10.);
#1871=VECTOR('',#6544,10.);
#1872=VECTOR('',#6545,10.);
#1873=VECTOR('',#6548,10.);
#1874=VECTOR('',#6549,10.);
#1875=VECTOR('',#6584,10.);
#1876=VECTOR('',#6595,10.);
#1877=VECTOR('',#6598,10.);
#1878=VECTOR('',#6599,10.);
#1879=VECTOR('',#6602,10.);
#1880=VECTOR('',#6607,10.);
#1881=VECTOR('',#6614,10.);
#1882=VECTOR('',#6629,10.);
#1883=VECTOR('',#6634,3.);
#1884=VECTOR('',#6641,3.);
#1885=VECTOR('',#6646,3.);
#1886=VECTOR('',#6655,3.);
#1887=VECTOR('',#6662,3.);
#1888=VECTOR('',#6673,3.);
#1889=VECTOR('',#6682,3.);
#1890=VECTOR('',#6693,3.);
#1891=VECTOR('',#6704,10.);
#1892=VECTOR('',#6711,1.5);
#1893=VECTOR('',#6714,1.5);
#1894=VECTOR('',#6717,1.5);
#1895=VECTOR('',#6720,1.5);
#1896=VECTOR('',#6723,1.5);
#1897=VECTOR('',#6726,1.5);
#1898=VECTOR('',#6729,1.5);
#1899=VECTOR('',#6732,1.5);
#1900=VECTOR('',#6735,1.5);
#1901=VECTOR('',#6738,1.5);
#1902=VECTOR('',#6741,1.5);
#1903=VECTOR('',#6744,1.5);
#1904=VECTOR('',#6747,1.5);
#1905=VECTOR('',#6750,1.5);
#1906=VECTOR('',#6753,1.5);
#1907=VECTOR('',#6756,1.5);
#1908=VECTOR('',#6759,1.5);
#1909=VECTOR('',#6762,1.5);
#1910=VECTOR('',#6765,1.5);
#1911=VECTOR('',#6768,1.5);
#1912=VECTOR('',#6771,1.5);
#1913=VECTOR('',#6774,1.5);
#1914=VECTOR('',#6777,1.5);
#1915=VECTOR('',#6780,1.5);
#1916=VECTOR('',#6783,1.5);
#1917=VECTOR('',#6786,1.5);
#1918=VECTOR('',#6789,1.5);
#1919=VECTOR('',#6792,1.5);
#1920=VECTOR('',#6795,1.5);
#1921=VECTOR('',#6798,1.5);
#1922=VECTOR('',#6811,1.25);
#1923=VECTOR('',#6814,1.25);
#1924=VECTOR('',#6817,1.75);
#1925=VECTOR('',#6820,1.75);
#1926=VECTOR('',#6823,1.75);
#1927=VECTOR('',#6826,1.75);
#1928=VERTEX_POINT('',#6829);
#1929=VERTEX_POINT('',#6830);
#1930=VERTEX_POINT('',#6832);
#1931=VERTEX_POINT('',#6834);
#1932=VERTEX_POINT('',#6838);
#1933=VERTEX_POINT('',#6839);
#1934=VERTEX_POINT('',#6841);
#1935=VERTEX_POINT('',#6843);
#1936=VERTEX_POINT('',#6847);
#1937=VERTEX_POINT('',#6849);
#1938=VERTEX_POINT('',#6851);
#1939=VERTEX_POINT('',#6853);
#1940=VERTEX_POINT('',#6857);
#1941=VERTEX_POINT('',#6859);
#1942=VERTEX_POINT('',#6862);
#1943=VERTEX_POINT('',#6864);
#1944=VERTEX_POINT('',#6868);
#1945=VERTEX_POINT('',#6870);
#1946=VERTEX_POINT('',#6874);
#1947=VERTEX_POINT('',#6875);
#1948=VERTEX_POINT('',#6877);
#1949=VERTEX_POINT('',#6879);
#1950=VERTEX_POINT('',#6883);
#1951=VERTEX_POINT('',#6885);
#1952=VERTEX_POINT('',#6889);
#1953=VERTEX_POINT('',#6891);
#1954=VERTEX_POINT('',#6895);
#1955=VERTEX_POINT('',#6897);
#1956=VERTEX_POINT('',#6901);
#1957=VERTEX_POINT('',#6903);
#1958=VERTEX_POINT('',#6907);
#1959=VERTEX_POINT('',#6908);
#1960=VERTEX_POINT('',#6910);
#1961=VERTEX_POINT('',#6912);
#1962=VERTEX_POINT('',#6916);
#1963=VERTEX_POINT('',#6918);
#1964=VERTEX_POINT('',#6922);
#1965=VERTEX_POINT('',#6924);
#1966=VERTEX_POINT('',#6928);
#1967=VERTEX_POINT('',#6930);
#1968=VERTEX_POINT('',#6935);
#1969=VERTEX_POINT('',#6938);
#1970=VERTEX_POINT('',#6940);
#1971=VERTEX_POINT('',#6943);
#1972=VERTEX_POINT('',#6945);
#1973=VERTEX_POINT('',#6964);
#1974=VERTEX_POINT('',#6966);
#1975=VERTEX_POINT('',#6968);
#1976=VERTEX_POINT('',#6970);
#1977=VERTEX_POINT('',#6974);
#1978=VERTEX_POINT('',#6975);
#1979=VERTEX_POINT('',#6977);
#1980=VERTEX_POINT('',#6979);
#1981=VERTEX_POINT('',#6981);
#1982=VERTEX_POINT('',#6983);
#1983=VERTEX_POINT('',#6985);
#1984=VERTEX_POINT('',#6987);
#1985=VERTEX_POINT('',#6989);
#1986=VERTEX_POINT('',#6991);
#1987=VERTEX_POINT('',#6994);
#1988=VERTEX_POINT('',#6996);
#1989=VERTEX_POINT('',#6998);
#1990=VERTEX_POINT('',#7001);
#1991=VERTEX_POINT('',#7006);
#1992=VERTEX_POINT('',#7011);
#1993=VERTEX_POINT('',#7018);
#1994=VERTEX_POINT('',#7027);
#1995=VERTEX_POINT('',#7038);
#1996=VERTEX_POINT('',#7042);
#1997=VERTEX_POINT('',#7046);
#1998=VERTEX_POINT('',#7050);
#1999=VERTEX_POINT('',#7052);
#2000=VERTEX_POINT('',#7061);
#2001=VERTEX_POINT('',#7063);
#2002=VERTEX_POINT('',#7067);
#2003=VERTEX_POINT('',#7069);
#2004=VERTEX_POINT('',#7073);
#2005=VERTEX_POINT('',#7075);
#2006=VERTEX_POINT('',#7080);
#2007=VERTEX_POINT('',#7082);
#2008=VERTEX_POINT('',#7087);
#2009=VERTEX_POINT('',#7089);
#2010=VERTEX_POINT('',#7093);
#2011=VERTEX_POINT('',#7095);
#2012=VERTEX_POINT('',#7099);
#2013=VERTEX_POINT('',#7100);
#2014=VERTEX_POINT('',#7111);
#2015=VERTEX_POINT('',#7113);
#2016=VERTEX_POINT('',#7117);
#2017=VERTEX_POINT('',#7118);
#2018=VERTEX_POINT('',#7129);
#2019=VERTEX_POINT('',#7131);
#2020=VERTEX_POINT('',#7140);
#2021=VERTEX_POINT('',#7142);
#2022=VERTEX_POINT('',#7144);
#2023=VERTEX_POINT('',#7146);
#2024=VERTEX_POINT('',#7148);
#2025=VERTEX_POINT('',#7150);
#2026=VERTEX_POINT('',#7152);
#2027=VERTEX_POINT('',#7154);
#2028=VERTEX_POINT('',#7157);
#2029=VERTEX_POINT('',#7159);
#2030=VERTEX_POINT('',#7161);
#2031=VERTEX_POINT('',#7164);
#2032=VERTEX_POINT('',#7165);
#2033=VERTEX_POINT('',#7167);
#2034=VERTEX_POINT('',#7169);
#2035=VERTEX_POINT('',#7173);
#2036=VERTEX_POINT('',#7184);
#2037=VERTEX_POINT('',#7188);
#2038=VERTEX_POINT('',#7192);
#2039=VERTEX_POINT('',#7205);
#2040=VERTEX_POINT('',#7207);
#2041=VERTEX_POINT('',#7222);
#2042=VERTEX_POINT('',#7224);
#2043=VERTEX_POINT('',#7226);
#2044=VERTEX_POINT('',#7228);
#2045=VERTEX_POINT('',#7230);
#2046=VERTEX_POINT('',#7232);
#2047=VERTEX_POINT('',#7249);
#2048=VERTEX_POINT('',#7250);
#2049=VERTEX_POINT('',#7252);
#2050=VERTEX_POINT('',#7254);
#2051=VERTEX_POINT('',#7258);
#2052=VERTEX_POINT('',#7259);
#2053=VERTEX_POINT('',#7261);
#2054=VERTEX_POINT('',#7263);
#2055=VERTEX_POINT('',#7265);
#2056=VERTEX_POINT('',#7267);
#2057=VERTEX_POINT('',#7270);
#2058=VERTEX_POINT('',#7272);
#2059=VERTEX_POINT('',#7276);
#2060=VERTEX_POINT('',#7278);
#2061=VERTEX_POINT('',#7280);
#2062=VERTEX_POINT('',#7282);
#2063=VERTEX_POINT('',#7284);
#2064=VERTEX_POINT('',#7286);
#2065=VERTEX_POINT('',#7288);
#2066=VERTEX_POINT('',#7290);
#2067=VERTEX_POINT('',#7292);
#2068=VERTEX_POINT('',#7294);
#2069=VERTEX_POINT('',#7296);
#2070=VERTEX_POINT('',#7298);
#2071=VERTEX_POINT('',#7301);
#2072=VERTEX_POINT('',#7303);
#2073=VERTEX_POINT('',#7305);
#2074=VERTEX_POINT('',#7307);
#2075=VERTEX_POINT('',#7309);
#2076=VERTEX_POINT('',#7311);
#2077=VERTEX_POINT('',#7314);
#2078=VERTEX_POINT('',#7316);
#2079=VERTEX_POINT('',#7318);
#2080=VERTEX_POINT('',#7322);
#2081=VERTEX_POINT('',#7326);
#2082=VERTEX_POINT('',#7328);
#2083=VERTEX_POINT('',#7330);
#2084=VERTEX_POINT('',#7334);
#2085=VERTEX_POINT('',#7335);
#2086=VERTEX_POINT('',#7337);
#2087=VERTEX_POINT('',#7339);
#2088=VERTEX_POINT('',#7341);
#2089=VERTEX_POINT('',#7345);
#2090=VERTEX_POINT('',#7347);
#2091=VERTEX_POINT('',#7351);
#2092=VERTEX_POINT('',#7352);
#2093=VERTEX_POINT('',#7354);
#2094=VERTEX_POINT('',#7360);
#2095=VERTEX_POINT('',#7364);
#2096=VERTEX_POINT('',#7365);
#2097=VERTEX_POINT('',#7370);
#2098=VERTEX_POINT('',#7373);
#2099=VERTEX_POINT('',#7377);
#2100=VERTEX_POINT('',#7380);
#2101=VERTEX_POINT('',#7383);
#2102=VERTEX_POINT('',#7385);
#2103=VERTEX_POINT('',#7388);
#2104=VERTEX_POINT('',#7390);
#2105=VERTEX_POINT('',#7394);
#2106=VERTEX_POINT('',#7396);
#2107=VERTEX_POINT('',#7398);
#2108=VERTEX_POINT('',#7400);
#2109=VERTEX_POINT('',#7402);
#2110=VERTEX_POINT('',#7404);
#2111=VERTEX_POINT('',#7406);
#2112=VERTEX_POINT('',#7408);
#2113=VERTEX_POINT('',#7411);
#2114=VERTEX_POINT('',#7413);
#2115=VERTEX_POINT('',#7415);
#2116=VERTEX_POINT('',#7417);
#2117=VERTEX_POINT('',#7419);
#2118=VERTEX_POINT('',#7421);
#2119=VERTEX_POINT('',#7423);
#2120=VERTEX_POINT('',#7425);
#2121=VERTEX_POINT('',#7427);
#2122=VERTEX_POINT('',#7429);
#2123=VERTEX_POINT('',#7431);
#2124=VERTEX_POINT('',#7433);
#2125=VERTEX_POINT('',#7436);
#2126=VERTEX_POINT('',#7438);
#2127=VERTEX_POINT('',#7440);
#2128=VERTEX_POINT('',#7442);
#2129=VERTEX_POINT('',#7444);
#2130=VERTEX_POINT('',#7446);
#2131=VERTEX_POINT('',#7448);
#2132=VERTEX_POINT('',#7450);
#2133=VERTEX_POINT('',#7453);
#2134=VERTEX_POINT('',#7455);
#2135=VERTEX_POINT('',#7457);
#2136=VERTEX_POINT('',#7459);
#2137=VERTEX_POINT('',#7461);
#2138=VERTEX_POINT('',#7463);
#2139=VERTEX_POINT('',#7465);
#2140=VERTEX_POINT('',#7467);
#2141=VERTEX_POINT('',#7469);
#2142=VERTEX_POINT('',#7471);
#2143=VERTEX_POINT('',#7473);
#2144=VERTEX_POINT('',#7475);
#2145=VERTEX_POINT('',#7478);
#2146=VERTEX_POINT('',#7479);
#2147=VERTEX_POINT('',#7481);
#2148=VERTEX_POINT('',#7483);
#2149=VERTEX_POINT('',#7485);
#2150=VERTEX_POINT('',#7487);
#2151=VERTEX_POINT('',#7489);
#2152=VERTEX_POINT('',#7491);
#2153=VERTEX_POINT('',#7494);
#2154=VERTEX_POINT('',#7496);
#2155=VERTEX_POINT('',#7498);
#2156=VERTEX_POINT('',#7500);
#2157=VERTEX_POINT('',#7502);
#2158=VERTEX_POINT('',#7504);
#2159=VERTEX_POINT('',#7507);
#2160=VERTEX_POINT('',#7520);
#2161=VERTEX_POINT('',#7522);
#2162=VERTEX_POINT('',#7527);
#2163=VERTEX_POINT('',#7532);
#2164=VERTEX_POINT('',#7534);
#2165=VERTEX_POINT('',#7539);
#2166=VERTEX_POINT('',#7544);
#2167=VERTEX_POINT('',#7546);
#2168=VERTEX_POINT('',#7551);
#2169=VERTEX_POINT('',#7556);
#2170=VERTEX_POINT('',#7558);
#2171=VERTEX_POINT('',#7563);
#2172=VERTEX_POINT('',#7568);
#2173=VERTEX_POINT('',#7570);
#2174=VERTEX_POINT('',#7575);
#2175=VERTEX_POINT('',#7580);
#2176=VERTEX_POINT('',#7582);
#2177=VERTEX_POINT('',#7587);
#2178=VERTEX_POINT('',#7592);
#2179=VERTEX_POINT('',#7606);
#2180=VERTEX_POINT('',#7619);
#2181=VERTEX_POINT('',#7621);
#2182=VERTEX_POINT('',#7626);
#2183=VERTEX_POINT('',#7631);
#2184=VERTEX_POINT('',#7633);
#2185=VERTEX_POINT('',#7638);
#2186=VERTEX_POINT('',#7643);
#2187=VERTEX_POINT('',#7645);
#2188=VERTEX_POINT('',#7650);
#2189=VERTEX_POINT('',#7655);
#2190=VERTEX_POINT('',#7657);
#2191=VERTEX_POINT('',#7662);
#2192=VERTEX_POINT('',#7667);
#2193=VERTEX_POINT('',#7669);
#2194=VERTEX_POINT('',#7674);
#2195=VERTEX_POINT('',#7679);
#2196=VERTEX_POINT('',#7681);
#2197=VERTEX_POINT('',#7686);
#2198=VERTEX_POINT('',#7691);
#2199=VERTEX_POINT('',#7705);
#2200=VERTEX_POINT('',#7707);
#2201=VERTEX_POINT('',#7709);
#2202=VERTEX_POINT('',#7711);
#2203=VERTEX_POINT('',#7714);
#2204=VERTEX_POINT('',#7716);
#2205=VERTEX_POINT('',#7720);
#2206=VERTEX_POINT('',#7723);
#2207=VERTEX_POINT('',#7726);
#2208=VERTEX_POINT('',#7728);
#2209=VERTEX_POINT('',#7730);
#2210=VERTEX_POINT('',#7734);
#2211=VERTEX_POINT('',#7736);
#2212=VERTEX_POINT('',#7739);
#2213=VERTEX_POINT('',#7741);
#2214=VERTEX_POINT('',#7744);
#2215=VERTEX_POINT('',#7747);
#2216=VERTEX_POINT('',#7750);
#2217=VERTEX_POINT('',#7753);
#2218=VERTEX_POINT('',#7755);
#2219=VERTEX_POINT('',#7758);
#2220=VERTEX_POINT('',#7763);
#2221=VERTEX_POINT('',#7766);
#2222=VERTEX_POINT('',#7768);
#2223=VERTEX_POINT('',#7791);
#2224=VERTEX_POINT('',#7794);
#2225=VERTEX_POINT('',#7795);
#2226=VERTEX_POINT('',#7797);
#2227=VERTEX_POINT('',#7799);
#2228=VERTEX_POINT('',#7802);
#2229=VERTEX_POINT('',#7804);
#2230=VERTEX_POINT('',#7806);
#2231=VERTEX_POINT('',#7808);
#2232=VERTEX_POINT('',#7810);
#2233=VERTEX_POINT('',#7812);
#2234=VERTEX_POINT('',#7841);
#2235=VERTEX_POINT('',#7843);
#2236=VERTEX_POINT('',#7849);
#2237=VERTEX_POINT('',#7852);
#2238=VERTEX_POINT('',#7854);
#2239=VERTEX_POINT('',#7860);
#2240=VERTEX_POINT('',#7867);
#2241=VERTEX_POINT('',#7868);
#2242=VERTEX_POINT('',#7870);
#2243=VERTEX_POINT('',#7872);
#2244=VERTEX_POINT('',#7889);
#2245=VERTEX_POINT('',#7890);
#2246=VERTEX_POINT('',#7926);
#2247=VERTEX_POINT('',#7944);
#2248=VERTEX_POINT('',#7946);
#2249=VERTEX_POINT('',#7950);
#2250=VERTEX_POINT('',#7952);
#2251=VERTEX_POINT('',#7954);
#2252=VERTEX_POINT('',#7957);
#2253=VERTEX_POINT('',#7960);
#2254=VERTEX_POINT('',#7962);
#2255=VERTEX_POINT('',#7979);
#2256=VERTEX_POINT('',#8022);
#2257=VERTEX_POINT('',#8040);
#2258=VERTEX_POINT('',#8042);
#2259=VERTEX_POINT('',#8046);
#2260=VERTEX_POINT('',#8052);
#2261=VERTEX_POINT('',#8054);
#2262=VERTEX_POINT('',#8056);
#2263=VERTEX_POINT('',#8058);
#2264=VERTEX_POINT('',#8062);
#2265=VERTEX_POINT('',#8064);
#2266=VERTEX_POINT('',#8066);
#2267=VERTEX_POINT('',#8068);
#2268=VERTEX_POINT('',#8070);
#2269=VERTEX_POINT('',#8072);
#2270=VERTEX_POINT('',#8074);
#2271=VERTEX_POINT('',#8076);
#2272=VERTEX_POINT('',#8079);
#2273=VERTEX_POINT('',#8081);
#2274=VERTEX_POINT('',#8083);
#2275=VERTEX_POINT('',#8085);
#2276=VERTEX_POINT('',#8087);
#2277=VERTEX_POINT('',#8089);
#2278=VERTEX_POINT('',#8106);
#2279=VERTEX_POINT('',#8121);
#2280=VERTEX_POINT('',#8150);
#2281=VERTEX_POINT('',#8159);
#2282=VERTEX_POINT('',#8161);
#2283=VERTEX_POINT('',#8167);
#2284=VERTEX_POINT('',#8168);
#2285=VERTEX_POINT('',#8173);
#2286=VERTEX_POINT('',#8176);
#2287=VERTEX_POINT('',#8227);
#2288=VERTEX_POINT('',#8228);
#2289=VERTEX_POINT('',#8266);
#2290=VERTEX_POINT('',#8288);
#2291=VERTEX_POINT('',#8294);
#2292=VERTEX_POINT('',#8307);
#2293=VERTEX_POINT('',#8314);
#2294=VERTEX_POINT('',#8318);
#2295=VERTEX_POINT('',#8322);
#2296=VERTEX_POINT('',#8324);
#2297=VERTEX_POINT('',#8326);
#2298=VERTEX_POINT('',#8337);
#2299=VERTEX_POINT('',#8341);
#2300=VERTEX_POINT('',#8343);
#2301=VERTEX_POINT('',#8361);
#2302=VERTEX_POINT('',#8365);
#2303=VERTEX_POINT('',#8388);
#2304=VERTEX_POINT('',#8392);
#2305=VERTEX_POINT('',#8395);
#2306=VERTEX_POINT('',#8397);
#2307=VERTEX_POINT('',#8399);
#2308=VERTEX_POINT('',#8401);
#2309=VERTEX_POINT('',#8403);
#2310=VERTEX_POINT('',#8405);
#2311=VERTEX_POINT('',#8410);
#2312=VERTEX_POINT('',#8411);
#2313=VERTEX_POINT('',#8420);
#2314=VERTEX_POINT('',#8422);
#2315=VERTEX_POINT('',#8433);
#2316=VERTEX_POINT('',#8435);
#2317=VERTEX_POINT('',#8444);
#2318=VERTEX_POINT('',#8446);
#2319=VERTEX_POINT('',#8448);
#2320=VERTEX_POINT('',#8450);
#2321=VERTEX_POINT('',#8452);
#2322=VERTEX_POINT('',#8454);
#2323=VERTEX_POINT('',#8456);
#2324=VERTEX_POINT('',#8458);
#2325=VERTEX_POINT('',#8462);
#2326=VERTEX_POINT('',#8471);
#2327=VERTEX_POINT('',#8482);
#2328=VERTEX_POINT('',#8485);
#2329=VERTEX_POINT('',#8489);
#2330=VERTEX_POINT('',#8494);
#2331=VERTEX_POINT('',#8501);
#2332=VERTEX_POINT('',#8504);
#2333=VERTEX_POINT('',#8508);
#2334=VERTEX_POINT('',#8510);
#2335=VERTEX_POINT('',#8540);
#2336=VERTEX_POINT('',#8544);
#2337=VERTEX_POINT('',#8546);
#2338=VERTEX_POINT('',#8550);
#2339=VERTEX_POINT('',#8554);
#2340=VERTEX_POINT('',#8577);
#2341=VERTEX_POINT('',#8581);
#2342=VERTEX_POINT('',#8592);
#2343=VERTEX_POINT('',#8596);
#2344=VERTEX_POINT('',#8601);
#2345=VERTEX_POINT('',#8607);
#2346=VERTEX_POINT('',#8609);
#2347=VERTEX_POINT('',#8613);
#2348=VERTEX_POINT('',#8625);
#2349=VERTEX_POINT('',#8627);
#2350=VERTEX_POINT('',#8631);
#2351=VERTEX_POINT('',#8633);
#2352=VERTEX_POINT('',#8635);
#2353=VERTEX_POINT('',#8661);
#2354=VERTEX_POINT('',#8671);
#2355=VERTEX_POINT('',#8677);
#2356=VERTEX_POINT('',#8681);
#2357=VERTEX_POINT('',#8706);
#2358=VERTEX_POINT('',#8710);
#2359=VERTEX_POINT('',#8729);
#2360=VERTEX_POINT('',#8749);
#2361=VERTEX_POINT('',#8753);
#2362=VERTEX_POINT('',#8757);
#2363=VERTEX_POINT('',#8760);
#2364=VERTEX_POINT('',#8765);
#2365=VERTEX_POINT('',#8769);
#2366=VERTEX_POINT('',#8773);
#2367=VERTEX_POINT('',#8777);
#2368=VERTEX_POINT('',#8780);
#2369=VERTEX_POINT('',#8785);
#2370=VERTEX_POINT('',#8788);
#2371=VERTEX_POINT('',#8859);
#2372=VERTEX_POINT('',#8862);
#2373=EDGE_CURVE('',#1928,#1929,#1250,.T.);
#2374=EDGE_CURVE('',#1928,#1930,#1251,.T.);
#2375=EDGE_CURVE('',#1931,#1930,#1252,.T.);
#2376=EDGE_CURVE('',#1929,#1931,#1253,.T.);
#2377=EDGE_CURVE('',#1932,#1933,#1254,.T.);
#2378=EDGE_CURVE('',#1934,#1932,#1255,.T.);
#2379=EDGE_CURVE('',#1934,#1935,#1256,.T.);
#2380=EDGE_CURVE('',#1935,#1933,#1257,.T.);
#2381=EDGE_CURVE('',#1936,#1928,#371,.T.);
#2382=EDGE_CURVE('',#1937,#1936,#1258,.T.);
#2383=EDGE_CURVE('',#1938,#1937,#1259,.T.);
#2384=EDGE_CURVE('',#1939,#1938,#1260,.T.);
#2385=EDGE_CURVE('',#1933,#1939,#372,.T.);
#2386=EDGE_CURVE('',#1930,#1935,#1261,.T.);
#2387=EDGE_CURVE('',#1940,#1940,#373,.T.);
#2388=EDGE_CURVE('',#1941,#1941,#374,.T.);
#2389=EDGE_CURVE('',#1932,#1942,#375,.T.);
#2390=EDGE_CURVE('',#1942,#1943,#1262,.T.);
#2391=EDGE_CURVE('',#1943,#1934,#1263,.T.);
#2392=EDGE_CURVE('',#1931,#1944,#1264,.T.);
#2393=EDGE_CURVE('',#1945,#1944,#1265,.F.);
#2394=EDGE_CURVE('',#1945,#1929,#376,.T.);
#2395=EDGE_CURVE('',#1946,#1947,#377,.T.);
#2396=EDGE_CURVE('',#1946,#1948,#1266,.T.);
#2397=EDGE_CURVE('',#1948,#1949,#378,.T.);
#2398=EDGE_CURVE('',#1947,#1949,#1267,.T.);
#2399=EDGE_CURVE('',#1950,#1946,#1268,.T.);
#2400=EDGE_CURVE('',#1950,#1951,#1269,.T.);
#2401=EDGE_CURVE('',#1951,#1948,#1270,.T.);
#2402=EDGE_CURVE('',#1952,#1950,#379,.T.);
#2403=EDGE_CURVE('',#1952,#1953,#1271,.T.);
#2404=EDGE_CURVE('',#1953,#1951,#380,.T.);
#2405=EDGE_CURVE('',#1954,#1952,#1272,.T.);
#2406=EDGE_CURVE('',#1954,#1955,#1273,.T.);
#2407=EDGE_CURVE('',#1955,#1953,#1274,.T.);
#2408=EDGE_CURVE('',#1956,#1954,#1275,.T.);
#2409=EDGE_CURVE('',#1957,#1956,#1276,.T.);
#2410=EDGE_CURVE('',#1957,#1955,#1277,.T.);
#2411=EDGE_CURVE('',#1958,#1959,#1278,.T.);
#2412=EDGE_CURVE('',#1958,#1960,#1279,.T.);
#2413=EDGE_CURVE('',#1960,#1961,#1280,.T.);
#2414=EDGE_CURVE('',#1959,#1961,#1281,.T.);
#2415=EDGE_CURVE('',#1962,#1958,#381,.T.);
#2416=EDGE_CURVE('',#1962,#1963,#1282,.T.);
#2417=EDGE_CURVE('',#1963,#1960,#382,.T.);
#2418=EDGE_CURVE('',#1964,#1962,#1283,.T.);
#2419=EDGE_CURVE('',#1965,#1964,#1284,.T.);
#2420=EDGE_CURVE('',#1965,#1963,#1285,.T.);
#2421=EDGE_CURVE('',#1947,#1966,#1286,.T.);
#2422=EDGE_CURVE('',#1949,#1967,#1287,.T.);
#2423=EDGE_CURVE('',#1966,#1967,#1288,.T.);
#2424=EDGE_CURVE('',#1961,#1957,#383,.T.);
#2425=EDGE_CURVE('',#1968,#1965,#384,.T.);
#2426=EDGE_CURVE('',#1967,#1968,#385,.T.);
#2427=EDGE_CURVE('',#1969,#1969,#386,.T.);
#2428=EDGE_CURVE('',#1970,#1970,#387,.T.);
#2429=EDGE_CURVE('',#1971,#1971,#388,.T.);
#2430=EDGE_CURVE('',#1971,#1972,#1289,.T.);
#2431=EDGE_CURVE('',#1959,#1972,#62,.T.);
#2432=EDGE_CURVE('',#1972,#1956,#63,.T.);
#2433=EDGE_CURVE('',#1973,#1950,#1290,.T.);
#2434=EDGE_CURVE('',#1974,#1973,#46,.F.);
#2435=EDGE_CURVE('',#1975,#1974,#1291,.T.);
#2436=EDGE_CURVE('',#1976,#1975,#47,.F.);
#2437=EDGE_CURVE('',#1952,#1976,#1292,.T.);
#2438=EDGE_CURVE('',#1977,#1978,#1293,.T.);
#2439=EDGE_CURVE('',#1979,#1977,#389,.T.);
#2440=EDGE_CURVE('',#1980,#1979,#1294,.T.);
#2441=EDGE_CURVE('',#1981,#1980,#390,.T.);
#2442=EDGE_CURVE('',#1982,#1981,#391,.T.);
#2443=EDGE_CURVE('',#1983,#1982,#1295,.T.);
#2444=EDGE_CURVE('',#1984,#1983,#392,.T.);
#2445=EDGE_CURVE('',#1985,#1984,#393,.T.);
#2446=EDGE_CURVE('',#1986,#1985,#1296,.T.);
#2447=EDGE_CURVE('',#1978,#1986,#394,.T.);
#2448=EDGE_CURVE('',#1987,#1987,#395,.T.);
#2449=EDGE_CURVE('',#1988,#1988,#396,.T.);
#2450=EDGE_CURVE('',#1989,#1989,#397,.T.);
#2451=EDGE_CURVE('',#1990,#1981,#64,.T.);
#2452=EDGE_CURVE('',#1991,#1990,#65,.T.);
#2453=EDGE_CURVE('',#1992,#1991,#398,.T.);
#2454=EDGE_CURVE('',#1982,#1992,#66,.T.);
#2455=EDGE_CURVE('',#1986,#1993,#67,.T.);
#2456=EDGE_CURVE('',#1993,#1994,#399,.T.);
#2457=EDGE_CURVE('',#1978,#1994,#68,.T.);
#2458=EDGE_CURVE('',#1985,#1995,#400,.T.);
#2459=EDGE_CURVE('',#1995,#1993,#1297,.T.);
#2460=EDGE_CURVE('',#1984,#1996,#401,.T.);
#2461=EDGE_CURVE('',#1995,#1996,#402,.T.);
#2462=EDGE_CURVE('',#1983,#1997,#403,.T.);
#2463=EDGE_CURVE('',#1997,#1996,#404,.T.);
#2464=EDGE_CURVE('',#1992,#1998,#1298,.T.);
#2465=EDGE_CURVE('',#1998,#1999,#69,.F.);
#2466=EDGE_CURVE('',#1999,#1997,#1299,.T.);
#2467=EDGE_CURVE('',#2000,#2000,#405,.T.);
#2468=EDGE_CURVE('',#2000,#2001,#1300,.T.);
#2469=EDGE_CURVE('',#2001,#2001,#48,.T.);
#2470=EDGE_CURVE('',#2002,#2002,#406,.T.);
#2471=EDGE_CURVE('',#2002,#2003,#1301,.T.);
#2472=EDGE_CURVE('',#2003,#2003,#49,.T.);
#2473=EDGE_CURVE('',#2004,#2004,#50,.T.);
#2474=EDGE_CURVE('',#2004,#2005,#1302,.T.);
#2475=EDGE_CURVE('',#2005,#2005,#407,.T.);
#2476=EDGE_CURVE('',#2006,#2006,#51,.T.);
#2477=EDGE_CURVE('',#2006,#2007,#1303,.T.);
#2478=EDGE_CURVE('',#2007,#2007,#408,.T.);
#2479=EDGE_CURVE('',#2008,#2008,#409,.T.);
#2480=EDGE_CURVE('',#2008,#2009,#1304,.T.);
#2481=EDGE_CURVE('',#2009,#2009,#410,.T.);
#2482=EDGE_CURVE('',#2010,#2010,#411,.T.);
#2483=EDGE_CURVE('',#2010,#2011,#1305,.T.);
#2484=EDGE_CURVE('',#2011,#2011,#412,.T.);
#2485=EDGE_CURVE('',#2012,#2013,#70,.T.);
#2486=EDGE_CURVE('',#2012,#2014,#1306,.T.);
#2487=EDGE_CURVE('',#2015,#2014,#1307,.T.);
#2488=EDGE_CURVE('',#2013,#2015,#1308,.T.);
#2489=EDGE_CURVE('',#2016,#2017,#71,.T.);
#2490=EDGE_CURVE('',#2018,#2016,#1309,.T.);
#2491=EDGE_CURVE('',#2018,#2019,#1310,.T.);
#2492=EDGE_CURVE('',#2019,#2017,#1311,.T.);
#2493=EDGE_CURVE('',#2015,#2018,#1312,.T.);
#2494=EDGE_CURVE('',#2014,#2019,#1313,.T.);
#2495=EDGE_CURVE('',#2017,#2012,#413,.T.);
#2496=EDGE_CURVE('',#2020,#2016,#414,.T.);
#2497=EDGE_CURVE('',#2020,#2021,#415,.T.);
#2498=EDGE_CURVE('',#2022,#2021,#416,.T.);
#2499=EDGE_CURVE('',#2023,#2022,#1314,.T.);
#2500=EDGE_CURVE('',#2024,#2023,#1315,.T.);
#2501=EDGE_CURVE('',#2025,#2024,#1316,.T.);
#2502=EDGE_CURVE('',#2026,#2025,#417,.T.);
#2503=EDGE_CURVE('',#2026,#2027,#418,.T.);
#2504=EDGE_CURVE('',#2013,#2027,#419,.T.);
#2505=EDGE_CURVE('',#2028,#2028,#420,.T.);
#2506=EDGE_CURVE('',#2029,#2029,#421,.T.);
#2507=EDGE_CURVE('',#2030,#2030,#422,.T.);
#2508=EDGE_CURVE('',#2031,#2032,#423,.T.);
#2509=EDGE_CURVE('',#2033,#2031,#1317,.T.);
#2510=EDGE_CURVE('',#2034,#2033,#1318,.T.);
#2511=EDGE_CURVE('',#2032,#2034,#1319,.T.);
#2512=EDGE_CURVE('',#2032,#2035,#72,.T.);
#2513=EDGE_CURVE('',#2036,#2034,#1320,.T.);
#2514=EDGE_CURVE('',#2035,#2036,#1321,.T.);
#2515=EDGE_CURVE('',#2036,#2037,#1322,.T.);
#2516=EDGE_CURVE('',#2037,#2033,#1323,.T.);
#2517=EDGE_CURVE('',#2038,#2031,#73,.T.);
#2518=EDGE_CURVE('',#2037,#2038,#1324,.T.);
#2519=EDGE_CURVE('',#2035,#2039,#424,.T.);
#2520=EDGE_CURVE('',#2039,#2040,#74,.T.);
#2521=EDGE_CURVE('',#2040,#2041,#425,.T.);
#2522=EDGE_CURVE('',#2042,#2041,#426,.T.);
#2523=EDGE_CURVE('',#2042,#2043,#427,.T.);
#2524=EDGE_CURVE('',#2043,#2044,#428,.T.);
#2525=EDGE_CURVE('',#2044,#2045,#429,.T.);
#2526=EDGE_CURVE('',#2045,#2046,#75,.T.);
#2527=EDGE_CURVE('',#2046,#2038,#430,.T.);
#2528=EDGE_CURVE('',#2047,#2048,#1325,.T.);
#2529=EDGE_CURVE('',#2049,#2048,#1326,.T.);
#2530=EDGE_CURVE('',#2049,#2050,#1327,.T.);
#2531=EDGE_CURVE('',#2047,#2050,#1328,.T.);
#2532=EDGE_CURVE('',#2051,#2052,#1329,.T.);
#2533=EDGE_CURVE('',#2053,#2051,#1330,.T.);
#2534=EDGE_CURVE('',#2054,#2053,#431,.T.);
#2535=EDGE_CURVE('',#2055,#2054,#1331,.T.);
#2536=EDGE_CURVE('',#2056,#2055,#432,.T.);
#2537=EDGE_CURVE('',#2050,#2056,#1332,.T.);
#2538=EDGE_CURVE('',#2057,#2049,#1333,.T.);
#2539=EDGE_CURVE('',#2058,#2057,#433,.T.);
#2540=EDGE_CURVE('',#2052,#2058,#1334,.T.);
#2541=EDGE_CURVE('',#2053,#2059,#1335,.T.);
#2542=EDGE_CURVE('',#2060,#2051,#1336,.T.);
#2543=EDGE_CURVE('',#2061,#2060,#1337,.T.);
#2544=EDGE_CURVE('',#2061,#2062,#434,.T.);
#2545=EDGE_CURVE('',#2062,#2063,#435,.T.);
#2546=EDGE_CURVE('',#2064,#2063,#1338,.T.);
#2547=EDGE_CURVE('',#2064,#2065,#436,.T.);
#2548=EDGE_CURVE('',#2066,#2065,#1339,.T.);
#2549=EDGE_CURVE('',#2066,#2067,#437,.T.);
#2550=EDGE_CURVE('',#2067,#2068,#438,.T.);
#2551=EDGE_CURVE('',#2069,#2068,#1340,.T.);
#2552=EDGE_CURVE('',#2070,#2069,#1341,.T.);
#2553=EDGE_CURVE('',#2070,#2059,#1342,.T.);
#2554=EDGE_CURVE('',#2071,#2071,#439,.T.);
#2555=EDGE_CURVE('',#2072,#2072,#440,.T.);
#2556=EDGE_CURVE('',#2073,#2073,#441,.T.);
#2557=EDGE_CURVE('',#2074,#2074,#442,.T.);
#2558=EDGE_CURVE('',#2075,#2075,#443,.T.);
#2559=EDGE_CURVE('',#2076,#2076,#444,.T.);
#2560=EDGE_CURVE('',#2077,#2052,#1343,.T.);
#2561=EDGE_CURVE('',#2078,#2077,#1344,.T.);
#2562=EDGE_CURVE('',#2079,#2078,#1345,.T.);
#2563=EDGE_CURVE('',#2060,#2079,#1346,.T.);
#2564=EDGE_CURVE('',#2080,#2058,#1347,.T.);
#2565=EDGE_CURVE('',#2077,#2080,#1348,.T.);
#2566=EDGE_CURVE('',#2081,#2047,#1349,.T.);
#2567=EDGE_CURVE('',#2082,#2081,#1350,.T.);
#2568=EDGE_CURVE('',#2083,#2082,#445,.T.);
#2569=EDGE_CURVE('',#2048,#2083,#1351,.T.);
#2570=EDGE_CURVE('',#2084,#2085,#1352,.T.);
#2571=EDGE_CURVE('',#2084,#2086,#1353,.T.);
#2572=EDGE_CURVE('',#2087,#2086,#1354,.T.);
#2573=EDGE_CURVE('',#2088,#2087,#446,.T.);
#2574=EDGE_CURVE('',#2088,#2085,#1355,.T.);
#2575=EDGE_CURVE('',#2085,#2089,#1356,.T.);
#2576=EDGE_CURVE('',#2090,#2089,#1357,.T.);
#2577=EDGE_CURVE('',#2084,#2090,#1358,.T.);
#2578=EDGE_CURVE('',#2091,#2092,#1359,.T.);
#2579=EDGE_CURVE('',#2093,#2091,#447,.T.);
#2580=EDGE_CURVE('',#2086,#2093,#1360,.T.);
#2581=EDGE_CURVE('',#2092,#2084,#448,.T.);
#2582=EDGE_CURVE('',#2085,#2070,#1361,.T.);
#2583=EDGE_CURVE('',#2094,#2088,#1362,.T.);
#2584=EDGE_CURVE('',#2059,#2094,#449,.T.);
#2585=EDGE_CURVE('',#2095,#2096,#450,.F.);
#2586=EDGE_CURVE('',#2095,#2088,#1363,.T.);
#2587=EDGE_CURVE('',#2096,#2087,#1364,.T.);
#2588=EDGE_CURVE('',#2046,#2097,#451,.T.);
#2589=EDGE_CURVE('',#2097,#2045,#452,.T.);
#2590=EDGE_CURVE('',#2098,#2044,#1365,.T.);
#2591=EDGE_CURVE('',#2057,#2098,#1366,.T.);
#2592=EDGE_CURVE('',#2083,#2091,#1367,.T.);
#2593=EDGE_CURVE('',#2099,#2092,#1368,.T.);
#2594=EDGE_CURVE('',#2041,#2099,#1369,.T.);
#2595=EDGE_CURVE('',#2040,#2100,#453,.T.);
#2596=EDGE_CURVE('',#2100,#2039,#454,.T.);
#2597=EDGE_CURVE('',#2101,#2101,#455,.T.);
#2598=EDGE_CURVE('',#2102,#2102,#456,.T.);
#2599=EDGE_CURVE('',#2103,#2069,#1370,.T.);
#2600=EDGE_CURVE('',#2103,#2104,#1371,.T.);
#2601=EDGE_CURVE('',#2089,#2104,#1372,.T.);
#2602=EDGE_CURVE('',#1942,#2105,#1373,.T.);
#2603=EDGE_CURVE('',#2105,#2106,#1374,.T.);
#2604=EDGE_CURVE('',#2106,#2107,#1375,.F.);
#2605=EDGE_CURVE('',#2107,#2108,#457,.T.);
#2606=EDGE_CURVE('',#2108,#2109,#1376,.F.);
#2607=EDGE_CURVE('',#2109,#2110,#1377,.T.);
#2608=EDGE_CURVE('',#2110,#2111,#1378,.F.);
#2609=EDGE_CURVE('',#2112,#2111,#458,.F.);
#2610=EDGE_CURVE('',#2112,#1943,#1379,.F.);
#2611=EDGE_CURVE('',#2113,#2113,#459,.T.);
#2612=EDGE_CURVE('',#2114,#2114,#460,.T.);
#2613=EDGE_CURVE('',#2115,#2115,#461,.T.);
#2614=EDGE_CURVE('',#2116,#2116,#462,.T.);
#2615=EDGE_CURVE('',#2117,#2117,#463,.T.);
#2616=EDGE_CURVE('',#2118,#2118,#464,.T.);
#2617=EDGE_CURVE('',#2119,#2119,#465,.T.);
#2618=EDGE_CURVE('',#2120,#2120,#466,.T.);
#2619=EDGE_CURVE('',#2121,#2121,#467,.T.);
#2620=EDGE_CURVE('',#2122,#2122,#468,.T.);
#2621=EDGE_CURVE('',#2123,#2123,#469,.T.);
#2622=EDGE_CURVE('',#2124,#2124,#470,.T.);
#2623=EDGE_CURVE('',#2125,#1945,#1380,.T.);
#2624=EDGE_CURVE('',#1944,#2126,#1381,.F.);
#2625=EDGE_CURVE('',#2126,#2127,#471,.T.);
#2626=EDGE_CURVE('',#2127,#2128,#1382,.F.);
#2627=EDGE_CURVE('',#2128,#2129,#1383,.T.);
#2628=EDGE_CURVE('',#2129,#2130,#1384,.F.);
#2629=EDGE_CURVE('',#2131,#2130,#472,.F.);
#2630=EDGE_CURVE('',#2131,#2132,#1385,.F.);
#2631=EDGE_CURVE('',#2125,#2132,#1386,.F.);
#2632=EDGE_CURVE('',#2133,#2133,#473,.T.);
#2633=EDGE_CURVE('',#2134,#2134,#474,.T.);
#2634=EDGE_CURVE('',#2135,#2135,#475,.T.);
#2635=EDGE_CURVE('',#2136,#2136,#476,.T.);
#2636=EDGE_CURVE('',#2137,#2137,#477,.T.);
#2637=EDGE_CURVE('',#2138,#2138,#478,.T.);
#2638=EDGE_CURVE('',#2139,#2139,#479,.T.);
#2639=EDGE_CURVE('',#2140,#2140,#480,.T.);
#2640=EDGE_CURVE('',#2141,#2141,#481,.T.);
#2641=EDGE_CURVE('',#2142,#2142,#482,.T.);
#2642=EDGE_CURVE('',#2143,#2143,#483,.T.);
#2643=EDGE_CURVE('',#2144,#2144,#484,.T.);
#2644=EDGE_CURVE('',#2145,#2146,#485,.T.);
#2645=EDGE_CURVE('',#2147,#2146,#1387,.T.);
#2646=EDGE_CURVE('',#2147,#2148,#486,.T.);
#2647=EDGE_CURVE('',#2149,#2148,#1388,.T.);
#2648=EDGE_CURVE('',#2149,#2150,#1389,.T.);
#2649=EDGE_CURVE('',#2151,#2150,#1390,.T.);
#2650=EDGE_CURVE('',#2151,#2152,#487,.T.);
#2651=EDGE_CURVE('',#2145,#2152,#1391,.T.);
#2652=EDGE_CURVE('',#2153,#2153,#488,.T.);
#2653=EDGE_CURVE('',#2154,#2154,#489,.T.);
#2654=EDGE_CURVE('',#2155,#2155,#490,.T.);
#2655=EDGE_CURVE('',#2156,#2156,#491,.T.);
#2656=EDGE_CURVE('',#2157,#2157,#492,.T.);
#2657=EDGE_CURVE('',#2158,#2158,#493,.T.);
#2658=EDGE_CURVE('',#2159,#2064,#76,.T.);
#2659=EDGE_CURVE('',#2160,#2159,#1392,.T.);
#2660=EDGE_CURVE('',#2161,#2160,#77,.T.);
#2661=EDGE_CURVE('',#2162,#2161,#78,.T.);
#2662=EDGE_CURVE('',#2163,#2162,#1393,.T.);
#2663=EDGE_CURVE('',#2164,#2163,#79,.T.);
#2664=EDGE_CURVE('',#2165,#2164,#80,.T.);
#2665=EDGE_CURVE('',#2166,#2165,#1394,.T.);
#2666=EDGE_CURVE('',#2167,#2166,#81,.T.);
#2667=EDGE_CURVE('',#2168,#2167,#82,.T.);
#2668=EDGE_CURVE('',#2169,#2168,#1395,.T.);
#2669=EDGE_CURVE('',#2170,#2169,#83,.T.);
#2670=EDGE_CURVE('',#2171,#2170,#84,.T.);
#2671=EDGE_CURVE('',#2172,#2171,#1396,.T.);
#2672=EDGE_CURVE('',#2173,#2172,#85,.T.);
#2673=EDGE_CURVE('',#2174,#2173,#86,.T.);
#2674=EDGE_CURVE('',#2175,#2174,#1397,.T.);
#2675=EDGE_CURVE('',#2176,#2175,#87,.T.);
#2676=EDGE_CURVE('',#2177,#2176,#88,.T.);
#2677=EDGE_CURVE('',#2178,#2177,#1398,.T.);
#2678=EDGE_CURVE('',#2146,#2178,#89,.T.);
#2679=EDGE_CURVE('',#2179,#2145,#90,.T.);
#2680=EDGE_CURVE('',#2180,#2179,#1399,.T.);
#2681=EDGE_CURVE('',#2181,#2180,#91,.T.);
#2682=EDGE_CURVE('',#2182,#2181,#92,.T.);
#2683=EDGE_CURVE('',#2183,#2182,#1400,.T.);
#2684=EDGE_CURVE('',#2184,#2183,#93,.T.);
#2685=EDGE_CURVE('',#2185,#2184,#94,.T.);
#2686=EDGE_CURVE('',#2186,#2185,#1401,.T.);
#2687=EDGE_CURVE('',#2187,#2186,#95,.T.);
#2688=EDGE_CURVE('',#2188,#2187,#96,.T.);
#2689=EDGE_CURVE('',#2189,#2188,#1402,.T.);
#2690=EDGE_CURVE('',#2190,#2189,#97,.T.);
#2691=EDGE_CURVE('',#2191,#2190,#98,.T.);
#2692=EDGE_CURVE('',#2192,#2191,#1403,.T.);
#2693=EDGE_CURVE('',#2193,#2192,#99,.T.);
#2694=EDGE_CURVE('',#2194,#2193,#100,.T.);
#2695=EDGE_CURVE('',#2195,#2194,#1404,.T.);
#2696=EDGE_CURVE('',#2196,#2195,#101,.T.);
#2697=EDGE_CURVE('',#2197,#2196,#102,.T.);
#2698=EDGE_CURVE('',#2198,#2197,#1405,.T.);
#2699=EDGE_CURVE('',#2065,#2198,#103,.T.);
#2700=EDGE_CURVE('',#2199,#2125,#494,.T.);
#2701=EDGE_CURVE('',#2200,#2199,#1406,.T.);
#2702=EDGE_CURVE('',#2201,#2200,#495,.T.);
#2703=EDGE_CURVE('',#2202,#2201,#1407,.T.);
#2704=EDGE_CURVE('',#2105,#2202,#496,.T.);
#2705=EDGE_CURVE('',#2203,#1939,#1408,.T.);
#2706=EDGE_CURVE('',#2204,#2203,#497,.T.);
#2707=EDGE_CURVE('',#1936,#2204,#1409,.T.);
#2708=EDGE_CURVE('',#2202,#2205,#1410,.T.);
#2709=EDGE_CURVE('',#2205,#2106,#1411,.F.);
#2710=EDGE_CURVE('',#2206,#2206,#498,.T.);
#2711=EDGE_CURVE('',#2201,#2207,#1412,.T.);
#2712=EDGE_CURVE('',#2207,#2208,#1413,.T.);
#2713=EDGE_CURVE('',#2208,#2209,#1414,.T.);
#2714=EDGE_CURVE('',#2205,#2209,#1415,.T.);
#2715=EDGE_CURVE('',#2210,#2200,#1416,.T.);
#2716=EDGE_CURVE('',#2210,#2211,#499,.T.);
#2717=EDGE_CURVE('',#2211,#2210,#500,.T.);
#2718=EDGE_CURVE('',#2212,#2210,#1417,.T.);
#2719=EDGE_CURVE('',#2212,#2213,#501,.T.);
#2720=EDGE_CURVE('',#2213,#2212,#502,.T.);
#2721=EDGE_CURVE('',#2214,#2212,#1418,.T.);
#2722=EDGE_CURVE('',#2209,#2214,#1419,.T.);
#2723=EDGE_CURVE('',#2208,#2215,#503,.T.);
#2724=EDGE_CURVE('',#2215,#2208,#504,.T.);
#2725=EDGE_CURVE('',#2207,#2216,#505,.T.);
#2726=EDGE_CURVE('',#2216,#2207,#506,.T.);
#2727=EDGE_CURVE('',#2217,#2217,#507,.T.);
#2728=EDGE_CURVE('',#2218,#2218,#508,.T.);
#2729=EDGE_CURVE('',#2219,#2199,#1420,.T.);
#2730=EDGE_CURVE('',#2219,#2214,#1421,.T.);
#2731=EDGE_CURVE('',#2132,#2219,#1422,.F.);
#2732=EDGE_CURVE('',#2220,#2220,#509,.T.);
#2733=EDGE_CURVE('',#2178,#2221,#1423,.T.);
#2734=EDGE_CURVE('',#2222,#2221,#510,.T.);
#2735=EDGE_CURVE('',#2222,#2149,#1424,.T.);
#2736=EDGE_CURVE('',#2148,#2147,#1425,.T.);
#2737=EDGE_CURVE('',#2176,#2124,#1426,.T.);
#2738=EDGE_CURVE('',#2177,#2175,#511,.T.);
#2739=EDGE_CURVE('',#2173,#2123,#1427,.T.);
#2740=EDGE_CURVE('',#2174,#2172,#512,.T.);
#2741=EDGE_CURVE('',#2170,#2122,#1428,.T.);
#2742=EDGE_CURVE('',#2171,#2169,#513,.T.);
#2743=EDGE_CURVE('',#2167,#2121,#1429,.T.);
#2744=EDGE_CURVE('',#2168,#2166,#514,.T.);
#2745=EDGE_CURVE('',#2164,#2120,#1430,.T.);
#2746=EDGE_CURVE('',#2165,#2163,#515,.T.);
#2747=EDGE_CURVE('',#2161,#2114,#1431,.T.);
#2748=EDGE_CURVE('',#2162,#2160,#516,.T.);
#2749=EDGE_CURVE('',#2223,#2159,#1432,.T.);
#2750=EDGE_CURVE('',#2221,#2223,#517,.T.);
#2751=EDGE_CURVE('',#2224,#2225,#1433,.T.);
#2752=EDGE_CURVE('',#2226,#2224,#1434,.T.);
#2753=EDGE_CURVE('',#2227,#2226,#1435,.T.);
#2754=EDGE_CURVE('',#2225,#2227,#518,.T.);
#2755=EDGE_CURVE('',#2228,#2228,#519,.T.);
#2756=EDGE_CURVE('',#2229,#2229,#520,.T.);
#2757=EDGE_CURVE('',#2230,#2230,#521,.T.);
#2758=EDGE_CURVE('',#2231,#2231,#522,.T.);
#2759=EDGE_CURVE('',#2232,#2232,#523,.T.);
#2760=EDGE_CURVE('',#2233,#2233,#524,.T.);
#2761=EDGE_CURVE('',#2063,#2061,#104,.T.);
#2762=EDGE_CURVE('',#2079,#2223,#525,.T.);
#2763=EDGE_CURVE('',#2090,#2099,#526,.T.);
#2764=EDGE_CURVE('',#2082,#2093,#1436,.T.);
#2765=EDGE_CURVE('',#2086,#2081,#1437,.T.);
#2766=EDGE_CURVE('',#2055,#2095,#1438,.T.);
#2767=EDGE_CURVE('',#2096,#2056,#1439,.T.);
#2768=EDGE_CURVE('',#2094,#2054,#1440,.T.);
#2769=EDGE_CURVE('',#2152,#2151,#1441,.T.);
#2770=EDGE_CURVE('',#2152,#2234,#1442,.T.);
#2771=EDGE_CURVE('',#2234,#2235,#1443,.T.);
#2772=EDGE_CURVE('',#2151,#2235,#1444,.T.);
#2773=EDGE_CURVE('',#2235,#2234,#527,.T.);
#2774=EDGE_CURVE('',#2236,#2236,#528,.T.);
#2775=EDGE_CURVE('',#2148,#2237,#1445,.T.);
#2776=EDGE_CURVE('',#2237,#2238,#1446,.T.);
#2777=EDGE_CURVE('',#2147,#2238,#1447,.T.);
#2778=EDGE_CURVE('',#2238,#2237,#529,.T.);
#2779=EDGE_CURVE('',#2239,#2239,#530,.T.);
#2780=EDGE_CURVE('',#2239,#2206,#1448,.T.);
#2781=EDGE_CURVE('',#2236,#2220,#1449,.T.);
#2782=EDGE_CURVE('',#2240,#2241,#531,.T.);
#2783=EDGE_CURVE('',#2241,#2242,#1450,.T.);
#2784=EDGE_CURVE('',#2242,#2243,#105,.T.);
#2785=EDGE_CURVE('',#2243,#2240,#1451,.T.);
#2786=EDGE_CURVE('',#2244,#2245,#532,.T.);
#2787=EDGE_CURVE('',#2245,#2241,#533,.T.);
#2788=EDGE_CURVE('',#2240,#2244,#534,.T.);
#2789=EDGE_CURVE('',#2244,#2246,#106,.T.);
#2790=EDGE_CURVE('',#2246,#2245,#107,.T.);
#2791=EDGE_CURVE('',#2244,#2247,#535,.T.);
#2792=EDGE_CURVE('',#2248,#2247,#536,.T.);
#2793=EDGE_CURVE('',#2248,#2246,#537,.T.);
#2794=EDGE_CURVE('',#2249,#2243,#538,.T.);
#2795=EDGE_CURVE('',#2250,#2249,#1452,.T.);
#2796=EDGE_CURVE('',#2251,#2250,#539,.T.);
#2797=EDGE_CURVE('',#2247,#2251,#1453,.T.);
#2798=EDGE_CURVE('',#2252,#2252,#540,.T.);
#2799=EDGE_CURVE('',#2253,#2250,#541,.T.);
#2800=EDGE_CURVE('',#2249,#2254,#108,.T.);
#2801=EDGE_CURVE('',#2254,#2253,#1454,.T.);
#2802=EDGE_CURVE('',#2255,#2251,#542,.T.);
#2803=EDGE_CURVE('',#2253,#2255,#543,.T.);
#2804=EDGE_CURVE('',#2255,#2256,#109,.T.);
#2805=EDGE_CURVE('',#2256,#2251,#110,.T.);
#2806=EDGE_CURVE('',#2253,#2257,#1455,.T.);
#2807=EDGE_CURVE('',#2257,#2258,#544,.T.);
#2808=EDGE_CURVE('',#2258,#2256,#1456,.T.);
#2809=EDGE_CURVE('',#2259,#2254,#1457,.T.);
#2810=EDGE_CURVE('',#2257,#2259,#1458,.T.);
#2811=EDGE_CURVE('',#2256,#2248,#1459,.T.);
#2812=EDGE_CURVE('',#2246,#2260,#1460,.T.);
#2813=EDGE_CURVE('',#2248,#2261,#1461,.T.);
#2814=EDGE_CURVE('',#2262,#2261,#545,.T.);
#2815=EDGE_CURVE('',#2263,#2262,#1462,.T.);
#2816=EDGE_CURVE('',#2260,#2263,#546,.T.);
#2817=EDGE_CURVE('',#2258,#2264,#1463,.T.);
#2818=EDGE_CURVE('',#2265,#2264,#1464,.T.);
#2819=EDGE_CURVE('',#2266,#2265,#547,.T.);
#2820=EDGE_CURVE('',#2267,#2266,#1465,.T.);
#2821=EDGE_CURVE('',#2267,#2268,#1466,.T.);
#2822=EDGE_CURVE('',#2269,#2268,#1467,.T.);
#2823=EDGE_CURVE('',#2270,#2269,#548,.T.);
#2824=EDGE_CURVE('',#2271,#2270,#1468,.T.);
#2825=EDGE_CURVE('',#2271,#2042,#1469,.T.);
#2826=EDGE_CURVE('',#2272,#2042,#1470,.T.);
#2827=EDGE_CURVE('',#2273,#2272,#1471,.T.);
#2828=EDGE_CURVE('',#2274,#2273,#1472,.T.);
#2829=EDGE_CURVE('',#2275,#2274,#549,.T.);
#2830=EDGE_CURVE('',#2276,#2275,#1473,.T.);
#2831=EDGE_CURVE('',#2277,#2276,#1474,.T.);
#2832=EDGE_CURVE('',#2261,#2277,#1475,.T.);
#2833=EDGE_CURVE('',#2242,#2254,#550,.T.);
#2834=EDGE_CURVE('',#1966,#1964,#111,.T.);
#2835=EDGE_CURVE('',#1962,#2278,#112,.T.);
#2836=EDGE_CURVE('',#2278,#2279,#1476,.T.);
#2837=EDGE_CURVE('',#2279,#1947,#551,.T.);
#2838=EDGE_CURVE('',#1958,#2259,#113,.T.);
#2839=EDGE_CURVE('',#2259,#2278,#552,.T.);
#2840=EDGE_CURVE('',#1954,#2257,#553,.T.);
#2841=EDGE_CURVE('',#1954,#2258,#554,.T.);
#2842=EDGE_CURVE('',#2260,#2279,#555,.T.);
#2843=EDGE_CURVE('',#2279,#2241,#1477,.T.);
#2844=EDGE_CURVE('',#2260,#1947,#556,.T.);
#2845=EDGE_CURVE('',#2280,#2280,#557,.T.);
#2846=EDGE_CURVE('',#2280,#1968,#1478,.T.);
#2847=EDGE_CURVE('',#1946,#2263,#558,.T.);
#2848=EDGE_CURVE('',#2242,#2278,#1479,.T.);
#2849=EDGE_CURVE('',#2252,#2281,#559,.T.);
#2850=EDGE_CURVE('',#2281,#2282,#560,.T.);
#2851=EDGE_CURVE('',#2282,#2281,#561,.T.);
#2852=EDGE_CURVE('',#2282,#2030,#1480,.T.);
#2853=EDGE_CURVE('',#2283,#2284,#562,.T.);
#2854=EDGE_CURVE('',#2284,#1995,#1481,.T.);
#2855=EDGE_CURVE('',#1996,#2283,#1482,.T.);
#2856=EDGE_CURVE('',#1994,#2285,#1483,.T.);
#2857=EDGE_CURVE('',#2285,#1980,#563,.T.);
#2858=EDGE_CURVE('',#1979,#2286,#114,.T.);
#2859=EDGE_CURVE('',#2286,#1977,#115,.T.);
#2860=EDGE_CURVE('',#2287,#2288,#116,.T.);
#2861=EDGE_CURVE('',#2288,#2284,#117,.T.);
#2862=EDGE_CURVE('',#2283,#2289,#118,.T.);
#2863=EDGE_CURVE('',#2289,#2287,#119,.T.);
#2864=EDGE_CURVE('',#2268,#2285,#564,.T.);
#2865=EDGE_CURVE('',#2285,#2290,#1484,.T.);
#2866=EDGE_CURVE('',#2290,#2269,#565,.T.);
#2867=EDGE_CURVE('',#2268,#1990,#566,.T.);
#2868=EDGE_CURVE('',#2291,#2270,#120,.T.);
#2869=EDGE_CURVE('',#2290,#2292,#567,.T.);
#2870=EDGE_CURVE('',#2292,#2291,#121,.T.);
#2871=EDGE_CURVE('',#1987,#2293,#1485,.T.);
#2872=EDGE_CURVE('',#2293,#2293,#568,.T.);
#2873=EDGE_CURVE('',#2286,#2294,#1486,.T.);
#2874=EDGE_CURVE('',#2294,#2294,#569,.T.);
#2875=EDGE_CURVE('',#2295,#1991,#1487,.T.);
#2876=EDGE_CURVE('',#2295,#2296,#52,.T.);
#2877=EDGE_CURVE('',#2297,#2296,#1488,.T.);
#2878=EDGE_CURVE('',#1998,#2297,#53,.F.);
#2879=EDGE_CURVE('',#2267,#2295,#122,.T.);
#2880=EDGE_CURVE('',#2291,#2298,#1489,.T.);
#2881=EDGE_CURVE('',#2298,#2271,#570,.T.);
#2882=EDGE_CURVE('',#2290,#2299,#1490,.T.);
#2883=EDGE_CURVE('',#2299,#2300,#123,.T.);
#2884=EDGE_CURVE('',#2300,#2292,#1491,.T.);
#2885=EDGE_CURVE('',#2298,#2287,#571,.T.);
#2886=EDGE_CURVE('',#2301,#2300,#572,.T.);
#2887=EDGE_CURVE('',#2288,#2301,#1492,.T.);
#2888=EDGE_CURVE('',#2301,#2302,#124,.T.);
#2889=EDGE_CURVE('',#2302,#2284,#1493,.T.);
#2890=EDGE_CURVE('',#1993,#2302,#1494,.T.);
#2891=EDGE_CURVE('',#2289,#2271,#573,.T.);
#2892=EDGE_CURVE('',#2299,#2302,#574,.T.);
#2893=EDGE_CURVE('',#2204,#2303,#1495,.T.);
#2894=EDGE_CURVE('',#1937,#2303,#1496,.T.);
#2895=EDGE_CURVE('',#2304,#2203,#1497,.T.);
#2896=EDGE_CURVE('',#2303,#2304,#1498,.T.);
#2897=EDGE_CURVE('',#2305,#2305,#575,.T.);
#2898=EDGE_CURVE('',#2306,#2306,#576,.T.);
#2899=EDGE_CURVE('',#2307,#2307,#577,.T.);
#2900=EDGE_CURVE('',#2308,#2308,#578,.T.);
#2901=EDGE_CURVE('',#2309,#2309,#579,.T.);
#2902=EDGE_CURVE('',#2310,#2310,#580,.T.);
#2903=EDGE_CURVE('',#1938,#2304,#1499,.T.);
#2904=EDGE_CURVE('',#2311,#2312,#125,.F.);
#2905=EDGE_CURVE('',#2312,#2313,#1500,.T.);
#2906=EDGE_CURVE('',#2313,#2314,#126,.F.);
#2907=EDGE_CURVE('',#2314,#2311,#1501,.T.);
#2908=EDGE_CURVE('',#2315,#2179,#1502,.T.);
#2909=EDGE_CURVE('',#2316,#2315,#581,.T.);
#2910=EDGE_CURVE('',#2198,#2316,#1503,.T.);
#2911=EDGE_CURVE('',#2197,#2195,#582,.T.);
#2912=EDGE_CURVE('',#2194,#2192,#583,.T.);
#2913=EDGE_CURVE('',#2191,#2189,#584,.T.);
#2914=EDGE_CURVE('',#2188,#2186,#585,.T.);
#2915=EDGE_CURVE('',#2185,#2183,#586,.T.);
#2916=EDGE_CURVE('',#2182,#2180,#587,.T.);
#2917=EDGE_CURVE('',#2317,#2317,#588,.T.);
#2918=EDGE_CURVE('',#2318,#2318,#589,.T.);
#2919=EDGE_CURVE('',#2319,#2319,#590,.T.);
#2920=EDGE_CURVE('',#2320,#2320,#591,.T.);
#2921=EDGE_CURVE('',#2321,#2321,#592,.T.);
#2922=EDGE_CURVE('',#2322,#2322,#593,.T.);
#2923=EDGE_CURVE('',#2313,#2323,#1504,.T.);
#2924=EDGE_CURVE('',#2324,#2312,#1505,.T.);
#2925=EDGE_CURVE('',#2323,#2324,#594,.T.);
#2926=EDGE_CURVE('',#2325,#2226,#127,.F.);
#2927=EDGE_CURVE('',#2224,#2326,#128,.F.);
#2928=EDGE_CURVE('',#2326,#2325,#1506,.T.);
#2929=EDGE_CURVE('',#2327,#2108,#54,.T.);
#2930=EDGE_CURVE('',#2107,#2131,#1507,.T.);
#2931=EDGE_CURVE('',#2130,#2328,#55,.T.);
#2932=EDGE_CURVE('',#2328,#2327,#1508,.T.);
#2933=EDGE_CURVE('',#2327,#2329,#1509,.T.);
#2934=EDGE_CURVE('',#2329,#2227,#595,.T.);
#2935=EDGE_CURVE('',#2325,#2109,#596,.F.);
#2936=EDGE_CURVE('',#2330,#2328,#1510,.T.);
#2937=EDGE_CURVE('',#2329,#2330,#1511,.T.);
#2938=EDGE_CURVE('',#2314,#2129,#597,.T.);
#2939=EDGE_CURVE('',#2330,#2323,#598,.T.);
#2940=EDGE_CURVE('',#2331,#2127,#56,.T.);
#2941=EDGE_CURVE('',#2126,#2112,#1512,.T.);
#2942=EDGE_CURVE('',#2111,#2332,#57,.T.);
#2943=EDGE_CURVE('',#2332,#2331,#1513,.T.);
#2944=EDGE_CURVE('',#2333,#2332,#1514,.T.);
#2945=EDGE_CURVE('',#2333,#2334,#1515,.T.);
#2946=EDGE_CURVE('',#2331,#2334,#1516,.T.);
#2947=EDGE_CURVE('',#2326,#2110,#599,.T.);
#2948=EDGE_CURVE('',#2333,#2225,#600,.T.);
#2949=EDGE_CURVE('',#2334,#2324,#601,.T.);
#2950=EDGE_CURVE('',#2311,#2128,#602,.F.);
#2951=EDGE_CURVE('',#2334,#2330,#603,.T.);
#2952=EDGE_CURVE('',#2329,#2333,#604,.T.);
#2953=EDGE_CURVE('',#2103,#2316,#605,.T.);
#2954=EDGE_CURVE('',#2068,#2066,#129,.T.);
#2955=EDGE_CURVE('',#2150,#2335,#1517,.T.);
#2956=EDGE_CURVE('',#2335,#2315,#606,.T.);
#2957=EDGE_CURVE('',#2079,#2336,#607,.T.);
#2958=EDGE_CURVE('',#2336,#2337,#608,.T.);
#2959=EDGE_CURVE('',#2337,#2222,#609,.T.);
#2960=EDGE_CURVE('',#2062,#2338,#1518,.T.);
#2961=EDGE_CURVE('',#2338,#2338,#610,.T.);
#2962=EDGE_CURVE('',#2339,#2337,#130,.F.);
#2963=EDGE_CURVE('',#2222,#2339,#1519,.T.);
#2964=EDGE_CURVE('',#2335,#2275,#611,.T.);
#2965=EDGE_CURVE('',#2274,#2103,#612,.T.);
#2966=EDGE_CURVE('',#2104,#2274,#131,.F.);
#2967=EDGE_CURVE('',#2067,#2340,#1520,.T.);
#2968=EDGE_CURVE('',#2340,#2340,#613,.T.);
#2969=EDGE_CURVE('',#2341,#2275,#132,.T.);
#2970=EDGE_CURVE('',#2341,#2342,#1521,.T.);
#2971=EDGE_CURVE('',#2342,#2276,#58,.T.);
#2972=EDGE_CURVE('',#2342,#2343,#1522,.T.);
#2973=EDGE_CURVE('',#2343,#2277,#614,.T.);
#2974=EDGE_CURVE('',#2023,#2343,#615,.T.);
#2975=EDGE_CURVE('',#2343,#2344,#1523,.T.);
#2976=EDGE_CURVE('',#2344,#2024,#616,.T.);
#2977=EDGE_CURVE('',#2023,#2277,#617,.T.);
#2978=EDGE_CURVE('',#2345,#2339,#1524,.T.);
#2979=EDGE_CURVE('',#2337,#2346,#1525,.T.);
#2980=EDGE_CURVE('',#2346,#2345,#59,.T.);
#2981=EDGE_CURVE('',#2346,#2347,#1526,.T.);
#2982=EDGE_CURVE('',#2347,#2344,#618,.T.);
#2983=EDGE_CURVE('',#2344,#2345,#1527,.T.);
#2984=EDGE_CURVE('',#2347,#2024,#619,.T.);
#2985=EDGE_CURVE('',#2261,#2022,#620,.T.);
#2986=EDGE_CURVE('',#2347,#2262,#1528,.T.);
#2987=EDGE_CURVE('',#2262,#2025,#621,.T.);
#2988=EDGE_CURVE('',#2348,#2336,#1529,.T.);
#2989=EDGE_CURVE('',#2349,#2348,#1530,.T.);
#2990=EDGE_CURVE('',#2043,#2349,#1531,.T.);
#2991=EDGE_CURVE('',#1997,#2043,#1532,.T.);
#2992=EDGE_CURVE('',#2350,#1999,#1533,.T.);
#2993=EDGE_CURVE('',#2351,#2350,#622,.T.);
#2994=EDGE_CURVE('',#2352,#2351,#1534,.T.);
#2995=EDGE_CURVE('',#2263,#2352,#1535,.T.);
#2996=EDGE_CURVE('',#2080,#2349,#623,.T.);
#2997=EDGE_CURVE('',#2348,#2077,#60,.T.);
#2998=EDGE_CURVE('',#2078,#2336,#133,.T.);
#2999=EDGE_CURVE('',#2098,#2080,#624,.T.);
#3000=EDGE_CURVE('',#2098,#2349,#625,.T.);
#3001=EDGE_CURVE('',#2272,#2090,#626,.T.);
#3002=EDGE_CURVE('',#2089,#2273,#61,.T.);
#3003=EDGE_CURVE('',#2272,#2099,#627,.T.);
#3004=EDGE_CURVE('',#1975,#2353,#1536,.T.);
#3005=EDGE_CURVE('',#2353,#2265,#628,.T.);
#3006=EDGE_CURVE('',#2264,#1976,#134,.F.);
#3007=EDGE_CURVE('',#2354,#2266,#629,.T.);
#3008=EDGE_CURVE('',#2353,#2354,#630,.T.);
#3009=EDGE_CURVE('',#2354,#2296,#1537,.T.);
#3010=EDGE_CURVE('',#2355,#2354,#1538,.T.);
#3011=EDGE_CURVE('',#2297,#2355,#1539,.T.);
#3012=EDGE_CURVE('',#2356,#2353,#1540,.T.);
#3013=EDGE_CURVE('',#2355,#2356,#631,.T.);
#3014=EDGE_CURVE('',#2356,#1974,#1541,.T.);
#3015=EDGE_CURVE('',#2352,#1973,#135,.F.);
#3016=EDGE_CURVE('',#2299,#1994,#1542,.T.);
#3017=EDGE_CURVE('',#2355,#2350,#632,.T.);
#3018=EDGE_CURVE('',#2356,#2351,#633,.T.);
#3019=EDGE_CURVE('',#2335,#2341,#1543,.T.);
#3020=EDGE_CURVE('',#2100,#2357,#1544,.T.);
#3021=EDGE_CURVE('',#2357,#2357,#634,.T.);
#3022=EDGE_CURVE('',#2027,#2358,#136,.T.);
#3023=EDGE_CURVE('',#2358,#2026,#137,.T.);
#3024=EDGE_CURVE('',#2021,#2359,#138,.T.);
#3025=EDGE_CURVE('',#2359,#2020,#139,.T.);
#3026=EDGE_CURVE('',#2358,#2360,#1545,.T.);
#3027=EDGE_CURVE('',#2360,#2360,#635,.T.);
#3028=EDGE_CURVE('',#2097,#2361,#1546,.T.);
#3029=EDGE_CURVE('',#2361,#2361,#636,.T.);
#3030=EDGE_CURVE('',#2362,#2362,#637,.T.);
#3031=EDGE_CURVE('',#2101,#2363,#1547,.T.);
#3032=EDGE_CURVE('',#2363,#2363,#638,.T.);
#3033=EDGE_CURVE('',#2102,#2364,#1548,.T.);
#3034=EDGE_CURVE('',#2364,#2364,#639,.T.);
#3035=EDGE_CURVE('',#2365,#2365,#640,.T.);
#3036=EDGE_CURVE('',#2028,#2366,#1549,.T.);
#3037=EDGE_CURVE('',#2366,#2366,#641,.T.);
#3038=EDGE_CURVE('',#2367,#2367,#642,.T.);
#3039=EDGE_CURVE('',#2359,#2368,#1550,.T.);
#3040=EDGE_CURVE('',#2368,#2368,#643,.T.);
#3041=EDGE_CURVE('',#2369,#2369,#644,.T.);
#3042=EDGE_CURVE('',#2029,#2370,#1551,.T.);
#3043=EDGE_CURVE('',#2370,#2370,#645,.T.);
#3044=EDGE_CURVE('',#2345,#2342,#1552,.T.);
#3045=EDGE_CURVE('',#2310,#2076,#1553,.T.);
#3046=EDGE_CURVE('',#2158,#2211,#1554,.T.);
#3047=EDGE_CURVE('',#2309,#2075,#1555,.T.);
#3048=EDGE_CURVE('',#2157,#2218,#1556,.T.);
#3049=EDGE_CURVE('',#2308,#2074,#1557,.T.);
#3050=EDGE_CURVE('',#2156,#2213,#1558,.T.);
#3051=EDGE_CURVE('',#2307,#2073,#1559,.T.);
#3052=EDGE_CURVE('',#2155,#2217,#1560,.T.);
#3053=EDGE_CURVE('',#2306,#2072,#1561,.T.);
#3054=EDGE_CURVE('',#2154,#2216,#1562,.T.);
#3055=EDGE_CURVE('',#2153,#2215,#1563,.T.);
#3056=EDGE_CURVE('',#2305,#2071,#1564,.T.);
#3057=EDGE_CURVE('',#2144,#2322,#1565,.T.);
#3058=EDGE_CURVE('',#2143,#2190,#1566,.T.);
#3059=EDGE_CURVE('',#2142,#2321,#1567,.T.);
#3060=EDGE_CURVE('',#2141,#2320,#1568,.T.);
#3061=EDGE_CURVE('',#2140,#2193,#1569,.T.);
#3062=EDGE_CURVE('',#2139,#2319,#1570,.T.);
#3063=EDGE_CURVE('',#2138,#2181,#1571,.T.);
#3064=EDGE_CURVE('',#2137,#2187,#1572,.T.);
#3065=EDGE_CURVE('',#2136,#2318,#1573,.T.);
#3066=EDGE_CURVE('',#2135,#2196,#1574,.T.);
#3067=EDGE_CURVE('',#2134,#2317,#1575,.T.);
#3068=EDGE_CURVE('',#2133,#2184,#1576,.T.);
#3069=EDGE_CURVE('',#2233,#2119,#1577,.T.);
#3070=EDGE_CURVE('',#2232,#2118,#1578,.T.);
#3071=EDGE_CURVE('',#2231,#2117,#1579,.T.);
#3072=EDGE_CURVE('',#2230,#2116,#1580,.T.);
#3073=EDGE_CURVE('',#2229,#2115,#1581,.T.);
#3074=EDGE_CURVE('',#2228,#2113,#1582,.T.);
#3075=EDGE_CURVE('',#2371,#2371,#646,.T.);
#3076=EDGE_CURVE('',#2372,#2372,#647,.T.);
#3077=EDGE_CURVE('',#1941,#2371,#1583,.T.);
#3078=EDGE_CURVE('',#1940,#2372,#1584,.T.);
#3079=EDGE_CURVE('',#2369,#1969,#1585,.T.);
#3080=EDGE_CURVE('',#1988,#2362,#1586,.T.);
#3081=EDGE_CURVE('',#2367,#1970,#1587,.T.);
#3082=EDGE_CURVE('',#1989,#2365,#1588,.T.);
#3083=ORIENTED_EDGE('',*,*,#2373,.F.);
#3084=ORIENTED_EDGE('',*,*,#2374,.T.);
#3085=ORIENTED_EDGE('',*,*,#2375,.F.);
#3086=ORIENTED_EDGE('',*,*,#2376,.F.);
#3087=ORIENTED_EDGE('',*,*,#2377,.F.);
#3088=ORIENTED_EDGE('',*,*,#2378,.F.);
#3089=ORIENTED_EDGE('',*,*,#2379,.T.);
#3090=ORIENTED_EDGE('',*,*,#2380,.T.);
#3091=ORIENTED_EDGE('',*,*,#2381,.F.);
#3092=ORIENTED_EDGE('',*,*,#2382,.F.);
#3093=ORIENTED_EDGE('',*,*,#2383,.F.);
#3094=ORIENTED_EDGE('',*,*,#2384,.F.);
#3095=ORIENTED_EDGE('',*,*,#2385,.F.);
#3096=ORIENTED_EDGE('',*,*,#2380,.F.);
#3097=ORIENTED_EDGE('',*,*,#2386,.F.);
#3098=ORIENTED_EDGE('',*,*,#2374,.F.);
#3099=ORIENTED_EDGE('',*,*,#2387,.F.);
#3100=ORIENTED_EDGE('',*,*,#2388,.F.);
#3101=ORIENTED_EDGE('',*,*,#2378,.T.);
#3102=ORIENTED_EDGE('',*,*,#2389,.T.);
#3103=ORIENTED_EDGE('',*,*,#2390,.T.);
#3104=ORIENTED_EDGE('',*,*,#2391,.T.);
#3105=ORIENTED_EDGE('',*,*,#2376,.T.);
#3106=ORIENTED_EDGE('',*,*,#2392,.T.);
#3107=ORIENTED_EDGE('',*,*,#2393,.F.);
#3108=ORIENTED_EDGE('',*,*,#2394,.T.);
#3109=ORIENTED_EDGE('',*,*,#2395,.F.);
#3110=ORIENTED_EDGE('',*,*,#2396,.T.);
#3111=ORIENTED_EDGE('',*,*,#2397,.T.);
#3112=ORIENTED_EDGE('',*,*,#2398,.F.);
#3113=ORIENTED_EDGE('',*,*,#2399,.F.);
#3114=ORIENTED_EDGE('',*,*,#2400,.T.);
#3115=ORIENTED_EDGE('',*,*,#2401,.T.);
#3116=ORIENTED_EDGE('',*,*,#2396,.F.);
#3117=ORIENTED_EDGE('',*,*,#2402,.F.);
#3118=ORIENTED_EDGE('',*,*,#2403,.T.);
#3119=ORIENTED_EDGE('',*,*,#2404,.T.);
#3120=ORIENTED_EDGE('',*,*,#2400,.F.);
#3121=ORIENTED_EDGE('',*,*,#2405,.F.);
#3122=ORIENTED_EDGE('',*,*,#2406,.T.);
#3123=ORIENTED_EDGE('',*,*,#2407,.T.);
#3124=ORIENTED_EDGE('',*,*,#2403,.F.);
#3125=ORIENTED_EDGE('',*,*,#2408,.F.);
#3126=ORIENTED_EDGE('',*,*,#2409,.F.);
#3127=ORIENTED_EDGE('',*,*,#2410,.T.);
#3128=ORIENTED_EDGE('',*,*,#2406,.F.);
#3129=ORIENTED_EDGE('',*,*,#2411,.F.);
#3130=ORIENTED_EDGE('',*,*,#2412,.T.);
#3131=ORIENTED_EDGE('',*,*,#2413,.T.);
#3132=ORIENTED_EDGE('',*,*,#2414,.F.);
#3133=ORIENTED_EDGE('',*,*,#2415,.F.);
#3134=ORIENTED_EDGE('',*,*,#2416,.T.);
#3135=ORIENTED_EDGE('',*,*,#2417,.T.);
#3136=ORIENTED_EDGE('',*,*,#2412,.F.);
#3137=ORIENTED_EDGE('',*,*,#2418,.F.);
#3138=ORIENTED_EDGE('',*,*,#2419,.F.);
#3139=ORIENTED_EDGE('',*,*,#2420,.T.);
#3140=ORIENTED_EDGE('',*,*,#2416,.F.);
#3141=ORIENTED_EDGE('',*,*,#2421,.F.);
#3142=ORIENTED_EDGE('',*,*,#2398,.T.);
#3143=ORIENTED_EDGE('',*,*,#2422,.T.);
#3144=ORIENTED_EDGE('',*,*,#2423,.F.);
#3145=ORIENTED_EDGE('',*,*,#2422,.F.);
#3146=ORIENTED_EDGE('',*,*,#2397,.F.);
#3147=ORIENTED_EDGE('',*,*,#2401,.F.);
#3148=ORIENTED_EDGE('',*,*,#2404,.F.);
#3149=ORIENTED_EDGE('',*,*,#2407,.F.);
#3150=ORIENTED_EDGE('',*,*,#2410,.F.);
#3151=ORIENTED_EDGE('',*,*,#2424,.F.);
#3152=ORIENTED_EDGE('',*,*,#2413,.F.);
#3153=ORIENTED_EDGE('',*,*,#2417,.F.);
#3154=ORIENTED_EDGE('',*,*,#2420,.F.);
#3155=ORIENTED_EDGE('',*,*,#2425,.F.);
#3156=ORIENTED_EDGE('',*,*,#2426,.F.);
#3157=ORIENTED_EDGE('',*,*,#2427,.F.);
#3158=ORIENTED_EDGE('',*,*,#2428,.F.);
#3159=ORIENTED_EDGE('',*,*,#2429,.T.);
#3160=ORIENTED_EDGE('',*,*,#2430,.T.);
#3161=ORIENTED_EDGE('',*,*,#2431,.F.);
#3162=ORIENTED_EDGE('',*,*,#2414,.T.);
#3163=ORIENTED_EDGE('',*,*,#2424,.T.);
#3164=ORIENTED_EDGE('',*,*,#2409,.T.);
#3165=ORIENTED_EDGE('',*,*,#2432,.F.);
#3166=ORIENTED_EDGE('',*,*,#2430,.F.);
#3167=ORIENTED_EDGE('',*,*,#2402,.T.);
#3168=ORIENTED_EDGE('',*,*,#2433,.F.);
#3169=ORIENTED_EDGE('',*,*,#2434,.F.);
#3170=ORIENTED_EDGE('',*,*,#2435,.F.);
#3171=ORIENTED_EDGE('',*,*,#2436,.F.);
#3172=ORIENTED_EDGE('',*,*,#2437,.F.);
#3173=ORIENTED_EDGE('',*,*,#2438,.F.);
#3174=ORIENTED_EDGE('',*,*,#2439,.F.);
#3175=ORIENTED_EDGE('',*,*,#2440,.F.);
#3176=ORIENTED_EDGE('',*,*,#2441,.F.);
#3177=ORIENTED_EDGE('',*,*,#2442,.F.);
#3178=ORIENTED_EDGE('',*,*,#2443,.F.);
#3179=ORIENTED_EDGE('',*,*,#2444,.F.);
#3180=ORIENTED_EDGE('',*,*,#2445,.F.);
#3181=ORIENTED_EDGE('',*,*,#2446,.F.);
#3182=ORIENTED_EDGE('',*,*,#2447,.F.);
#3183=ORIENTED_EDGE('',*,*,#2448,.F.);
#3184=ORIENTED_EDGE('',*,*,#2449,.F.);
#3185=ORIENTED_EDGE('',*,*,#2450,.F.);
#3186=ORIENTED_EDGE('',*,*,#2451,.F.);
#3187=ORIENTED_EDGE('',*,*,#2452,.F.);
#3188=ORIENTED_EDGE('',*,*,#2453,.F.);
#3189=ORIENTED_EDGE('',*,*,#2454,.F.);
#3190=ORIENTED_EDGE('',*,*,#2442,.T.);
#3191=ORIENTED_EDGE('',*,*,#2447,.T.);
#3192=ORIENTED_EDGE('',*,*,#2455,.T.);
#3193=ORIENTED_EDGE('',*,*,#2456,.T.);
#3194=ORIENTED_EDGE('',*,*,#2457,.F.);
#3195=ORIENTED_EDGE('',*,*,#2446,.T.);
#3196=ORIENTED_EDGE('',*,*,#2458,.T.);
#3197=ORIENTED_EDGE('',*,*,#2459,.T.);
#3198=ORIENTED_EDGE('',*,*,#2455,.F.);
#3199=ORIENTED_EDGE('',*,*,#2445,.T.);
#3200=ORIENTED_EDGE('',*,*,#2460,.T.);
#3201=ORIENTED_EDGE('',*,*,#2461,.F.);
#3202=ORIENTED_EDGE('',*,*,#2458,.F.);
#3203=ORIENTED_EDGE('',*,*,#2444,.T.);
#3204=ORIENTED_EDGE('',*,*,#2462,.T.);
#3205=ORIENTED_EDGE('',*,*,#2463,.T.);
#3206=ORIENTED_EDGE('',*,*,#2460,.F.);
#3207=ORIENTED_EDGE('',*,*,#2443,.T.);
#3208=ORIENTED_EDGE('',*,*,#2454,.T.);
#3209=ORIENTED_EDGE('',*,*,#2464,.T.);
#3210=ORIENTED_EDGE('',*,*,#2465,.T.);
#3211=ORIENTED_EDGE('',*,*,#2466,.T.);
#3212=ORIENTED_EDGE('',*,*,#2462,.F.);
#3213=ORIENTED_EDGE('',*,*,#2467,.F.);
#3214=ORIENTED_EDGE('',*,*,#2468,.T.);
#3215=ORIENTED_EDGE('',*,*,#2469,.F.);
#3216=ORIENTED_EDGE('',*,*,#2468,.F.);
#3217=ORIENTED_EDGE('',*,*,#2470,.F.);
#3218=ORIENTED_EDGE('',*,*,#2471,.T.);
#3219=ORIENTED_EDGE('',*,*,#2472,.F.);
#3220=ORIENTED_EDGE('',*,*,#2471,.F.);
#3221=ORIENTED_EDGE('',*,*,#2473,.F.);
#3222=ORIENTED_EDGE('',*,*,#2474,.T.);
#3223=ORIENTED_EDGE('',*,*,#2475,.T.);
#3224=ORIENTED_EDGE('',*,*,#2474,.F.);
#3225=ORIENTED_EDGE('',*,*,#2475,.F.);
#3226=ORIENTED_EDGE('',*,*,#2476,.F.);
#3227=ORIENTED_EDGE('',*,*,#2477,.T.);
#3228=ORIENTED_EDGE('',*,*,#2478,.T.);
#3229=ORIENTED_EDGE('',*,*,#2477,.F.);
#3230=ORIENTED_EDGE('',*,*,#2478,.F.);
#3231=ORIENTED_EDGE('',*,*,#2479,.F.);
#3232=ORIENTED_EDGE('',*,*,#2480,.T.);
#3233=ORIENTED_EDGE('',*,*,#2481,.F.);
#3234=ORIENTED_EDGE('',*,*,#2480,.F.);
#3235=ORIENTED_EDGE('',*,*,#2482,.F.);
#3236=ORIENTED_EDGE('',*,*,#2483,.T.);
#3237=ORIENTED_EDGE('',*,*,#2484,.F.);
#3238=ORIENTED_EDGE('',*,*,#2483,.F.);
#3239=ORIENTED_EDGE('',*,*,#2485,.F.);
#3240=ORIENTED_EDGE('',*,*,#2486,.T.);
#3241=ORIENTED_EDGE('',*,*,#2487,.F.);
#3242=ORIENTED_EDGE('',*,*,#2488,.F.);
#3243=ORIENTED_EDGE('',*,*,#2489,.F.);
#3244=ORIENTED_EDGE('',*,*,#2490,.F.);
#3245=ORIENTED_EDGE('',*,*,#2491,.T.);
#3246=ORIENTED_EDGE('',*,*,#2492,.T.);
#3247=ORIENTED_EDGE('',*,*,#2493,.F.);
#3248=ORIENTED_EDGE('',*,*,#2487,.T.);
#3249=ORIENTED_EDGE('',*,*,#2494,.T.);
#3250=ORIENTED_EDGE('',*,*,#2491,.F.);
#3251=ORIENTED_EDGE('',*,*,#2495,.F.);
#3252=ORIENTED_EDGE('',*,*,#2492,.F.);
#3253=ORIENTED_EDGE('',*,*,#2494,.F.);
#3254=ORIENTED_EDGE('',*,*,#2486,.F.);
#3255=ORIENTED_EDGE('',*,*,#2488,.T.);
#3256=ORIENTED_EDGE('',*,*,#2493,.T.);
#3257=ORIENTED_EDGE('',*,*,#2490,.T.);
#3258=ORIENTED_EDGE('',*,*,#2496,.F.);
#3259=ORIENTED_EDGE('',*,*,#2497,.T.);
#3260=ORIENTED_EDGE('',*,*,#2498,.F.);
#3261=ORIENTED_EDGE('',*,*,#2499,.F.);
#3262=ORIENTED_EDGE('',*,*,#2500,.F.);
#3263=ORIENTED_EDGE('',*,*,#2501,.F.);
#3264=ORIENTED_EDGE('',*,*,#2502,.F.);
#3265=ORIENTED_EDGE('',*,*,#2503,.T.);
#3266=ORIENTED_EDGE('',*,*,#2504,.F.);
#3267=ORIENTED_EDGE('',*,*,#2505,.T.);
#3268=ORIENTED_EDGE('',*,*,#2506,.T.);
#3269=ORIENTED_EDGE('',*,*,#2507,.T.);
#3270=ORIENTED_EDGE('',*,*,#2508,.F.);
#3271=ORIENTED_EDGE('',*,*,#2509,.F.);
#3272=ORIENTED_EDGE('',*,*,#2510,.F.);
#3273=ORIENTED_EDGE('',*,*,#2511,.F.);
#3274=ORIENTED_EDGE('',*,*,#2512,.F.);
#3275=ORIENTED_EDGE('',*,*,#2511,.T.);
#3276=ORIENTED_EDGE('',*,*,#2513,.F.);
#3277=ORIENTED_EDGE('',*,*,#2514,.F.);
#3278=ORIENTED_EDGE('',*,*,#2515,.F.);
#3279=ORIENTED_EDGE('',*,*,#2513,.T.);
#3280=ORIENTED_EDGE('',*,*,#2510,.T.);
#3281=ORIENTED_EDGE('',*,*,#2516,.F.);
#3282=ORIENTED_EDGE('',*,*,#2517,.F.);
#3283=ORIENTED_EDGE('',*,*,#2518,.F.);
#3284=ORIENTED_EDGE('',*,*,#2516,.T.);
#3285=ORIENTED_EDGE('',*,*,#2509,.T.);
#3286=ORIENTED_EDGE('',*,*,#2517,.T.);
#3287=ORIENTED_EDGE('',*,*,#2508,.T.);
#3288=ORIENTED_EDGE('',*,*,#2512,.T.);
#3289=ORIENTED_EDGE('',*,*,#2519,.T.);
#3290=ORIENTED_EDGE('',*,*,#2520,.T.);
#3291=ORIENTED_EDGE('',*,*,#2521,.T.);
#3292=ORIENTED_EDGE('',*,*,#2522,.F.);
#3293=ORIENTED_EDGE('',*,*,#2523,.T.);
#3294=ORIENTED_EDGE('',*,*,#2524,.T.);
#3295=ORIENTED_EDGE('',*,*,#2525,.T.);
#3296=ORIENTED_EDGE('',*,*,#2526,.T.);
#3297=ORIENTED_EDGE('',*,*,#2527,.T.);
#3298=ORIENTED_EDGE('',*,*,#2528,.T.);
#3299=ORIENTED_EDGE('',*,*,#2529,.F.);
#3300=ORIENTED_EDGE('',*,*,#2530,.T.);
#3301=ORIENTED_EDGE('',*,*,#2531,.F.);
#3302=ORIENTED_EDGE('',*,*,#2532,.F.);
#3303=ORIENTED_EDGE('',*,*,#2533,.F.);
#3304=ORIENTED_EDGE('',*,*,#2534,.F.);
#3305=ORIENTED_EDGE('',*,*,#2535,.F.);
#3306=ORIENTED_EDGE('',*,*,#2536,.F.);
#3307=ORIENTED_EDGE('',*,*,#2537,.F.);
#3308=ORIENTED_EDGE('',*,*,#2530,.F.);
#3309=ORIENTED_EDGE('',*,*,#2538,.F.);
#3310=ORIENTED_EDGE('',*,*,#2539,.F.);
#3311=ORIENTED_EDGE('',*,*,#2540,.F.);
#3312=ORIENTED_EDGE('',*,*,#2541,.F.);
#3313=ORIENTED_EDGE('',*,*,#2533,.T.);
#3314=ORIENTED_EDGE('',*,*,#2542,.F.);
#3315=ORIENTED_EDGE('',*,*,#2543,.F.);
#3316=ORIENTED_EDGE('',*,*,#2544,.T.);
#3317=ORIENTED_EDGE('',*,*,#2545,.T.);
#3318=ORIENTED_EDGE('',*,*,#2546,.F.);
#3319=ORIENTED_EDGE('',*,*,#2547,.T.);
#3320=ORIENTED_EDGE('',*,*,#2548,.F.);
#3321=ORIENTED_EDGE('',*,*,#2549,.T.);
#3322=ORIENTED_EDGE('',*,*,#2550,.T.);
#3323=ORIENTED_EDGE('',*,*,#2551,.F.);
#3324=ORIENTED_EDGE('',*,*,#2552,.F.);
#3325=ORIENTED_EDGE('',*,*,#2553,.T.);
#3326=ORIENTED_EDGE('',*,*,#2554,.T.);
#3327=ORIENTED_EDGE('',*,*,#2555,.T.);
#3328=ORIENTED_EDGE('',*,*,#2556,.T.);
#3329=ORIENTED_EDGE('',*,*,#2557,.T.);
#3330=ORIENTED_EDGE('',*,*,#2558,.T.);
#3331=ORIENTED_EDGE('',*,*,#2559,.T.);
#3332=ORIENTED_EDGE('',*,*,#2532,.T.);
#3333=ORIENTED_EDGE('',*,*,#2560,.F.);
#3334=ORIENTED_EDGE('',*,*,#2561,.F.);
#3335=ORIENTED_EDGE('',*,*,#2562,.F.);
#3336=ORIENTED_EDGE('',*,*,#2563,.F.);
#3337=ORIENTED_EDGE('',*,*,#2542,.T.);
#3338=ORIENTED_EDGE('',*,*,#2479,.T.);
#3339=ORIENTED_EDGE('',*,*,#2540,.T.);
#3340=ORIENTED_EDGE('',*,*,#2564,.F.);
#3341=ORIENTED_EDGE('',*,*,#2565,.F.);
#3342=ORIENTED_EDGE('',*,*,#2560,.T.);
#3343=ORIENTED_EDGE('',*,*,#2473,.T.);
#3344=ORIENTED_EDGE('',*,*,#2528,.F.);
#3345=ORIENTED_EDGE('',*,*,#2566,.F.);
#3346=ORIENTED_EDGE('',*,*,#2567,.F.);
#3347=ORIENTED_EDGE('',*,*,#2568,.F.);
#3348=ORIENTED_EDGE('',*,*,#2569,.F.);
#3349=ORIENTED_EDGE('',*,*,#2570,.F.);
#3350=ORIENTED_EDGE('',*,*,#2571,.T.);
#3351=ORIENTED_EDGE('',*,*,#2572,.F.);
#3352=ORIENTED_EDGE('',*,*,#2573,.F.);
#3353=ORIENTED_EDGE('',*,*,#2574,.T.);
#3354=ORIENTED_EDGE('',*,*,#2570,.T.);
#3355=ORIENTED_EDGE('',*,*,#2575,.T.);
#3356=ORIENTED_EDGE('',*,*,#2576,.F.);
#3357=ORIENTED_EDGE('',*,*,#2577,.F.);
#3358=ORIENTED_EDGE('',*,*,#2476,.T.);
#3359=ORIENTED_EDGE('',*,*,#2578,.F.);
#3360=ORIENTED_EDGE('',*,*,#2579,.F.);
#3361=ORIENTED_EDGE('',*,*,#2580,.F.);
#3362=ORIENTED_EDGE('',*,*,#2571,.F.);
#3363=ORIENTED_EDGE('',*,*,#2581,.F.);
#3364=ORIENTED_EDGE('',*,*,#2582,.F.);
#3365=ORIENTED_EDGE('',*,*,#2574,.F.);
#3366=ORIENTED_EDGE('',*,*,#2583,.F.);
#3367=ORIENTED_EDGE('',*,*,#2584,.F.);
#3368=ORIENTED_EDGE('',*,*,#2553,.F.);
#3369=ORIENTED_EDGE('',*,*,#2585,.F.);
#3370=ORIENTED_EDGE('',*,*,#2586,.T.);
#3371=ORIENTED_EDGE('',*,*,#2573,.T.);
#3372=ORIENTED_EDGE('',*,*,#2587,.F.);
#3373=ORIENTED_EDGE('',*,*,#2518,.T.);
#3374=ORIENTED_EDGE('',*,*,#2527,.F.);
#3375=ORIENTED_EDGE('',*,*,#2588,.T.);
#3376=ORIENTED_EDGE('',*,*,#2589,.T.);
#3377=ORIENTED_EDGE('',*,*,#2525,.F.);
#3378=ORIENTED_EDGE('',*,*,#2590,.F.);
#3379=ORIENTED_EDGE('',*,*,#2591,.F.);
#3380=ORIENTED_EDGE('',*,*,#2538,.T.);
#3381=ORIENTED_EDGE('',*,*,#2529,.T.);
#3382=ORIENTED_EDGE('',*,*,#2569,.T.);
#3383=ORIENTED_EDGE('',*,*,#2592,.T.);
#3384=ORIENTED_EDGE('',*,*,#2578,.T.);
#3385=ORIENTED_EDGE('',*,*,#2593,.F.);
#3386=ORIENTED_EDGE('',*,*,#2594,.F.);
#3387=ORIENTED_EDGE('',*,*,#2521,.F.);
#3388=ORIENTED_EDGE('',*,*,#2595,.T.);
#3389=ORIENTED_EDGE('',*,*,#2596,.T.);
#3390=ORIENTED_EDGE('',*,*,#2519,.F.);
#3391=ORIENTED_EDGE('',*,*,#2514,.T.);
#3392=ORIENTED_EDGE('',*,*,#2515,.T.);
#3393=ORIENTED_EDGE('',*,*,#2467,.T.);
#3394=ORIENTED_EDGE('',*,*,#2470,.T.);
#3395=ORIENTED_EDGE('',*,*,#2597,.T.);
#3396=ORIENTED_EDGE('',*,*,#2598,.T.);
#3397=ORIENTED_EDGE('',*,*,#2582,.T.);
#3398=ORIENTED_EDGE('',*,*,#2552,.T.);
#3399=ORIENTED_EDGE('',*,*,#2599,.F.);
#3400=ORIENTED_EDGE('',*,*,#2600,.T.);
#3401=ORIENTED_EDGE('',*,*,#2601,.F.);
#3402=ORIENTED_EDGE('',*,*,#2575,.F.);
#3403=ORIENTED_EDGE('',*,*,#2482,.T.);
#3404=ORIENTED_EDGE('',*,*,#2602,.T.);
#3405=ORIENTED_EDGE('',*,*,#2603,.T.);
#3406=ORIENTED_EDGE('',*,*,#2604,.T.);
#3407=ORIENTED_EDGE('',*,*,#2605,.T.);
#3408=ORIENTED_EDGE('',*,*,#2606,.T.);
#3409=ORIENTED_EDGE('',*,*,#2607,.T.);
#3410=ORIENTED_EDGE('',*,*,#2608,.T.);
#3411=ORIENTED_EDGE('',*,*,#2609,.F.);
#3412=ORIENTED_EDGE('',*,*,#2610,.T.);
#3413=ORIENTED_EDGE('',*,*,#2390,.F.);
#3414=ORIENTED_EDGE('',*,*,#2611,.T.);
#3415=ORIENTED_EDGE('',*,*,#2612,.T.);
#3416=ORIENTED_EDGE('',*,*,#2613,.T.);
#3417=ORIENTED_EDGE('',*,*,#2614,.T.);
#3418=ORIENTED_EDGE('',*,*,#2615,.T.);
#3419=ORIENTED_EDGE('',*,*,#2616,.T.);
#3420=ORIENTED_EDGE('',*,*,#2617,.T.);
#3421=ORIENTED_EDGE('',*,*,#2618,.T.);
#3422=ORIENTED_EDGE('',*,*,#2619,.T.);
#3423=ORIENTED_EDGE('',*,*,#2620,.T.);
#3424=ORIENTED_EDGE('',*,*,#2621,.T.);
#3425=ORIENTED_EDGE('',*,*,#2622,.T.);
#3426=ORIENTED_EDGE('',*,*,#2623,.T.);
#3427=ORIENTED_EDGE('',*,*,#2393,.T.);
#3428=ORIENTED_EDGE('',*,*,#2624,.T.);
#3429=ORIENTED_EDGE('',*,*,#2625,.T.);
#3430=ORIENTED_EDGE('',*,*,#2626,.T.);
#3431=ORIENTED_EDGE('',*,*,#2627,.T.);
#3432=ORIENTED_EDGE('',*,*,#2628,.T.);
#3433=ORIENTED_EDGE('',*,*,#2629,.F.);
#3434=ORIENTED_EDGE('',*,*,#2630,.T.);
#3435=ORIENTED_EDGE('',*,*,#2631,.F.);
#3436=ORIENTED_EDGE('',*,*,#2632,.T.);
#3437=ORIENTED_EDGE('',*,*,#2633,.T.);
#3438=ORIENTED_EDGE('',*,*,#2634,.T.);
#3439=ORIENTED_EDGE('',*,*,#2635,.T.);
#3440=ORIENTED_EDGE('',*,*,#2636,.T.);
#3441=ORIENTED_EDGE('',*,*,#2637,.T.);
#3442=ORIENTED_EDGE('',*,*,#2638,.T.);
#3443=ORIENTED_EDGE('',*,*,#2639,.T.);
#3444=ORIENTED_EDGE('',*,*,#2640,.T.);
#3445=ORIENTED_EDGE('',*,*,#2641,.T.);
#3446=ORIENTED_EDGE('',*,*,#2642,.T.);
#3447=ORIENTED_EDGE('',*,*,#2643,.T.);
#3448=ORIENTED_EDGE('',*,*,#2644,.T.);
#3449=ORIENTED_EDGE('',*,*,#2645,.F.);
#3450=ORIENTED_EDGE('',*,*,#2646,.T.);
#3451=ORIENTED_EDGE('',*,*,#2647,.F.);
#3452=ORIENTED_EDGE('',*,*,#2648,.T.);
#3453=ORIENTED_EDGE('',*,*,#2649,.F.);
#3454=ORIENTED_EDGE('',*,*,#2650,.T.);
#3455=ORIENTED_EDGE('',*,*,#2651,.F.);
#3456=ORIENTED_EDGE('',*,*,#2652,.T.);
#3457=ORIENTED_EDGE('',*,*,#2653,.T.);
#3458=ORIENTED_EDGE('',*,*,#2654,.T.);
#3459=ORIENTED_EDGE('',*,*,#2655,.T.);
#3460=ORIENTED_EDGE('',*,*,#2656,.T.);
#3461=ORIENTED_EDGE('',*,*,#2657,.T.);
#3462=ORIENTED_EDGE('',*,*,#2547,.F.);
#3463=ORIENTED_EDGE('',*,*,#2658,.F.);
#3464=ORIENTED_EDGE('',*,*,#2659,.F.);
#3465=ORIENTED_EDGE('',*,*,#2660,.F.);
#3466=ORIENTED_EDGE('',*,*,#2661,.F.);
#3467=ORIENTED_EDGE('',*,*,#2662,.F.);
#3468=ORIENTED_EDGE('',*,*,#2663,.F.);
#3469=ORIENTED_EDGE('',*,*,#2664,.F.);
#3470=ORIENTED_EDGE('',*,*,#2665,.F.);
#3471=ORIENTED_EDGE('',*,*,#2666,.F.);
#3472=ORIENTED_EDGE('',*,*,#2667,.F.);
#3473=ORIENTED_EDGE('',*,*,#2668,.F.);
#3474=ORIENTED_EDGE('',*,*,#2669,.F.);
#3475=ORIENTED_EDGE('',*,*,#2670,.F.);
#3476=ORIENTED_EDGE('',*,*,#2671,.F.);
#3477=ORIENTED_EDGE('',*,*,#2672,.F.);
#3478=ORIENTED_EDGE('',*,*,#2673,.F.);
#3479=ORIENTED_EDGE('',*,*,#2674,.F.);
#3480=ORIENTED_EDGE('',*,*,#2675,.F.);
#3481=ORIENTED_EDGE('',*,*,#2676,.F.);
#3482=ORIENTED_EDGE('',*,*,#2677,.F.);
#3483=ORIENTED_EDGE('',*,*,#2678,.F.);
#3484=ORIENTED_EDGE('',*,*,#2644,.F.);
#3485=ORIENTED_EDGE('',*,*,#2679,.F.);
#3486=ORIENTED_EDGE('',*,*,#2680,.F.);
#3487=ORIENTED_EDGE('',*,*,#2681,.F.);
#3488=ORIENTED_EDGE('',*,*,#2682,.F.);
#3489=ORIENTED_EDGE('',*,*,#2683,.F.);
#3490=ORIENTED_EDGE('',*,*,#2684,.F.);
#3491=ORIENTED_EDGE('',*,*,#2685,.F.);
#3492=ORIENTED_EDGE('',*,*,#2686,.F.);
#3493=ORIENTED_EDGE('',*,*,#2687,.F.);
#3494=ORIENTED_EDGE('',*,*,#2688,.F.);
#3495=ORIENTED_EDGE('',*,*,#2689,.F.);
#3496=ORIENTED_EDGE('',*,*,#2690,.F.);
#3497=ORIENTED_EDGE('',*,*,#2691,.F.);
#3498=ORIENTED_EDGE('',*,*,#2692,.F.);
#3499=ORIENTED_EDGE('',*,*,#2693,.F.);
#3500=ORIENTED_EDGE('',*,*,#2694,.F.);
#3501=ORIENTED_EDGE('',*,*,#2695,.F.);
#3502=ORIENTED_EDGE('',*,*,#2696,.F.);
#3503=ORIENTED_EDGE('',*,*,#2697,.F.);
#3504=ORIENTED_EDGE('',*,*,#2698,.F.);
#3505=ORIENTED_EDGE('',*,*,#2699,.F.);
#3506=ORIENTED_EDGE('',*,*,#2373,.T.);
#3507=ORIENTED_EDGE('',*,*,#2394,.F.);
#3508=ORIENTED_EDGE('',*,*,#2623,.F.);
#3509=ORIENTED_EDGE('',*,*,#2700,.F.);
#3510=ORIENTED_EDGE('',*,*,#2701,.F.);
#3511=ORIENTED_EDGE('',*,*,#2702,.F.);
#3512=ORIENTED_EDGE('',*,*,#2703,.F.);
#3513=ORIENTED_EDGE('',*,*,#2704,.F.);
#3514=ORIENTED_EDGE('',*,*,#2602,.F.);
#3515=ORIENTED_EDGE('',*,*,#2389,.F.);
#3516=ORIENTED_EDGE('',*,*,#2377,.T.);
#3517=ORIENTED_EDGE('',*,*,#2385,.T.);
#3518=ORIENTED_EDGE('',*,*,#2705,.F.);
#3519=ORIENTED_EDGE('',*,*,#2706,.F.);
#3520=ORIENTED_EDGE('',*,*,#2707,.F.);
#3521=ORIENTED_EDGE('',*,*,#2381,.T.);
#3522=ORIENTED_EDGE('',*,*,#2704,.T.);
#3523=ORIENTED_EDGE('',*,*,#2708,.T.);
#3524=ORIENTED_EDGE('',*,*,#2709,.T.);
#3525=ORIENTED_EDGE('',*,*,#2603,.F.);
#3526=ORIENTED_EDGE('',*,*,#2710,.T.);
#3527=ORIENTED_EDGE('',*,*,#2703,.T.);
#3528=ORIENTED_EDGE('',*,*,#2711,.T.);
#3529=ORIENTED_EDGE('',*,*,#2712,.T.);
#3530=ORIENTED_EDGE('',*,*,#2713,.T.);
#3531=ORIENTED_EDGE('',*,*,#2714,.F.);
#3532=ORIENTED_EDGE('',*,*,#2708,.F.);
#3533=ORIENTED_EDGE('',*,*,#2702,.T.);
#3534=ORIENTED_EDGE('',*,*,#2715,.F.);
#3535=ORIENTED_EDGE('',*,*,#2716,.T.);
#3536=ORIENTED_EDGE('',*,*,#2717,.T.);
#3537=ORIENTED_EDGE('',*,*,#2718,.F.);
#3538=ORIENTED_EDGE('',*,*,#2719,.T.);
#3539=ORIENTED_EDGE('',*,*,#2720,.T.);
#3540=ORIENTED_EDGE('',*,*,#2721,.F.);
#3541=ORIENTED_EDGE('',*,*,#2722,.F.);
#3542=ORIENTED_EDGE('',*,*,#2713,.F.);
#3543=ORIENTED_EDGE('',*,*,#2723,.T.);
#3544=ORIENTED_EDGE('',*,*,#2724,.T.);
#3545=ORIENTED_EDGE('',*,*,#2712,.F.);
#3546=ORIENTED_EDGE('',*,*,#2725,.T.);
#3547=ORIENTED_EDGE('',*,*,#2726,.T.);
#3548=ORIENTED_EDGE('',*,*,#2711,.F.);
#3549=ORIENTED_EDGE('',*,*,#2727,.T.);
#3550=ORIENTED_EDGE('',*,*,#2728,.T.);
#3551=ORIENTED_EDGE('',*,*,#2701,.T.);
#3552=ORIENTED_EDGE('',*,*,#2729,.F.);
#3553=ORIENTED_EDGE('',*,*,#2730,.T.);
#3554=ORIENTED_EDGE('',*,*,#2721,.T.);
#3555=ORIENTED_EDGE('',*,*,#2718,.T.);
#3556=ORIENTED_EDGE('',*,*,#2715,.T.);
#3557=ORIENTED_EDGE('',*,*,#2700,.T.);
#3558=ORIENTED_EDGE('',*,*,#2631,.T.);
#3559=ORIENTED_EDGE('',*,*,#2731,.T.);
#3560=ORIENTED_EDGE('',*,*,#2729,.T.);
#3561=ORIENTED_EDGE('',*,*,#2732,.T.);
#3562=ORIENTED_EDGE('',*,*,#2678,.T.);
#3563=ORIENTED_EDGE('',*,*,#2733,.T.);
#3564=ORIENTED_EDGE('',*,*,#2734,.F.);
#3565=ORIENTED_EDGE('',*,*,#2735,.T.);
#3566=ORIENTED_EDGE('',*,*,#2647,.T.);
#3567=ORIENTED_EDGE('',*,*,#2736,.T.);
#3568=ORIENTED_EDGE('',*,*,#2645,.T.);
#3569=ORIENTED_EDGE('',*,*,#2676,.T.);
#3570=ORIENTED_EDGE('',*,*,#2737,.T.);
#3571=ORIENTED_EDGE('',*,*,#2622,.F.);
#3572=ORIENTED_EDGE('',*,*,#2737,.F.);
#3573=ORIENTED_EDGE('',*,*,#2675,.T.);
#3574=ORIENTED_EDGE('',*,*,#2738,.F.);
#3575=ORIENTED_EDGE('',*,*,#2673,.T.);
#3576=ORIENTED_EDGE('',*,*,#2739,.T.);
#3577=ORIENTED_EDGE('',*,*,#2621,.F.);
#3578=ORIENTED_EDGE('',*,*,#2739,.F.);
#3579=ORIENTED_EDGE('',*,*,#2672,.T.);
#3580=ORIENTED_EDGE('',*,*,#2740,.F.);
#3581=ORIENTED_EDGE('',*,*,#2670,.T.);
#3582=ORIENTED_EDGE('',*,*,#2741,.T.);
#3583=ORIENTED_EDGE('',*,*,#2620,.F.);
#3584=ORIENTED_EDGE('',*,*,#2741,.F.);
#3585=ORIENTED_EDGE('',*,*,#2669,.T.);
#3586=ORIENTED_EDGE('',*,*,#2742,.F.);
#3587=ORIENTED_EDGE('',*,*,#2667,.T.);
#3588=ORIENTED_EDGE('',*,*,#2743,.T.);
#3589=ORIENTED_EDGE('',*,*,#2619,.F.);
#3590=ORIENTED_EDGE('',*,*,#2743,.F.);
#3591=ORIENTED_EDGE('',*,*,#2666,.T.);
#3592=ORIENTED_EDGE('',*,*,#2744,.F.);
#3593=ORIENTED_EDGE('',*,*,#2664,.T.);
#3594=ORIENTED_EDGE('',*,*,#2745,.T.);
#3595=ORIENTED_EDGE('',*,*,#2618,.F.);
#3596=ORIENTED_EDGE('',*,*,#2745,.F.);
#3597=ORIENTED_EDGE('',*,*,#2663,.T.);
#3598=ORIENTED_EDGE('',*,*,#2746,.F.);
#3599=ORIENTED_EDGE('',*,*,#2661,.T.);
#3600=ORIENTED_EDGE('',*,*,#2747,.T.);
#3601=ORIENTED_EDGE('',*,*,#2612,.F.);
#3602=ORIENTED_EDGE('',*,*,#2747,.F.);
#3603=ORIENTED_EDGE('',*,*,#2660,.T.);
#3604=ORIENTED_EDGE('',*,*,#2748,.F.);
#3605=ORIENTED_EDGE('',*,*,#2677,.T.);
#3606=ORIENTED_EDGE('',*,*,#2738,.T.);
#3607=ORIENTED_EDGE('',*,*,#2674,.T.);
#3608=ORIENTED_EDGE('',*,*,#2740,.T.);
#3609=ORIENTED_EDGE('',*,*,#2671,.T.);
#3610=ORIENTED_EDGE('',*,*,#2742,.T.);
#3611=ORIENTED_EDGE('',*,*,#2668,.T.);
#3612=ORIENTED_EDGE('',*,*,#2744,.T.);
#3613=ORIENTED_EDGE('',*,*,#2665,.T.);
#3614=ORIENTED_EDGE('',*,*,#2746,.T.);
#3615=ORIENTED_EDGE('',*,*,#2662,.T.);
#3616=ORIENTED_EDGE('',*,*,#2748,.T.);
#3617=ORIENTED_EDGE('',*,*,#2659,.T.);
#3618=ORIENTED_EDGE('',*,*,#2749,.F.);
#3619=ORIENTED_EDGE('',*,*,#2750,.F.);
#3620=ORIENTED_EDGE('',*,*,#2733,.F.);
#3621=ORIENTED_EDGE('',*,*,#2751,.F.);
#3622=ORIENTED_EDGE('',*,*,#2752,.F.);
#3623=ORIENTED_EDGE('',*,*,#2753,.F.);
#3624=ORIENTED_EDGE('',*,*,#2754,.F.);
#3625=ORIENTED_EDGE('',*,*,#2755,.T.);
#3626=ORIENTED_EDGE('',*,*,#2756,.T.);
#3627=ORIENTED_EDGE('',*,*,#2757,.T.);
#3628=ORIENTED_EDGE('',*,*,#2758,.T.);
#3629=ORIENTED_EDGE('',*,*,#2759,.T.);
#3630=ORIENTED_EDGE('',*,*,#2760,.T.);
#3631=ORIENTED_EDGE('',*,*,#2658,.T.);
#3632=ORIENTED_EDGE('',*,*,#2546,.T.);
#3633=ORIENTED_EDGE('',*,*,#2761,.T.);
#3634=ORIENTED_EDGE('',*,*,#2543,.T.);
#3635=ORIENTED_EDGE('',*,*,#2563,.T.);
#3636=ORIENTED_EDGE('',*,*,#2762,.T.);
#3637=ORIENTED_EDGE('',*,*,#2749,.T.);
#3638=ORIENTED_EDGE('',*,*,#2581,.T.);
#3639=ORIENTED_EDGE('',*,*,#2577,.T.);
#3640=ORIENTED_EDGE('',*,*,#2763,.T.);
#3641=ORIENTED_EDGE('',*,*,#2593,.T.);
#3642=ORIENTED_EDGE('',*,*,#2764,.T.);
#3643=ORIENTED_EDGE('',*,*,#2579,.T.);
#3644=ORIENTED_EDGE('',*,*,#2592,.F.);
#3645=ORIENTED_EDGE('',*,*,#2568,.T.);
#3646=ORIENTED_EDGE('',*,*,#2764,.F.);
#3647=ORIENTED_EDGE('',*,*,#2567,.T.);
#3648=ORIENTED_EDGE('',*,*,#2765,.F.);
#3649=ORIENTED_EDGE('',*,*,#2580,.T.);
#3650=ORIENTED_EDGE('',*,*,#2766,.T.);
#3651=ORIENTED_EDGE('',*,*,#2585,.T.);
#3652=ORIENTED_EDGE('',*,*,#2767,.T.);
#3653=ORIENTED_EDGE('',*,*,#2536,.T.);
#3654=ORIENTED_EDGE('',*,*,#2765,.T.);
#3655=ORIENTED_EDGE('',*,*,#2566,.T.);
#3656=ORIENTED_EDGE('',*,*,#2531,.T.);
#3657=ORIENTED_EDGE('',*,*,#2537,.T.);
#3658=ORIENTED_EDGE('',*,*,#2767,.F.);
#3659=ORIENTED_EDGE('',*,*,#2587,.T.);
#3660=ORIENTED_EDGE('',*,*,#2572,.T.);
#3661=ORIENTED_EDGE('',*,*,#2541,.T.);
#3662=ORIENTED_EDGE('',*,*,#2584,.T.);
#3663=ORIENTED_EDGE('',*,*,#2768,.T.);
#3664=ORIENTED_EDGE('',*,*,#2534,.T.);
#3665=ORIENTED_EDGE('',*,*,#2768,.F.);
#3666=ORIENTED_EDGE('',*,*,#2583,.T.);
#3667=ORIENTED_EDGE('',*,*,#2586,.F.);
#3668=ORIENTED_EDGE('',*,*,#2766,.F.);
#3669=ORIENTED_EDGE('',*,*,#2535,.T.);
#3670=ORIENTED_EDGE('',*,*,#2769,.F.);
#3671=ORIENTED_EDGE('',*,*,#2770,.T.);
#3672=ORIENTED_EDGE('',*,*,#2771,.T.);
#3673=ORIENTED_EDGE('',*,*,#2772,.F.);
#3674=ORIENTED_EDGE('',*,*,#2650,.F.);
#3675=ORIENTED_EDGE('',*,*,#2772,.T.);
#3676=ORIENTED_EDGE('',*,*,#2773,.T.);
#3677=ORIENTED_EDGE('',*,*,#2770,.F.);
#3678=ORIENTED_EDGE('',*,*,#2773,.F.);
#3679=ORIENTED_EDGE('',*,*,#2771,.F.);
#3680=ORIENTED_EDGE('',*,*,#2774,.F.);
#3681=ORIENTED_EDGE('',*,*,#2736,.F.);
#3682=ORIENTED_EDGE('',*,*,#2775,.T.);
#3683=ORIENTED_EDGE('',*,*,#2776,.T.);
#3684=ORIENTED_EDGE('',*,*,#2777,.F.);
#3685=ORIENTED_EDGE('',*,*,#2646,.F.);
#3686=ORIENTED_EDGE('',*,*,#2777,.T.);
#3687=ORIENTED_EDGE('',*,*,#2778,.T.);
#3688=ORIENTED_EDGE('',*,*,#2775,.F.);
#3689=ORIENTED_EDGE('',*,*,#2778,.F.);
#3690=ORIENTED_EDGE('',*,*,#2776,.F.);
#3691=ORIENTED_EDGE('',*,*,#2779,.F.);
#3692=ORIENTED_EDGE('',*,*,#2779,.T.);
#3693=ORIENTED_EDGE('',*,*,#2780,.T.);
#3694=ORIENTED_EDGE('',*,*,#2710,.F.);
#3695=ORIENTED_EDGE('',*,*,#2780,.F.);
#3696=ORIENTED_EDGE('',*,*,#2774,.T.);
#3697=ORIENTED_EDGE('',*,*,#2781,.T.);
#3698=ORIENTED_EDGE('',*,*,#2732,.F.);
#3699=ORIENTED_EDGE('',*,*,#2781,.F.);
#3700=ORIENTED_EDGE('',*,*,#2782,.T.);
#3701=ORIENTED_EDGE('',*,*,#2783,.T.);
#3702=ORIENTED_EDGE('',*,*,#2784,.T.);
#3703=ORIENTED_EDGE('',*,*,#2785,.T.);
#3704=ORIENTED_EDGE('',*,*,#2786,.T.);
#3705=ORIENTED_EDGE('',*,*,#2787,.T.);
#3706=ORIENTED_EDGE('',*,*,#2782,.F.);
#3707=ORIENTED_EDGE('',*,*,#2788,.T.);
#3708=ORIENTED_EDGE('',*,*,#2786,.F.);
#3709=ORIENTED_EDGE('',*,*,#2789,.T.);
#3710=ORIENTED_EDGE('',*,*,#2790,.T.);
#3711=ORIENTED_EDGE('',*,*,#2789,.F.);
#3712=ORIENTED_EDGE('',*,*,#2791,.T.);
#3713=ORIENTED_EDGE('',*,*,#2792,.F.);
#3714=ORIENTED_EDGE('',*,*,#2793,.T.);
#3715=ORIENTED_EDGE('',*,*,#2788,.F.);
#3716=ORIENTED_EDGE('',*,*,#2785,.F.);
#3717=ORIENTED_EDGE('',*,*,#2794,.F.);
#3718=ORIENTED_EDGE('',*,*,#2795,.F.);
#3719=ORIENTED_EDGE('',*,*,#2796,.F.);
#3720=ORIENTED_EDGE('',*,*,#2797,.F.);
#3721=ORIENTED_EDGE('',*,*,#2791,.F.);
#3722=ORIENTED_EDGE('',*,*,#2798,.F.);
#3723=ORIENTED_EDGE('',*,*,#2799,.T.);
#3724=ORIENTED_EDGE('',*,*,#2795,.T.);
#3725=ORIENTED_EDGE('',*,*,#2800,.T.);
#3726=ORIENTED_EDGE('',*,*,#2801,.T.);
#3727=ORIENTED_EDGE('',*,*,#2802,.T.);
#3728=ORIENTED_EDGE('',*,*,#2796,.T.);
#3729=ORIENTED_EDGE('',*,*,#2799,.F.);
#3730=ORIENTED_EDGE('',*,*,#2803,.T.);
#3731=ORIENTED_EDGE('',*,*,#2804,.T.);
#3732=ORIENTED_EDGE('',*,*,#2805,.T.);
#3733=ORIENTED_EDGE('',*,*,#2802,.F.);
#3734=ORIENTED_EDGE('',*,*,#2804,.F.);
#3735=ORIENTED_EDGE('',*,*,#2803,.F.);
#3736=ORIENTED_EDGE('',*,*,#2806,.T.);
#3737=ORIENTED_EDGE('',*,*,#2807,.T.);
#3738=ORIENTED_EDGE('',*,*,#2808,.T.);
#3739=ORIENTED_EDGE('',*,*,#2801,.F.);
#3740=ORIENTED_EDGE('',*,*,#2809,.F.);
#3741=ORIENTED_EDGE('',*,*,#2810,.F.);
#3742=ORIENTED_EDGE('',*,*,#2806,.F.);
#3743=ORIENTED_EDGE('',*,*,#2805,.F.);
#3744=ORIENTED_EDGE('',*,*,#2811,.T.);
#3745=ORIENTED_EDGE('',*,*,#2792,.T.);
#3746=ORIENTED_EDGE('',*,*,#2797,.T.);
#3747=ORIENTED_EDGE('',*,*,#2812,.F.);
#3748=ORIENTED_EDGE('',*,*,#2793,.F.);
#3749=ORIENTED_EDGE('',*,*,#2813,.T.);
#3750=ORIENTED_EDGE('',*,*,#2814,.F.);
#3751=ORIENTED_EDGE('',*,*,#2815,.F.);
#3752=ORIENTED_EDGE('',*,*,#2816,.F.);
#3753=ORIENTED_EDGE('',*,*,#2811,.F.);
#3754=ORIENTED_EDGE('',*,*,#2808,.F.);
#3755=ORIENTED_EDGE('',*,*,#2817,.T.);
#3756=ORIENTED_EDGE('',*,*,#2818,.F.);
#3757=ORIENTED_EDGE('',*,*,#2819,.F.);
#3758=ORIENTED_EDGE('',*,*,#2820,.F.);
#3759=ORIENTED_EDGE('',*,*,#2821,.T.);
#3760=ORIENTED_EDGE('',*,*,#2822,.F.);
#3761=ORIENTED_EDGE('',*,*,#2823,.F.);
#3762=ORIENTED_EDGE('',*,*,#2824,.F.);
#3763=ORIENTED_EDGE('',*,*,#2825,.T.);
#3764=ORIENTED_EDGE('',*,*,#2826,.F.);
#3765=ORIENTED_EDGE('',*,*,#2827,.F.);
#3766=ORIENTED_EDGE('',*,*,#2828,.F.);
#3767=ORIENTED_EDGE('',*,*,#2829,.F.);
#3768=ORIENTED_EDGE('',*,*,#2830,.F.);
#3769=ORIENTED_EDGE('',*,*,#2831,.F.);
#3770=ORIENTED_EDGE('',*,*,#2832,.F.);
#3771=ORIENTED_EDGE('',*,*,#2813,.F.);
#3772=ORIENTED_EDGE('',*,*,#2794,.T.);
#3773=ORIENTED_EDGE('',*,*,#2784,.F.);
#3774=ORIENTED_EDGE('',*,*,#2833,.T.);
#3775=ORIENTED_EDGE('',*,*,#2800,.F.);
#3776=ORIENTED_EDGE('',*,*,#2834,.T.);
#3777=ORIENTED_EDGE('',*,*,#2418,.T.);
#3778=ORIENTED_EDGE('',*,*,#2835,.T.);
#3779=ORIENTED_EDGE('',*,*,#2836,.T.);
#3780=ORIENTED_EDGE('',*,*,#2837,.T.);
#3781=ORIENTED_EDGE('',*,*,#2421,.T.);
#3782=ORIENTED_EDGE('',*,*,#2415,.T.);
#3783=ORIENTED_EDGE('',*,*,#2838,.T.);
#3784=ORIENTED_EDGE('',*,*,#2839,.T.);
#3785=ORIENTED_EDGE('',*,*,#2835,.F.);
#3786=ORIENTED_EDGE('',*,*,#2431,.T.);
#3787=ORIENTED_EDGE('',*,*,#2432,.T.);
#3788=ORIENTED_EDGE('',*,*,#2408,.T.);
#3789=ORIENTED_EDGE('',*,*,#2840,.T.);
#3790=ORIENTED_EDGE('',*,*,#2810,.T.);
#3791=ORIENTED_EDGE('',*,*,#2838,.F.);
#3792=ORIENTED_EDGE('',*,*,#2411,.T.);
#3793=ORIENTED_EDGE('',*,*,#2840,.F.);
#3794=ORIENTED_EDGE('',*,*,#2841,.T.);
#3795=ORIENTED_EDGE('',*,*,#2807,.F.);
#3796=ORIENTED_EDGE('',*,*,#2790,.F.);
#3797=ORIENTED_EDGE('',*,*,#2812,.T.);
#3798=ORIENTED_EDGE('',*,*,#2842,.T.);
#3799=ORIENTED_EDGE('',*,*,#2843,.T.);
#3800=ORIENTED_EDGE('',*,*,#2787,.F.);
#3801=ORIENTED_EDGE('',*,*,#2842,.F.);
#3802=ORIENTED_EDGE('',*,*,#2844,.T.);
#3803=ORIENTED_EDGE('',*,*,#2837,.F.);
#3804=ORIENTED_EDGE('',*,*,#2845,.T.);
#3805=ORIENTED_EDGE('',*,*,#2846,.T.);
#3806=ORIENTED_EDGE('',*,*,#2425,.T.);
#3807=ORIENTED_EDGE('',*,*,#2419,.T.);
#3808=ORIENTED_EDGE('',*,*,#2834,.F.);
#3809=ORIENTED_EDGE('',*,*,#2423,.T.);
#3810=ORIENTED_EDGE('',*,*,#2426,.T.);
#3811=ORIENTED_EDGE('',*,*,#2846,.F.);
#3812=ORIENTED_EDGE('',*,*,#2844,.F.);
#3813=ORIENTED_EDGE('',*,*,#2816,.T.);
#3814=ORIENTED_EDGE('',*,*,#2847,.F.);
#3815=ORIENTED_EDGE('',*,*,#2395,.T.);
#3816=ORIENTED_EDGE('',*,*,#2783,.F.);
#3817=ORIENTED_EDGE('',*,*,#2843,.F.);
#3818=ORIENTED_EDGE('',*,*,#2836,.F.);
#3819=ORIENTED_EDGE('',*,*,#2848,.F.);
#3820=ORIENTED_EDGE('',*,*,#2833,.F.);
#3821=ORIENTED_EDGE('',*,*,#2848,.T.);
#3822=ORIENTED_EDGE('',*,*,#2839,.F.);
#3823=ORIENTED_EDGE('',*,*,#2809,.T.);
#3824=ORIENTED_EDGE('',*,*,#2798,.T.);
#3825=ORIENTED_EDGE('',*,*,#2849,.T.);
#3826=ORIENTED_EDGE('',*,*,#2850,.T.);
#3827=ORIENTED_EDGE('',*,*,#2851,.T.);
#3828=ORIENTED_EDGE('',*,*,#2849,.F.);
#3829=ORIENTED_EDGE('',*,*,#2851,.F.);
#3830=ORIENTED_EDGE('',*,*,#2852,.T.);
#3831=ORIENTED_EDGE('',*,*,#2507,.F.);
#3832=ORIENTED_EDGE('',*,*,#2852,.F.);
#3833=ORIENTED_EDGE('',*,*,#2850,.F.);
#3834=ORIENTED_EDGE('',*,*,#2853,.T.);
#3835=ORIENTED_EDGE('',*,*,#2854,.T.);
#3836=ORIENTED_EDGE('',*,*,#2461,.T.);
#3837=ORIENTED_EDGE('',*,*,#2855,.T.);
#3838=ORIENTED_EDGE('',*,*,#2438,.T.);
#3839=ORIENTED_EDGE('',*,*,#2457,.T.);
#3840=ORIENTED_EDGE('',*,*,#2856,.T.);
#3841=ORIENTED_EDGE('',*,*,#2857,.T.);
#3842=ORIENTED_EDGE('',*,*,#2440,.T.);
#3843=ORIENTED_EDGE('',*,*,#2858,.T.);
#3844=ORIENTED_EDGE('',*,*,#2859,.T.);
#3845=ORIENTED_EDGE('',*,*,#2860,.T.);
#3846=ORIENTED_EDGE('',*,*,#2861,.T.);
#3847=ORIENTED_EDGE('',*,*,#2853,.F.);
#3848=ORIENTED_EDGE('',*,*,#2862,.T.);
#3849=ORIENTED_EDGE('',*,*,#2863,.T.);
#3850=ORIENTED_EDGE('',*,*,#2864,.T.);
#3851=ORIENTED_EDGE('',*,*,#2865,.T.);
#3852=ORIENTED_EDGE('',*,*,#2866,.T.);
#3853=ORIENTED_EDGE('',*,*,#2822,.T.);
#3854=ORIENTED_EDGE('',*,*,#2441,.T.);
#3855=ORIENTED_EDGE('',*,*,#2857,.F.);
#3856=ORIENTED_EDGE('',*,*,#2864,.F.);
#3857=ORIENTED_EDGE('',*,*,#2867,.T.);
#3858=ORIENTED_EDGE('',*,*,#2451,.T.);
#3859=ORIENTED_EDGE('',*,*,#2868,.T.);
#3860=ORIENTED_EDGE('',*,*,#2823,.T.);
#3861=ORIENTED_EDGE('',*,*,#2866,.F.);
#3862=ORIENTED_EDGE('',*,*,#2869,.T.);
#3863=ORIENTED_EDGE('',*,*,#2870,.T.);
#3864=ORIENTED_EDGE('',*,*,#2448,.T.);
#3865=ORIENTED_EDGE('',*,*,#2871,.T.);
#3866=ORIENTED_EDGE('',*,*,#2872,.T.);
#3867=ORIENTED_EDGE('',*,*,#2871,.F.);
#3868=ORIENTED_EDGE('',*,*,#2439,.T.);
#3869=ORIENTED_EDGE('',*,*,#2859,.F.);
#3870=ORIENTED_EDGE('',*,*,#2873,.T.);
#3871=ORIENTED_EDGE('',*,*,#2874,.T.);
#3872=ORIENTED_EDGE('',*,*,#2873,.F.);
#3873=ORIENTED_EDGE('',*,*,#2858,.F.);
#3874=ORIENTED_EDGE('',*,*,#2453,.T.);
#3875=ORIENTED_EDGE('',*,*,#2875,.F.);
#3876=ORIENTED_EDGE('',*,*,#2876,.T.);
#3877=ORIENTED_EDGE('',*,*,#2877,.F.);
#3878=ORIENTED_EDGE('',*,*,#2878,.F.);
#3879=ORIENTED_EDGE('',*,*,#2464,.F.);
#3880=ORIENTED_EDGE('',*,*,#2452,.T.);
#3881=ORIENTED_EDGE('',*,*,#2867,.F.);
#3882=ORIENTED_EDGE('',*,*,#2821,.F.);
#3883=ORIENTED_EDGE('',*,*,#2879,.T.);
#3884=ORIENTED_EDGE('',*,*,#2875,.T.);
#3885=ORIENTED_EDGE('',*,*,#2868,.F.);
#3886=ORIENTED_EDGE('',*,*,#2880,.T.);
#3887=ORIENTED_EDGE('',*,*,#2881,.T.);
#3888=ORIENTED_EDGE('',*,*,#2824,.T.);
#3889=ORIENTED_EDGE('',*,*,#2869,.F.);
#3890=ORIENTED_EDGE('',*,*,#2882,.T.);
#3891=ORIENTED_EDGE('',*,*,#2883,.T.);
#3892=ORIENTED_EDGE('',*,*,#2884,.T.);
#3893=ORIENTED_EDGE('',*,*,#2860,.F.);
#3894=ORIENTED_EDGE('',*,*,#2885,.F.);
#3895=ORIENTED_EDGE('',*,*,#2880,.F.);
#3896=ORIENTED_EDGE('',*,*,#2870,.F.);
#3897=ORIENTED_EDGE('',*,*,#2884,.F.);
#3898=ORIENTED_EDGE('',*,*,#2886,.F.);
#3899=ORIENTED_EDGE('',*,*,#2887,.F.);
#3900=ORIENTED_EDGE('',*,*,#2861,.F.);
#3901=ORIENTED_EDGE('',*,*,#2887,.T.);
#3902=ORIENTED_EDGE('',*,*,#2888,.T.);
#3903=ORIENTED_EDGE('',*,*,#2889,.T.);
#3904=ORIENTED_EDGE('',*,*,#2854,.F.);
#3905=ORIENTED_EDGE('',*,*,#2889,.F.);
#3906=ORIENTED_EDGE('',*,*,#2890,.F.);
#3907=ORIENTED_EDGE('',*,*,#2459,.F.);
#3908=ORIENTED_EDGE('',*,*,#2863,.F.);
#3909=ORIENTED_EDGE('',*,*,#2891,.T.);
#3910=ORIENTED_EDGE('',*,*,#2881,.F.);
#3911=ORIENTED_EDGE('',*,*,#2885,.T.);
#3912=ORIENTED_EDGE('',*,*,#2886,.T.);
#3913=ORIENTED_EDGE('',*,*,#2883,.F.);
#3914=ORIENTED_EDGE('',*,*,#2892,.T.);
#3915=ORIENTED_EDGE('',*,*,#2888,.F.);
#3916=ORIENTED_EDGE('',*,*,#2382,.T.);
#3917=ORIENTED_EDGE('',*,*,#2707,.T.);
#3918=ORIENTED_EDGE('',*,*,#2893,.T.);
#3919=ORIENTED_EDGE('',*,*,#2894,.F.);
#3920=ORIENTED_EDGE('',*,*,#2706,.T.);
#3921=ORIENTED_EDGE('',*,*,#2895,.F.);
#3922=ORIENTED_EDGE('',*,*,#2896,.F.);
#3923=ORIENTED_EDGE('',*,*,#2893,.F.);
#3924=ORIENTED_EDGE('',*,*,#2897,.T.);
#3925=ORIENTED_EDGE('',*,*,#2898,.T.);
#3926=ORIENTED_EDGE('',*,*,#2899,.T.);
#3927=ORIENTED_EDGE('',*,*,#2900,.T.);
#3928=ORIENTED_EDGE('',*,*,#2901,.T.);
#3929=ORIENTED_EDGE('',*,*,#2902,.T.);
#3930=ORIENTED_EDGE('',*,*,#2384,.T.);
#3931=ORIENTED_EDGE('',*,*,#2903,.T.);
#3932=ORIENTED_EDGE('',*,*,#2895,.T.);
#3933=ORIENTED_EDGE('',*,*,#2705,.T.);
#3934=ORIENTED_EDGE('',*,*,#2904,.T.);
#3935=ORIENTED_EDGE('',*,*,#2905,.T.);
#3936=ORIENTED_EDGE('',*,*,#2906,.T.);
#3937=ORIENTED_EDGE('',*,*,#2907,.T.);
#3938=ORIENTED_EDGE('',*,*,#2680,.T.);
#3939=ORIENTED_EDGE('',*,*,#2908,.F.);
#3940=ORIENTED_EDGE('',*,*,#2909,.F.);
#3941=ORIENTED_EDGE('',*,*,#2910,.F.);
#3942=ORIENTED_EDGE('',*,*,#2698,.T.);
#3943=ORIENTED_EDGE('',*,*,#2911,.T.);
#3944=ORIENTED_EDGE('',*,*,#2695,.T.);
#3945=ORIENTED_EDGE('',*,*,#2912,.T.);
#3946=ORIENTED_EDGE('',*,*,#2692,.T.);
#3947=ORIENTED_EDGE('',*,*,#2913,.T.);
#3948=ORIENTED_EDGE('',*,*,#2689,.T.);
#3949=ORIENTED_EDGE('',*,*,#2914,.T.);
#3950=ORIENTED_EDGE('',*,*,#2686,.T.);
#3951=ORIENTED_EDGE('',*,*,#2915,.T.);
#3952=ORIENTED_EDGE('',*,*,#2683,.T.);
#3953=ORIENTED_EDGE('',*,*,#2916,.T.);
#3954=ORIENTED_EDGE('',*,*,#2917,.T.);
#3955=ORIENTED_EDGE('',*,*,#2918,.T.);
#3956=ORIENTED_EDGE('',*,*,#2919,.T.);
#3957=ORIENTED_EDGE('',*,*,#2920,.T.);
#3958=ORIENTED_EDGE('',*,*,#2921,.T.);
#3959=ORIENTED_EDGE('',*,*,#2922,.T.);
#3960=ORIENTED_EDGE('',*,*,#2923,.F.);
#3961=ORIENTED_EDGE('',*,*,#2905,.F.);
#3962=ORIENTED_EDGE('',*,*,#2924,.F.);
#3963=ORIENTED_EDGE('',*,*,#2925,.F.);
#3964=ORIENTED_EDGE('',*,*,#2926,.T.);
#3965=ORIENTED_EDGE('',*,*,#2752,.T.);
#3966=ORIENTED_EDGE('',*,*,#2927,.T.);
#3967=ORIENTED_EDGE('',*,*,#2928,.T.);
#3968=ORIENTED_EDGE('',*,*,#2929,.T.);
#3969=ORIENTED_EDGE('',*,*,#2605,.F.);
#3970=ORIENTED_EDGE('',*,*,#2930,.T.);
#3971=ORIENTED_EDGE('',*,*,#2629,.T.);
#3972=ORIENTED_EDGE('',*,*,#2931,.T.);
#3973=ORIENTED_EDGE('',*,*,#2932,.T.);
#3974=ORIENTED_EDGE('',*,*,#2606,.F.);
#3975=ORIENTED_EDGE('',*,*,#2929,.F.);
#3976=ORIENTED_EDGE('',*,*,#2933,.T.);
#3977=ORIENTED_EDGE('',*,*,#2934,.T.);
#3978=ORIENTED_EDGE('',*,*,#2753,.T.);
#3979=ORIENTED_EDGE('',*,*,#2926,.F.);
#3980=ORIENTED_EDGE('',*,*,#2935,.T.);
#3981=ORIENTED_EDGE('',*,*,#2932,.F.);
#3982=ORIENTED_EDGE('',*,*,#2936,.F.);
#3983=ORIENTED_EDGE('',*,*,#2937,.F.);
#3984=ORIENTED_EDGE('',*,*,#2933,.F.);
#3985=ORIENTED_EDGE('',*,*,#2931,.F.);
#3986=ORIENTED_EDGE('',*,*,#2628,.F.);
#3987=ORIENTED_EDGE('',*,*,#2938,.F.);
#3988=ORIENTED_EDGE('',*,*,#2906,.F.);
#3989=ORIENTED_EDGE('',*,*,#2923,.T.);
#3990=ORIENTED_EDGE('',*,*,#2939,.F.);
#3991=ORIENTED_EDGE('',*,*,#2936,.T.);
#3992=ORIENTED_EDGE('',*,*,#2940,.T.);
#3993=ORIENTED_EDGE('',*,*,#2625,.F.);
#3994=ORIENTED_EDGE('',*,*,#2941,.T.);
#3995=ORIENTED_EDGE('',*,*,#2609,.T.);
#3996=ORIENTED_EDGE('',*,*,#2942,.T.);
#3997=ORIENTED_EDGE('',*,*,#2943,.T.);
#3998=ORIENTED_EDGE('',*,*,#2943,.F.);
#3999=ORIENTED_EDGE('',*,*,#2944,.F.);
#4000=ORIENTED_EDGE('',*,*,#2945,.T.);
#4001=ORIENTED_EDGE('',*,*,#2946,.F.);
#4002=ORIENTED_EDGE('',*,*,#2481,.T.);
#4003=ORIENTED_EDGE('',*,*,#2484,.T.);
#4004=ORIENTED_EDGE('',*,*,#2942,.F.);
#4005=ORIENTED_EDGE('',*,*,#2608,.F.);
#4006=ORIENTED_EDGE('',*,*,#2947,.F.);
#4007=ORIENTED_EDGE('',*,*,#2927,.F.);
#4008=ORIENTED_EDGE('',*,*,#2751,.T.);
#4009=ORIENTED_EDGE('',*,*,#2948,.F.);
#4010=ORIENTED_EDGE('',*,*,#2944,.T.);
#4011=ORIENTED_EDGE('',*,*,#2940,.F.);
#4012=ORIENTED_EDGE('',*,*,#2946,.T.);
#4013=ORIENTED_EDGE('',*,*,#2949,.T.);
#4014=ORIENTED_EDGE('',*,*,#2924,.T.);
#4015=ORIENTED_EDGE('',*,*,#2904,.F.);
#4016=ORIENTED_EDGE('',*,*,#2950,.T.);
#4017=ORIENTED_EDGE('',*,*,#2626,.F.);
#4018=ORIENTED_EDGE('',*,*,#2939,.T.);
#4019=ORIENTED_EDGE('',*,*,#2925,.T.);
#4020=ORIENTED_EDGE('',*,*,#2949,.F.);
#4021=ORIENTED_EDGE('',*,*,#2951,.T.);
#4022=ORIENTED_EDGE('',*,*,#2930,.F.);
#4023=ORIENTED_EDGE('',*,*,#2604,.F.);
#4024=ORIENTED_EDGE('',*,*,#2709,.F.);
#4025=ORIENTED_EDGE('',*,*,#2714,.T.);
#4026=ORIENTED_EDGE('',*,*,#2722,.T.);
#4027=ORIENTED_EDGE('',*,*,#2730,.F.);
#4028=ORIENTED_EDGE('',*,*,#2731,.F.);
#4029=ORIENTED_EDGE('',*,*,#2630,.F.);
#4030=ORIENTED_EDGE('',*,*,#2951,.F.);
#4031=ORIENTED_EDGE('',*,*,#2945,.F.);
#4032=ORIENTED_EDGE('',*,*,#2952,.F.);
#4033=ORIENTED_EDGE('',*,*,#2937,.T.);
#4034=ORIENTED_EDGE('',*,*,#2941,.F.);
#4035=ORIENTED_EDGE('',*,*,#2624,.F.);
#4036=ORIENTED_EDGE('',*,*,#2392,.F.);
#4037=ORIENTED_EDGE('',*,*,#2375,.T.);
#4038=ORIENTED_EDGE('',*,*,#2386,.T.);
#4039=ORIENTED_EDGE('',*,*,#2379,.F.);
#4040=ORIENTED_EDGE('',*,*,#2391,.F.);
#4041=ORIENTED_EDGE('',*,*,#2610,.F.);
#4042=ORIENTED_EDGE('',*,*,#2948,.T.);
#4043=ORIENTED_EDGE('',*,*,#2754,.T.);
#4044=ORIENTED_EDGE('',*,*,#2934,.F.);
#4045=ORIENTED_EDGE('',*,*,#2952,.T.);
#4046=ORIENTED_EDGE('',*,*,#2699,.T.);
#4047=ORIENTED_EDGE('',*,*,#2910,.T.);
#4048=ORIENTED_EDGE('',*,*,#2953,.F.);
#4049=ORIENTED_EDGE('',*,*,#2599,.T.);
#4050=ORIENTED_EDGE('',*,*,#2551,.T.);
#4051=ORIENTED_EDGE('',*,*,#2954,.T.);
#4052=ORIENTED_EDGE('',*,*,#2548,.T.);
#4053=ORIENTED_EDGE('',*,*,#2679,.T.);
#4054=ORIENTED_EDGE('',*,*,#2651,.T.);
#4055=ORIENTED_EDGE('',*,*,#2769,.T.);
#4056=ORIENTED_EDGE('',*,*,#2649,.T.);
#4057=ORIENTED_EDGE('',*,*,#2955,.T.);
#4058=ORIENTED_EDGE('',*,*,#2956,.T.);
#4059=ORIENTED_EDGE('',*,*,#2908,.T.);
#4060=ORIENTED_EDGE('',*,*,#2762,.F.);
#4061=ORIENTED_EDGE('',*,*,#2957,.T.);
#4062=ORIENTED_EDGE('',*,*,#2958,.T.);
#4063=ORIENTED_EDGE('',*,*,#2959,.T.);
#4064=ORIENTED_EDGE('',*,*,#2734,.T.);
#4065=ORIENTED_EDGE('',*,*,#2750,.T.);
#4066=ORIENTED_EDGE('',*,*,#2761,.F.);
#4067=ORIENTED_EDGE('',*,*,#2545,.F.);
#4068=ORIENTED_EDGE('',*,*,#2960,.T.);
#4069=ORIENTED_EDGE('',*,*,#2961,.T.);
#4070=ORIENTED_EDGE('',*,*,#2960,.F.);
#4071=ORIENTED_EDGE('',*,*,#2544,.F.);
#4072=ORIENTED_EDGE('',*,*,#2959,.F.);
#4073=ORIENTED_EDGE('',*,*,#2962,.F.);
#4074=ORIENTED_EDGE('',*,*,#2963,.F.);
#4075=ORIENTED_EDGE('',*,*,#2956,.F.);
#4076=ORIENTED_EDGE('',*,*,#2964,.T.);
#4077=ORIENTED_EDGE('',*,*,#2829,.T.);
#4078=ORIENTED_EDGE('',*,*,#2965,.T.);
#4079=ORIENTED_EDGE('',*,*,#2953,.T.);
#4080=ORIENTED_EDGE('',*,*,#2909,.T.);
#4081=ORIENTED_EDGE('',*,*,#2965,.F.);
#4082=ORIENTED_EDGE('',*,*,#2966,.F.);
#4083=ORIENTED_EDGE('',*,*,#2600,.F.);
#4084=ORIENTED_EDGE('',*,*,#2954,.F.);
#4085=ORIENTED_EDGE('',*,*,#2550,.F.);
#4086=ORIENTED_EDGE('',*,*,#2967,.T.);
#4087=ORIENTED_EDGE('',*,*,#2968,.T.);
#4088=ORIENTED_EDGE('',*,*,#2967,.F.);
#4089=ORIENTED_EDGE('',*,*,#2549,.F.);
#4090=ORIENTED_EDGE('',*,*,#2830,.T.);
#4091=ORIENTED_EDGE('',*,*,#2969,.F.);
#4092=ORIENTED_EDGE('',*,*,#2970,.T.);
#4093=ORIENTED_EDGE('',*,*,#2971,.T.);
#4094=ORIENTED_EDGE('',*,*,#2972,.T.);
#4095=ORIENTED_EDGE('',*,*,#2973,.T.);
#4096=ORIENTED_EDGE('',*,*,#2831,.T.);
#4097=ORIENTED_EDGE('',*,*,#2971,.F.);
#4098=ORIENTED_EDGE('',*,*,#2974,.T.);
#4099=ORIENTED_EDGE('',*,*,#2975,.T.);
#4100=ORIENTED_EDGE('',*,*,#2976,.T.);
#4101=ORIENTED_EDGE('',*,*,#2500,.T.);
#4102=ORIENTED_EDGE('',*,*,#2974,.F.);
#4103=ORIENTED_EDGE('',*,*,#2977,.T.);
#4104=ORIENTED_EDGE('',*,*,#2973,.F.);
#4105=ORIENTED_EDGE('',*,*,#2978,.T.);
#4106=ORIENTED_EDGE('',*,*,#2962,.T.);
#4107=ORIENTED_EDGE('',*,*,#2979,.T.);
#4108=ORIENTED_EDGE('',*,*,#2980,.T.);
#4109=ORIENTED_EDGE('',*,*,#2981,.T.);
#4110=ORIENTED_EDGE('',*,*,#2982,.T.);
#4111=ORIENTED_EDGE('',*,*,#2983,.T.);
#4112=ORIENTED_EDGE('',*,*,#2980,.F.);
#4113=ORIENTED_EDGE('',*,*,#2982,.F.);
#4114=ORIENTED_EDGE('',*,*,#2984,.T.);
#4115=ORIENTED_EDGE('',*,*,#2976,.F.);
#4116=ORIENTED_EDGE('',*,*,#2977,.F.);
#4117=ORIENTED_EDGE('',*,*,#2499,.T.);
#4118=ORIENTED_EDGE('',*,*,#2985,.F.);
#4119=ORIENTED_EDGE('',*,*,#2832,.T.);
#4120=ORIENTED_EDGE('',*,*,#2984,.F.);
#4121=ORIENTED_EDGE('',*,*,#2986,.T.);
#4122=ORIENTED_EDGE('',*,*,#2987,.T.);
#4123=ORIENTED_EDGE('',*,*,#2501,.T.);
#4124=ORIENTED_EDGE('',*,*,#2981,.F.);
#4125=ORIENTED_EDGE('',*,*,#2979,.F.);
#4126=ORIENTED_EDGE('',*,*,#2958,.F.);
#4127=ORIENTED_EDGE('',*,*,#2988,.F.);
#4128=ORIENTED_EDGE('',*,*,#2989,.F.);
#4129=ORIENTED_EDGE('',*,*,#2990,.F.);
#4130=ORIENTED_EDGE('',*,*,#2991,.F.);
#4131=ORIENTED_EDGE('',*,*,#2466,.F.);
#4132=ORIENTED_EDGE('',*,*,#2992,.F.);
#4133=ORIENTED_EDGE('',*,*,#2993,.F.);
#4134=ORIENTED_EDGE('',*,*,#2994,.F.);
#4135=ORIENTED_EDGE('',*,*,#2995,.F.);
#4136=ORIENTED_EDGE('',*,*,#2815,.T.);
#4137=ORIENTED_EDGE('',*,*,#2986,.F.);
#4138=ORIENTED_EDGE('',*,*,#2565,.T.);
#4139=ORIENTED_EDGE('',*,*,#2996,.T.);
#4140=ORIENTED_EDGE('',*,*,#2989,.T.);
#4141=ORIENTED_EDGE('',*,*,#2997,.T.);
#4142=ORIENTED_EDGE('',*,*,#2988,.T.);
#4143=ORIENTED_EDGE('',*,*,#2998,.F.);
#4144=ORIENTED_EDGE('',*,*,#2561,.T.);
#4145=ORIENTED_EDGE('',*,*,#2997,.F.);
#4146=ORIENTED_EDGE('',*,*,#2539,.T.);
#4147=ORIENTED_EDGE('',*,*,#2591,.T.);
#4148=ORIENTED_EDGE('',*,*,#2999,.T.);
#4149=ORIENTED_EDGE('',*,*,#2564,.T.);
#4150=ORIENTED_EDGE('',*,*,#2999,.F.);
#4151=ORIENTED_EDGE('',*,*,#3000,.T.);
#4152=ORIENTED_EDGE('',*,*,#2996,.F.);
#4153=ORIENTED_EDGE('',*,*,#2827,.T.);
#4154=ORIENTED_EDGE('',*,*,#3001,.T.);
#4155=ORIENTED_EDGE('',*,*,#2576,.T.);
#4156=ORIENTED_EDGE('',*,*,#3002,.T.);
#4157=ORIENTED_EDGE('',*,*,#2601,.T.);
#4158=ORIENTED_EDGE('',*,*,#2966,.T.);
#4159=ORIENTED_EDGE('',*,*,#2828,.T.);
#4160=ORIENTED_EDGE('',*,*,#3002,.F.);
#4161=ORIENTED_EDGE('',*,*,#3001,.F.);
#4162=ORIENTED_EDGE('',*,*,#3003,.T.);
#4163=ORIENTED_EDGE('',*,*,#2763,.F.);
#4164=ORIENTED_EDGE('',*,*,#3000,.F.);
#4165=ORIENTED_EDGE('',*,*,#2590,.T.);
#4166=ORIENTED_EDGE('',*,*,#2524,.F.);
#4167=ORIENTED_EDGE('',*,*,#2990,.T.);
#4168=ORIENTED_EDGE('',*,*,#3003,.F.);
#4169=ORIENTED_EDGE('',*,*,#2826,.T.);
#4170=ORIENTED_EDGE('',*,*,#2522,.T.);
#4171=ORIENTED_EDGE('',*,*,#2594,.T.);
#4172=ORIENTED_EDGE('',*,*,#2436,.T.);
#4173=ORIENTED_EDGE('',*,*,#3004,.T.);
#4174=ORIENTED_EDGE('',*,*,#3005,.T.);
#4175=ORIENTED_EDGE('',*,*,#2818,.T.);
#4176=ORIENTED_EDGE('',*,*,#3006,.T.);
#4177=ORIENTED_EDGE('',*,*,#3007,.T.);
#4178=ORIENTED_EDGE('',*,*,#2819,.T.);
#4179=ORIENTED_EDGE('',*,*,#3005,.F.);
#4180=ORIENTED_EDGE('',*,*,#3008,.T.);
#4181=ORIENTED_EDGE('',*,*,#2879,.F.);
#4182=ORIENTED_EDGE('',*,*,#2820,.T.);
#4183=ORIENTED_EDGE('',*,*,#3007,.F.);
#4184=ORIENTED_EDGE('',*,*,#3009,.T.);
#4185=ORIENTED_EDGE('',*,*,#2876,.F.);
#4186=ORIENTED_EDGE('',*,*,#3009,.F.);
#4187=ORIENTED_EDGE('',*,*,#3010,.F.);
#4188=ORIENTED_EDGE('',*,*,#3011,.F.);
#4189=ORIENTED_EDGE('',*,*,#2877,.T.);
#4190=ORIENTED_EDGE('',*,*,#2469,.T.);
#4191=ORIENTED_EDGE('',*,*,#2472,.T.);
#4192=ORIENTED_EDGE('',*,*,#3008,.F.);
#4193=ORIENTED_EDGE('',*,*,#3012,.F.);
#4194=ORIENTED_EDGE('',*,*,#3013,.F.);
#4195=ORIENTED_EDGE('',*,*,#3010,.T.);
#4196=ORIENTED_EDGE('',*,*,#3004,.F.);
#4197=ORIENTED_EDGE('',*,*,#2435,.T.);
#4198=ORIENTED_EDGE('',*,*,#3014,.F.);
#4199=ORIENTED_EDGE('',*,*,#3012,.T.);
#4200=ORIENTED_EDGE('',*,*,#2841,.F.);
#4201=ORIENTED_EDGE('',*,*,#2405,.T.);
#4202=ORIENTED_EDGE('',*,*,#2437,.T.);
#4203=ORIENTED_EDGE('',*,*,#3006,.F.);
#4204=ORIENTED_EDGE('',*,*,#2817,.F.);
#4205=ORIENTED_EDGE('',*,*,#2847,.T.);
#4206=ORIENTED_EDGE('',*,*,#2995,.T.);
#4207=ORIENTED_EDGE('',*,*,#3015,.T.);
#4208=ORIENTED_EDGE('',*,*,#2433,.T.);
#4209=ORIENTED_EDGE('',*,*,#2399,.T.);
#4210=ORIENTED_EDGE('',*,*,#2856,.F.);
#4211=ORIENTED_EDGE('',*,*,#3016,.F.);
#4212=ORIENTED_EDGE('',*,*,#2882,.F.);
#4213=ORIENTED_EDGE('',*,*,#2865,.F.);
#4214=ORIENTED_EDGE('',*,*,#2855,.F.);
#4215=ORIENTED_EDGE('',*,*,#2463,.F.);
#4216=ORIENTED_EDGE('',*,*,#2991,.T.);
#4217=ORIENTED_EDGE('',*,*,#2523,.F.);
#4218=ORIENTED_EDGE('',*,*,#2825,.F.);
#4219=ORIENTED_EDGE('',*,*,#2891,.F.);
#4220=ORIENTED_EDGE('',*,*,#2862,.F.);
#4221=ORIENTED_EDGE('',*,*,#3017,.T.);
#4222=ORIENTED_EDGE('',*,*,#2992,.T.);
#4223=ORIENTED_EDGE('',*,*,#2465,.F.);
#4224=ORIENTED_EDGE('',*,*,#2878,.T.);
#4225=ORIENTED_EDGE('',*,*,#3011,.T.);
#4226=ORIENTED_EDGE('',*,*,#3018,.T.);
#4227=ORIENTED_EDGE('',*,*,#2993,.T.);
#4228=ORIENTED_EDGE('',*,*,#3017,.F.);
#4229=ORIENTED_EDGE('',*,*,#3013,.T.);
#4230=ORIENTED_EDGE('',*,*,#2434,.T.);
#4231=ORIENTED_EDGE('',*,*,#3015,.F.);
#4232=ORIENTED_EDGE('',*,*,#2994,.T.);
#4233=ORIENTED_EDGE('',*,*,#3018,.F.);
#4234=ORIENTED_EDGE('',*,*,#3014,.T.);
#4235=ORIENTED_EDGE('',*,*,#2964,.F.);
#4236=ORIENTED_EDGE('',*,*,#3019,.T.);
#4237=ORIENTED_EDGE('',*,*,#2969,.T.);
#4238=ORIENTED_EDGE('',*,*,#2957,.F.);
#4239=ORIENTED_EDGE('',*,*,#2562,.T.);
#4240=ORIENTED_EDGE('',*,*,#2998,.T.);
#4241=ORIENTED_EDGE('',*,*,#2520,.F.);
#4242=ORIENTED_EDGE('',*,*,#2596,.F.);
#4243=ORIENTED_EDGE('',*,*,#3020,.T.);
#4244=ORIENTED_EDGE('',*,*,#3021,.T.);
#4245=ORIENTED_EDGE('',*,*,#3020,.F.);
#4246=ORIENTED_EDGE('',*,*,#2595,.F.);
#4247=ORIENTED_EDGE('',*,*,#2485,.T.);
#4248=ORIENTED_EDGE('',*,*,#2504,.T.);
#4249=ORIENTED_EDGE('',*,*,#3022,.T.);
#4250=ORIENTED_EDGE('',*,*,#3023,.T.);
#4251=ORIENTED_EDGE('',*,*,#2502,.T.);
#4252=ORIENTED_EDGE('',*,*,#2987,.F.);
#4253=ORIENTED_EDGE('',*,*,#2814,.T.);
#4254=ORIENTED_EDGE('',*,*,#2985,.T.);
#4255=ORIENTED_EDGE('',*,*,#2498,.T.);
#4256=ORIENTED_EDGE('',*,*,#3024,.T.);
#4257=ORIENTED_EDGE('',*,*,#3025,.T.);
#4258=ORIENTED_EDGE('',*,*,#2496,.T.);
#4259=ORIENTED_EDGE('',*,*,#2489,.T.);
#4260=ORIENTED_EDGE('',*,*,#2495,.T.);
#4261=ORIENTED_EDGE('',*,*,#3022,.F.);
#4262=ORIENTED_EDGE('',*,*,#2503,.F.);
#4263=ORIENTED_EDGE('',*,*,#3023,.F.);
#4264=ORIENTED_EDGE('',*,*,#3026,.T.);
#4265=ORIENTED_EDGE('',*,*,#3027,.T.);
#4266=ORIENTED_EDGE('',*,*,#3026,.F.);
#4267=ORIENTED_EDGE('',*,*,#2526,.F.);
#4268=ORIENTED_EDGE('',*,*,#2589,.F.);
#4269=ORIENTED_EDGE('',*,*,#3028,.T.);
#4270=ORIENTED_EDGE('',*,*,#3029,.T.);
#4271=ORIENTED_EDGE('',*,*,#3028,.F.);
#4272=ORIENTED_EDGE('',*,*,#2588,.F.);
#4273=ORIENTED_EDGE('',*,*,#3029,.F.);
#4274=ORIENTED_EDGE('',*,*,#3030,.F.);
#4275=ORIENTED_EDGE('',*,*,#2597,.F.);
#4276=ORIENTED_EDGE('',*,*,#3031,.T.);
#4277=ORIENTED_EDGE('',*,*,#3032,.T.);
#4278=ORIENTED_EDGE('',*,*,#3031,.F.);
#4279=ORIENTED_EDGE('',*,*,#3032,.F.);
#4280=ORIENTED_EDGE('',*,*,#2874,.F.);
#4281=ORIENTED_EDGE('',*,*,#2598,.F.);
#4282=ORIENTED_EDGE('',*,*,#3033,.T.);
#4283=ORIENTED_EDGE('',*,*,#3034,.T.);
#4284=ORIENTED_EDGE('',*,*,#3033,.F.);
#4285=ORIENTED_EDGE('',*,*,#3034,.F.);
#4286=ORIENTED_EDGE('',*,*,#3035,.F.);
#4287=ORIENTED_EDGE('',*,*,#3021,.F.);
#4288=ORIENTED_EDGE('',*,*,#2872,.F.);
#4289=ORIENTED_EDGE('',*,*,#2505,.F.);
#4290=ORIENTED_EDGE('',*,*,#3036,.T.);
#4291=ORIENTED_EDGE('',*,*,#3037,.T.);
#4292=ORIENTED_EDGE('',*,*,#3036,.F.);
#4293=ORIENTED_EDGE('',*,*,#3037,.F.);
#4294=ORIENTED_EDGE('',*,*,#3038,.F.);
#4295=ORIENTED_EDGE('',*,*,#3024,.F.);
#4296=ORIENTED_EDGE('',*,*,#2497,.F.);
#4297=ORIENTED_EDGE('',*,*,#3025,.F.);
#4298=ORIENTED_EDGE('',*,*,#3039,.T.);
#4299=ORIENTED_EDGE('',*,*,#3040,.T.);
#4300=ORIENTED_EDGE('',*,*,#3039,.F.);
#4301=ORIENTED_EDGE('',*,*,#3040,.F.);
#4302=ORIENTED_EDGE('',*,*,#2845,.F.);
#4303=ORIENTED_EDGE('',*,*,#3027,.F.);
#4304=ORIENTED_EDGE('',*,*,#3041,.F.);
#4305=ORIENTED_EDGE('',*,*,#2506,.F.);
#4306=ORIENTED_EDGE('',*,*,#3042,.T.);
#4307=ORIENTED_EDGE('',*,*,#3043,.T.);
#4308=ORIENTED_EDGE('',*,*,#3042,.F.);
#4309=ORIENTED_EDGE('',*,*,#3043,.F.);
#4310=ORIENTED_EDGE('',*,*,#2429,.F.);
#4311=ORIENTED_EDGE('',*,*,#2928,.F.);
#4312=ORIENTED_EDGE('',*,*,#2947,.T.);
#4313=ORIENTED_EDGE('',*,*,#2607,.F.);
#4314=ORIENTED_EDGE('',*,*,#2935,.F.);
#4315=ORIENTED_EDGE('',*,*,#2907,.F.);
#4316=ORIENTED_EDGE('',*,*,#2938,.T.);
#4317=ORIENTED_EDGE('',*,*,#2627,.F.);
#4318=ORIENTED_EDGE('',*,*,#2950,.F.);
#4319=ORIENTED_EDGE('',*,*,#2972,.F.);
#4320=ORIENTED_EDGE('',*,*,#3044,.F.);
#4321=ORIENTED_EDGE('',*,*,#2983,.F.);
#4322=ORIENTED_EDGE('',*,*,#2975,.F.);
#4323=ORIENTED_EDGE('',*,*,#3019,.F.);
#4324=ORIENTED_EDGE('',*,*,#2955,.F.);
#4325=ORIENTED_EDGE('',*,*,#2648,.F.);
#4326=ORIENTED_EDGE('',*,*,#2735,.F.);
#4327=ORIENTED_EDGE('',*,*,#2963,.T.);
#4328=ORIENTED_EDGE('',*,*,#2978,.F.);
#4329=ORIENTED_EDGE('',*,*,#3044,.T.);
#4330=ORIENTED_EDGE('',*,*,#2970,.F.);
#4331=ORIENTED_EDGE('',*,*,#2456,.F.);
#4332=ORIENTED_EDGE('',*,*,#2890,.T.);
#4333=ORIENTED_EDGE('',*,*,#2892,.F.);
#4334=ORIENTED_EDGE('',*,*,#3016,.T.);
#4335=ORIENTED_EDGE('',*,*,#2902,.F.);
#4336=ORIENTED_EDGE('',*,*,#3045,.T.);
#4337=ORIENTED_EDGE('',*,*,#2559,.F.);
#4338=ORIENTED_EDGE('',*,*,#3045,.F.);
#4339=ORIENTED_EDGE('',*,*,#2657,.F.);
#4340=ORIENTED_EDGE('',*,*,#3046,.T.);
#4341=ORIENTED_EDGE('',*,*,#2716,.F.);
#4342=ORIENTED_EDGE('',*,*,#2717,.F.);
#4343=ORIENTED_EDGE('',*,*,#3046,.F.);
#4344=ORIENTED_EDGE('',*,*,#2901,.F.);
#4345=ORIENTED_EDGE('',*,*,#3047,.T.);
#4346=ORIENTED_EDGE('',*,*,#2558,.F.);
#4347=ORIENTED_EDGE('',*,*,#3047,.F.);
#4348=ORIENTED_EDGE('',*,*,#2656,.F.);
#4349=ORIENTED_EDGE('',*,*,#3048,.T.);
#4350=ORIENTED_EDGE('',*,*,#2728,.F.);
#4351=ORIENTED_EDGE('',*,*,#3048,.F.);
#4352=ORIENTED_EDGE('',*,*,#2900,.F.);
#4353=ORIENTED_EDGE('',*,*,#3049,.T.);
#4354=ORIENTED_EDGE('',*,*,#2557,.F.);
#4355=ORIENTED_EDGE('',*,*,#3049,.F.);
#4356=ORIENTED_EDGE('',*,*,#2655,.F.);
#4357=ORIENTED_EDGE('',*,*,#3050,.T.);
#4358=ORIENTED_EDGE('',*,*,#2719,.F.);
#4359=ORIENTED_EDGE('',*,*,#2720,.F.);
#4360=ORIENTED_EDGE('',*,*,#3050,.F.);
#4361=ORIENTED_EDGE('',*,*,#2899,.F.);
#4362=ORIENTED_EDGE('',*,*,#3051,.T.);
#4363=ORIENTED_EDGE('',*,*,#2556,.F.);
#4364=ORIENTED_EDGE('',*,*,#3051,.F.);
#4365=ORIENTED_EDGE('',*,*,#2654,.F.);
#4366=ORIENTED_EDGE('',*,*,#3052,.T.);
#4367=ORIENTED_EDGE('',*,*,#2727,.F.);
#4368=ORIENTED_EDGE('',*,*,#3052,.F.);
#4369=ORIENTED_EDGE('',*,*,#2898,.F.);
#4370=ORIENTED_EDGE('',*,*,#3053,.T.);
#4371=ORIENTED_EDGE('',*,*,#2555,.F.);
#4372=ORIENTED_EDGE('',*,*,#3053,.F.);
#4373=ORIENTED_EDGE('',*,*,#2653,.F.);
#4374=ORIENTED_EDGE('',*,*,#3054,.T.);
#4375=ORIENTED_EDGE('',*,*,#2725,.F.);
#4376=ORIENTED_EDGE('',*,*,#2726,.F.);
#4377=ORIENTED_EDGE('',*,*,#3054,.F.);
#4378=ORIENTED_EDGE('',*,*,#2652,.F.);
#4379=ORIENTED_EDGE('',*,*,#3055,.T.);
#4380=ORIENTED_EDGE('',*,*,#2723,.F.);
#4381=ORIENTED_EDGE('',*,*,#2724,.F.);
#4382=ORIENTED_EDGE('',*,*,#3055,.F.);
#4383=ORIENTED_EDGE('',*,*,#2897,.F.);
#4384=ORIENTED_EDGE('',*,*,#3056,.T.);
#4385=ORIENTED_EDGE('',*,*,#2554,.F.);
#4386=ORIENTED_EDGE('',*,*,#3056,.F.);
#4387=ORIENTED_EDGE('',*,*,#2643,.F.);
#4388=ORIENTED_EDGE('',*,*,#3057,.T.);
#4389=ORIENTED_EDGE('',*,*,#2922,.F.);
#4390=ORIENTED_EDGE('',*,*,#3057,.F.);
#4391=ORIENTED_EDGE('',*,*,#2642,.F.);
#4392=ORIENTED_EDGE('',*,*,#3058,.T.);
#4393=ORIENTED_EDGE('',*,*,#2690,.T.);
#4394=ORIENTED_EDGE('',*,*,#2913,.F.);
#4395=ORIENTED_EDGE('',*,*,#2691,.T.);
#4396=ORIENTED_EDGE('',*,*,#3058,.F.);
#4397=ORIENTED_EDGE('',*,*,#2641,.F.);
#4398=ORIENTED_EDGE('',*,*,#3059,.T.);
#4399=ORIENTED_EDGE('',*,*,#2921,.F.);
#4400=ORIENTED_EDGE('',*,*,#3059,.F.);
#4401=ORIENTED_EDGE('',*,*,#2640,.F.);
#4402=ORIENTED_EDGE('',*,*,#3060,.T.);
#4403=ORIENTED_EDGE('',*,*,#2920,.F.);
#4404=ORIENTED_EDGE('',*,*,#3060,.F.);
#4405=ORIENTED_EDGE('',*,*,#2639,.F.);
#4406=ORIENTED_EDGE('',*,*,#3061,.T.);
#4407=ORIENTED_EDGE('',*,*,#2693,.T.);
#4408=ORIENTED_EDGE('',*,*,#2912,.F.);
#4409=ORIENTED_EDGE('',*,*,#2694,.T.);
#4410=ORIENTED_EDGE('',*,*,#3061,.F.);
#4411=ORIENTED_EDGE('',*,*,#2638,.F.);
#4412=ORIENTED_EDGE('',*,*,#3062,.T.);
#4413=ORIENTED_EDGE('',*,*,#2919,.F.);
#4414=ORIENTED_EDGE('',*,*,#3062,.F.);
#4415=ORIENTED_EDGE('',*,*,#2637,.F.);
#4416=ORIENTED_EDGE('',*,*,#3063,.T.);
#4417=ORIENTED_EDGE('',*,*,#2681,.T.);
#4418=ORIENTED_EDGE('',*,*,#2916,.F.);
#4419=ORIENTED_EDGE('',*,*,#2682,.T.);
#4420=ORIENTED_EDGE('',*,*,#3063,.F.);
#4421=ORIENTED_EDGE('',*,*,#2636,.F.);
#4422=ORIENTED_EDGE('',*,*,#3064,.T.);
#4423=ORIENTED_EDGE('',*,*,#2687,.T.);
#4424=ORIENTED_EDGE('',*,*,#2914,.F.);
#4425=ORIENTED_EDGE('',*,*,#2688,.T.);
#4426=ORIENTED_EDGE('',*,*,#3064,.F.);
#4427=ORIENTED_EDGE('',*,*,#2635,.F.);
#4428=ORIENTED_EDGE('',*,*,#3065,.T.);
#4429=ORIENTED_EDGE('',*,*,#2918,.F.);
#4430=ORIENTED_EDGE('',*,*,#3065,.F.);
#4431=ORIENTED_EDGE('',*,*,#2634,.F.);
#4432=ORIENTED_EDGE('',*,*,#3066,.T.);
#4433=ORIENTED_EDGE('',*,*,#2696,.T.);
#4434=ORIENTED_EDGE('',*,*,#2911,.F.);
#4435=ORIENTED_EDGE('',*,*,#2697,.T.);
#4436=ORIENTED_EDGE('',*,*,#3066,.F.);
#4437=ORIENTED_EDGE('',*,*,#2633,.F.);
#4438=ORIENTED_EDGE('',*,*,#3067,.T.);
#4439=ORIENTED_EDGE('',*,*,#2917,.F.);
#4440=ORIENTED_EDGE('',*,*,#3067,.F.);
#4441=ORIENTED_EDGE('',*,*,#2632,.F.);
#4442=ORIENTED_EDGE('',*,*,#3068,.T.);
#4443=ORIENTED_EDGE('',*,*,#2684,.T.);
#4444=ORIENTED_EDGE('',*,*,#2915,.F.);
#4445=ORIENTED_EDGE('',*,*,#2685,.T.);
#4446=ORIENTED_EDGE('',*,*,#3068,.F.);
#4447=ORIENTED_EDGE('',*,*,#2760,.F.);
#4448=ORIENTED_EDGE('',*,*,#3069,.T.);
#4449=ORIENTED_EDGE('',*,*,#2617,.F.);
#4450=ORIENTED_EDGE('',*,*,#3069,.F.);
#4451=ORIENTED_EDGE('',*,*,#2759,.F.);
#4452=ORIENTED_EDGE('',*,*,#3070,.T.);
#4453=ORIENTED_EDGE('',*,*,#2616,.F.);
#4454=ORIENTED_EDGE('',*,*,#3070,.F.);
#4455=ORIENTED_EDGE('',*,*,#2758,.F.);
#4456=ORIENTED_EDGE('',*,*,#3071,.T.);
#4457=ORIENTED_EDGE('',*,*,#2615,.F.);
#4458=ORIENTED_EDGE('',*,*,#3071,.F.);
#4459=ORIENTED_EDGE('',*,*,#2757,.F.);
#4460=ORIENTED_EDGE('',*,*,#3072,.T.);
#4461=ORIENTED_EDGE('',*,*,#2614,.F.);
#4462=ORIENTED_EDGE('',*,*,#3072,.F.);
#4463=ORIENTED_EDGE('',*,*,#2756,.F.);
#4464=ORIENTED_EDGE('',*,*,#3073,.T.);
#4465=ORIENTED_EDGE('',*,*,#2613,.F.);
#4466=ORIENTED_EDGE('',*,*,#3073,.F.);
#4467=ORIENTED_EDGE('',*,*,#2755,.F.);
#4468=ORIENTED_EDGE('',*,*,#3074,.T.);
#4469=ORIENTED_EDGE('',*,*,#2611,.F.);
#4470=ORIENTED_EDGE('',*,*,#3074,.F.);
#4471=ORIENTED_EDGE('',*,*,#2961,.F.);
#4472=ORIENTED_EDGE('',*,*,#3075,.F.);
#4473=ORIENTED_EDGE('',*,*,#2968,.F.);
#4474=ORIENTED_EDGE('',*,*,#3076,.F.);
#4475=ORIENTED_EDGE('',*,*,#2383,.T.);
#4476=ORIENTED_EDGE('',*,*,#2894,.T.);
#4477=ORIENTED_EDGE('',*,*,#2896,.T.);
#4478=ORIENTED_EDGE('',*,*,#2903,.F.);
#4479=ORIENTED_EDGE('',*,*,#2388,.T.);
#4480=ORIENTED_EDGE('',*,*,#3077,.T.);
#4481=ORIENTED_EDGE('',*,*,#3075,.T.);
#4482=ORIENTED_EDGE('',*,*,#3077,.F.);
#4483=ORIENTED_EDGE('',*,*,#2387,.T.);
#4484=ORIENTED_EDGE('',*,*,#3078,.T.);
#4485=ORIENTED_EDGE('',*,*,#3076,.T.);
#4486=ORIENTED_EDGE('',*,*,#3078,.F.);
#4487=ORIENTED_EDGE('',*,*,#3041,.T.);
#4488=ORIENTED_EDGE('',*,*,#3079,.T.);
#4489=ORIENTED_EDGE('',*,*,#2427,.T.);
#4490=ORIENTED_EDGE('',*,*,#3079,.F.);
#4491=ORIENTED_EDGE('',*,*,#2449,.T.);
#4492=ORIENTED_EDGE('',*,*,#3080,.T.);
#4493=ORIENTED_EDGE('',*,*,#3030,.T.);
#4494=ORIENTED_EDGE('',*,*,#3080,.F.);
#4495=ORIENTED_EDGE('',*,*,#3038,.T.);
#4496=ORIENTED_EDGE('',*,*,#3081,.T.);
#4497=ORIENTED_EDGE('',*,*,#2428,.T.);
#4498=ORIENTED_EDGE('',*,*,#3081,.F.);
#4499=ORIENTED_EDGE('',*,*,#2450,.T.);
#4500=ORIENTED_EDGE('',*,*,#3082,.T.);
#4501=ORIENTED_EDGE('',*,*,#3035,.T.);
#4502=ORIENTED_EDGE('',*,*,#3082,.F.);
#4503=PLANE('',#4857);
#4504=PLANE('',#4858);
#4505=PLANE('',#4859);
#4506=PLANE('',#4864);
#4507=PLANE('',#4866);
#4508=PLANE('',#4871);
#4509=PLANE('',#4875);
#4510=PLANE('',#4876);
#4511=PLANE('',#4877);
#4512=PLANE('',#4881);
#4513=PLANE('',#4882);
#4514=PLANE('',#4883);
#4515=PLANE('',#4891);
#4516=PLANE('',#4894);
#4517=PLANE('',#4926);
#4518=PLANE('',#4930);
#4519=PLANE('',#4937);
#4520=PLANE('',#4938);
#4521=PLANE('',#4939);
#4522=PLANE('',#4940);
#4523=PLANE('',#4942);
#4524=PLANE('',#4952);
#4525=PLANE('',#4954);
#4526=PLANE('',#4955);
#4527=PLANE('',#4956);
#4528=PLANE('',#4965);
#4529=PLANE('',#4966);
#4530=PLANE('',#4970);
#4531=PLANE('',#4982);
#4532=PLANE('',#4983);
#4533=PLANE('',#4984);
#4534=PLANE('',#4986);
#4535=PLANE('',#4988);
#4536=PLANE('',#4989);
#4537=PLANE('',#4992);
#4538=PLANE('',#4996);
#4539=PLANE('',#5003);
#4540=PLANE('',#5004);
#4541=PLANE('',#5019);
#4542=PLANE('',#5034);
#4543=PLANE('',#5049);
#4544=PLANE('',#5051);
#4545=PLANE('',#5052);
#4546=PLANE('',#5063);
#4547=PLANE('',#5064);
#4548=PLANE('',#5080);
#4549=PLANE('',#5094);
#4550=PLANE('',#5096);
#4551=PLANE('',#5098);
#4552=PLANE('',#5099);
#4553=PLANE('',#5102);
#4554=PLANE('',#5104);
#4555=PLANE('',#5107);
#4556=PLANE('',#5121);
#4557=PLANE('',#5132);
#4558=PLANE('',#5137);
#4559=PLANE('',#5159);
#4560=PLANE('',#5181);
#4561=PLANE('',#5188);
#4562=PLANE('',#5192);
#4563=PLANE('',#5197);
#4564=PLANE('',#5198);
#4565=PLANE('',#5205);
#4566=PLANE('',#5207);
#4567=PLANE('',#5229);
#4568=PLANE('',#5236);
#4569=PLANE('',#5245);
#4570=PLANE('',#5248);
#4571=PLANE('',#5286);
#4572=PLANE('',#5310);
#4573=PLANE('',#5313);
#4574=PLANE('',#5316);
#4575=PLANE('',#5332);
#4576=PLANE('',#5336);
#4577=PLANE('',#5339);
#4578=PLANE('',#5341);
#4579=PLANE('',#5344);
#4580=PLANE('',#5348);
#4581=PLANE('',#5349);
#4582=PLANE('',#5353);
#4583=PLANE('',#5354);
#4584=PLANE('',#5355);
#4585=PLANE('',#5356);
#4586=PLANE('',#5357);
#4587=PLANE('',#5389);
#4588=PLANE('',#5391);
#4589=PLANE('',#5393);
#4590=ADVANCED_FACE('',(#648),#4503,.F.);
#4591=ADVANCED_FACE('',(#649),#4504,.F.);
#4592=ADVANCED_FACE('',(#650,#275,#276),#4505,.T.);
#4593=ADVANCED_FACE('',(#651),#4506,.F.);
#4594=ADVANCED_FACE('',(#652),#4507,.F.);
#4595=ADVANCED_FACE('',(#653),#140,.F.);
#4596=ADVANCED_FACE('',(#654),#4508,.F.);
#4597=ADVANCED_FACE('',(#655),#141,.F.);
#4598=ADVANCED_FACE('',(#656),#4509,.F.);
#4599=ADVANCED_FACE('',(#657),#4510,.F.);
#4600=ADVANCED_FACE('',(#658),#4511,.F.);
#4601=ADVANCED_FACE('',(#659),#142,.T.);
#4602=ADVANCED_FACE('',(#660),#4512,.F.);
#4603=ADVANCED_FACE('',(#661),#4513,.F.);
#4604=ADVANCED_FACE('',(#662,#277,#278),#4514,.T.);
#4605=ADVANCED_FACE('',(#663),#143,.F.);
#4606=ADVANCED_FACE('',(#664),#4515,.T.);
#4607=ADVANCED_FACE('',(#665,#279,#280,#281),#4516,.T.);
#4608=ADVANCED_FACE('',(#666),#144,.F.);
#4609=ADVANCED_FACE('',(#667),#26,.T.);
#4610=ADVANCED_FACE('',(#668),#145,.T.);
#4611=ADVANCED_FACE('',(#669),#18,.T.);
#4612=ADVANCED_FACE('',(#670),#27,.T.);
#4613=ADVANCED_FACE('',(#671),#146,.T.);
#4614=ADVANCED_FACE('',(#672),#147,.F.);
#4615=ADVANCED_FACE('',(#673),#148,.F.);
#4616=ADVANCED_FACE('',(#674),#149,.F.);
#4617=ADVANCED_FACE('',(#675),#4517,.T.);
#4618=ADVANCED_FACE('',(#676),#150,.F.);
#4619=ADVANCED_FACE('',(#677),#4518,.T.);
#4620=ADVANCED_FACE('',(#678),#151,.F.);
#4621=ADVANCED_FACE('',(#679),#152,.F.);
#4622=ADVANCED_FACE('',(#680),#4519,.F.);
#4623=ADVANCED_FACE('',(#681),#4520,.F.);
#4624=ADVANCED_FACE('',(#682),#4521,.F.);
#4625=ADVANCED_FACE('',(#683),#4522,.F.);
#4626=ADVANCED_FACE('',(#684,#282,#283,#284),#4523,.T.);
#4627=ADVANCED_FACE('',(#685),#4524,.F.);
#4628=ADVANCED_FACE('',(#686),#4525,.F.);
#4629=ADVANCED_FACE('',(#687),#4526,.F.);
#4630=ADVANCED_FACE('',(#688),#4527,.F.);
#4631=ADVANCED_FACE('',(#689),#28,.T.);
#4632=ADVANCED_FACE('',(#690),#4528,.F.);
#4633=ADVANCED_FACE('',(#691),#4529,.F.);
#4634=ADVANCED_FACE('',(#692,#285,#286,#287,#288,#289,#290),#4530,.F.);
#4635=ADVANCED_FACE('',(#693,#291),#4531,.F.);
#4636=ADVANCED_FACE('',(#694,#292),#4532,.F.);
#4637=ADVANCED_FACE('',(#695),#4533,.F.);
#4638=ADVANCED_FACE('',(#696),#4534,.F.);
#4639=ADVANCED_FACE('',(#697,#293),#4535,.F.);
#4640=ADVANCED_FACE('',(#698),#4536,.F.);
#4641=ADVANCED_FACE('',(#699),#4537,.F.);
#4642=ADVANCED_FACE('',(#700),#153,.T.);
#4643=ADVANCED_FACE('',(#701,#294,#295,#296,#297),#4538,.T.);
#4644=ADVANCED_FACE('',(#702,#298),#4539,.F.);
#4645=ADVANCED_FACE('',(#703,#299,#300,#301,#302,#303,#304,#305,#306,#307,
#308,#309,#310),#4540,.F.);
#4646=ADVANCED_FACE('',(#704,#311,#312,#313,#314,#315,#316,#317,#318,#319,
#320,#321,#322),#4541,.F.);
#4647=ADVANCED_FACE('',(#705,#323,#324,#325,#326,#327,#328),#4542,.F.);
#4648=ADVANCED_FACE('',(#706,#329),#154,.T.);
#4649=ADVANCED_FACE('',(#707,#330),#4543,.F.);
#4650=ADVANCED_FACE('',(#708),#4544,.F.);
#4651=ADVANCED_FACE('',(#709,#331,#332),#4545,.F.);
#4652=ADVANCED_FACE('',(#710),#4546,.F.);
#4653=ADVANCED_FACE('',(#711,#333),#4547,.F.);
#4654=ADVANCED_FACE('',(#712),#155,.T.);
#4655=ADVANCED_FACE('',(#713),#156,.F.);
#4656=ADVANCED_FACE('',(#714),#157,.F.);
#4657=ADVANCED_FACE('',(#715),#158,.F.);
#4658=ADVANCED_FACE('',(#716),#159,.F.);
#4659=ADVANCED_FACE('',(#717),#160,.F.);
#4660=ADVANCED_FACE('',(#718),#161,.F.);
#4661=ADVANCED_FACE('',(#719,#334,#335,#336,#337,#338,#339,#340),#4548,
 .T.);
#4662=ADVANCED_FACE('',(#720),#162,.T.);
#4663=ADVANCED_FACE('',(#721),#163,.T.);
#4664=ADVANCED_FACE('',(#722),#164,.F.);
#4665=ADVANCED_FACE('',(#723),#4549,.F.);
#4666=ADVANCED_FACE('',(#724),#165,.T.);
#4667=ADVANCED_FACE('',(#725),#4550,.F.);
#4668=ADVANCED_FACE('',(#726),#166,.T.);
#4669=ADVANCED_FACE('',(#727),#4551,.F.);
#4670=ADVANCED_FACE('',(#728),#4552,.F.);
#4671=ADVANCED_FACE('',(#729),#167,.F.);
#4672=ADVANCED_FACE('',(#730,#341),#4553,.T.);
#4673=ADVANCED_FACE('',(#731),#4554,.F.);
#4674=ADVANCED_FACE('',(#732),#168,.F.);
#4675=ADVANCED_FACE('',(#733,#342),#4555,.T.);
#4676=ADVANCED_FACE('',(#734),#169,.F.);
#4677=ADVANCED_FACE('',(#735),#170,.F.);
#4678=ADVANCED_FACE('',(#736),#171,.F.);
#4679=ADVANCED_FACE('',(#737),#29,.F.);
#4680=ADVANCED_FACE('',(#738),#15,.T.);
#4681=ADVANCED_FACE('',(#739),#30,.T.);
#4682=ADVANCED_FACE('',(#740,#343),#4556,.T.);
#4683=ADVANCED_FACE('',(#741),#172,.F.);
#4684=ADVANCED_FACE('',(#742),#31,.F.);
#4685=ADVANCED_FACE('',(#743),#16,.T.);
#4686=ADVANCED_FACE('',(#744),#173,.T.);
#4687=ADVANCED_FACE('',(#745),#4557,.F.);
#4688=ADVANCED_FACE('',(#746),#174,.T.);
#4689=ADVANCED_FACE('',(#747),#175,.T.);
#4690=ADVANCED_FACE('',(#748),#4558,.F.);
#4691=ADVANCED_FACE('',(#749),#32,.F.);
#4692=ADVANCED_FACE('',(#750),#176,.T.);
#4693=ADVANCED_FACE('',(#751),#33,.T.);
#4694=ADVANCED_FACE('',(#752),#177,.T.);
#4695=ADVANCED_FACE('',(#753),#19,.T.);
#4696=ADVANCED_FACE('',(#754),#178,.T.);
#4697=ADVANCED_FACE('',(#755),#20,.T.);
#4698=ADVANCED_FACE('',(#756),#179,.F.);
#4699=ADVANCED_FACE('',(#757),#34,.T.);
#4700=ADVANCED_FACE('',(#758),#4559,.F.);
#4701=ADVANCED_FACE('',(#759),#180,.F.);
#4702=ADVANCED_FACE('',(#760),#35,.T.);
#4703=ADVANCED_FACE('',(#761),#181,.F.);
#4704=ADVANCED_FACE('',(#762),#182,.T.);
#4705=ADVANCED_FACE('',(#763),#183,.T.);
#4706=ADVANCED_FACE('',(#764),#17,.F.);
#4707=ADVANCED_FACE('',(#765),#184,.T.);
#4708=ADVANCED_FACE('',(#766),#21,.T.);
#4709=ADVANCED_FACE('',(#767),#36,.T.);
#4710=ADVANCED_FACE('',(#768),#185,.F.);
#4711=ADVANCED_FACE('',(#769),#186,.F.);
#4712=ADVANCED_FACE('',(#770),#4560,.T.);
#4713=ADVANCED_FACE('',(#771),#187,.T.);
#4714=ADVANCED_FACE('',(#772),#188,.T.);
#4715=ADVANCED_FACE('',(#773),#189,.F.);
#4716=ADVANCED_FACE('',(#774),#4561,.T.);
#4717=ADVANCED_FACE('',(#775),#190,.F.);
#4718=ADVANCED_FACE('',(#776),#4562,.F.);
#4719=ADVANCED_FACE('',(#777),#37,.T.);
#4720=ADVANCED_FACE('',(#778),#38,.F.);
#4721=ADVANCED_FACE('',(#779),#4563,.F.);
#4722=ADVANCED_FACE('',(#780,#344,#345,#346,#347,#348,#349),#4564,.F.);
#4723=ADVANCED_FACE('',(#781),#4565,.F.);
#4724=ADVANCED_FACE('',(#782),#191,.T.);
#4725=ADVANCED_FACE('',(#783,#350,#351,#352,#353,#354,#355,#356),#4566,
 .T.);
#4726=ADVANCED_FACE('',(#784),#192,.T.);
#4727=ADVANCED_FACE('',(#785),#193,.T.);
#4728=ADVANCED_FACE('',(#786),#194,.T.);
#4729=ADVANCED_FACE('',(#787),#4567,.F.);
#4730=ADVANCED_FACE('',(#788),#195,.T.);
#4731=ADVANCED_FACE('',(#789),#196,.T.);
#4732=ADVANCED_FACE('',(#790,#357,#358),#4568,.F.);
#4733=ADVANCED_FACE('',(#791),#197,.T.);
#4734=ADVANCED_FACE('',(#792),#198,.T.);
#4735=ADVANCED_FACE('',(#793),#39,.T.);
#4736=ADVANCED_FACE('',(#794),#4569,.F.);
#4737=ADVANCED_FACE('',(#795),#199,.F.);
#4738=ADVANCED_FACE('',(#796),#4570,.F.);
#4739=ADVANCED_FACE('',(#797),#40,.T.);
#4740=ADVANCED_FACE('',(#798),#200,.T.);
#4741=ADVANCED_FACE('',(#799),#201,.T.);
#4742=ADVANCED_FACE('',(#800),#41,.T.);
#4743=ADVANCED_FACE('',(#801),#202,.F.);
#4744=ADVANCED_FACE('',(#802),#203,.T.);
#4745=ADVANCED_FACE('',(#803),#42,.T.);
#4746=ADVANCED_FACE('',(#804),#204,.T.);
#4747=ADVANCED_FACE('',(#805),#205,.F.);
#4748=ADVANCED_FACE('',(#806),#206,.T.);
#4749=ADVANCED_FACE('',(#807),#207,.T.);
#4750=ADVANCED_FACE('',(#808),#208,.T.);
#4751=ADVANCED_FACE('',(#809),#22,.T.);
#4752=ADVANCED_FACE('',(#810),#209,.T.);
#4753=ADVANCED_FACE('',(#811),#210,.T.);
#4754=ADVANCED_FACE('',(#812),#23,.T.);
#4755=ADVANCED_FACE('',(#813),#211,.T.);
#4756=ADVANCED_FACE('',(#814),#212,.T.);
#4757=ADVANCED_FACE('',(#815),#4571,.T.);
#4758=ADVANCED_FACE('',(#816),#213,.T.);
#4759=ADVANCED_FACE('',(#817),#214,.T.);
#4760=ADVANCED_FACE('',(#818),#215,.T.);
#4761=ADVANCED_FACE('',(#819),#24,.T.);
#4762=ADVANCED_FACE('',(#820),#216,.T.);
#4763=ADVANCED_FACE('',(#821),#217,.T.);
#4764=ADVANCED_FACE('',(#822),#25,.T.);
#4765=ADVANCED_FACE('',(#823),#218,.T.);
#4766=ADVANCED_FACE('',(#824),#219,.T.);
#4767=ADVANCED_FACE('',(#825),#220,.T.);
#4768=ADVANCED_FACE('',(#826),#43,.T.);
#4769=ADVANCED_FACE('',(#827),#221,.T.);
#4770=ADVANCED_FACE('',(#828,#359,#360),#4572,.F.);
#4771=ADVANCED_FACE('',(#829),#222,.F.);
#4772=ADVANCED_FACE('',(#830),#4573,.F.);
#4773=ADVANCED_FACE('',(#831),#223,.T.);
#4774=ADVANCED_FACE('',(#832),#224,.T.);
#4775=ADVANCED_FACE('',(#833),#4574,.F.);
#4776=ADVANCED_FACE('',(#834),#225,.T.);
#4777=ADVANCED_FACE('',(#835),#226,.T.);
#4778=ADVANCED_FACE('',(#836),#44,.T.);
#4779=ADVANCED_FACE('',(#837),#227,.T.);
#4780=ADVANCED_FACE('',(#838),#228,.T.);
#4781=ADVANCED_FACE('',(#839),#229,.T.);
#4782=ADVANCED_FACE('',(#840),#230,.F.);
#4783=ADVANCED_FACE('',(#841),#45,.T.);
#4784=ADVANCED_FACE('',(#842),#231,.F.);
#4785=ADVANCED_FACE('',(#843),#232,.F.);
#4786=ADVANCED_FACE('',(#844,#361),#4575,.T.);
#4787=ADVANCED_FACE('',(#845),#233,.F.);
#4788=ADVANCED_FACE('',(#846,#362),#4576,.T.);
#4789=ADVANCED_FACE('',(#847),#234,.F.);
#4790=ADVANCED_FACE('',(#848,#363),#4577,.T.);
#4791=ADVANCED_FACE('',(#849,#364),#4578,.T.);
#4792=ADVANCED_FACE('',(#850),#235,.F.);
#4793=ADVANCED_FACE('',(#851,#365),#4579,.T.);
#4794=ADVANCED_FACE('',(#852),#236,.F.);
#4795=ADVANCED_FACE('',(#853,#366),#4580,.T.);
#4796=ADVANCED_FACE('',(#854,#367),#4581,.T.);
#4797=ADVANCED_FACE('',(#855),#237,.F.);
#4798=ADVANCED_FACE('',(#856,#368),#4582,.T.);
#4799=ADVANCED_FACE('',(#857),#4583,.F.);
#4800=ADVANCED_FACE('',(#858),#4584,.F.);
#4801=ADVANCED_FACE('',(#859),#4585,.F.);
#4802=ADVANCED_FACE('',(#860),#4586,.F.);
#4803=ADVANCED_FACE('',(#861),#238,.F.);
#4804=ADVANCED_FACE('',(#862),#239,.F.);
#4805=ADVANCED_FACE('',(#863),#240,.F.);
#4806=ADVANCED_FACE('',(#864),#241,.F.);
#4807=ADVANCED_FACE('',(#865),#242,.F.);
#4808=ADVANCED_FACE('',(#866),#243,.F.);
#4809=ADVANCED_FACE('',(#867),#244,.F.);
#4810=ADVANCED_FACE('',(#868),#245,.F.);
#4811=ADVANCED_FACE('',(#869),#246,.F.);
#4812=ADVANCED_FACE('',(#870),#247,.F.);
#4813=ADVANCED_FACE('',(#871),#248,.F.);
#4814=ADVANCED_FACE('',(#872),#249,.F.);
#4815=ADVANCED_FACE('',(#873),#250,.F.);
#4816=ADVANCED_FACE('',(#874),#251,.F.);
#4817=ADVANCED_FACE('',(#875),#252,.F.);
#4818=ADVANCED_FACE('',(#876),#253,.F.);
#4819=ADVANCED_FACE('',(#877),#254,.F.);
#4820=ADVANCED_FACE('',(#878),#255,.F.);
#4821=ADVANCED_FACE('',(#879),#256,.F.);
#4822=ADVANCED_FACE('',(#880),#257,.F.);
#4823=ADVANCED_FACE('',(#881),#258,.F.);
#4824=ADVANCED_FACE('',(#882),#259,.F.);
#4825=ADVANCED_FACE('',(#883),#260,.F.);
#4826=ADVANCED_FACE('',(#884),#261,.F.);
#4827=ADVANCED_FACE('',(#885),#262,.F.);
#4828=ADVANCED_FACE('',(#886),#263,.F.);
#4829=ADVANCED_FACE('',(#887),#264,.F.);
#4830=ADVANCED_FACE('',(#888),#265,.F.);
#4831=ADVANCED_FACE('',(#889),#266,.F.);
#4832=ADVANCED_FACE('',(#890),#267,.F.);
#4833=ADVANCED_FACE('',(#891),#268,.F.);
#4834=ADVANCED_FACE('',(#892,#369),#4587,.T.);
#4835=ADVANCED_FACE('',(#893,#370),#4588,.T.);
#4836=ADVANCED_FACE('',(#894),#4589,.F.);
#4837=ADVANCED_FACE('',(#895),#269,.F.);
#4838=ADVANCED_FACE('',(#896),#270,.F.);
#4839=ADVANCED_FACE('',(#897),#271,.F.);
#4840=ADVANCED_FACE('',(#898),#272,.F.);
#4841=ADVANCED_FACE('',(#899),#273,.F.);
#4842=ADVANCED_FACE('',(#900),#274,.F.);
#4843=CLOSED_SHELL('',(#4590,#4591,#4592,#4593,#4594,#4595,#4596,#4597,
#4598,#4599,#4600,#4601,#4602,#4603,#4604,#4605,#4606,#4607,#4608,#4609,
#4610,#4611,#4612,#4613,#4614,#4615,#4616,#4617,#4618,#4619,#4620,#4621,
#4622,#4623,#4624,#4625,#4626,#4627,#4628,#4629,#4630,#4631,#4632,#4633,
#4634,#4635,#4636,#4637,#4638,#4639,#4640,#4641,#4642,#4643,#4644,#4645,
#4646,#4647,#4648,#4649,#4650,#4651,#4652,#4653,#4654,#4655,#4656,#4657,
#4658,#4659,#4660,#4661,#4662,#4663,#4664,#4665,#4666,#4667,#4668,#4669,
#4670,#4671,#4672,#4673,#4674,#4675,#4676,#4677,#4678,#4679,#4680,#4681,
#4682,#4683,#4684,#4685,#4686,#4687,#4688,#4689,#4690,#4691,#4692,#4693,
#4694,#4695,#4696,#4697,#4698,#4699,#4700,#4701,#4702,#4703,#4704,#4705,
#4706,#4707,#4708,#4709,#4710,#4711,#4712,#4713,#4714,#4715,#4716,#4717,
#4718,#4719,#4720,#4721,#4722,#4723,#4724,#4725,#4726,#4727,#4728,#4729,
#4730,#4731,#4732,#4733,#4734,#4735,#4736,#4737,#4738,#4739,#4740,#4741,
#4742,#4743,#4744,#4745,#4746,#4747,#4748,#4749,#4750,#4751,#4752,#4753,
#4754,#4755,#4756,#4757,#4758,#4759,#4760,#4761,#4762,#4763,#4764,#4765,
#4766,#4767,#4768,#4769,#4770,#4771,#4772,#4773,#4774,#4775,#4776,#4777,
#4778,#4779,#4780,#4781,#4782,#4783,#4784,#4785,#4786,#4787,#4788,#4789,
#4790,#4791,#4792,#4793,#4794,#4795,#4796,#4797,#4798,#4799,#4800,#4801,
#4802,#4803,#4804,#4805,#4806,#4807,#4808,#4809,#4810,#4811,#4812,#4813,
#4814,#4815,#4816,#4817,#4818,#4819,#4820,#4821,#4822,#4823,#4824,#4825,
#4826,#4827,#4828,#4829,#4830,#4831,#4832,#4833,#4834,#4835,#4836,#4837,
#4838,#4839,#4840,#4841,#4842));
#4844=DERIVED_UNIT_ELEMENT(#4846,1.);
#4845=DERIVED_UNIT_ELEMENT(#8882,-3.);
#4846=(
MASS_UNIT()
NAMED_UNIT(*)
SI_UNIT(.KILO.,.GRAM.)
);
#4847=DERIVED_UNIT((#4844,#4845));
#4848=MEASURE_REPRESENTATION_ITEM('density measure',
POSITIVE_RATIO_MEASURE(7850.),#4847);
#4849=PROPERTY_DEFINITION_REPRESENTATION(#4854,#4851);
#4850=PROPERTY_DEFINITION_REPRESENTATION(#4855,#4852);
#4851=REPRESENTATION('material name',(#4853),#8879);
#4852=REPRESENTATION('density',(#4848),#8879);
#4853=DESCRIPTIVE_REPRESENTATION_ITEM('\X2\AC15CCA0\X0\','\X2\AC15CCA0\X0\');
#4854=PROPERTY_DEFINITION('material property','material name',#8889);
#4855=PROPERTY_DEFINITION('material property','density of part',#8889);
#4856=AXIS2_PLACEMENT_3D('',#6827,#5400,#5401);
#4857=AXIS2_PLACEMENT_3D('',#6828,#5402,#5403);
#4858=AXIS2_PLACEMENT_3D('',#6837,#5408,#5409);
#4859=AXIS2_PLACEMENT_3D('',#6846,#5414,#5415);
#4860=AXIS2_PLACEMENT_3D('',#6848,#5416,#5417);
#4861=AXIS2_PLACEMENT_3D('',#6855,#5421,#5422);
#4862=AXIS2_PLACEMENT_3D('',#6858,#5424,#5425);
#4863=AXIS2_PLACEMENT_3D('',#6860,#5426,#5427);
#4864=AXIS2_PLACEMENT_3D('',#6861,#5428,#5429);
#4865=AXIS2_PLACEMENT_3D('',#6863,#5430,#5431);
#4866=AXIS2_PLACEMENT_3D('',#6867,#5434,#5435);
#4867=AXIS2_PLACEMENT_3D('',#6872,#5438,#5439);
#4868=AXIS2_PLACEMENT_3D('',#6873,#5440,#5441);
#4869=AXIS2_PLACEMENT_3D('',#6876,#5442,#5443);
#4870=AXIS2_PLACEMENT_3D('',#6880,#5445,#5446);
#4871=AXIS2_PLACEMENT_3D('',#6882,#5448,#5449);
#4872=AXIS2_PLACEMENT_3D('',#6888,#5453,#5454);
#4873=AXIS2_PLACEMENT_3D('',#6890,#5455,#5456);
#4874=AXIS2_PLACEMENT_3D('',#6893,#5458,#5459);
#4875=AXIS2_PLACEMENT_3D('',#6894,#5460,#5461);
#4876=AXIS2_PLACEMENT_3D('',#6900,#5465,#5466);
#4877=AXIS2_PLACEMENT_3D('',#6906,#5470,#5471);
#4878=AXIS2_PLACEMENT_3D('',#6915,#5476,#5477);
#4879=AXIS2_PLACEMENT_3D('',#6917,#5478,#5479);
#4880=AXIS2_PLACEMENT_3D('',#6920,#5481,#5482);
#4881=AXIS2_PLACEMENT_3D('',#6921,#5483,#5484);
#4882=AXIS2_PLACEMENT_3D('',#6927,#5488,#5489);
#4883=AXIS2_PLACEMENT_3D('',#6933,#5493,#5494);
#4884=AXIS2_PLACEMENT_3D('',#6934,#5495,#5496);
#4885=AXIS2_PLACEMENT_3D('',#6936,#5497,#5498);
#4886=AXIS2_PLACEMENT_3D('',#6937,#5499,#5500);
#4887=AXIS2_PLACEMENT_3D('',#6939,#5501,#5502);
#4888=AXIS2_PLACEMENT_3D('',#6941,#5503,#5504);
#4889=AXIS2_PLACEMENT_3D('',#6942,#5505,#5506);
#4890=AXIS2_PLACEMENT_3D('',#6944,#5507,#5508);
#4891=AXIS2_PLACEMENT_3D('',#6963,#5510,#5511);
#4892=AXIS2_PLACEMENT_3D('',#6967,#5513,#5514);
#4893=AXIS2_PLACEMENT_3D('',#6971,#5516,#5517);
#4894=AXIS2_PLACEMENT_3D('',#6973,#5519,#5520);
#4895=AXIS2_PLACEMENT_3D('',#6978,#5522,#5523);
#4896=AXIS2_PLACEMENT_3D('',#6982,#5525,#5526);
#4897=AXIS2_PLACEMENT_3D('',#6984,#5527,#5528);
#4898=AXIS2_PLACEMENT_3D('',#6988,#5530,#5531);
#4899=AXIS2_PLACEMENT_3D('',#6990,#5532,#5533);
#4900=AXIS2_PLACEMENT_3D('',#6993,#5535,#5536);
#4901=AXIS2_PLACEMENT_3D('',#6995,#5537,#5538);
#4902=AXIS2_PLACEMENT_3D('',#6997,#5539,#5540);
#4903=AXIS2_PLACEMENT_3D('',#6999,#5541,#5542);
#4904=AXIS2_PLACEMENT_3D('',#7000,#5543,#5544);
#4905=AXIS2_PLACEMENT_3D('',#7012,#5545,#5546);
#4906=AXIS2_PLACEMENT_3D('',#7017,#5547,#5548);
#4907=AXIS2_PLACEMENT_3D('',#7028,#5549,#5550);
#4908=AXIS2_PLACEMENT_3D('',#7037,#5551,#5552);
#4909=AXIS2_PLACEMENT_3D('',#7039,#5553,#5554);
#4910=AXIS2_PLACEMENT_3D('',#7041,#5556,#5557);
#4911=AXIS2_PLACEMENT_3D('',#7043,#5558,#5559);
#4912=AXIS2_PLACEMENT_3D('',#7044,#5560,#5561);
#4913=AXIS2_PLACEMENT_3D('',#7045,#5562,#5563);
#4914=AXIS2_PLACEMENT_3D('',#7047,#5564,#5565);
#4915=AXIS2_PLACEMENT_3D('',#7048,#5566,#5567);
#4916=AXIS2_PLACEMENT_3D('',#7049,#5568,#5569);
#4917=AXIS2_PLACEMENT_3D('',#7060,#5572,#5573);
#4918=AXIS2_PLACEMENT_3D('',#7062,#5574,#5575);
#4919=AXIS2_PLACEMENT_3D('',#7065,#5577,#5578);
#4920=AXIS2_PLACEMENT_3D('',#7066,#5579,#5580);
#4921=AXIS2_PLACEMENT_3D('',#7068,#5581,#5582);
#4922=AXIS2_PLACEMENT_3D('',#7071,#5584,#5585);
#4923=AXIS2_PLACEMENT_3D('',#7072,#5586,#5587);
#4924=AXIS2_PLACEMENT_3D('',#7074,#5588,#5589);
#4925=AXIS2_PLACEMENT_3D('',#7077,#5591,#5592);
#4926=AXIS2_PLACEMENT_3D('',#7078,#5593,#5594);
#4927=AXIS2_PLACEMENT_3D('',#7079,#5595,#5596);
#4928=AXIS2_PLACEMENT_3D('',#7081,#5597,#5598);
#4929=AXIS2_PLACEMENT_3D('',#7084,#5600,#5601);
#4930=AXIS2_PLACEMENT_3D('',#7085,#5602,#5603);
#4931=AXIS2_PLACEMENT_3D('',#7086,#5604,#5605);
#4932=AXIS2_PLACEMENT_3D('',#7088,#5606,#5607);
#4933=AXIS2_PLACEMENT_3D('',#7091,#5609,#5610);
#4934=AXIS2_PLACEMENT_3D('',#7092,#5611,#5612);
#4935=AXIS2_PLACEMENT_3D('',#7094,#5613,#5614);
#4936=AXIS2_PLACEMENT_3D('',#7097,#5616,#5617);
#4937=AXIS2_PLACEMENT_3D('',#7098,#5618,#5619);
#4938=AXIS2_PLACEMENT_3D('',#7116,#5623,#5624);
#4939=AXIS2_PLACEMENT_3D('',#7134,#5628,#5629);
#4940=AXIS2_PLACEMENT_3D('',#7137,#5632,#5633);
#4941=AXIS2_PLACEMENT_3D('',#7138,#5634,#5635);
#4942=AXIS2_PLACEMENT_3D('',#7139,#5636,#5637);
#4943=AXIS2_PLACEMENT_3D('',#7141,#5638,#5639);
#4944=AXIS2_PLACEMENT_3D('',#7143,#5640,#5641);
#4945=AXIS2_PLACEMENT_3D('',#7145,#5642,#5643);
#4946=AXIS2_PLACEMENT_3D('',#7153,#5647,#5648);
#4947=AXIS2_PLACEMENT_3D('',#7155,#5649,#5650);
#4948=AXIS2_PLACEMENT_3D('',#7156,#5651,#5652);
#4949=AXIS2_PLACEMENT_3D('',#7158,#5653,#5654);
#4950=AXIS2_PLACEMENT_3D('',#7160,#5655,#5656);
#4951=AXIS2_PLACEMENT_3D('',#7162,#5657,#5658);
#4952=AXIS2_PLACEMENT_3D('',#7163,#5659,#5660);
#4953=AXIS2_PLACEMENT_3D('',#7166,#5661,#5662);
#4954=AXIS2_PLACEMENT_3D('',#7172,#5666,#5667);
#4955=AXIS2_PLACEMENT_3D('',#7187,#5670,#5671);
#4956=AXIS2_PLACEMENT_3D('',#7191,#5674,#5675);
#4957=AXIS2_PLACEMENT_3D('',#7204,#5677,#5678);
#4958=AXIS2_PLACEMENT_3D('',#7206,#5679,#5680);
#4959=AXIS2_PLACEMENT_3D('',#7223,#5681,#5682);
#4960=AXIS2_PLACEMENT_3D('',#7225,#5683,#5684);
#4961=AXIS2_PLACEMENT_3D('',#7227,#5685,#5686);
#4962=AXIS2_PLACEMENT_3D('',#7229,#5687,#5688);
#4963=AXIS2_PLACEMENT_3D('',#7231,#5689,#5690);
#4964=AXIS2_PLACEMENT_3D('',#7247,#5691,#5692);
#4965=AXIS2_PLACEMENT_3D('',#7248,#5693,#5694);
#4966=AXIS2_PLACEMENT_3D('',#7257,#5699,#5700);
#4967=AXIS2_PLACEMENT_3D('',#7264,#5703,#5704);
#4968=AXIS2_PLACEMENT_3D('',#7268,#5706,#5707);
#4969=AXIS2_PLACEMENT_3D('',#7273,#5710,#5711);
#4970=AXIS2_PLACEMENT_3D('',#7275,#5713,#5714);
#4971=AXIS2_PLACEMENT_3D('',#7283,#5718,#5719);
#4972=AXIS2_PLACEMENT_3D('',#7285,#5720,#5721);
#4973=AXIS2_PLACEMENT_3D('',#7289,#5723,#5724);
#4974=AXIS2_PLACEMENT_3D('',#7293,#5726,#5727);
#4975=AXIS2_PLACEMENT_3D('',#7295,#5728,#5729);
#4976=AXIS2_PLACEMENT_3D('',#7302,#5733,#5734);
#4977=AXIS2_PLACEMENT_3D('',#7304,#5735,#5736);
#4978=AXIS2_PLACEMENT_3D('',#7306,#5737,#5738);
#4979=AXIS2_PLACEMENT_3D('',#7308,#5739,#5740);
#4980=AXIS2_PLACEMENT_3D('',#7310,#5741,#5742);
#4981=AXIS2_PLACEMENT_3D('',#7312,#5743,#5744);
#4982=AXIS2_PLACEMENT_3D('',#7313,#5745,#5746);
#4983=AXIS2_PLACEMENT_3D('',#7321,#5751,#5752);
#4984=AXIS2_PLACEMENT_3D('',#7325,#5755,#5756);
#4985=AXIS2_PLACEMENT_3D('',#7331,#5759,#5760);
#4986=AXIS2_PLACEMENT_3D('',#7333,#5762,#5763);
#4987=AXIS2_PLACEMENT_3D('',#7342,#5767,#5768);
#4988=AXIS2_PLACEMENT_3D('',#7344,#5770,#5771);
#4989=AXIS2_PLACEMENT_3D('',#7350,#5775,#5776);
#4990=AXIS2_PLACEMENT_3D('',#7355,#5778,#5779);
#4991=AXIS2_PLACEMENT_3D('',#7357,#5781,#5782);
#4992=AXIS2_PLACEMENT_3D('',#7358,#5783,#5784);
#4993=AXIS2_PLACEMENT_3D('',#7362,#5787,#5788);
#4994=AXIS2_PLACEMENT_3D('',#7363,#5789,#5790);
#4995=AXIS2_PLACEMENT_3D('',#7366,#5791,#5792);
#4996=AXIS2_PLACEMENT_3D('',#7369,#5795,#5796);
#4997=AXIS2_PLACEMENT_3D('',#7371,#5797,#5798);
#4998=AXIS2_PLACEMENT_3D('',#7372,#5799,#5800);
#4999=AXIS2_PLACEMENT_3D('',#7381,#5806,#5807);
#5000=AXIS2_PLACEMENT_3D('',#7382,#5808,#5809);
#5001=AXIS2_PLACEMENT_3D('',#7384,#5810,#5811);
#5002=AXIS2_PLACEMENT_3D('',#7386,#5812,#5813);
#5003=AXIS2_PLACEMENT_3D('',#7387,#5814,#5815);
#5004=AXIS2_PLACEMENT_3D('',#7393,#5819,#5820);
#5005=AXIS2_PLACEMENT_3D('',#7401,#5824,#5825);
#5006=AXIS2_PLACEMENT_3D('',#7409,#5829,#5830);
#5007=AXIS2_PLACEMENT_3D('',#7412,#5832,#5833);
#5008=AXIS2_PLACEMENT_3D('',#7414,#5834,#5835);
#5009=AXIS2_PLACEMENT_3D('',#7416,#5836,#5837);
#5010=AXIS2_PLACEMENT_3D('',#7418,#5838,#5839);
#5011=AXIS2_PLACEMENT_3D('',#7420,#5840,#5841);
#5012=AXIS2_PLACEMENT_3D('',#7422,#5842,#5843);
#5013=AXIS2_PLACEMENT_3D('',#7424,#5844,#5845);
#5014=AXIS2_PLACEMENT_3D('',#7426,#5846,#5847);
#5015=AXIS2_PLACEMENT_3D('',#7428,#5848,#5849);
#5016=AXIS2_PLACEMENT_3D('',#7430,#5850,#5851);
#5017=AXIS2_PLACEMENT_3D('',#7432,#5852,#5853);
#5018=AXIS2_PLACEMENT_3D('',#7434,#5854,#5855);
#5019=AXIS2_PLACEMENT_3D('',#7435,#5856,#5857);
#5020=AXIS2_PLACEMENT_3D('',#7441,#5860,#5861);
#5021=AXIS2_PLACEMENT_3D('',#7449,#5865,#5866);
#5022=AXIS2_PLACEMENT_3D('',#7454,#5869,#5870);
#5023=AXIS2_PLACEMENT_3D('',#7456,#5871,#5872);
#5024=AXIS2_PLACEMENT_3D('',#7458,#5873,#5874);
#5025=AXIS2_PLACEMENT_3D('',#7460,#5875,#5876);
#5026=AXIS2_PLACEMENT_3D('',#7462,#5877,#5878);
#5027=AXIS2_PLACEMENT_3D('',#7464,#5879,#5880);
#5028=AXIS2_PLACEMENT_3D('',#7466,#5881,#5882);
#5029=AXIS2_PLACEMENT_3D('',#7468,#5883,#5884);
#5030=AXIS2_PLACEMENT_3D('',#7470,#5885,#5886);
#5031=AXIS2_PLACEMENT_3D('',#7472,#5887,#5888);
#5032=AXIS2_PLACEMENT_3D('',#7474,#5889,#5890);
#5033=AXIS2_PLACEMENT_3D('',#7476,#5891,#5892);
#5034=AXIS2_PLACEMENT_3D('',#7477,#5893,#5894);
#5035=AXIS2_PLACEMENT_3D('',#7480,#5895,#5896);
#5036=AXIS2_PLACEMENT_3D('',#7484,#5898,#5899);
#5037=AXIS2_PLACEMENT_3D('',#7492,#5903,#5904);
#5038=AXIS2_PLACEMENT_3D('',#7495,#5906,#5907);
#5039=AXIS2_PLACEMENT_3D('',#7497,#5908,#5909);
#5040=AXIS2_PLACEMENT_3D('',#7499,#5910,#5911);
#5041=AXIS2_PLACEMENT_3D('',#7501,#5912,#5913);
#5042=AXIS2_PLACEMENT_3D('',#7503,#5914,#5915);
#5043=AXIS2_PLACEMENT_3D('',#7505,#5916,#5917);
#5044=AXIS2_PLACEMENT_3D('',#7506,#5918,#5919);
#5045=AXIS2_PLACEMENT_3D('',#7706,#5934,#5935);
#5046=AXIS2_PLACEMENT_3D('',#7710,#5937,#5938);
#5047=AXIS2_PLACEMENT_3D('',#7713,#5940,#5941);
#5048=AXIS2_PLACEMENT_3D('',#7717,#5943,#5944);
#5049=AXIS2_PLACEMENT_3D('',#7719,#5946,#5947);
#5050=AXIS2_PLACEMENT_3D('',#7724,#5950,#5951);
#5051=AXIS2_PLACEMENT_3D('',#7725,#5952,#5953);
#5052=AXIS2_PLACEMENT_3D('',#7733,#5958,#5959);
#5053=AXIS2_PLACEMENT_3D('',#7737,#5961,#5962);
#5054=AXIS2_PLACEMENT_3D('',#7738,#5963,#5964);
#5055=AXIS2_PLACEMENT_3D('',#7742,#5966,#5967);
#5056=AXIS2_PLACEMENT_3D('',#7743,#5968,#5969);
#5057=AXIS2_PLACEMENT_3D('',#7748,#5972,#5973);
#5058=AXIS2_PLACEMENT_3D('',#7749,#5974,#5975);
#5059=AXIS2_PLACEMENT_3D('',#7751,#5976,#5977);
#5060=AXIS2_PLACEMENT_3D('',#7752,#5978,#5979);
#5061=AXIS2_PLACEMENT_3D('',#7754,#5980,#5981);
#5062=AXIS2_PLACEMENT_3D('',#7756,#5982,#5983);
#5063=AXIS2_PLACEMENT_3D('',#7757,#5984,#5985);
#5064=AXIS2_PLACEMENT_3D('',#7761,#5988,#5989);
#5065=AXIS2_PLACEMENT_3D('',#7764,#5991,#5992);
#5066=AXIS2_PLACEMENT_3D('',#7765,#5993,#5994);
#5067=AXIS2_PLACEMENT_3D('',#7769,#5996,#5997);
#5068=AXIS2_PLACEMENT_3D('',#7772,#6000,#6001);
#5069=AXIS2_PLACEMENT_3D('',#7774,#6003,#6004);
#5070=AXIS2_PLACEMENT_3D('',#7775,#6005,#6006);
#5071=AXIS2_PLACEMENT_3D('',#7777,#6008,#6009);
#5072=AXIS2_PLACEMENT_3D('',#7778,#6010,#6011);
#5073=AXIS2_PLACEMENT_3D('',#7780,#6013,#6014);
#5074=AXIS2_PLACEMENT_3D('',#7781,#6015,#6016);
#5075=AXIS2_PLACEMENT_3D('',#7783,#6018,#6019);
#5076=AXIS2_PLACEMENT_3D('',#7784,#6020,#6021);
#5077=AXIS2_PLACEMENT_3D('',#7786,#6023,#6024);
#5078=AXIS2_PLACEMENT_3D('',#7787,#6025,#6026);
#5079=AXIS2_PLACEMENT_3D('',#7789,#6028,#6029);
#5080=AXIS2_PLACEMENT_3D('',#7790,#6030,#6031);
#5081=AXIS2_PLACEMENT_3D('',#7793,#6033,#6034);
#5082=AXIS2_PLACEMENT_3D('',#7801,#6038,#6039);
#5083=AXIS2_PLACEMENT_3D('',#7803,#6040,#6041);
#5084=AXIS2_PLACEMENT_3D('',#7805,#6042,#6043);
#5085=AXIS2_PLACEMENT_3D('',#7807,#6044,#6045);
#5086=AXIS2_PLACEMENT_3D('',#7809,#6046,#6047);
#5087=AXIS2_PLACEMENT_3D('',#7811,#6048,#6049);
#5088=AXIS2_PLACEMENT_3D('',#7813,#6050,#6051);
#5089=AXIS2_PLACEMENT_3D('',#7814,#6052,#6053);
#5090=AXIS2_PLACEMENT_3D('',#7825,#6054,#6055);
#5091=AXIS2_PLACEMENT_3D('',#7826,#6056,#6057);
#5092=AXIS2_PLACEMENT_3D('',#7827,#6058,#6059);
#5093=AXIS2_PLACEMENT_3D('',#7828,#6060,#6061);
#5094=AXIS2_PLACEMENT_3D('',#7830,#6063,#6064);
#5095=AXIS2_PLACEMENT_3D('',#7832,#6066,#6067);
#5096=AXIS2_PLACEMENT_3D('',#7835,#6070,#6071);
#5097=AXIS2_PLACEMENT_3D('',#7836,#6072,#6073);
#5098=AXIS2_PLACEMENT_3D('',#7838,#6075,#6076);
#5099=AXIS2_PLACEMENT_3D('',#7839,#6077,#6078);
#5100=AXIS2_PLACEMENT_3D('',#7846,#6083,#6084);
#5101=AXIS2_PLACEMENT_3D('',#7847,#6085,#6086);
#5102=AXIS2_PLACEMENT_3D('',#7848,#6087,#6088);
#5103=AXIS2_PLACEMENT_3D('',#7850,#6089,#6090);
#5104=AXIS2_PLACEMENT_3D('',#7851,#6091,#6092);
#5105=AXIS2_PLACEMENT_3D('',#7857,#6096,#6097);
#5106=AXIS2_PLACEMENT_3D('',#7858,#6098,#6099);
#5107=AXIS2_PLACEMENT_3D('',#7859,#6100,#6101);
#5108=AXIS2_PLACEMENT_3D('',#7861,#6102,#6103);
#5109=AXIS2_PLACEMENT_3D('',#7862,#6104,#6105);
#5110=AXIS2_PLACEMENT_3D('',#7864,#6107,#6108);
#5111=AXIS2_PLACEMENT_3D('',#7866,#6110,#6111);
#5112=AXIS2_PLACEMENT_3D('',#7869,#6112,#6113);
#5113=AXIS2_PLACEMENT_3D('',#7888,#6116,#6117);
#5114=AXIS2_PLACEMENT_3D('',#7891,#6118,#6119);
#5115=AXIS2_PLACEMENT_3D('',#7892,#6120,#6121);
#5116=AXIS2_PLACEMENT_3D('',#7893,#6122,#6123);
#5117=AXIS2_PLACEMENT_3D('',#7943,#6124,#6125);
#5118=AXIS2_PLACEMENT_3D('',#7945,#6126,#6127);
#5119=AXIS2_PLACEMENT_3D('',#7947,#6128,#6129);
#5120=AXIS2_PLACEMENT_3D('',#7948,#6130,#6131);
#5121=AXIS2_PLACEMENT_3D('',#7949,#6132,#6133);
#5122=AXIS2_PLACEMENT_3D('',#7951,#6134,#6135);
#5123=AXIS2_PLACEMENT_3D('',#7955,#6137,#6138);
#5124=AXIS2_PLACEMENT_3D('',#7958,#6140,#6141);
#5125=AXIS2_PLACEMENT_3D('',#7959,#6142,#6143);
#5126=AXIS2_PLACEMENT_3D('',#7961,#6144,#6145);
#5127=AXIS2_PLACEMENT_3D('',#7978,#6147,#6148);
#5128=AXIS2_PLACEMENT_3D('',#7980,#6149,#6150);
#5129=AXIS2_PLACEMENT_3D('',#7981,#6151,#6152);
#5130=AXIS2_PLACEMENT_3D('',#8039,#6153,#6154);
#5131=AXIS2_PLACEMENT_3D('',#8043,#6156,#6157);
#5132=AXIS2_PLACEMENT_3D('',#8045,#6159,#6160);
#5133=AXIS2_PLACEMENT_3D('',#8049,#6163,#6164);
#5134=AXIS2_PLACEMENT_3D('',#8051,#6166,#6167);
#5135=AXIS2_PLACEMENT_3D('',#8057,#6170,#6171);
#5136=AXIS2_PLACEMENT_3D('',#8060,#6173,#6174);
#5137=AXIS2_PLACEMENT_3D('',#8061,#6175,#6176);
#5138=AXIS2_PLACEMENT_3D('',#8067,#6179,#6180);
#5139=AXIS2_PLACEMENT_3D('',#8075,#6184,#6185);
#5140=AXIS2_PLACEMENT_3D('',#8086,#6191,#6192);
#5141=AXIS2_PLACEMENT_3D('',#8092,#6196,#6197);
#5142=AXIS2_PLACEMENT_3D('',#8093,#6198,#6199);
#5143=AXIS2_PLACEMENT_3D('',#8094,#6200,#6201);
#5144=AXIS2_PLACEMENT_3D('',#8123,#6203,#6204);
#5145=AXIS2_PLACEMENT_3D('',#8124,#6205,#6206);
#5146=AXIS2_PLACEMENT_3D('',#8139,#6207,#6208);
#5147=AXIS2_PLACEMENT_3D('',#8140,#6209,#6210);
#5148=AXIS2_PLACEMENT_3D('',#8141,#6211,#6212);
#5149=AXIS2_PLACEMENT_3D('',#8142,#6213,#6214);
#5150=AXIS2_PLACEMENT_3D('',#8143,#6215,#6216);
#5151=AXIS2_PLACEMENT_3D('',#8144,#6217,#6218);
#5152=AXIS2_PLACEMENT_3D('',#8145,#6219,#6220);
#5153=AXIS2_PLACEMENT_3D('',#8147,#6222,#6223);
#5154=AXIS2_PLACEMENT_3D('',#8148,#6224,#6225);
#5155=AXIS2_PLACEMENT_3D('',#8149,#6226,#6227);
#5156=AXIS2_PLACEMENT_3D('',#8151,#6228,#6229);
#5157=AXIS2_PLACEMENT_3D('',#8153,#6231,#6232);
#5158=AXIS2_PLACEMENT_3D('',#8154,#6233,#6234);
#5159=AXIS2_PLACEMENT_3D('',#8155,#6235,#6236);
#5160=AXIS2_PLACEMENT_3D('',#8157,#6238,#6239);
#5161=AXIS2_PLACEMENT_3D('',#8158,#6240,#6241);
#5162=AXIS2_PLACEMENT_3D('',#8160,#6242,#6243);
#5163=AXIS2_PLACEMENT_3D('',#8162,#6244,#6245);
#5164=AXIS2_PLACEMENT_3D('',#8163,#6246,#6247);
#5165=AXIS2_PLACEMENT_3D('',#8164,#6248,#6249);
#5166=AXIS2_PLACEMENT_3D('',#8166,#6251,#6252);
#5167=AXIS2_PLACEMENT_3D('',#8169,#6253,#6254);
#5168=AXIS2_PLACEMENT_3D('',#8172,#6257,#6258);
#5169=AXIS2_PLACEMENT_3D('',#8175,#6260,#6261);
#5170=AXIS2_PLACEMENT_3D('',#8286,#6262,#6263);
#5171=AXIS2_PLACEMENT_3D('',#8287,#6264,#6265);
#5172=AXIS2_PLACEMENT_3D('',#8290,#6267,#6268);
#5173=AXIS2_PLACEMENT_3D('',#8291,#6269,#6270);
#5174=AXIS2_PLACEMENT_3D('',#8292,#6271,#6272);
#5175=AXIS2_PLACEMENT_3D('',#8293,#6273,#6274);
#5176=AXIS2_PLACEMENT_3D('',#8308,#6275,#6276);
#5177=AXIS2_PLACEMENT_3D('',#8313,#6277,#6278);
#5178=AXIS2_PLACEMENT_3D('',#8316,#6280,#6281);
#5179=AXIS2_PLACEMENT_3D('',#8317,#6282,#6283);
#5180=AXIS2_PLACEMENT_3D('',#8320,#6285,#6286);
#5181=AXIS2_PLACEMENT_3D('',#8321,#6287,#6288);
#5182=AXIS2_PLACEMENT_3D('',#8325,#6290,#6291);
#5183=AXIS2_PLACEMENT_3D('',#8328,#6293,#6294);
#5184=AXIS2_PLACEMENT_3D('',#8329,#6295,#6296);
#5185=AXIS2_PLACEMENT_3D('',#8336,#6297,#6298);
#5186=AXIS2_PLACEMENT_3D('',#8339,#6300,#6301);
#5187=AXIS2_PLACEMENT_3D('',#8340,#6302,#6303);
#5188=AXIS2_PLACEMENT_3D('',#8359,#6306,#6307);
#5189=AXIS2_PLACEMENT_3D('',#8360,#6308,#6309);
#5190=AXIS2_PLACEMENT_3D('',#8362,#6310,#6311);
#5191=AXIS2_PLACEMENT_3D('',#8364,#6313,#6314);
#5192=AXIS2_PLACEMENT_3D('',#8381,#6316,#6317);
#5193=AXIS2_PLACEMENT_3D('',#8383,#6319,#6320);
#5194=AXIS2_PLACEMENT_3D('',#8384,#6321,#6322);
#5195=AXIS2_PLACEMENT_3D('',#8385,#6323,#6324);
#5196=AXIS2_PLACEMENT_3D('',#8386,#6325,#6326);
#5197=AXIS2_PLACEMENT_3D('',#8387,#6327,#6328);
#5198=AXIS2_PLACEMENT_3D('',#8391,#6331,#6332);
#5199=AXIS2_PLACEMENT_3D('',#8396,#6335,#6336);
#5200=AXIS2_PLACEMENT_3D('',#8398,#6337,#6338);
#5201=AXIS2_PLACEMENT_3D('',#8400,#6339,#6340);
#5202=AXIS2_PLACEMENT_3D('',#8402,#6341,#6342);
#5203=AXIS2_PLACEMENT_3D('',#8404,#6343,#6344);
#5204=AXIS2_PLACEMENT_3D('',#8406,#6345,#6346);
#5205=AXIS2_PLACEMENT_3D('',#8407,#6347,#6348);
#5206=AXIS2_PLACEMENT_3D('',#8409,#6350,#6351);
#5207=AXIS2_PLACEMENT_3D('',#8432,#6354,#6355);
#5208=AXIS2_PLACEMENT_3D('',#8436,#6357,#6358);
#5209=AXIS2_PLACEMENT_3D('',#8438,#6360,#6361);
#5210=AXIS2_PLACEMENT_3D('',#8439,#6362,#6363);
#5211=AXIS2_PLACEMENT_3D('',#8440,#6364,#6365);
#5212=AXIS2_PLACEMENT_3D('',#8441,#6366,#6367);
#5213=AXIS2_PLACEMENT_3D('',#8442,#6368,#6369);
#5214=AXIS2_PLACEMENT_3D('',#8443,#6370,#6371);
#5215=AXIS2_PLACEMENT_3D('',#8445,#6372,#6373);
#5216=AXIS2_PLACEMENT_3D('',#8447,#6374,#6375);
#5217=AXIS2_PLACEMENT_3D('',#8449,#6376,#6377);
#5218=AXIS2_PLACEMENT_3D('',#8451,#6378,#6379);
#5219=AXIS2_PLACEMENT_3D('',#8453,#6380,#6381);
#5220=AXIS2_PLACEMENT_3D('',#8455,#6382,#6383);
#5221=AXIS2_PLACEMENT_3D('',#8460,#6386,#6387);
#5222=AXIS2_PLACEMENT_3D('',#8461,#6388,#6389);
#5223=AXIS2_PLACEMENT_3D('',#8481,#6391,#6392);
#5224=AXIS2_PLACEMENT_3D('',#8483,#6393,#6394);
#5225=AXIS2_PLACEMENT_3D('',#8486,#6396,#6397);
#5226=AXIS2_PLACEMENT_3D('',#8488,#6399,#6400);
#5227=AXIS2_PLACEMENT_3D('',#8491,#6402,#6403);
#5228=AXIS2_PLACEMENT_3D('',#8492,#6404,#6405);
#5229=AXIS2_PLACEMENT_3D('',#8493,#6406,#6407);
#5230=AXIS2_PLACEMENT_3D('',#8497,#6410,#6411);
#5231=AXIS2_PLACEMENT_3D('',#8498,#6412,#6413);
#5232=AXIS2_PLACEMENT_3D('',#8499,#6414,#6415);
#5233=AXIS2_PLACEMENT_3D('',#8500,#6416,#6417);
#5234=AXIS2_PLACEMENT_3D('',#8502,#6418,#6419);
#5235=AXIS2_PLACEMENT_3D('',#8505,#6421,#6422);
#5236=AXIS2_PLACEMENT_3D('',#8507,#6424,#6425);
#5237=AXIS2_PLACEMENT_3D('',#8513,#6429,#6430);
#5238=AXIS2_PLACEMENT_3D('',#8514,#6431,#6432);
#5239=AXIS2_PLACEMENT_3D('',#8515,#6433,#6434);
#5240=AXIS2_PLACEMENT_3D('',#8516,#6435,#6436);
#5241=AXIS2_PLACEMENT_3D('',#8517,#6437,#6438);
#5242=AXIS2_PLACEMENT_3D('',#8518,#6439,#6440);
#5243=AXIS2_PLACEMENT_3D('',#8519,#6441,#6442);
#5244=AXIS2_PLACEMENT_3D('',#8520,#6443,#6444);
#5245=AXIS2_PLACEMENT_3D('',#8521,#6445,#6446);
#5246=AXIS2_PLACEMENT_3D('',#8522,#6447,#6448);
#5247=AXIS2_PLACEMENT_3D('',#8523,#6449,#6450);
#5248=AXIS2_PLACEMENT_3D('',#8524,#6451,#6452);
#5249=AXIS2_PLACEMENT_3D('',#8525,#6453,#6454);
#5250=AXIS2_PLACEMENT_3D('',#8526,#6455,#6456);
#5251=AXIS2_PLACEMENT_3D('',#8527,#6457,#6458);
#5252=AXIS2_PLACEMENT_3D('',#8539,#6459,#6460);
#5253=AXIS2_PLACEMENT_3D('',#8542,#6462,#6463);
#5254=AXIS2_PLACEMENT_3D('',#8543,#6464,#6465);
#5255=AXIS2_PLACEMENT_3D('',#8545,#6466,#6467);
#5256=AXIS2_PLACEMENT_3D('',#8547,#6468,#6469);
#5257=AXIS2_PLACEMENT_3D('',#8548,#6470,#6471);
#5258=AXIS2_PLACEMENT_3D('',#8549,#6472,#6473);
#5259=AXIS2_PLACEMENT_3D('',#8552,#6475,#6476);
#5260=AXIS2_PLACEMENT_3D('',#8553,#6477,#6478);
#5261=AXIS2_PLACEMENT_3D('',#8566,#6480,#6481);
#5262=AXIS2_PLACEMENT_3D('',#8567,#6482,#6483);
#5263=AXIS2_PLACEMENT_3D('',#8568,#6484,#6485);
#5264=AXIS2_PLACEMENT_3D('',#8569,#6486,#6487);
#5265=AXIS2_PLACEMENT_3D('',#8576,#6488,#6489);
#5266=AXIS2_PLACEMENT_3D('',#8579,#6491,#6492);
#5267=AXIS2_PLACEMENT_3D('',#8580,#6493,#6494);
#5268=AXIS2_PLACEMENT_3D('',#8594,#6496,#6497);
#5269=AXIS2_PLACEMENT_3D('',#8595,#6498,#6499);
#5270=AXIS2_PLACEMENT_3D('',#8598,#6501,#6502);
#5271=AXIS2_PLACEMENT_3D('',#8599,#6503,#6504);
#5272=AXIS2_PLACEMENT_3D('',#8600,#6505,#6506);
#5273=AXIS2_PLACEMENT_3D('',#8603,#6508,#6509);
#5274=AXIS2_PLACEMENT_3D('',#8604,#6510,#6511);
#5275=AXIS2_PLACEMENT_3D('',#8605,#6512,#6513);
#5276=AXIS2_PLACEMENT_3D('',#8606,#6514,#6515);
#5277=AXIS2_PLACEMENT_3D('',#8611,#6518,#6519);
#5278=AXIS2_PLACEMENT_3D('',#8612,#6520,#6521);
#5279=AXIS2_PLACEMENT_3D('',#8615,#6523,#6524);
#5280=AXIS2_PLACEMENT_3D('',#8617,#6526,#6527);
#5281=AXIS2_PLACEMENT_3D('',#8618,#6528,#6529);
#5282=AXIS2_PLACEMENT_3D('',#8619,#6530,#6531);
#5283=AXIS2_PLACEMENT_3D('',#8620,#6532,#6533);
#5284=AXIS2_PLACEMENT_3D('',#8621,#6534,#6535);
#5285=AXIS2_PLACEMENT_3D('',#8623,#6537,#6538);
#5286=AXIS2_PLACEMENT_3D('',#8624,#6539,#6540);
#5287=AXIS2_PLACEMENT_3D('',#8634,#6546,#6547);
#5288=AXIS2_PLACEMENT_3D('',#8638,#6550,#6551);
#5289=AXIS2_PLACEMENT_3D('',#8639,#6552,#6553);
#5290=AXIS2_PLACEMENT_3D('',#8640,#6554,#6555);
#5291=AXIS2_PLACEMENT_3D('',#8641,#6556,#6557);
#5292=AXIS2_PLACEMENT_3D('',#8648,#6558,#6559);
#5293=AXIS2_PLACEMENT_3D('',#8649,#6560,#6561);
#5294=AXIS2_PLACEMENT_3D('',#8650,#6562,#6563);
#5295=AXIS2_PLACEMENT_3D('',#8651,#6564,#6565);
#5296=AXIS2_PLACEMENT_3D('',#8652,#6566,#6567);
#5297=AXIS2_PLACEMENT_3D('',#8653,#6568,#6569);
#5298=AXIS2_PLACEMENT_3D('',#8654,#6570,#6571);
#5299=AXIS2_PLACEMENT_3D('',#8655,#6572,#6573);
#5300=AXIS2_PLACEMENT_3D('',#8656,#6574,#6575);
#5301=AXIS2_PLACEMENT_3D('',#8657,#6576,#6577);
#5302=AXIS2_PLACEMENT_3D('',#8658,#6578,#6579);
#5303=AXIS2_PLACEMENT_3D('',#8659,#6580,#6581);
#5304=AXIS2_PLACEMENT_3D('',#8660,#6582,#6583);
#5305=AXIS2_PLACEMENT_3D('',#8663,#6585,#6586);
#5306=AXIS2_PLACEMENT_3D('',#8670,#6587,#6588);
#5307=AXIS2_PLACEMENT_3D('',#8672,#6589,#6590);
#5308=AXIS2_PLACEMENT_3D('',#8673,#6591,#6592);
#5309=AXIS2_PLACEMENT_3D('',#8674,#6593,#6594);
#5310=AXIS2_PLACEMENT_3D('',#8676,#6596,#6597);
#5311=AXIS2_PLACEMENT_3D('',#8680,#6600,#6601);
#5312=AXIS2_PLACEMENT_3D('',#8683,#6603,#6604);
#5313=AXIS2_PLACEMENT_3D('',#8684,#6605,#6606);
#5314=AXIS2_PLACEMENT_3D('',#8686,#6608,#6609);
#5315=AXIS2_PLACEMENT_3D('',#8687,#6610,#6611);
#5316=AXIS2_PLACEMENT_3D('',#8694,#6612,#6613);
#5317=AXIS2_PLACEMENT_3D('',#8696,#6615,#6616);
#5318=AXIS2_PLACEMENT_3D('',#8697,#6617,#6618);
#5319=AXIS2_PLACEMENT_3D('',#8698,#6619,#6620);
#5320=AXIS2_PLACEMENT_3D('',#8699,#6621,#6622);
#5321=AXIS2_PLACEMENT_3D('',#8700,#6623,#6624);
#5322=AXIS2_PLACEMENT_3D('',#8701,#6625,#6626);
#5323=AXIS2_PLACEMENT_3D('',#8702,#6627,#6628);
#5324=AXIS2_PLACEMENT_3D('',#8704,#6630,#6631);
#5325=AXIS2_PLACEMENT_3D('',#8705,#6632,#6633);
#5326=AXIS2_PLACEMENT_3D('',#8708,#6635,#6636);
#5327=AXIS2_PLACEMENT_3D('',#8709,#6637,#6638);
#5328=AXIS2_PLACEMENT_3D('',#8748,#6639,#6640);
#5329=AXIS2_PLACEMENT_3D('',#8751,#6642,#6643);
#5330=AXIS2_PLACEMENT_3D('',#8752,#6644,#6645);
#5331=AXIS2_PLACEMENT_3D('',#8755,#6647,#6648);
#5332=AXIS2_PLACEMENT_3D('',#8756,#6649,#6650);
#5333=AXIS2_PLACEMENT_3D('',#8758,#6651,#6652);
#5334=AXIS2_PLACEMENT_3D('',#8759,#6653,#6654);
#5335=AXIS2_PLACEMENT_3D('',#8762,#6656,#6657);
#5336=AXIS2_PLACEMENT_3D('',#8763,#6658,#6659);
#5337=AXIS2_PLACEMENT_3D('',#8764,#6660,#6661);
#5338=AXIS2_PLACEMENT_3D('',#8767,#6663,#6664);
#5339=AXIS2_PLACEMENT_3D('',#8768,#6665,#6666);
#5340=AXIS2_PLACEMENT_3D('',#8770,#6667,#6668);
#5341=AXIS2_PLACEMENT_3D('',#8771,#6669,#6670);
#5342=AXIS2_PLACEMENT_3D('',#8772,#6671,#6672);
#5343=AXIS2_PLACEMENT_3D('',#8775,#6674,#6675);
#5344=AXIS2_PLACEMENT_3D('',#8776,#6676,#6677);
#5345=AXIS2_PLACEMENT_3D('',#8778,#6678,#6679);
#5346=AXIS2_PLACEMENT_3D('',#8779,#6680,#6681);
#5347=AXIS2_PLACEMENT_3D('',#8782,#6683,#6684);
#5348=AXIS2_PLACEMENT_3D('',#8783,#6685,#6686);
#5349=AXIS2_PLACEMENT_3D('',#8784,#6687,#6688);
#5350=AXIS2_PLACEMENT_3D('',#8786,#6689,#6690);
#5351=AXIS2_PLACEMENT_3D('',#8787,#6691,#6692);
#5352=AXIS2_PLACEMENT_3D('',#8790,#6694,#6695);
#5353=AXIS2_PLACEMENT_3D('',#8791,#6696,#6697);
#5354=AXIS2_PLACEMENT_3D('',#8792,#6698,#6699);
#5355=AXIS2_PLACEMENT_3D('',#8793,#6700,#6701);
#5356=AXIS2_PLACEMENT_3D('',#8794,#6702,#6703);
#5357=AXIS2_PLACEMENT_3D('',#8796,#6705,#6706);
#5358=AXIS2_PLACEMENT_3D('',#8797,#6707,#6708);
#5359=AXIS2_PLACEMENT_3D('',#8798,#6709,#6710);
#5360=AXIS2_PLACEMENT_3D('',#8800,#6712,#6713);
#5361=AXIS2_PLACEMENT_3D('',#8802,#6715,#6716);
#5362=AXIS2_PLACEMENT_3D('',#8804,#6718,#6719);
#5363=AXIS2_PLACEMENT_3D('',#8806,#6721,#6722);
#5364=AXIS2_PLACEMENT_3D('',#8808,#6724,#6725);
#5365=AXIS2_PLACEMENT_3D('',#8810,#6727,#6728);
#5366=AXIS2_PLACEMENT_3D('',#8812,#6730,#6731);
#5367=AXIS2_PLACEMENT_3D('',#8814,#6733,#6734);
#5368=AXIS2_PLACEMENT_3D('',#8816,#6736,#6737);
#5369=AXIS2_PLACEMENT_3D('',#8818,#6739,#6740);
#5370=AXIS2_PLACEMENT_3D('',#8820,#6742,#6743);
#5371=AXIS2_PLACEMENT_3D('',#8822,#6745,#6746);
#5372=AXIS2_PLACEMENT_3D('',#8824,#6748,#6749);
#5373=AXIS2_PLACEMENT_3D('',#8826,#6751,#6752);
#5374=AXIS2_PLACEMENT_3D('',#8828,#6754,#6755);
#5375=AXIS2_PLACEMENT_3D('',#8830,#6757,#6758);
#5376=AXIS2_PLACEMENT_3D('',#8832,#6760,#6761);
#5377=AXIS2_PLACEMENT_3D('',#8834,#6763,#6764);
#5378=AXIS2_PLACEMENT_3D('',#8836,#6766,#6767);
#5379=AXIS2_PLACEMENT_3D('',#8838,#6769,#6770);
#5380=AXIS2_PLACEMENT_3D('',#8840,#6772,#6773);
#5381=AXIS2_PLACEMENT_3D('',#8842,#6775,#6776);
#5382=AXIS2_PLACEMENT_3D('',#8844,#6778,#6779);
#5383=AXIS2_PLACEMENT_3D('',#8846,#6781,#6782);
#5384=AXIS2_PLACEMENT_3D('',#8848,#6784,#6785);
#5385=AXIS2_PLACEMENT_3D('',#8850,#6787,#6788);
#5386=AXIS2_PLACEMENT_3D('',#8852,#6790,#6791);
#5387=AXIS2_PLACEMENT_3D('',#8854,#6793,#6794);
#5388=AXIS2_PLACEMENT_3D('',#8856,#6796,#6797);
#5389=AXIS2_PLACEMENT_3D('',#8858,#6799,#6800);
#5390=AXIS2_PLACEMENT_3D('',#8860,#6801,#6802);
#5391=AXIS2_PLACEMENT_3D('',#8861,#6803,#6804);
#5392=AXIS2_PLACEMENT_3D('',#8863,#6805,#6806);
#5393=AXIS2_PLACEMENT_3D('',#8864,#6807,#6808);
#5394=AXIS2_PLACEMENT_3D('',#8865,#6809,#6810);
#5395=AXIS2_PLACEMENT_3D('',#8867,#6812,#6813);
#5396=AXIS2_PLACEMENT_3D('',#8869,#6815,#6816);
#5397=AXIS2_PLACEMENT_3D('',#8871,#6818,#6819);
#5398=AXIS2_PLACEMENT_3D('',#8873,#6821,#6822);
#5399=AXIS2_PLACEMENT_3D('',#8875,#6824,#6825);
#5400=DIRECTION('axis',(0.,0.,1.));
#5401=DIRECTION('refdir',(1.,0.,0.));
#5402=DIRECTION('center_axis',(0.,0.,-1.));
#5403=DIRECTION('ref_axis',(-1.,0.,0.));
#5404=DIRECTION('',(0.,-1.,0.));
#5405=DIRECTION('',(-1.,0.,0.));
#5406=DIRECTION('',(0.,1.,0.));
#5407=DIRECTION('',(-1.,0.,0.));
#5408=DIRECTION('center_axis',(0.,0.,1.));
#5409=DIRECTION('ref_axis',(1.,0.,0.));
#5410=DIRECTION('',(0.,1.,0.));
#5411=DIRECTION('',(1.,0.,0.));
#5412=DIRECTION('',(0.,1.,0.));
#5413=DIRECTION('',(1.,0.,0.));
#5414=DIRECTION('center_axis',(0.,-1.,0.));
#5415=DIRECTION('ref_axis',(1.,0.,0.));
#5416=DIRECTION('center_axis',(0.,1.,0.));
#5417=DIRECTION('ref_axis',(-0.0277651219249807,0.,0.999614474687362));
#5418=DIRECTION('',(1.,0.,0.));
#5419=DIRECTION('',(-3.9253696286614E-8,0.,-0.999999999999999));
#5420=DIRECTION('',(-1.,0.,0.));
#5421=DIRECTION('center_axis',(0.,1.,0.));
#5422=DIRECTION('ref_axis',(-0.0277651219249807,0.,0.999614474687362));
#5423=DIRECTION('',(0.,0.,1.));
#5424=DIRECTION('center_axis',(0.,-1.,0.));
#5425=DIRECTION('ref_axis',(1.,0.,0.));
#5426=DIRECTION('center_axis',(0.,-1.,0.));
#5427=DIRECTION('ref_axis',(1.,0.,0.));
#5428=DIRECTION('center_axis',(0.,1.,0.));
#5429=DIRECTION('ref_axis',(0.,0.,-1.));
#5430=DIRECTION('center_axis',(0.,-1.,0.));
#5431=DIRECTION('ref_axis',(-0.0277651219249807,0.,0.999614474687362));
#5432=DIRECTION('',(-1.,0.,0.));
#5433=DIRECTION('',(0.,0.,-1.));
#5434=DIRECTION('center_axis',(0.,1.,0.));
#5435=DIRECTION('ref_axis',(0.,0.,-1.));
#5436=DIRECTION('',(0.,0.,-1.));
#5437=DIRECTION('',(1.,0.,0.));
#5438=DIRECTION('center_axis',(0.,-1.,0.));
#5439=DIRECTION('ref_axis',(-0.0277651219249807,0.,0.999614474687362));
#5440=DIRECTION('center_axis',(0.,-1.,0.));
#5441=DIRECTION('ref_axis',(-0.340909085367337,0.,-0.94009626927991));
#5442=DIRECTION('center_axis',(0.,-1.,0.));
#5443=DIRECTION('ref_axis',(-0.993316386625647,0.,0.115423377445683));
#5444=DIRECTION('',(0.,-1.,0.));
#5445=DIRECTION('center_axis',(0.,-1.,0.));
#5446=DIRECTION('ref_axis',(-0.340909085367337,0.,-0.94009626927991));
#5447=DIRECTION('',(0.,-1.,0.));
#5448=DIRECTION('center_axis',(9.47880428463619E-9,0.,1.));
#5449=DIRECTION('ref_axis',(-1.,0.,9.47880428463619E-9));
#5450=DIRECTION('',(-1.,0.,0.));
#5451=DIRECTION('',(0.,-1.,0.));
#5452=DIRECTION('',(-1.,0.,9.47880428463619E-9));
#5453=DIRECTION('center_axis',(0.,-1.,0.));
#5454=DIRECTION('ref_axis',(1.,0.,-1.82960154918659E-8));
#5455=DIRECTION('center_axis',(0.,-1.,0.));
#5456=DIRECTION('ref_axis',(-1.,0.,0.));
#5457=DIRECTION('',(0.,-1.,0.));
#5458=DIRECTION('center_axis',(0.,-1.,0.));
#5459=DIRECTION('ref_axis',(-1.,0.,0.));
#5460=DIRECTION('center_axis',(-5.47955403701648E-17,0.,-1.));
#5461=DIRECTION('ref_axis',(1.,0.,-5.47955403701648E-17));
#5462=DIRECTION('',(1.,0.,0.));
#5463=DIRECTION('',(0.,-1.,0.));
#5464=DIRECTION('',(1.,0.,-5.47955403701648E-17));
#5465=DIRECTION('center_axis',(-1.,0.,0.));
#5466=DIRECTION('ref_axis',(0.,0.,-1.));
#5467=DIRECTION('',(0.,0.,-1.));
#5468=DIRECTION('',(0.,1.,0.));
#5469=DIRECTION('',(0.,0.,-1.));
#5470=DIRECTION('center_axis',(-1.,0.,0.));
#5471=DIRECTION('ref_axis',(0.,0.,-1.));
#5472=DIRECTION('',(0.,0.,-1.));
#5473=DIRECTION('',(0.,-1.,0.));
#5474=DIRECTION('',(0.,0.,-1.));
#5475=DIRECTION('',(0.,-1.,0.));
#5476=DIRECTION('center_axis',(0.,-1.,0.));
#5477=DIRECTION('ref_axis',(-2.46716227694479E-16,0.,1.));
#5478=DIRECTION('center_axis',(0.,1.,0.));
#5479=DIRECTION('ref_axis',(0.,0.,1.));
#5480=DIRECTION('',(0.,-1.,0.));
#5481=DIRECTION('center_axis',(0.,1.,0.));
#5482=DIRECTION('ref_axis',(-0.833333333333334,0.,-0.552770798392566));
#5483=DIRECTION('center_axis',(1.,0.,0.));
#5484=DIRECTION('ref_axis',(0.,0.,1.));
#5485=DIRECTION('',(0.,0.,1.));
#5486=DIRECTION('',(0.,1.,0.));
#5487=DIRECTION('',(0.,0.,1.));
#5488=DIRECTION('center_axis',(1.,0.,0.));
#5489=DIRECTION('ref_axis',(0.,0.,1.));
#5490=DIRECTION('',(0.,0.,1.));
#5491=DIRECTION('',(0.,0.,1.));
#5492=DIRECTION('',(0.,-1.,0.));
#5493=DIRECTION('center_axis',(0.,1.,0.));
#5494=DIRECTION('ref_axis',(-1.,0.,0.));
#5495=DIRECTION('center_axis',(0.,1.,0.));
#5496=DIRECTION('ref_axis',(1.,0.,0.));
#5497=DIRECTION('center_axis',(0.,1.,0.));
#5498=DIRECTION('ref_axis',(1.,0.,0.));
#5499=DIRECTION('center_axis',(0.,1.,0.));
#5500=DIRECTION('ref_axis',(1.,0.,0.));
#5501=DIRECTION('center_axis',(0.,1.,0.));
#5502=DIRECTION('ref_axis',(1.,0.,0.));
#5503=DIRECTION('center_axis',(0.,1.,0.));
#5504=DIRECTION('ref_axis',(1.,0.,0.));
#5505=DIRECTION('center_axis',(0.,1.,0.));
#5506=DIRECTION('ref_axis',(1.,0.,0.));
#5507=DIRECTION('center_axis',(0.,-1.,0.));
#5508=DIRECTION('ref_axis',(1.,0.,0.));
#5509=DIRECTION('',(0.,1.,0.));
#5510=DIRECTION('center_axis',(0.,1.,0.));
#5511=DIRECTION('ref_axis',(-1.,0.,0.));
#5512=DIRECTION('',(-1.,0.,0.));
#5513=DIRECTION('center_axis',(0.,-1.,0.));
#5514=DIRECTION('ref_axis',(-1.,0.,-3.75891681410291E-17));
#5515=DIRECTION('',(0.,0.,1.));
#5516=DIRECTION('center_axis',(0.,-1.,0.));
#5517=DIRECTION('ref_axis',(-1.,0.,3.75891681410291E-17));
#5518=DIRECTION('',(1.,0.,0.));
#5519=DIRECTION('center_axis',(0.,-1.,0.));
#5520=DIRECTION('ref_axis',(1.,0.,0.));
#5521=DIRECTION('',(3.23304445105068E-13,0.,1.));
#5522=DIRECTION('center_axis',(0.,-1.,0.));
#5523=DIRECTION('ref_axis',(1.,0.,0.));
#5524=DIRECTION('',(3.23304445105068E-13,0.,1.));
#5525=DIRECTION('center_axis',(0.,1.,0.));
#5526=DIRECTION('ref_axis',(0.,0.,-1.));
#5527=DIRECTION('center_axis',(0.,1.,0.));
#5528=DIRECTION('ref_axis',(1.,0.,0.));
#5529=DIRECTION('',(1.,0.,0.));
#5530=DIRECTION('center_axis',(0.,1.,0.));
#5531=DIRECTION('ref_axis',(0.,0.,1.));
#5532=DIRECTION('center_axis',(0.,1.,0.));
#5533=DIRECTION('ref_axis',(0.,0.,-1.));
#5534=DIRECTION('',(-3.36021699658846E-13,0.,-1.));
#5535=DIRECTION('center_axis',(0.,-1.,0.));
#5536=DIRECTION('ref_axis',(0.,0.,1.));
#5537=DIRECTION('center_axis',(0.,-1.,0.));
#5538=DIRECTION('ref_axis',(1.,0.,0.));
#5539=DIRECTION('center_axis',(0.,-1.,0.));
#5540=DIRECTION('ref_axis',(1.,0.,0.));
#5541=DIRECTION('center_axis',(0.,-1.,0.));
#5542=DIRECTION('ref_axis',(1.,0.,0.));
#5543=DIRECTION('center_axis',(0.,1.,0.));
#5544=DIRECTION('ref_axis',(1.,0.,0.));
#5545=DIRECTION('center_axis',(0.,1.,0.));
#5546=DIRECTION('ref_axis',(1.,0.,0.));
#5547=DIRECTION('center_axis',(0.,1.,0.));
#5548=DIRECTION('ref_axis',(0.,0.,1.));
#5549=DIRECTION('center_axis',(0.,1.,0.));
#5550=DIRECTION('ref_axis',(3.21774353194216E-12,0.,1.));
#5551=DIRECTION('center_axis',(3.36021699658846E-13,0.,1.));
#5552=DIRECTION('ref_axis',(0.707106781186546,-0.707106781186549,-2.37574615154589E-13));
#5553=DIRECTION('center_axis',(3.36120020705267E-13,0.,1.));
#5554=DIRECTION('ref_axis',(0.,-1.,0.));
#5555=DIRECTION('',(3.36021699658846E-13,0.,1.));
#5556=DIRECTION('center_axis',(-0.901449613647255,-0.31539613775067,-0.296502732444702));
#5557=DIRECTION('ref_axis',(0.432884042273692,-0.656789575859251,-0.617445429967227));
#5558=DIRECTION('center_axis',(0.940096269279595,0.,-0.340909085368207));
#5559=DIRECTION('ref_axis',(-0.340909085368207,0.,-0.940096269279595));
#5560=DIRECTION('center_axis',(0.,1.,0.));
#5561=DIRECTION('ref_axis',(1.,0.,-3.36120020705267E-13));
#5562=DIRECTION('center_axis',(0.,1.,0.));
#5563=DIRECTION('ref_axis',(0.,0.,1.));
#5564=DIRECTION('center_axis',(-0.999999990065892,0.,0.000140954655811522));
#5565=DIRECTION('ref_axis',(0.,-1.,0.));
#5566=DIRECTION('center_axis',(0.,-1.,0.));
#5567=DIRECTION('ref_axis',(-0.993316386355644,0.,0.115423379769286));
#5568=DIRECTION('center_axis',(1.,0.,0.));
#5569=DIRECTION('ref_axis',(0.,-0.707106781186546,0.707106781186549));
#5570=DIRECTION('',(1.,0.,0.));
#5571=DIRECTION('',(-1.,0.,0.));
#5572=DIRECTION('center_axis',(0.,-1.,0.));
#5573=DIRECTION('ref_axis',(-1.,0.,0.));
#5574=DIRECTION('center_axis',(0.,-1.,0.));
#5575=DIRECTION('ref_axis',(-1.,0.,0.));
#5576=DIRECTION('',(0.,-1.,0.));
#5577=DIRECTION('center_axis',(0.406287752719455,0.913745184386859,0.));
#5578=DIRECTION('ref_axis',(-0.913745184386859,0.406287752719455,0.));
#5579=DIRECTION('center_axis',(0.,-1.,0.));
#5580=DIRECTION('ref_axis',(-1.,0.,0.));
#5581=DIRECTION('center_axis',(0.,-1.,0.));
#5582=DIRECTION('ref_axis',(-1.,0.,0.));
#5583=DIRECTION('',(0.,-1.,0.));
#5584=DIRECTION('center_axis',(0.406287752719455,0.913745184386859,0.));
#5585=DIRECTION('ref_axis',(-0.913745184386859,0.406287752719455,0.));
#5586=DIRECTION('center_axis',(0.,-1.,0.));
#5587=DIRECTION('ref_axis',(-1.,0.,0.));
#5588=DIRECTION('center_axis',(-0.177152983257728,-0.984183326684052,0.));
#5589=DIRECTION('ref_axis',(-0.984183326684052,0.177152983257728,0.));
#5590=DIRECTION('',(0.,-1.,0.));
#5591=DIRECTION('center_axis',(0.,-1.,0.));
#5592=DIRECTION('ref_axis',(-1.,0.,0.));
#5593=DIRECTION('center_axis',(0.,1.,0.));
#5594=DIRECTION('ref_axis',(-1.,0.,0.));
#5595=DIRECTION('center_axis',(0.,-1.,0.));
#5596=DIRECTION('ref_axis',(-1.,0.,0.));
#5597=DIRECTION('center_axis',(-0.177152983257728,-0.984183326684052,0.));
#5598=DIRECTION('ref_axis',(-0.984183326684052,0.177152983257728,0.));
#5599=DIRECTION('',(0.,-1.,0.));
#5600=DIRECTION('center_axis',(0.,-1.,0.));
#5601=DIRECTION('ref_axis',(-1.,0.,0.));
#5602=DIRECTION('center_axis',(0.,1.,0.));
#5603=DIRECTION('ref_axis',(-1.,0.,0.));
#5604=DIRECTION('center_axis',(0.,-1.,0.));
#5605=DIRECTION('ref_axis',(-1.,0.,0.));
#5606=DIRECTION('center_axis',(-9.36644364064508E-9,-1.,0.));
#5607=DIRECTION('ref_axis',(-1.,9.36644364064508E-9,0.));
#5608=DIRECTION('',(0.,-1.,0.));
#5609=DIRECTION('center_axis',(0.,1.,0.));
#5610=DIRECTION('ref_axis',(-1.,0.,0.));
#5611=DIRECTION('center_axis',(0.,-1.,0.));
#5612=DIRECTION('ref_axis',(-1.,0.,0.));
#5613=DIRECTION('center_axis',(-9.36644364064508E-9,-1.,0.));
#5614=DIRECTION('ref_axis',(-1.,9.36644364064508E-9,0.));
#5615=DIRECTION('',(0.,-1.,0.));
#5616=DIRECTION('center_axis',(0.,1.,0.));
#5617=DIRECTION('ref_axis',(-1.,0.,0.));
#5618=DIRECTION('center_axis',(0.,0.,1.));
#5619=DIRECTION('ref_axis',(1.,0.,0.));
#5620=DIRECTION('',(1.,0.,0.));
#5621=DIRECTION('',(0.,1.,0.));
#5622=DIRECTION('',(1.,-3.41607084500048E-17,0.));
#5623=DIRECTION('center_axis',(0.,0.,-1.));
#5624=DIRECTION('ref_axis',(-1.,0.,0.));
#5625=DIRECTION('',(-1.,3.41607084500048E-17,0.));
#5626=DIRECTION('',(0.,1.,0.));
#5627=DIRECTION('',(-1.,0.,0.));
#5628=DIRECTION('center_axis',(1.,0.,0.));
#5629=DIRECTION('ref_axis',(0.,0.,-1.));
#5630=DIRECTION('',(0.,0.,-1.));
#5631=DIRECTION('',(0.,0.,-1.));
#5632=DIRECTION('center_axis',(0.,1.,0.));
#5633=DIRECTION('ref_axis',(0.,0.,1.));
#5634=DIRECTION('center_axis',(1.70803542250024E-17,1.,0.));
#5635=DIRECTION('ref_axis',(0.,0.,-1.));
#5636=DIRECTION('center_axis',(-3.41607084500048E-17,-1.,0.));
#5637=DIRECTION('ref_axis',(1.,-3.41607084500048E-17,0.));
#5638=DIRECTION('center_axis',(3.41607084500048E-17,1.,0.));
#5639=DIRECTION('ref_axis',(-0.999999997516473,3.41607083651658E-17,7.04773266789778E-5));
#5640=DIRECTION('center_axis',(3.41607084500048E-17,1.,0.));
#5641=DIRECTION('ref_axis',(1.,0.,0.));
#5642=DIRECTION('center_axis',(3.41607084500048E-17,1.,0.));
#5643=DIRECTION('ref_axis',(-0.999999997516473,3.41607083651658E-17,7.04773266789778E-5));
#5644=DIRECTION('',(-1.,3.41607084500048E-17,0.));
#5645=DIRECTION('',(0.,0.,-1.));
#5646=DIRECTION('',(1.,-3.41607084500048E-17,0.));
#5647=DIRECTION('center_axis',(3.41607084500048E-17,1.,0.));
#5648=DIRECTION('ref_axis',(-0.999999997516473,3.41607083651658E-17,7.04773266789778E-5));
#5649=DIRECTION('center_axis',(3.41607084500048E-17,1.,0.));
#5650=DIRECTION('ref_axis',(1.,0.,0.));
#5651=DIRECTION('center_axis',(3.41607084500048E-17,1.,0.));
#5652=DIRECTION('ref_axis',(-0.999999997516473,3.41607083651658E-17,7.04773266789778E-5));
#5653=DIRECTION('center_axis',(3.41607084500048E-17,1.,0.));
#5654=DIRECTION('ref_axis',(1.,0.,0.));
#5655=DIRECTION('center_axis',(3.41607084500048E-17,1.,0.));
#5656=DIRECTION('ref_axis',(1.,0.,0.));
#5657=DIRECTION('center_axis',(3.41607084500048E-17,1.,0.));
#5658=DIRECTION('ref_axis',(-1.,0.,0.));
#5659=DIRECTION('center_axis',(0.,-1.,0.));
#5660=DIRECTION('ref_axis',(0.,0.,-1.));
#5661=DIRECTION('center_axis',(0.,-1.,0.));
#5662=DIRECTION('ref_axis',(0.,0.,1.));
#5663=DIRECTION('',(-1.,0.,0.));
#5664=DIRECTION('',(0.,0.,1.));
#5665=DIRECTION('',(1.,0.,0.));
#5666=DIRECTION('center_axis',(0.,0.,-1.));
#5667=DIRECTION('ref_axis',(1.,0.,0.));
#5668=DIRECTION('',(0.,-1.,0.));
#5669=DIRECTION('',(1.,0.,0.));
#5670=DIRECTION('center_axis',(1.,0.,0.));
#5671=DIRECTION('ref_axis',(0.,0.,1.));
#5672=DIRECTION('',(0.,0.,1.));
#5673=DIRECTION('',(0.,-1.,0.));
#5674=DIRECTION('center_axis',(0.,0.,1.));
#5675=DIRECTION('ref_axis',(-1.,0.,0.));
#5676=DIRECTION('',(-1.,0.,0.));
#5677=DIRECTION('center_axis',(0.,1.,0.));
#5678=DIRECTION('ref_axis',(0.,0.,1.));
#5679=DIRECTION('center_axis',(0.,-1.,0.));
#5680=DIRECTION('ref_axis',(-0.999999997516473,0.,7.04773280795241E-5));
#5681=DIRECTION('center_axis',(0.,-1.,0.));
#5682=DIRECTION('ref_axis',(-0.999999997516473,0.,7.04773280795241E-5));
#5683=DIRECTION('center_axis',(1.,0.,2.96059473233375E-15));
#5684=DIRECTION('ref_axis',(2.96059473233375E-15,0.,-1.));
#5685=DIRECTION('center_axis',(0.,1.,0.));
#5686=DIRECTION('ref_axis',(-0.999999997516473,0.,7.04773280795242E-5));
#5687=DIRECTION('center_axis',(-0.999999990065892,0.,0.000140954655807243));
#5688=DIRECTION('ref_axis',(0.000140954655807243,0.,0.999999990065892));
#5689=DIRECTION('center_axis',(0.,-1.,0.));
#5690=DIRECTION('ref_axis',(-0.999999997516473,0.,7.04773280795241E-5));
#5691=DIRECTION('center_axis',(0.,-1.,0.));
#5692=DIRECTION('ref_axis',(-0.999999997516473,0.,7.04773280795241E-5));
#5693=DIRECTION('center_axis',(-0.984183326684052,0.177152983257727,0.));
#5694=DIRECTION('ref_axis',(-0.177152983257727,-0.984183326684052,0.));
#5695=DIRECTION('',(0.177152983257727,0.984183326684052,0.));
#5696=DIRECTION('',(0.,0.,-1.));
#5697=DIRECTION('',(-0.177152983257727,-0.984183326684052,0.));
#5698=DIRECTION('',(0.,0.,1.));
#5699=DIRECTION('center_axis',(-1.26882631655832E-16,0.,1.));
#5700=DIRECTION('ref_axis',(-1.,0.,-1.26882631655832E-16));
#5701=DIRECTION('',(-1.,9.36644364064508E-9,-1.26882631655832E-16));
#5702=DIRECTION('',(-1.,0.,-1.26882631655832E-16));
#5703=DIRECTION('center_axis',(1.26882631655832E-16,0.,-1.));
#5704=DIRECTION('ref_axis',(-0.866025367732977,0.500000062442958,0.));
#5705=DIRECTION('',(1.,0.,1.26882631655832E-16));
#5706=DIRECTION('center_axis',(-5.21683593024361E-16,9.39030385042727E-17,
-1.));
#5707=DIRECTION('ref_axis',(0.0756343572897778,0.997135619661319,0.));
#5708=DIRECTION('',(0.984183326684052,-0.177152983257727,0.));
#5709=DIRECTION('',(-1.,0.,-1.26882631655832E-16));
#5710=DIRECTION('center_axis',(-1.26882631655832E-16,0.,1.));
#5711=DIRECTION('ref_axis',(0.0889288291724,0.996037982881188,0.));
#5712=DIRECTION('',(-0.984183326684052,0.177152983257728,-1.24875770521464E-16));
#5713=DIRECTION('center_axis',(0.,-1.,0.));
#5714=DIRECTION('ref_axis',(-1.,0.,0.));
#5715=DIRECTION('',(0.,0.,-1.));
#5716=DIRECTION('',(0.,0.,-1.));
#5717=DIRECTION('',(-1.,0.,0.));
#5718=DIRECTION('center_axis',(0.,-1.,0.));
#5719=DIRECTION('ref_axis',(-1.,0.,0.));
#5720=DIRECTION('center_axis',(0.,-1.,0.));
#5721=DIRECTION('ref_axis',(-1.,0.,0.));
#5722=DIRECTION('',(-1.,0.,0.));
#5723=DIRECTION('center_axis',(0.,1.,0.));
#5724=DIRECTION('ref_axis',(-0.0277651219249807,0.,0.999614474687362));
#5725=DIRECTION('',(1.,0.,0.));
#5726=DIRECTION('center_axis',(0.,-1.,0.));
#5727=DIRECTION('ref_axis',(-1.,0.,0.));
#5728=DIRECTION('center_axis',(0.,-1.,0.));
#5729=DIRECTION('ref_axis',(-1.,0.,0.));
#5730=DIRECTION('',(1.,0.,0.));
#5731=DIRECTION('',(0.,0.,-1.));
#5732=DIRECTION('',(1.,0.,1.26882631655832E-16));
#5733=DIRECTION('center_axis',(0.,-1.,0.));
#5734=DIRECTION('ref_axis',(1.,0.,0.));
#5735=DIRECTION('center_axis',(0.,-1.,0.));
#5736=DIRECTION('ref_axis',(1.,0.,0.));
#5737=DIRECTION('center_axis',(0.,-1.,0.));
#5738=DIRECTION('ref_axis',(1.,0.,0.));
#5739=DIRECTION('center_axis',(0.,-1.,0.));
#5740=DIRECTION('ref_axis',(1.,0.,0.));
#5741=DIRECTION('center_axis',(0.,-1.,0.));
#5742=DIRECTION('ref_axis',(1.,0.,0.));
#5743=DIRECTION('center_axis',(0.,-1.,0.));
#5744=DIRECTION('ref_axis',(1.,0.,0.));
#5745=DIRECTION('center_axis',(-9.36644364064508E-9,-1.,0.));
#5746=DIRECTION('ref_axis',(-1.,9.36644364064508E-9,0.));
#5747=DIRECTION('',(0.,0.,-1.));
#5748=DIRECTION('',(-1.,9.36644364064508E-9,0.));
#5749=DIRECTION('',(0.,0.,-1.));
#5750=DIRECTION('',(-1.,9.36644364064508E-9,0.));
#5751=DIRECTION('center_axis',(-0.177152983257728,-0.984183326684052,0.));
#5752=DIRECTION('ref_axis',(-0.984183326684052,0.177152983257728,0.));
#5753=DIRECTION('',(0.,0.,-1.));
#5754=DIRECTION('',(-0.984183326684052,0.177152983257728,0.));
#5755=DIRECTION('center_axis',(0.,0.,1.));
#5756=DIRECTION('ref_axis',(-1.,0.,0.));
#5757=DIRECTION('',(-0.984183326684052,0.177152983257727,0.));
#5758=DIRECTION('',(1.,0.,0.));
#5759=DIRECTION('center_axis',(0.,0.,1.));
#5760=DIRECTION('ref_axis',(-0.526782687642637,-0.85,0.));
#5761=DIRECTION('',(-1.,0.,0.));
#5762=DIRECTION('center_axis',(1.02065534303734E-9,-1.83717945625236E-10,
-1.));
#5763=DIRECTION('ref_axis',(0.984183326684052,-0.177152983257728,1.03705815305384E-9));
#5764=DIRECTION('',(0.984183326684052,-0.177152983257728,1.03705815305384E-9));
#5765=DIRECTION('',(-0.177152983257727,-0.984183326684052,0.));
#5766=DIRECTION('',(-0.984183326684052,0.177152983257728,-1.03705815305384E-9));
#5767=DIRECTION('center_axis',(-1.02065534303734E-9,1.83717945625236E-10,
1.));
#5768=DIRECTION('ref_axis',(0.0756343572897778,0.997135619661319,-1.05995096668917E-10));
#5769=DIRECTION('',(0.,1.,0.));
#5770=DIRECTION('center_axis',(-0.177152983257728,-0.984183326684052,0.));
#5771=DIRECTION('ref_axis',(-0.984183326684052,0.177152983257728,0.));
#5772=DIRECTION('',(0.,0.,-1.));
#5773=DIRECTION('',(0.984183326684052,-0.177152983257728,0.));
#5774=DIRECTION('',(0.,0.,-1.));
#5775=DIRECTION('center_axis',(0.,0.,-1.));
#5776=DIRECTION('ref_axis',(1.,0.,0.));
#5777=DIRECTION('',(1.,0.,0.));
#5778=DIRECTION('center_axis',(0.,0.,-1.));
#5779=DIRECTION('ref_axis',(-0.526782687642637,-0.85,0.));
#5780=DIRECTION('',(-1.,0.,0.));
#5781=DIRECTION('center_axis',(0.,0.,-1.));
#5782=DIRECTION('ref_axis',(0.0889288291724,0.996037982881188,0.));
#5783=DIRECTION('center_axis',(1.26882631655832E-16,0.,-1.));
#5784=DIRECTION('ref_axis',(1.,0.,1.26882631655832E-16));
#5785=DIRECTION('',(1.,-9.36644364064508E-9,1.26882631655832E-16));
#5786=DIRECTION('',(-1.,0.,-1.26882631655832E-16));
#5787=DIRECTION('center_axis',(-1.26882631655832E-16,0.,1.));
#5788=DIRECTION('ref_axis',(-0.866025367732977,0.500000062442958,0.));
#5789=DIRECTION('center_axis',(1.0206546718905E-9,-1.83719706114971E-10,
-1.));
#5790=DIRECTION('ref_axis',(0.0756343572897778,0.997135619661319,-1.059969028777E-10));
#5791=DIRECTION('center_axis',(1.02065534303734E-9,-1.83717945625236E-10,
-1.));
#5792=DIRECTION('ref_axis',(0.0756343572897778,0.997135619661319,-1.05995096668917E-10));
#5793=DIRECTION('',(0.,0.,-1.));
#5794=DIRECTION('',(1.0206546718905E-9,-1.83719706114971E-10,-1.));
#5795=DIRECTION('center_axis',(0.,1.,0.));
#5796=DIRECTION('ref_axis',(-1.,0.,0.));
#5797=DIRECTION('center_axis',(0.,-1.,0.));
#5798=DIRECTION('ref_axis',(-1.,0.,0.));
#5799=DIRECTION('center_axis',(0.,-1.,0.));
#5800=DIRECTION('ref_axis',(-1.,0.,0.));
#5801=DIRECTION('',(-1.,0.,0.));
#5802=DIRECTION('',(0.,0.,1.));
#5803=DIRECTION('',(0.,0.,-1.));
#5804=DIRECTION('',(0.,0.,1.));
#5805=DIRECTION('',(1.,0.,0.));
#5806=DIRECTION('center_axis',(0.,-1.,0.));
#5807=DIRECTION('ref_axis',(-1.,0.,0.));
#5808=DIRECTION('center_axis',(0.,-1.,0.));
#5809=DIRECTION('ref_axis',(-1.,0.,0.));
#5810=DIRECTION('center_axis',(0.,-1.,0.));
#5811=DIRECTION('ref_axis',(-1.,0.,0.));
#5812=DIRECTION('center_axis',(0.,-1.,0.));
#5813=DIRECTION('ref_axis',(-1.,0.,0.));
#5814=DIRECTION('center_axis',(-9.36644364064508E-9,-1.,0.));
#5815=DIRECTION('ref_axis',(-1.,9.36644364064508E-9,0.));
#5816=DIRECTION('',(1.,-9.36644364064508E-9,0.));
#5817=DIRECTION('',(0.,0.,1.));
#5818=DIRECTION('',(1.,-9.36644364064508E-9,0.));
#5819=DIRECTION('center_axis',(0.,0.,1.));
#5820=DIRECTION('ref_axis',(0.,1.,0.));
#5821=DIRECTION('',(0.,-1.,0.));
#5822=DIRECTION('',(-1.,0.,0.));
#5823=DIRECTION('',(0.,-1.,0.));
#5824=DIRECTION('center_axis',(0.,0.,1.));
#5825=DIRECTION('ref_axis',(0.707106781186548,0.707106781186547,0.));
#5826=DIRECTION('',(-1.,0.,0.));
#5827=DIRECTION('',(0.,1.,0.));
#5828=DIRECTION('',(1.,0.,0.));
#5829=DIRECTION('center_axis',(0.,0.,1.));
#5830=DIRECTION('ref_axis',(0.707106781186548,-0.707106781186547,0.));
#5831=DIRECTION('',(0.,-1.,0.));
#5832=DIRECTION('center_axis',(0.,0.,1.));
#5833=DIRECTION('ref_axis',(-1.,0.,0.));
#5834=DIRECTION('center_axis',(0.,0.,1.));
#5835=DIRECTION('ref_axis',(-1.,0.,0.));
#5836=DIRECTION('center_axis',(0.,0.,1.));
#5837=DIRECTION('ref_axis',(-1.,0.,0.));
#5838=DIRECTION('center_axis',(0.,0.,1.));
#5839=DIRECTION('ref_axis',(-1.,0.,0.));
#5840=DIRECTION('center_axis',(0.,0.,1.));
#5841=DIRECTION('ref_axis',(-1.,0.,0.));
#5842=DIRECTION('center_axis',(0.,0.,1.));
#5843=DIRECTION('ref_axis',(-1.,0.,0.));
#5844=DIRECTION('center_axis',(0.,0.,1.));
#5845=DIRECTION('ref_axis',(-1.,0.,0.));
#5846=DIRECTION('center_axis',(0.,0.,1.));
#5847=DIRECTION('ref_axis',(-1.,0.,0.));
#5848=DIRECTION('center_axis',(0.,0.,1.));
#5849=DIRECTION('ref_axis',(-1.,0.,0.));
#5850=DIRECTION('center_axis',(0.,0.,1.));
#5851=DIRECTION('ref_axis',(-1.,0.,0.));
#5852=DIRECTION('center_axis',(0.,0.,1.));
#5853=DIRECTION('ref_axis',(-1.,0.,0.));
#5854=DIRECTION('center_axis',(0.,0.,1.));
#5855=DIRECTION('ref_axis',(-1.,0.,0.));
#5856=DIRECTION('center_axis',(0.,0.,-1.));
#5857=DIRECTION('ref_axis',(0.,-1.,0.));
#5858=DIRECTION('',(0.,1.,0.));
#5859=DIRECTION('',(0.,1.,0.));
#5860=DIRECTION('center_axis',(0.,0.,-1.));
#5861=DIRECTION('ref_axis',(0.707106781186548,-0.707106781186547,0.));
#5862=DIRECTION('',(-1.,0.,0.));
#5863=DIRECTION('',(0.,-1.,0.));
#5864=DIRECTION('',(1.,0.,0.));
#5865=DIRECTION('center_axis',(0.,0.,-1.));
#5866=DIRECTION('ref_axis',(0.707106781186548,0.707106781186547,0.));
#5867=DIRECTION('',(0.,1.,0.));
#5868=DIRECTION('',(1.,0.,0.));
#5869=DIRECTION('center_axis',(0.,0.,-1.));
#5870=DIRECTION('ref_axis',(-1.,0.,0.));
#5871=DIRECTION('center_axis',(0.,0.,-1.));
#5872=DIRECTION('ref_axis',(-1.,0.,0.));
#5873=DIRECTION('center_axis',(0.,0.,-1.));
#5874=DIRECTION('ref_axis',(-1.,0.,0.));
#5875=DIRECTION('center_axis',(0.,0.,-1.));
#5876=DIRECTION('ref_axis',(-1.,0.,0.));
#5877=DIRECTION('center_axis',(0.,0.,-1.));
#5878=DIRECTION('ref_axis',(-1.,0.,0.));
#5879=DIRECTION('center_axis',(0.,0.,-1.));
#5880=DIRECTION('ref_axis',(-1.,0.,0.));
#5881=DIRECTION('center_axis',(0.,0.,-1.));
#5882=DIRECTION('ref_axis',(-1.,0.,0.));
#5883=DIRECTION('center_axis',(0.,0.,-1.));
#5884=DIRECTION('ref_axis',(-1.,0.,0.));
#5885=DIRECTION('center_axis',(0.,0.,-1.));
#5886=DIRECTION('ref_axis',(-1.,0.,0.));
#5887=DIRECTION('center_axis',(0.,0.,-1.));
#5888=DIRECTION('ref_axis',(-1.,0.,0.));
#5889=DIRECTION('center_axis',(0.,0.,-1.));
#5890=DIRECTION('ref_axis',(-1.,0.,0.));
#5891=DIRECTION('center_axis',(0.,0.,-1.));
#5892=DIRECTION('ref_axis',(-1.,0.,0.));
#5893=DIRECTION('center_axis',(0.,1.,0.));
#5894=DIRECTION('ref_axis',(1.,0.,0.));
#5895=DIRECTION('center_axis',(0.,-1.,0.));
#5896=DIRECTION('ref_axis',(-0.0277651219249807,0.,0.999614474687362));
#5897=DIRECTION('',(1.,0.,0.));
#5898=DIRECTION('center_axis',(0.,1.,0.));
#5899=DIRECTION('ref_axis',(1.,0.,0.));
#5900=DIRECTION('',(1.,0.,0.));
#5901=DIRECTION('',(0.,0.,-1.));
#5902=DIRECTION('',(-1.,0.,0.));
#5903=DIRECTION('center_axis',(0.,1.,0.));
#5904=DIRECTION('ref_axis',(1.,0.,0.));
#5905=DIRECTION('',(-1.,0.,0.));
#5906=DIRECTION('center_axis',(0.,1.,0.));
#5907=DIRECTION('ref_axis',(1.,0.,0.));
#5908=DIRECTION('center_axis',(0.,1.,0.));
#5909=DIRECTION('ref_axis',(1.,0.,0.));
#5910=DIRECTION('center_axis',(0.,1.,0.));
#5911=DIRECTION('ref_axis',(1.,0.,0.));
#5912=DIRECTION('center_axis',(0.,1.,0.));
#5913=DIRECTION('ref_axis',(1.,0.,0.));
#5914=DIRECTION('center_axis',(0.,1.,0.));
#5915=DIRECTION('ref_axis',(1.,0.,0.));
#5916=DIRECTION('center_axis',(0.,1.,0.));
#5917=DIRECTION('ref_axis',(1.,0.,0.));
#5918=DIRECTION('center_axis',(0.,1.,0.));
#5919=DIRECTION('ref_axis',(-0.0277651219249807,0.,0.999614474687362));
#5920=DIRECTION('',(0.,1.,0.));
#5921=DIRECTION('',(0.,1.,0.));
#5922=DIRECTION('',(0.,1.,0.));
#5923=DIRECTION('',(0.,1.,0.));
#5924=DIRECTION('',(0.,1.,0.));
#5925=DIRECTION('',(0.,1.,0.));
#5926=DIRECTION('',(0.,1.,0.));
#5927=DIRECTION('',(0.,-1.,0.));
#5928=DIRECTION('',(0.,-1.,0.));
#5929=DIRECTION('',(0.,-1.,0.));
#5930=DIRECTION('',(0.,-1.,0.));
#5931=DIRECTION('',(0.,-1.,0.));
#5932=DIRECTION('',(0.,-1.,0.));
#5933=DIRECTION('',(0.,-1.,0.));
#5934=DIRECTION('center_axis',(0.,1.,0.));
#5935=DIRECTION('ref_axis',(-0.0277651219249807,0.,0.999614474687362));
#5936=DIRECTION('',(0.,1.,0.));
#5937=DIRECTION('center_axis',(0.,1.,0.));
#5938=DIRECTION('ref_axis',(-0.0277651219249807,0.,0.999614474687362));
#5939=DIRECTION('',(0.,-1.,0.));
#5940=DIRECTION('center_axis',(0.,1.,0.));
#5941=DIRECTION('ref_axis',(-0.0277651219249807,0.,0.999614474687362));
#5942=DIRECTION('',(0.,-1.,0.));
#5943=DIRECTION('center_axis',(0.,-1.,0.));
#5944=DIRECTION('ref_axis',(-0.0277651219249807,0.,0.999614474687362));
#5945=DIRECTION('',(0.,1.,0.));
#5946=DIRECTION('center_axis',(0.,-1.,0.));
#5947=DIRECTION('ref_axis',(0.,0.,1.));
#5948=DIRECTION('',(-1.,0.,0.));
#5949=DIRECTION('',(0.,0.,-1.));
#5950=DIRECTION('center_axis',(0.,-1.,0.));
#5951=DIRECTION('ref_axis',(1.,0.,0.));
#5952=DIRECTION('center_axis',(0.,0.,1.));
#5953=DIRECTION('ref_axis',(-1.,0.,0.));
#5954=DIRECTION('',(-1.,0.,0.));
#5955=DIRECTION('',(-1.,0.,0.));
#5956=DIRECTION('',(-1.,0.,0.));
#5957=DIRECTION('',(0.,-1.,0.));
#5958=DIRECTION('center_axis',(0.,-1.,0.));
#5959=DIRECTION('ref_axis',(0.,0.,-1.));
#5960=DIRECTION('',(1.,0.,0.));
#5961=DIRECTION('center_axis',(0.,-1.,0.));
#5962=DIRECTION('ref_axis',(1.,0.,0.));
#5963=DIRECTION('center_axis',(0.,-1.,0.));
#5964=DIRECTION('ref_axis',(1.,0.,0.));
#5965=DIRECTION('',(1.,0.,0.));
#5966=DIRECTION('center_axis',(0.,-1.,0.));
#5967=DIRECTION('ref_axis',(1.,0.,0.));
#5968=DIRECTION('center_axis',(0.,-1.,0.));
#5969=DIRECTION('ref_axis',(1.,0.,0.));
#5970=DIRECTION('',(1.,0.,0.));
#5971=DIRECTION('',(0.,0.,-1.));
#5972=DIRECTION('center_axis',(0.,-1.,0.));
#5973=DIRECTION('ref_axis',(1.,0.,0.));
#5974=DIRECTION('center_axis',(0.,-1.,0.));
#5975=DIRECTION('ref_axis',(1.,0.,0.));
#5976=DIRECTION('center_axis',(0.,-1.,0.));
#5977=DIRECTION('ref_axis',(1.,0.,0.));
#5978=DIRECTION('center_axis',(0.,-1.,0.));
#5979=DIRECTION('ref_axis',(1.,0.,0.));
#5980=DIRECTION('center_axis',(0.,-1.,0.));
#5981=DIRECTION('ref_axis',(1.,0.,0.));
#5982=DIRECTION('center_axis',(0.,-1.,0.));
#5983=DIRECTION('ref_axis',(1.,0.,0.));
#5984=DIRECTION('center_axis',(0.,0.,-1.));
#5985=DIRECTION('ref_axis',(1.,0.,0.));
#5986=DIRECTION('',(1.,0.,0.));
#5987=DIRECTION('',(0.,-1.,0.));
#5988=DIRECTION('center_axis',(0.,-1.,0.));
#5989=DIRECTION('ref_axis',(0.,0.,1.));
#5990=DIRECTION('',(0.,0.,-1.));
#5991=DIRECTION('center_axis',(0.,-1.,0.));
#5992=DIRECTION('ref_axis',(1.,0.,0.));
#5993=DIRECTION('center_axis',(-1.,0.,0.));
#5994=DIRECTION('ref_axis',(0.,-0.707106781186548,0.707106781186547));
#5995=DIRECTION('',(-1.,0.,0.));
#5996=DIRECTION('center_axis',(-1.,1.48029736616688E-15,0.));
#5997=DIRECTION('ref_axis',(-1.48029736616688E-15,-1.,0.));
#5998=DIRECTION('',(1.,0.,0.));
#5999=DIRECTION('',(1.,0.,0.));
#6000=DIRECTION('center_axis',(0.,0.,-1.));
#6001=DIRECTION('ref_axis',(-1.,0.,0.));
#6002=DIRECTION('',(0.,0.,-1.));
#6003=DIRECTION('center_axis',(0.,0.,-1.));
#6004=DIRECTION('ref_axis',(-1.,0.,0.));
#6005=DIRECTION('center_axis',(0.,0.,-1.));
#6006=DIRECTION('ref_axis',(-1.,0.,0.));
#6007=DIRECTION('',(0.,0.,-1.));
#6008=DIRECTION('center_axis',(0.,0.,-1.));
#6009=DIRECTION('ref_axis',(-1.,0.,0.));
#6010=DIRECTION('center_axis',(0.,0.,-1.));
#6011=DIRECTION('ref_axis',(-1.,0.,0.));
#6012=DIRECTION('',(0.,0.,-1.));
#6013=DIRECTION('center_axis',(0.,0.,-1.));
#6014=DIRECTION('ref_axis',(-1.,0.,0.));
#6015=DIRECTION('center_axis',(0.,0.,-1.));
#6016=DIRECTION('ref_axis',(-1.,0.,0.));
#6017=DIRECTION('',(0.,0.,-1.));
#6018=DIRECTION('center_axis',(0.,0.,-1.));
#6019=DIRECTION('ref_axis',(-1.,0.,0.));
#6020=DIRECTION('center_axis',(0.,0.,-1.));
#6021=DIRECTION('ref_axis',(-1.,0.,0.));
#6022=DIRECTION('',(0.,0.,-1.));
#6023=DIRECTION('center_axis',(0.,0.,-1.));
#6024=DIRECTION('ref_axis',(-1.,0.,0.));
#6025=DIRECTION('center_axis',(0.,0.,-1.));
#6026=DIRECTION('ref_axis',(-1.,0.,0.));
#6027=DIRECTION('',(0.,0.,-1.));
#6028=DIRECTION('center_axis',(0.,0.,-1.));
#6029=DIRECTION('ref_axis',(-1.,0.,0.));
#6030=DIRECTION('center_axis',(0.,0.,1.));
#6031=DIRECTION('ref_axis',(1.,0.,0.));
#6032=DIRECTION('',(1.,0.,0.));
#6033=DIRECTION('center_axis',(0.,0.,-1.));
#6034=DIRECTION('ref_axis',(-1.,6.12323399573677E-17,0.));
#6035=DIRECTION('',(-1.,0.,0.));
#6036=DIRECTION('',(0.,1.,0.));
#6037=DIRECTION('',(1.,0.,0.));
#6038=DIRECTION('center_axis',(0.,0.,1.));
#6039=DIRECTION('ref_axis',(-1.,6.12323399573677E-17,0.));
#6040=DIRECTION('center_axis',(0.,0.,-1.));
#6041=DIRECTION('ref_axis',(-1.,0.,0.));
#6042=DIRECTION('center_axis',(0.,0.,-1.));
#6043=DIRECTION('ref_axis',(-1.,0.,0.));
#6044=DIRECTION('center_axis',(0.,0.,-1.));
#6045=DIRECTION('ref_axis',(-1.,0.,0.));
#6046=DIRECTION('center_axis',(0.,0.,-1.));
#6047=DIRECTION('ref_axis',(-1.,0.,0.));
#6048=DIRECTION('center_axis',(0.,0.,-1.));
#6049=DIRECTION('ref_axis',(-1.,0.,0.));
#6050=DIRECTION('center_axis',(0.,0.,-1.));
#6051=DIRECTION('ref_axis',(-1.,0.,0.));
#6052=DIRECTION('center_axis',(-1.,0.,0.));
#6053=DIRECTION('ref_axis',(0.,0.707106781186548,0.707106781186547));
#6054=DIRECTION('center_axis',(1.,0.,0.));
#6055=DIRECTION('ref_axis',(0.,1.,0.));
#6056=DIRECTION('center_axis',(0.,0.,-1.));
#6057=DIRECTION('ref_axis',(0.0889288291724,0.996037982881188,0.));
#6058=DIRECTION('center_axis',(0.,0.,1.));
#6059=DIRECTION('ref_axis',(0.177152983257727,0.984183326684052,0.));
#6060=DIRECTION('center_axis',(0.,0.,1.));
#6061=DIRECTION('ref_axis',(-0.526782687642637,-0.85,0.));
#6062=DIRECTION('',(0.,0.,-1.));
#6063=DIRECTION('center_axis',(0.,-1.,0.));
#6064=DIRECTION('ref_axis',(0.,0.,-1.));
#6065=DIRECTION('',(0.,0.,1.));
#6066=DIRECTION('center_axis',(-2.74375544557642E-18,-3.07311736768248E-17,
-1.));
#6067=DIRECTION('ref_axis',(0.0756343572897778,0.997135619661319,0.));
#6068=DIRECTION('',(1.2335811384724E-16,0.,-1.));
#6069=DIRECTION('',(-3.41457184304203E-16,6.14622877156999E-17,1.));
#6070=DIRECTION('center_axis',(-0.177152983257727,-0.984183326684052,0.));
#6071=DIRECTION('ref_axis',(0.,0.,-1.));
#6072=DIRECTION('center_axis',(0.,0.,-1.));
#6073=DIRECTION('ref_axis',(-0.866025367732977,0.500000062442958,0.));
#6074=DIRECTION('',(0.,0.,1.));
#6075=DIRECTION('center_axis',(0.,-1.,0.));
#6076=DIRECTION('ref_axis',(0.,0.,-1.));
#6077=DIRECTION('center_axis',(6.16833511863241E-17,0.,-1.));
#6078=DIRECTION('ref_axis',(-1.,0.,-6.16833511863241E-17));
#6079=DIRECTION('',(-1.,0.,0.));
#6080=DIRECTION('',(0.,1.,0.));
#6081=DIRECTION('',(-1.,0.,-6.16833511863241E-17));
#6082=DIRECTION('',(0.,1.,0.));
#6083=DIRECTION('center_axis',(0.,1.,0.));
#6084=DIRECTION('ref_axis',(-1.83697019872103E-16,0.,1.));
#6085=DIRECTION('center_axis',(0.,1.,0.));
#6086=DIRECTION('ref_axis',(1.,0.,0.));
#6087=DIRECTION('center_axis',(0.,-1.,0.));
#6088=DIRECTION('ref_axis',(1.,0.,0.));
#6089=DIRECTION('center_axis',(0.,-1.,0.));
#6090=DIRECTION('ref_axis',(1.,0.,0.));
#6091=DIRECTION('center_axis',(0.,0.,1.));
#6092=DIRECTION('ref_axis',(1.,0.,0.));
#6093=DIRECTION('',(0.,1.,0.));
#6094=DIRECTION('',(1.,0.,0.));
#6095=DIRECTION('',(0.,1.,0.));
#6096=DIRECTION('center_axis',(0.,1.,0.));
#6097=DIRECTION('ref_axis',(6.12323399573677E-17,0.,-1.));
#6098=DIRECTION('center_axis',(0.,1.,0.));
#6099=DIRECTION('ref_axis',(1.,0.,0.));
#6100=DIRECTION('center_axis',(0.,-1.,0.));
#6101=DIRECTION('ref_axis',(1.,0.,0.));
#6102=DIRECTION('center_axis',(0.,-1.,0.));
#6103=DIRECTION('ref_axis',(1.,0.,0.));
#6104=DIRECTION('center_axis',(0.,1.,0.));
#6105=DIRECTION('ref_axis',(1.,0.,0.));
#6106=DIRECTION('',(0.,1.,0.));
#6107=DIRECTION('center_axis',(0.,1.,0.));
#6108=DIRECTION('ref_axis',(1.,0.,0.));
#6109=DIRECTION('',(0.,1.,0.));
#6110=DIRECTION('center_axis',(0.,0.,-1.));
#6111=DIRECTION('ref_axis',(-0.707106781186538,-0.707106781186557,0.));
#6112=DIRECTION('center_axis',(0.,0.,-1.));
#6113=DIRECTION('ref_axis',(0.,-1.,0.));
#6114=DIRECTION('',(0.,0.,1.));
#6115=DIRECTION('',(0.,0.,-1.));
#6116=DIRECTION('center_axis',(0.,1.,0.));
#6117=DIRECTION('ref_axis',(0.,0.,1.));
#6118=DIRECTION('center_axis',(-0.584375586839848,1.80185492490436E-15,
-0.811483316837495));
#6119=DIRECTION('ref_axis',(0.,-1.,-2.22044604925031E-15));
#6120=DIRECTION('center_axis',(0.,-1.,0.));
#6121=DIRECTION('ref_axis',(0.914602421229202,0.,-0.40435431379136));
#6122=DIRECTION('center_axis',(0.,1.,0.));
#6123=DIRECTION('ref_axis',(0.914602421229202,0.,-0.40435431379136));
#6124=DIRECTION('center_axis',(0.,-1.,0.));
#6125=DIRECTION('ref_axis',(0.,0.,-1.));
#6126=DIRECTION('center_axis',(0.,-1.,0.));
#6127=DIRECTION('ref_axis',(-0.173066072238451,0.,-0.984910216537505));
#6128=DIRECTION('center_axis',(1.,0.,0.));
#6129=DIRECTION('ref_axis',(0.,0.,-1.));
#6130=DIRECTION('center_axis',(0.,1.,0.));
#6131=DIRECTION('ref_axis',(-0.173066072238451,0.,-0.984910216537505));
#6132=DIRECTION('center_axis',(0.,1.,0.));
#6133=DIRECTION('ref_axis',(-1.,0.,0.));
#6134=DIRECTION('center_axis',(0.,-1.,0.));
#6135=DIRECTION('ref_axis',(0.,0.,1.));
#6136=DIRECTION('',(0.,0.,1.));
#6137=DIRECTION('center_axis',(0.,1.,0.));
#6138=DIRECTION('ref_axis',(-0.965925826289068,0.,-0.258819045102521));
#6139=DIRECTION('',(1.,0.,0.));
#6140=DIRECTION('center_axis',(0.,1.,0.));
#6141=DIRECTION('ref_axis',(-1.,0.,0.));
#6142=DIRECTION('center_axis',(0.,0.,1.));
#6143=DIRECTION('ref_axis',(0.707106781186538,-0.707106781186557,0.));
#6144=DIRECTION('center_axis',(5.5511151231259E-16,0.,-1.));
#6145=DIRECTION('ref_axis',(1.,-4.44089209850072E-15,5.5511151231259E-16));
#6146=DIRECTION('',(0.,0.,-1.));
#6147=DIRECTION('center_axis',(0.,1.,0.));
#6148=DIRECTION('ref_axis',(0.,0.,1.));
#6149=DIRECTION('center_axis',(0.333333333333331,4.0894149295364E-15,-0.942809041582064));
#6150=DIRECTION('ref_axis',(0.942809041582064,0.,0.333333333333331));
#6151=DIRECTION('center_axis',(0.,-1.,0.));
#6152=DIRECTION('ref_axis',(-0.965925826289068,0.,-0.258819045102521));
#6153=DIRECTION('center_axis',(0.,1.,0.));
#6154=DIRECTION('ref_axis',(-0.707106781186546,0.,-0.707106781186549));
#6155=DIRECTION('',(0.,1.,0.));
#6156=DIRECTION('center_axis',(0.,-1.,0.));
#6157=DIRECTION('ref_axis',(-1.,0.,0.));
#6158=DIRECTION('',(0.,-1.,0.));
#6159=DIRECTION('center_axis',(1.,0.,0.));
#6160=DIRECTION('ref_axis',(0.,0.,1.));
#6161=DIRECTION('',(0.,-1.,0.));
#6162=DIRECTION('',(0.,0.,1.));
#6163=DIRECTION('center_axis',(-1.,0.,0.));
#6164=DIRECTION('ref_axis',(0.,0.707106781186546,-0.707106781186549));
#6165=DIRECTION('',(-1.,0.,0.));
#6166=DIRECTION('center_axis',(0.,1.,0.));
#6167=DIRECTION('ref_axis',(-0.999999997516473,0.,7.0477326678795E-5));
#6168=DIRECTION('',(0.,1.,0.));
#6169=DIRECTION('',(0.,-1.,0.));
#6170=DIRECTION('center_axis',(-3.41607084500048E-17,-1.,0.));
#6171=DIRECTION('ref_axis',(-0.999999997516473,4.62592920033977E-17,7.04773266789778E-5));
#6172=DIRECTION('',(0.,-1.,0.));
#6173=DIRECTION('center_axis',(0.,1.,0.));
#6174=DIRECTION('ref_axis',(-0.993316386625647,0.,0.115423377445683));
#6175=DIRECTION('center_axis',(0.,0.,1.));
#6176=DIRECTION('ref_axis',(1.,0.,0.));
#6177=DIRECTION('',(1.,0.,0.));
#6178=DIRECTION('',(-0.91374518438686,-0.406287752719453,0.));
#6179=DIRECTION('center_axis',(0.,0.,-1.));
#6180=DIRECTION('ref_axis',(1.,-1.2212453088897E-15,0.));
#6181=DIRECTION('',(0.913745184386859,-0.406287752719455,0.));
#6182=DIRECTION('',(-1.,0.,0.));
#6183=DIRECTION('',(0.,-1.,0.));
#6184=DIRECTION('center_axis',(0.,0.,-1.));
#6185=DIRECTION('ref_axis',(1.,-1.48029736616687E-15,0.));
#6186=DIRECTION('',(1.,0.,0.));
#6187=DIRECTION('',(0.,1.,0.));
#6188=DIRECTION('',(-1.,0.,0.));
#6189=DIRECTION('',(-0.984183326684052,0.177152983257728,0.));
#6190=DIRECTION('',(-1.,9.36644364064508E-9,0.));
#6191=DIRECTION('center_axis',(0.,0.,-1.));
#6192=DIRECTION('ref_axis',(0.,-1.,0.));
#6193=DIRECTION('',(1.,-1.11758691190289E-9,0.));
#6194=DIRECTION('',(0.975609758841893,0.219512182924917,0.));
#6195=DIRECTION('',(1.,-3.41607084500048E-17,0.));
#6196=DIRECTION('center_axis',(0.,-1.,0.));
#6197=DIRECTION('ref_axis',(0.,0.,1.));
#6198=DIRECTION('center_axis',(0.,1.,0.));
#6199=DIRECTION('ref_axis',(0.,0.,1.));
#6200=DIRECTION('center_axis',(0.,0.,-1.));
#6201=DIRECTION('ref_axis',(0.707106781186546,0.707106781186549,0.));
#6202=DIRECTION('',(0.,0.,-1.));
#6203=DIRECTION('center_axis',(0.,0.,1.));
#6204=DIRECTION('ref_axis',(1.,0.,0.));
#6205=DIRECTION('center_axis',(0.,-1.,0.));
#6206=DIRECTION('ref_axis',(0.,0.,1.));
#6207=DIRECTION('center_axis',(0.,-1.,0.));
#6208=DIRECTION('ref_axis',(0.,0.,1.));
#6209=DIRECTION('center_axis',(0.,0.,1.));
#6210=DIRECTION('ref_axis',(-0.707106781186546,0.707106781186549,0.));
#6211=DIRECTION('center_axis',(0.,0.,1.));
#6212=DIRECTION('ref_axis',(0.,1.,0.));
#6213=DIRECTION('center_axis',(-0.816496580927726,-0.408248290463863,0.408248290463862));
#6214=DIRECTION('ref_axis',(-0.577350269189623,0.577350269189627,-0.577350269189627));
#6215=DIRECTION('center_axis',(-1.,0.,0.));
#6216=DIRECTION('ref_axis',(0.,0.707106781186548,-0.707106781186547));
#6217=DIRECTION('center_axis',(0.,-1.,0.));
#6218=DIRECTION('ref_axis',(0.574060499700442,0.,-0.818812886246717));
#6219=DIRECTION('center_axis',(0.,-1.,0.));
#6220=DIRECTION('ref_axis',(-0.340909085367337,0.,-0.94009626927991));
#6221=DIRECTION('',(0.,-1.,0.));
#6222=DIRECTION('center_axis',(-0.90144961364703,0.315396137751015,-0.29650273244502));
#6223=DIRECTION('ref_axis',(0.432884042274161,0.656789575859094,-0.617445429967066));
#6224=DIRECTION('center_axis',(0.940096269279911,0.,-0.340909085367337));
#6225=DIRECTION('ref_axis',(-0.340909085367337,0.,-0.94009626927991));
#6226=DIRECTION('center_axis',(0.,1.,0.));
#6227=DIRECTION('ref_axis',(1.,0.,0.));
#6228=DIRECTION('center_axis',(0.,-1.,0.));
#6229=DIRECTION('ref_axis',(1.,0.,0.));
#6230=DIRECTION('',(0.,1.,0.));
#6231=DIRECTION('center_axis',(0.,-1.,0.));
#6232=DIRECTION('ref_axis',(-0.984896907552664,0.,0.173141795916524));
#6233=DIRECTION('center_axis',(1.,0.,0.));
#6234=DIRECTION('ref_axis',(0.,1.,0.));
#6235=DIRECTION('center_axis',(-1.,0.,0.));
#6236=DIRECTION('ref_axis',(0.,0.,-1.));
#6237=DIRECTION('',(0.,1.,0.));
#6238=DIRECTION('center_axis',(0.,-1.,0.));
#6239=DIRECTION('ref_axis',(1.83697019872103E-16,0.,1.));
#6240=DIRECTION('center_axis',(0.,-1.,0.));
#6241=DIRECTION('ref_axis',(0.,0.,-1.));
#6242=DIRECTION('center_axis',(-1.,0.,0.));
#6243=DIRECTION('ref_axis',(0.,0.,1.));
#6244=DIRECTION('center_axis',(0.,-1.,0.));
#6245=DIRECTION('ref_axis',(-1.,0.,0.));
#6246=DIRECTION('center_axis',(0.,-1.,0.));
#6247=DIRECTION('ref_axis',(-1.,0.,0.));
#6248=DIRECTION('center_axis',(0.,-1.,0.));
#6249=DIRECTION('ref_axis',(-1.,0.,0.));
#6250=DIRECTION('',(0.,-1.,0.));
#6251=DIRECTION('center_axis',(0.,-1.,0.));
#6252=DIRECTION('ref_axis',(0.574060499699926,0.,-0.818812886247078));
#6253=DIRECTION('center_axis',(-2.22044604925005E-15,-1.,8.05205016226008E-16));
#6254=DIRECTION('ref_axis',(-0.340909085368208,0.,-0.940096269279595));
#6255=DIRECTION('',(0.,-1.,0.));
#6256=DIRECTION('',(0.,1.,0.));
#6257=DIRECTION('center_axis',(-3.23304445105068E-13,0.,-1.));
#6258=DIRECTION('ref_axis',(-0.707106781186546,-0.707106781186549,2.2844845273849E-13));
#6259=DIRECTION('',(-3.23304445105068E-13,0.,-1.));
#6260=DIRECTION('center_axis',(3.23074900165922E-13,-2.77555756153419E-16,
1.));
#6261=DIRECTION('ref_axis',(-1.,0.,3.23074900165922E-13));
#6262=DIRECTION('center_axis',(0.,1.,0.));
#6263=DIRECTION('ref_axis',(-0.707106781186667,0.,-0.707106781186428));
#6264=DIRECTION('center_axis',(7.17986683267557E-28,1.,2.22044604925031E-15));
#6265=DIRECTION('ref_axis',(0.,2.22044604925031E-15,-1.));
#6266=DIRECTION('',(0.,1.,0.));
#6267=DIRECTION('center_axis',(-2.2204460492503E-15,-1.,0.));
#6268=DIRECTION('ref_axis',(-1.,2.2204460492503E-15,3.23630011678231E-13));
#6269=DIRECTION('center_axis',(-0.816496580927689,0.408248290463965,0.408248290463834));
#6270=DIRECTION('ref_axis',(-0.577350269189679,-0.577350269189693,-0.577350269189505));
#6271=DIRECTION('center_axis',(-1.,0.,0.));
#6272=DIRECTION('ref_axis',(0.,-0.707106781186548,-0.707106781186547));
#6273=DIRECTION('center_axis',(0.,0.,-1.));
#6274=DIRECTION('ref_axis',(-1.,0.,0.));
#6275=DIRECTION('center_axis',(0.,0.,1.));
#6276=DIRECTION('ref_axis',(1.,-1.48029736616687E-15,0.));
#6277=DIRECTION('center_axis',(0.,1.,0.));
#6278=DIRECTION('ref_axis',(1.,0.,0.));
#6279=DIRECTION('',(0.,1.,0.));
#6280=DIRECTION('center_axis',(0.,1.,0.));
#6281=DIRECTION('ref_axis',(1.,0.,0.));
#6282=DIRECTION('center_axis',(0.,1.,0.));
#6283=DIRECTION('ref_axis',(1.,0.,0.));
#6284=DIRECTION('',(0.,1.,0.));
#6285=DIRECTION('center_axis',(0.,1.,0.));
#6286=DIRECTION('ref_axis',(1.,0.,0.));
#6287=DIRECTION('center_axis',(0.,-1.,0.));
#6288=DIRECTION('ref_axis',(1.,0.,0.));
#6289=DIRECTION('',(-1.,0.,0.));
#6290=DIRECTION('center_axis',(0.,1.,0.));
#6291=DIRECTION('ref_axis',(-1.,0.,0.));
#6292=DIRECTION('',(0.,0.,-1.));
#6293=DIRECTION('center_axis',(0.,1.,0.));
#6294=DIRECTION('ref_axis',(-1.,0.,0.));
#6295=DIRECTION('center_axis',(-1.,0.,0.));
#6296=DIRECTION('ref_axis',(0.,-0.707106781186548,-0.707106781186547));
#6297=DIRECTION('center_axis',(-1.,0.,0.));
#6298=DIRECTION('ref_axis',(0.,-0.707106781186546,-0.707106781186549));
#6299=DIRECTION('',(-1.,0.,0.));
#6300=DIRECTION('center_axis',(1.,0.,0.));
#6301=DIRECTION('ref_axis',(0.,-1.,0.));
#6302=DIRECTION('center_axis',(-3.23304445105068E-13,0.,-1.));
#6303=DIRECTION('ref_axis',(0.707106781186538,0.707106781186557,-2.26093314050465E-13));
#6304=DIRECTION('',(3.23304445105068E-13,0.,1.));
#6305=DIRECTION('',(-3.23304445105068E-13,0.,-1.));
#6306=DIRECTION('center_axis',(0.,-1.,0.));
#6307=DIRECTION('ref_axis',(1.,0.,0.));
#6308=DIRECTION('center_axis',(0.,1.,0.));
#6309=DIRECTION('ref_axis',(-0.115353373198207,0.,-0.993324518620071));
#6310=DIRECTION('center_axis',(0.,1.,0.));
#6311=DIRECTION('ref_axis',(3.21774353194216E-12,0.,1.));
#6312=DIRECTION('',(3.36021699658846E-13,0.,1.));
#6313=DIRECTION('center_axis',(3.36021699658846E-13,0.,1.));
#6314=DIRECTION('ref_axis',(-0.707106781186538,0.707106781186557,2.35513868802568E-13));
#6315=DIRECTION('',(-3.36021699658846E-13,0.,-1.));
#6316=DIRECTION('center_axis',(-1.,0.,3.36021699658846E-13));
#6317=DIRECTION('ref_axis',(3.36021699658846E-13,0.,1.));
#6318=DIRECTION('',(0.,1.,0.));
#6319=DIRECTION('center_axis',(0.,1.,0.));
#6320=DIRECTION('ref_axis',(0.,0.,1.));
#6321=DIRECTION('center_axis',(0.,-1.,0.));
#6322=DIRECTION('ref_axis',(-0.115353373198207,0.,-0.993324518620071));
#6323=DIRECTION('center_axis',(0.,1.,0.));
#6324=DIRECTION('ref_axis',(0.,0.,1.));
#6325=DIRECTION('center_axis',(0.,-1.,0.));
#6326=DIRECTION('ref_axis',(3.21774353194216E-12,0.,1.));
#6327=DIRECTION('center_axis',(0.,0.,-1.));
#6328=DIRECTION('ref_axis',(-1.,0.,0.));
#6329=DIRECTION('',(-1.,0.,0.));
#6330=DIRECTION('',(0.,1.,0.));
#6331=DIRECTION('center_axis',(0.,1.,0.));
#6332=DIRECTION('ref_axis',(0.,0.,1.));
#6333=DIRECTION('',(1.,0.,0.));
#6334=DIRECTION('',(3.9253696286614E-8,0.,0.999999999999999));
#6335=DIRECTION('center_axis',(0.,1.,0.));
#6336=DIRECTION('ref_axis',(1.,0.,0.));
#6337=DIRECTION('center_axis',(0.,1.,0.));
#6338=DIRECTION('ref_axis',(1.,0.,0.));
#6339=DIRECTION('center_axis',(0.,1.,0.));
#6340=DIRECTION('ref_axis',(1.,0.,0.));
#6341=DIRECTION('center_axis',(0.,1.,0.));
#6342=DIRECTION('ref_axis',(1.,0.,0.));
#6343=DIRECTION('center_axis',(0.,1.,0.));
#6344=DIRECTION('ref_axis',(1.,0.,0.));
#6345=DIRECTION('center_axis',(0.,1.,0.));
#6346=DIRECTION('ref_axis',(1.,0.,0.));
#6347=DIRECTION('center_axis',(0.,0.,1.));
#6348=DIRECTION('ref_axis',(1.,0.,0.));
#6349=DIRECTION('',(0.,1.,0.));
#6350=DIRECTION('center_axis',(0.,-1.,0.));
#6351=DIRECTION('ref_axis',(-0.707106781186546,0.,-0.707106781186549));
#6352=DIRECTION('',(0.,-1.,0.));
#6353=DIRECTION('',(0.,1.,0.));
#6354=DIRECTION('center_axis',(0.,0.,-1.));
#6355=DIRECTION('ref_axis',(-1.,0.,0.));
#6356=DIRECTION('',(1.,0.,0.));
#6357=DIRECTION('center_axis',(0.,0.,1.));
#6358=DIRECTION('ref_axis',(-0.999999995766716,9.20139560787126E-5,0.));
#6359=DIRECTION('',(-1.,0.,0.));
#6360=DIRECTION('center_axis',(0.,0.,1.));
#6361=DIRECTION('ref_axis',(-1.,0.,0.));
#6362=DIRECTION('center_axis',(0.,0.,1.));
#6363=DIRECTION('ref_axis',(-1.,0.,0.));
#6364=DIRECTION('center_axis',(0.,0.,1.));
#6365=DIRECTION('ref_axis',(-1.,0.,0.));
#6366=DIRECTION('center_axis',(0.,0.,1.));
#6367=DIRECTION('ref_axis',(-1.,0.,0.));
#6368=DIRECTION('center_axis',(0.,0.,1.));
#6369=DIRECTION('ref_axis',(-1.,0.,0.));
#6370=DIRECTION('center_axis',(0.,0.,1.));
#6371=DIRECTION('ref_axis',(-1.,0.,0.));
#6372=DIRECTION('center_axis',(0.,0.,1.));
#6373=DIRECTION('ref_axis',(-1.,0.,0.));
#6374=DIRECTION('center_axis',(0.,0.,1.));
#6375=DIRECTION('ref_axis',(-1.,0.,0.));
#6376=DIRECTION('center_axis',(0.,0.,1.));
#6377=DIRECTION('ref_axis',(-1.,0.,0.));
#6378=DIRECTION('center_axis',(0.,0.,1.));
#6379=DIRECTION('ref_axis',(-1.,0.,0.));
#6380=DIRECTION('center_axis',(0.,0.,1.));
#6381=DIRECTION('ref_axis',(-1.,0.,0.));
#6382=DIRECTION('center_axis',(0.,0.,1.));
#6383=DIRECTION('ref_axis',(-1.,0.,0.));
#6384=DIRECTION('',(-1.,0.,0.));
#6385=DIRECTION('',(1.,0.,0.));
#6386=DIRECTION('center_axis',(0.,0.,-1.));
#6387=DIRECTION('ref_axis',(-1.,6.12323399573677E-17,0.));
#6388=DIRECTION('center_axis',(0.,1.,0.));
#6389=DIRECTION('ref_axis',(-0.707106781186544,0.,0.707106781186551));
#6390=DIRECTION('',(0.,-1.,0.));
#6391=DIRECTION('center_axis',(0.,0.,1.));
#6392=DIRECTION('ref_axis',(0.707106781186548,0.707106781186547,0.));
#6393=DIRECTION('center_axis',(0.707106781186548,0.,-0.707106781186548));
#6394=DIRECTION('ref_axis',(0.707106781186548,0.,0.707106781186548));
#6395=DIRECTION('',(0.,0.,-1.));
#6396=DIRECTION('center_axis',(0.707106781186548,0.,0.707106781186547));
#6397=DIRECTION('ref_axis',(0.707106781186547,0.,-0.707106781186548));
#6398=DIRECTION('',(0.,0.,1.));
#6399=DIRECTION('center_axis',(-1.,0.,0.));
#6400=DIRECTION('ref_axis',(0.,0.707106781186548,0.707106781186547));
#6401=DIRECTION('',(-1.,0.,0.));
#6402=DIRECTION('center_axis',(1.,0.,0.));
#6403=DIRECTION('ref_axis',(0.,1.,0.));
#6404=DIRECTION('center_axis',(1.,0.,0.));
#6405=DIRECTION('ref_axis',(0.,0.707106781186548,0.707106781186547));
#6406=DIRECTION('center_axis',(0.,-1.,0.));
#6407=DIRECTION('ref_axis',(-1.,0.,0.));
#6408=DIRECTION('',(1.,0.,0.));
#6409=DIRECTION('',(0.,0.,-1.));
#6410=DIRECTION('center_axis',(1.,0.,0.));
#6411=DIRECTION('ref_axis',(0.,0.707106781186548,-0.707106781186547));
#6412=DIRECTION('center_axis',(1.,0.,0.));
#6413=DIRECTION('ref_axis',(0.,0.707106781186548,-0.707106781186547));
#6414=DIRECTION('center_axis',(-1.,0.,0.));
#6415=DIRECTION('ref_axis',(0.,1.,0.));
#6416=DIRECTION('center_axis',(0.,0.,-1.));
#6417=DIRECTION('ref_axis',(0.707106781186548,-0.707106781186547,0.));
#6418=DIRECTION('center_axis',(0.707106781186548,0.,0.707106781186547));
#6419=DIRECTION('ref_axis',(0.707106781186547,0.,-0.707106781186548));
#6420=DIRECTION('',(0.,0.,1.));
#6421=DIRECTION('center_axis',(0.707106781186548,0.,-0.707106781186548));
#6422=DIRECTION('ref_axis',(0.707106781186548,0.,0.707106781186548));
#6423=DIRECTION('',(0.,0.,-1.));
#6424=DIRECTION('center_axis',(0.,1.,0.));
#6425=DIRECTION('ref_axis',(1.,0.,0.));
#6426=DIRECTION('',(1.,0.,0.));
#6427=DIRECTION('',(0.,0.,-1.));
#6428=DIRECTION('',(-1.,0.,0.));
#6429=DIRECTION('center_axis',(1.,0.,0.));
#6430=DIRECTION('ref_axis',(0.,-0.707106781186548,0.707106781186547));
#6431=DIRECTION('center_axis',(1.,0.,0.));
#6432=DIRECTION('ref_axis',(0.,-0.707106781186548,0.707106781186547));
#6433=DIRECTION('center_axis',(-1.,0.,0.));
#6434=DIRECTION('ref_axis',(0.,-1.,0.));
#6435=DIRECTION('center_axis',(-1.,0.,0.));
#6436=DIRECTION('ref_axis',(0.,-0.707106781186548,-0.707106781186547));
#6437=DIRECTION('center_axis',(1.,0.,0.));
#6438=DIRECTION('ref_axis',(0.,-1.,0.));
#6439=DIRECTION('center_axis',(1.,0.,0.));
#6440=DIRECTION('ref_axis',(0.,-0.707106781186548,-0.707106781186547));
#6441=DIRECTION('center_axis',(0.,0.,1.));
#6442=DIRECTION('ref_axis',(-1.,-1.22464679914735E-16,0.));
#6443=DIRECTION('center_axis',(0.,0.,1.));
#6444=DIRECTION('ref_axis',(-1.,6.12323399573677E-17,0.));
#6445=DIRECTION('center_axis',(-1.,0.,0.));
#6446=DIRECTION('ref_axis',(0.,0.,1.));
#6447=DIRECTION('center_axis',(0.,0.,-1.));
#6448=DIRECTION('ref_axis',(0.,1.,0.));
#6449=DIRECTION('center_axis',(0.,0.,-1.));
#6450=DIRECTION('ref_axis',(-1.,6.12323399573677E-17,0.));
#6451=DIRECTION('center_axis',(-1.,0.,0.));
#6452=DIRECTION('ref_axis',(0.,0.,1.));
#6453=DIRECTION('center_axis',(0.,0.,-1.));
#6454=DIRECTION('ref_axis',(-1.,0.,0.));
#6455=DIRECTION('center_axis',(-1.,0.,0.));
#6456=DIRECTION('ref_axis',(0.,0.707106781186548,-0.707106781186547));
#6457=DIRECTION('center_axis',(-1.,9.36644316090778E-9,0.));
#6458=DIRECTION('ref_axis',(9.36644316090778E-9,1.,0.));
#6459=DIRECTION('center_axis',(-1.,0.,0.));
#6460=DIRECTION('ref_axis',(0.,-0.707106781186548,-0.707106781186547));
#6461=DIRECTION('',(-1.,1.11758691190289E-9,0.));
#6462=DIRECTION('center_axis',(1.,0.,0.));
#6463=DIRECTION('ref_axis',(0.,-1.,0.));
#6464=DIRECTION('center_axis',(0.,0.,1.));
#6465=DIRECTION('ref_axis',(-1.,1.22464679914735E-16,0.));
#6466=DIRECTION('center_axis',(0.,0.,1.));
#6467=DIRECTION('ref_axis',(-1.,6.12323399573677E-17,0.));
#6468=DIRECTION('center_axis',(0.,0.,1.));
#6469=DIRECTION('ref_axis',(0.,1.,0.));
#6470=DIRECTION('center_axis',(0.,0.,1.));
#6471=DIRECTION('ref_axis',(-1.,6.12323399573677E-17,0.));
#6472=DIRECTION('center_axis',(0.,-1.,0.));
#6473=DIRECTION('ref_axis',(-1.,0.,0.));
#6474=DIRECTION('',(0.,-1.,0.));
#6475=DIRECTION('center_axis',(0.,-1.,0.));
#6476=DIRECTION('ref_axis',(-1.,0.,0.));
#6477=DIRECTION('center_axis',(0.,0.,-1.));
#6478=DIRECTION('ref_axis',(-0.261104691158498,-0.965310489042269,0.));
#6479=DIRECTION('',(0.,0.,-1.));
#6480=DIRECTION('center_axis',(0.,0.,-1.));
#6481=DIRECTION('ref_axis',(-1.,0.,0.));
#6482=DIRECTION('center_axis',(0.,0.,-1.));
#6483=DIRECTION('ref_axis',(-0.999999995766716,9.20139560787126E-5,0.));
#6484=DIRECTION('center_axis',(0.,0.,-1.));
#6485=DIRECTION('ref_axis',(-0.999999995766716,9.20139560787126E-5,0.));
#6486=DIRECTION('center_axis',(0.,0.,1.));
#6487=DIRECTION('ref_axis',(-0.261027664451225,0.965331320527382,0.));
#6488=DIRECTION('center_axis',(0.,-1.,0.));
#6489=DIRECTION('ref_axis',(-1.,0.,0.));
#6490=DIRECTION('',(0.,-1.,0.));
#6491=DIRECTION('center_axis',(0.,-1.,0.));
#6492=DIRECTION('ref_axis',(-1.,0.,0.));
#6493=DIRECTION('center_axis',(-1.,1.11758691190289E-9,0.));
#6494=DIRECTION('ref_axis',(-7.90253283971865E-10,-0.707106781186548,-0.707106781186547));
#6495=DIRECTION('',(-1.,1.11758691190289E-9,0.));
#6496=DIRECTION('center_axis',(0.993883735425633,0.110431519306722,2.9884633102729E-16));
#6497=DIRECTION('ref_axis',(0.110431519306722,-0.993883735425633,-2.68961711873495E-15));
#6498=DIRECTION('center_axis',(-0.975609758841894,-0.219512182924917,0.));
#6499=DIRECTION('ref_axis',(0.155218553099271,-0.689860276268876,-0.707106781186547));
#6500=DIRECTION('',(-0.975609758841893,-0.219512182924917,0.));
#6501=DIRECTION('center_axis',(0.975609758841894,0.219512182924917,0.));
#6502=DIRECTION('ref_axis',(0.219512182924917,-0.975609758841894,0.));
#6503=DIRECTION('center_axis',(0.,0.,1.));
#6504=DIRECTION('ref_axis',(0.110431519862098,-0.993883735363924,0.));
#6505=DIRECTION('center_axis',(0.,0.,1.));
#6506=DIRECTION('ref_axis',(0.,-1.,0.));
#6507=DIRECTION('',(0.,0.,1.));
#6508=DIRECTION('center_axis',(0.,0.,-1.));
#6509=DIRECTION('ref_axis',(0.219512182924917,-0.975609758841894,0.));
#6510=DIRECTION('center_axis',(-0.995122069561454,-0.0880179504737767,-0.0445522958569374));
#6511=DIRECTION('ref_axis',(0.0986512375580173,-0.887861188588853,-0.449411218291066));
#6512=DIRECTION('center_axis',(1.,-3.41607084500048E-17,0.));
#6513=DIRECTION('ref_axis',(0.,-0.707106781186547,-0.707106781186548));
#6514=DIRECTION('center_axis',(1.,-1.11758691190289E-9,0.));
#6515=DIRECTION('ref_axis',(-7.90253283971865E-10,-0.707106781186548,0.707106781186547));
#6516=DIRECTION('',(1.,-1.11758691190289E-9,0.));
#6517=DIRECTION('',(-1.,1.11758691190289E-9,0.));
#6518=DIRECTION('center_axis',(0.993883735425633,0.110431519306722,-2.9884633102729E-16));
#6519=DIRECTION('ref_axis',(-0.110431519306722,0.993883735425633,-2.68961711873495E-15));
#6520=DIRECTION('center_axis',(0.975609758841894,0.219512182924917,0.));
#6521=DIRECTION('ref_axis',(0.155218553099271,-0.689860276268876,0.707106781186547));
#6522=DIRECTION('',(-0.975609758841893,-0.219512182924917,0.));
#6523=DIRECTION('center_axis',(0.975609758841894,0.219512182924917,0.));
#6524=DIRECTION('ref_axis',(0.,0.,1.));
#6525=DIRECTION('',(0.975609758841893,0.219512182924917,0.));
#6526=DIRECTION('center_axis',(-0.995122069561454,-0.0880179504737792,0.0445522958569384));
#6527=DIRECTION('ref_axis',(0.0986512375580197,-0.887861188588853,0.449411218291066));
#6528=DIRECTION('center_axis',(1.,-3.41607084500048E-17,0.));
#6529=DIRECTION('ref_axis',(0.,-0.707106781186547,0.707106781186547));
#6530=DIRECTION('center_axis',(1.,-3.41607084500048E-17,0.));
#6531=DIRECTION('ref_axis',(0.,-0.707106781186547,-0.707106781186548));
#6532=DIRECTION('center_axis',(-1.,0.,0.));
#6533=DIRECTION('ref_axis',(0.,0.,-1.));
#6534=DIRECTION('center_axis',(-1.,3.41607084500048E-17,0.));
#6535=DIRECTION('ref_axis',(0.,-0.707106781186547,0.707106781186547));
#6536=DIRECTION('',(-1.,3.41607084500048E-17,0.));
#6537=DIRECTION('center_axis',(1.,0.,0.));
#6538=DIRECTION('ref_axis',(0.,0.,1.));
#6539=DIRECTION('center_axis',(0.,0.,1.));
#6540=DIRECTION('ref_axis',(1.,0.,0.));
#6541=DIRECTION('',(1.,-9.36644364064508E-9,0.));
#6542=DIRECTION('',(0.984183326684052,-0.177152983257728,0.));
#6543=DIRECTION('',(1.,0.,0.));
#6544=DIRECTION('',(0.,1.,0.));
#6545=DIRECTION('',(-0.913745184386859,0.406287752719455,0.));
#6546=DIRECTION('center_axis',(0.,0.,1.));
#6547=DIRECTION('ref_axis',(1.,-9.43689556869313E-16,0.));
#6548=DIRECTION('',(0.91374518438686,0.406287752719453,0.));
#6549=DIRECTION('',(1.,0.,0.));
#6550=DIRECTION('center_axis',(-0.984183326684052,0.177152983257728,0.));
#6551=DIRECTION('ref_axis',(0.125266075768966,0.695922704229028,0.707106781186548));
#6552=DIRECTION('center_axis',(0.984183326684052,-0.177152983257728,-2.91376797263151E-15));
#6553=DIRECTION('ref_axis',(0.177152983257728,0.984183326684052,0.));
#6554=DIRECTION('center_axis',(-0.996037982464715,0.0889288338370693,-9.21520251277929E-16));
#6555=DIRECTION('ref_axis',(-0.0889288338370693,-0.996037982464715,-1.03213910420127E-14));
#6556=DIRECTION('center_axis',(-1.,9.36644364064508E-9,0.));
#6557=DIRECTION('ref_axis',(6.62307496242031E-9,0.707106781186548,0.707106781186547));
#6558=DIRECTION('center_axis',(0.,0.,-1.));
#6559=DIRECTION('ref_axis',(0.0889288291724,0.996037982881188,0.));
#6560=DIRECTION('center_axis',(0.,0.,-1.));
#6561=DIRECTION('ref_axis',(0.,1.,0.));
#6562=DIRECTION('center_axis',(-0.996836697293941,0.0709729096653291,0.0357693307422041));
#6563=DIRECTION('ref_axis',(0.0794770339664741,0.890174146382605,0.448635030045462));
#6564=DIRECTION('center_axis',(1.,0.,0.));
#6565=DIRECTION('ref_axis',(0.,0.707106781186547,0.707106781186547));
#6566=DIRECTION('center_axis',(0.984183326684052,-0.177152983257728,0.));
#6567=DIRECTION('ref_axis',(0.125266075768966,0.695922704229028,-0.707106781186548));
#6568=DIRECTION('center_axis',(0.984183326684052,-0.177152983257728,2.91376797263151E-15));
#6569=DIRECTION('ref_axis',(2.96059473233375E-15,0.,-1.));
#6570=DIRECTION('center_axis',(-0.996037982464715,0.0889288338370693,9.21520251277929E-16));
#6571=DIRECTION('ref_axis',(0.0889288338370693,0.996037982464715,-1.03213910420127E-14));
#6572=DIRECTION('center_axis',(1.,-9.36644364064508E-9,0.));
#6573=DIRECTION('ref_axis',(6.62307496242031E-9,0.707106781186548,-0.707106781186547));
#6574=DIRECTION('center_axis',(-0.996836697293941,0.0709729096653302,-0.0357693307422052));
#6575=DIRECTION('ref_axis',(0.0794770339664766,0.890174146382605,-0.448635030045462));
#6576=DIRECTION('center_axis',(1.,0.,0.));
#6577=DIRECTION('ref_axis',(0.,0.707106781186547,-0.707106781186548));
#6578=DIRECTION('center_axis',(1.,0.,0.));
#6579=DIRECTION('ref_axis',(0.,0.707106781186547,0.707106781186547));
#6580=DIRECTION('center_axis',(-1.,0.,0.));
#6581=DIRECTION('ref_axis',(0.,0.707106781186547,-0.707106781186548));
#6582=DIRECTION('center_axis',(0.91374518438686,0.406287752719453,0.));
#6583=DIRECTION('ref_axis',(-0.287288825060969,0.646115416156501,-0.707106781186547));
#6584=DIRECTION('',(0.91374518438686,0.406287752719453,0.));
#6585=DIRECTION('center_axis',(-0.91374518438686,-0.406287752719453,0.));
#6586=DIRECTION('ref_axis',(-0.406287752719453,0.91374518438686,0.));
#6587=DIRECTION('center_axis',(0.,0.,1.));
#6588=DIRECTION('ref_axis',(1.,0.,0.));
#6589=DIRECTION('center_axis',(0.913745184386859,-0.406287752719455,0.));
#6590=DIRECTION('ref_axis',(-0.406287752719455,-0.913745184386859,0.));
#6591=DIRECTION('center_axis',(0.,0.,1.));
#6592=DIRECTION('ref_axis',(1.,-1.2212453088897E-15,0.));
#6593=DIRECTION('center_axis',(-0.913745184386859,0.406287752719455,0.));
#6594=DIRECTION('ref_axis',(-0.28728882506097,-0.6461154161565,-0.707106781186548));
#6595=DIRECTION('',(-0.913745184386859,0.406287752719455,0.));
#6596=DIRECTION('center_axis',(0.406287752719455,0.913745184386859,0.));
#6597=DIRECTION('ref_axis',(0.913745184386859,-0.406287752719455,0.));
#6598=DIRECTION('',(0.,0.,-1.));
#6599=DIRECTION('',(0.913745184386859,-0.406287752719455,0.));
#6600=DIRECTION('center_axis',(0.,0.,1.));
#6601=DIRECTION('ref_axis',(0.33743771107704,-0.941347858734001,0.));
#6602=DIRECTION('',(0.,0.,-1.));
#6603=DIRECTION('center_axis',(0.,0.,-1.));
#6604=DIRECTION('ref_axis',(1.,-9.43689556869313E-16,0.));
#6605=DIRECTION('center_axis',(0.406287752719453,-0.91374518438686,0.));
#6606=DIRECTION('ref_axis',(-0.91374518438686,-0.406287752719453,0.));
#6607=DIRECTION('',(-0.91374518438686,-0.406287752719453,0.));
#6608=DIRECTION('center_axis',(1.,0.,0.));
#6609=DIRECTION('ref_axis',(0.,0.707106781186548,-0.707106781186547));
#6610=DIRECTION('center_axis',(-1.,0.,0.));
#6611=DIRECTION('ref_axis',(0.,0.707106781186546,0.707106781186549));
#6612=DIRECTION('center_axis',(1.,0.,-3.23304445105068E-13));
#6613=DIRECTION('ref_axis',(-3.23304445105068E-13,0.,-1.));
#6614=DIRECTION('',(0.,-1.,0.));
#6615=DIRECTION('center_axis',(0.,1.,0.));
#6616=DIRECTION('ref_axis',(-0.999999997516473,0.,7.04773280794524E-5));
#6617=DIRECTION('center_axis',(0.913745184386859,-0.406287752719455,0.));
#6618=DIRECTION('ref_axis',(-0.28728882506097,-0.6461154161565,0.707106781186548));
#6619=DIRECTION('center_axis',(-0.913745184386859,0.406287752719455,0.));
#6620=DIRECTION('ref_axis',(-0.406287752719455,-0.913745184386859,0.));
#6621=DIRECTION('center_axis',(0.,0.,-1.));
#6622=DIRECTION('ref_axis',(1.,-1.01064309961486E-15,0.));
#6623=DIRECTION('center_axis',(0.91374518438686,0.406287752719453,0.));
#6624=DIRECTION('ref_axis',(-0.406287752719453,0.91374518438686,0.));
#6625=DIRECTION('center_axis',(-0.91374518438686,-0.406287752719453,0.));
#6626=DIRECTION('ref_axis',(-0.287288825060969,0.646115416156501,0.707106781186547));
#6627=DIRECTION('center_axis',(0.,0.,1.));
#6628=DIRECTION('ref_axis',(0.,-1.,0.));
#6629=DIRECTION('',(0.,0.,1.));
#6630=DIRECTION('center_axis',(0.,0.,-1.));
#6631=DIRECTION('ref_axis',(0.,1.,0.));
#6632=DIRECTION('center_axis',(0.,-1.,0.));
#6633=DIRECTION('ref_axis',(-1.,0.,0.));
#6634=DIRECTION('',(0.,-1.,0.));
#6635=DIRECTION('center_axis',(0.,-1.,0.));
#6636=DIRECTION('ref_axis',(-1.,0.,0.));
#6637=DIRECTION('center_axis',(-3.41607084500048E-17,-1.,0.));
#6638=DIRECTION('ref_axis',(-0.999999995584841,0.,9.3969770694786E-5));
#6639=DIRECTION('center_axis',(0.,1.,0.));
#6640=DIRECTION('ref_axis',(1.,0.,0.));
#6641=DIRECTION('',(0.,1.,0.));
#6642=DIRECTION('center_axis',(0.,1.,0.));
#6643=DIRECTION('ref_axis',(1.,0.,0.));
#6644=DIRECTION('center_axis',(0.,-1.,0.));
#6645=DIRECTION('ref_axis',(-1.,0.,0.));
#6646=DIRECTION('',(0.,-1.,0.));
#6647=DIRECTION('center_axis',(0.,-1.,0.));
#6648=DIRECTION('ref_axis',(-1.,0.,0.));
#6649=DIRECTION('center_axis',(0.,1.,0.));
#6650=DIRECTION('ref_axis',(-1.,0.,0.));
#6651=DIRECTION('center_axis',(0.,1.,0.));
#6652=DIRECTION('ref_axis',(1.,0.,0.));
#6653=DIRECTION('center_axis',(0.,-1.,0.));
#6654=DIRECTION('ref_axis',(-1.,0.,0.));
#6655=DIRECTION('',(0.,-1.,0.));
#6656=DIRECTION('center_axis',(0.,-1.,0.));
#6657=DIRECTION('ref_axis',(-1.,0.,0.));
#6658=DIRECTION('center_axis',(0.,1.,0.));
#6659=DIRECTION('ref_axis',(-1.,0.,0.));
#6660=DIRECTION('center_axis',(0.,-1.,0.));
#6661=DIRECTION('ref_axis',(-1.,0.,0.));
#6662=DIRECTION('',(0.,-1.,0.));
#6663=DIRECTION('center_axis',(0.,-1.,0.));
#6664=DIRECTION('ref_axis',(-1.,0.,0.));
#6665=DIRECTION('center_axis',(0.,1.,0.));
#6666=DIRECTION('ref_axis',(-1.,0.,0.));
#6667=DIRECTION('center_axis',(0.,1.,0.));
#6668=DIRECTION('ref_axis',(1.,0.,0.));
#6669=DIRECTION('center_axis',(0.,1.,0.));
#6670=DIRECTION('ref_axis',(-1.,0.,0.));
#6671=DIRECTION('center_axis',(0.,1.,0.));
#6672=DIRECTION('ref_axis',(1.,0.,0.));
#6673=DIRECTION('',(0.,1.,0.));
#6674=DIRECTION('center_axis',(0.,1.,0.));
#6675=DIRECTION('ref_axis',(1.,0.,0.));
#6676=DIRECTION('center_axis',(0.,-1.,0.));
#6677=DIRECTION('ref_axis',(1.,0.,0.));
#6678=DIRECTION('center_axis',(0.,-1.,0.));
#6679=DIRECTION('ref_axis',(1.,0.,0.));
#6680=DIRECTION('center_axis',(0.,1.,0.));
#6681=DIRECTION('ref_axis',(1.,0.,0.));
#6682=DIRECTION('',(0.,1.,0.));
#6683=DIRECTION('center_axis',(0.,1.,0.));
#6684=DIRECTION('ref_axis',(1.,0.,0.));
#6685=DIRECTION('center_axis',(0.,-1.,0.));
#6686=DIRECTION('ref_axis',(1.,0.,0.));
#6687=DIRECTION('center_axis',(0.,-1.,0.));
#6688=DIRECTION('ref_axis',(1.,0.,0.));
#6689=DIRECTION('center_axis',(0.,-1.,0.));
#6690=DIRECTION('ref_axis',(1.,0.,0.));
#6691=DIRECTION('center_axis',(0.,1.,0.));
#6692=DIRECTION('ref_axis',(1.,0.,0.));
#6693=DIRECTION('',(0.,1.,0.));
#6694=DIRECTION('center_axis',(0.,1.,0.));
#6695=DIRECTION('ref_axis',(1.,0.,0.));
#6696=DIRECTION('center_axis',(0.,-1.,0.));
#6697=DIRECTION('ref_axis',(1.,0.,0.));
#6698=DIRECTION('center_axis',(1.,0.,0.));
#6699=DIRECTION('ref_axis',(0.,-1.,0.));
#6700=DIRECTION('center_axis',(1.,0.,0.));
#6701=DIRECTION('ref_axis',(0.,-1.,0.));
#6702=DIRECTION('center_axis',(-0.219512182924917,0.975609758841894,0.));
#6703=DIRECTION('ref_axis',(0.975609758841893,0.219512182924917,0.));
#6704=DIRECTION('',(0.,0.,-1.));
#6705=DIRECTION('center_axis',(1.11758691190289E-9,1.,0.));
#6706=DIRECTION('ref_axis',(1.,-1.11758691190289E-9,0.));
#6707=DIRECTION('center_axis',(0.,1.,0.));
#6708=DIRECTION('ref_axis',(3.21946307439308E-12,0.,1.));
#6709=DIRECTION('center_axis',(0.,1.,0.));
#6710=DIRECTION('ref_axis',(1.,0.,0.));
#6711=DIRECTION('',(0.,1.,0.));
#6712=DIRECTION('center_axis',(0.,1.,0.));
#6713=DIRECTION('ref_axis',(1.,0.,0.));
#6714=DIRECTION('',(0.,1.,0.));
#6715=DIRECTION('center_axis',(0.,1.,0.));
#6716=DIRECTION('ref_axis',(1.,0.,0.));
#6717=DIRECTION('',(0.,1.,0.));
#6718=DIRECTION('center_axis',(0.,1.,0.));
#6719=DIRECTION('ref_axis',(1.,0.,0.));
#6720=DIRECTION('',(0.,1.,0.));
#6721=DIRECTION('center_axis',(0.,1.,0.));
#6722=DIRECTION('ref_axis',(1.,0.,0.));
#6723=DIRECTION('',(0.,1.,0.));
#6724=DIRECTION('center_axis',(0.,1.,0.));
#6725=DIRECTION('ref_axis',(1.,0.,0.));
#6726=DIRECTION('',(0.,1.,0.));
#6727=DIRECTION('center_axis',(0.,1.,0.));
#6728=DIRECTION('ref_axis',(1.,0.,0.));
#6729=DIRECTION('',(0.,1.,0.));
#6730=DIRECTION('center_axis',(0.,1.,0.));
#6731=DIRECTION('ref_axis',(1.,0.,0.));
#6732=DIRECTION('',(0.,1.,0.));
#6733=DIRECTION('center_axis',(0.,1.,0.));
#6734=DIRECTION('ref_axis',(1.,0.,0.));
#6735=DIRECTION('',(0.,1.,0.));
#6736=DIRECTION('center_axis',(0.,1.,0.));
#6737=DIRECTION('ref_axis',(1.,0.,0.));
#6738=DIRECTION('',(0.,1.,0.));
#6739=DIRECTION('center_axis',(0.,1.,0.));
#6740=DIRECTION('ref_axis',(1.,0.,0.));
#6741=DIRECTION('',(0.,1.,0.));
#6742=DIRECTION('center_axis',(0.,1.,0.));
#6743=DIRECTION('ref_axis',(1.,0.,0.));
#6744=DIRECTION('',(0.,1.,0.));
#6745=DIRECTION('center_axis',(0.,0.,-1.));
#6746=DIRECTION('ref_axis',(-1.,0.,0.));
#6747=DIRECTION('',(0.,0.,-1.));
#6748=DIRECTION('center_axis',(0.,0.,-1.));
#6749=DIRECTION('ref_axis',(-1.,0.,0.));
#6750=DIRECTION('',(0.,0.,-1.));
#6751=DIRECTION('center_axis',(0.,0.,-1.));
#6752=DIRECTION('ref_axis',(-1.,0.,0.));
#6753=DIRECTION('',(0.,0.,-1.));
#6754=DIRECTION('center_axis',(0.,0.,-1.));
#6755=DIRECTION('ref_axis',(-1.,0.,0.));
#6756=DIRECTION('',(0.,0.,-1.));
#6757=DIRECTION('center_axis',(0.,0.,-1.));
#6758=DIRECTION('ref_axis',(-1.,0.,0.));
#6759=DIRECTION('',(0.,0.,-1.));
#6760=DIRECTION('center_axis',(0.,0.,-1.));
#6761=DIRECTION('ref_axis',(-1.,0.,0.));
#6762=DIRECTION('',(0.,0.,-1.));
#6763=DIRECTION('center_axis',(0.,0.,-1.));
#6764=DIRECTION('ref_axis',(-1.,0.,0.));
#6765=DIRECTION('',(0.,0.,-1.));
#6766=DIRECTION('center_axis',(0.,0.,-1.));
#6767=DIRECTION('ref_axis',(-1.,0.,0.));
#6768=DIRECTION('',(0.,0.,-1.));
#6769=DIRECTION('center_axis',(0.,0.,-1.));
#6770=DIRECTION('ref_axis',(-1.,0.,0.));
#6771=DIRECTION('',(0.,0.,-1.));
#6772=DIRECTION('center_axis',(0.,0.,-1.));
#6773=DIRECTION('ref_axis',(-1.,0.,0.));
#6774=DIRECTION('',(0.,0.,-1.));
#6775=DIRECTION('center_axis',(0.,0.,-1.));
#6776=DIRECTION('ref_axis',(-1.,0.,0.));
#6777=DIRECTION('',(0.,0.,-1.));
#6778=DIRECTION('center_axis',(0.,0.,-1.));
#6779=DIRECTION('ref_axis',(-1.,0.,0.));
#6780=DIRECTION('',(0.,0.,-1.));
#6781=DIRECTION('center_axis',(0.,0.,-1.));
#6782=DIRECTION('ref_axis',(-1.,0.,0.));
#6783=DIRECTION('',(0.,0.,-1.));
#6784=DIRECTION('center_axis',(0.,0.,-1.));
#6785=DIRECTION('ref_axis',(-1.,0.,0.));
#6786=DIRECTION('',(0.,0.,-1.));
#6787=DIRECTION('center_axis',(0.,0.,-1.));
#6788=DIRECTION('ref_axis',(-1.,0.,0.));
#6789=DIRECTION('',(0.,0.,-1.));
#6790=DIRECTION('center_axis',(0.,0.,-1.));
#6791=DIRECTION('ref_axis',(-1.,0.,0.));
#6792=DIRECTION('',(0.,0.,-1.));
#6793=DIRECTION('center_axis',(0.,0.,-1.));
#6794=DIRECTION('ref_axis',(-1.,0.,0.));
#6795=DIRECTION('',(0.,0.,-1.));
#6796=DIRECTION('center_axis',(0.,0.,-1.));
#6797=DIRECTION('ref_axis',(-1.,0.,0.));
#6798=DIRECTION('',(0.,0.,-1.));
#6799=DIRECTION('center_axis',(0.,1.,0.));
#6800=DIRECTION('ref_axis',(-1.,0.,0.));
#6801=DIRECTION('center_axis',(0.,1.,0.));
#6802=DIRECTION('ref_axis',(1.,0.,0.));
#6803=DIRECTION('center_axis',(0.,1.,0.));
#6804=DIRECTION('ref_axis',(-1.,0.,0.));
#6805=DIRECTION('center_axis',(0.,1.,0.));
#6806=DIRECTION('ref_axis',(1.,0.,0.));
#6807=DIRECTION('center_axis',(-0.999999999999999,0.,3.9253696286614E-8));
#6808=DIRECTION('ref_axis',(3.9253696286614E-8,0.,0.999999999999999));
#6809=DIRECTION('center_axis',(0.,1.,0.));
#6810=DIRECTION('ref_axis',(1.,0.,0.));
#6811=DIRECTION('',(0.,1.,0.));
#6812=DIRECTION('center_axis',(0.,1.,0.));
#6813=DIRECTION('ref_axis',(1.,0.,0.));
#6814=DIRECTION('',(0.,1.,0.));
#6815=DIRECTION('center_axis',(0.,1.,0.));
#6816=DIRECTION('ref_axis',(1.,0.,0.));
#6817=DIRECTION('',(0.,1.,0.));
#6818=DIRECTION('center_axis',(0.,1.,0.));
#6819=DIRECTION('ref_axis',(1.,0.,0.));
#6820=DIRECTION('',(0.,1.,0.));
#6821=DIRECTION('center_axis',(0.,1.,0.));
#6822=DIRECTION('ref_axis',(1.,0.,0.));
#6823=DIRECTION('',(0.,1.,0.));
#6824=DIRECTION('center_axis',(0.,1.,0.));
#6825=DIRECTION('ref_axis',(1.,0.,0.));
#6826=DIRECTION('',(0.,1.,0.));
#6827=CARTESIAN_POINT('',(0.,0.,0.));
#6828=CARTESIAN_POINT('Origin',(65.,16.,-0.499999999999998));
#6829=CARTESIAN_POINT('',(59.4614458815612,16.05,-0.499999999999998));
#6830=CARTESIAN_POINT('',(59.4614458815612,16.,-0.499999999999998));
#6831=CARTESIAN_POINT('',(59.4614458815612,-38.,-0.499999999999998));
#6832=CARTESIAN_POINT('',(47.,16.05,-0.499999999999998));
#6833=CARTESIAN_POINT('',(47.,16.05,-0.499999999999998));
#6834=CARTESIAN_POINT('',(47.,16.,-0.499999999999998));
#6835=CARTESIAN_POINT('',(47.,16.,-0.499999999999998));
#6836=CARTESIAN_POINT('',(65.,16.,-0.499999999999998));
#6837=CARTESIAN_POINT('Origin',(47.,16.,24.5));
#6838=CARTESIAN_POINT('',(59.4614462264561,16.,24.5));
#6839=CARTESIAN_POINT('',(59.4614462264561,16.05,24.5));
#6840=CARTESIAN_POINT('',(59.4614462264561,-38.,24.5));
#6841=CARTESIAN_POINT('',(47.,16.,24.5));
#6842=CARTESIAN_POINT('',(56.,16.,24.5));
#6843=CARTESIAN_POINT('',(47.,16.05,24.5));
#6844=CARTESIAN_POINT('',(47.,16.,24.5));
#6845=CARTESIAN_POINT('',(65.,16.05,24.5));
#6846=CARTESIAN_POINT('Origin',(56.0000004842878,16.05,12.));
#6847=CARTESIAN_POINT('',(61.2490360928327,16.05,1.66970999468606));
#6848=CARTESIAN_POINT('Origin',(46.4999656366944,16.05,12.0000001788139));
#6849=CARTESIAN_POINT('',(51.5,16.05,1.66970999468606));
#6850=CARTESIAN_POINT('',(60.5000007264316,16.05,1.66970999468606));
#6851=CARTESIAN_POINT('',(51.5000007674098,16.05,21.2197099946861));
#6852=CARTESIAN_POINT('',(51.5000002027511,16.05,6.83485508566385));
#6853=CARTESIAN_POINT('',(61.967574550794,16.05,21.2197099946861));
#6854=CARTESIAN_POINT('',(53.7500006258488,16.05,21.2197099946861));
#6855=CARTESIAN_POINT('Origin',(46.4999656366944,16.05,12.0000001788139));
#6856=CARTESIAN_POINT('',(47.,16.05,24.5));
#6857=CARTESIAN_POINT('',(48.15,16.05,1.66970999468606));
#6858=CARTESIAN_POINT('Origin',(49.4,16.05,1.66970999468606));
#6859=CARTESIAN_POINT('',(48.15,16.05,22.1697099946861));
#6860=CARTESIAN_POINT('Origin',(49.4,16.05,22.1697099946861));
#6861=CARTESIAN_POINT('Origin',(65.,16.,24.5));
#6862=CARTESIAN_POINT('',(59.413039596703,16.,24.55));
#6863=CARTESIAN_POINT('Origin',(46.4999656366944,16.,12.0000001788139));
#6864=CARTESIAN_POINT('',(47.,16.,24.55));
#6865=CARTESIAN_POINT('',(65.,16.,24.55));
#6866=CARTESIAN_POINT('',(47.,16.,-0.499999999999998));
#6867=CARTESIAN_POINT('Origin',(65.,16.,24.5));
#6868=CARTESIAN_POINT('',(47.,16.,-0.549999999999998));
#6869=CARTESIAN_POINT('',(47.,16.,-0.499999999999998));
#6870=CARTESIAN_POINT('',(59.4130392491304,16.,-0.549999999999999));
#6871=CARTESIAN_POINT('',(65.,16.,-0.549999999999997));
#6872=CARTESIAN_POINT('Origin',(46.4999656366944,16.,12.0000001788139));
#6873=CARTESIAN_POINT('Origin',(-53.0000007897615,-18.,12.0000001788139));
#6874=CARTESIAN_POINT('',(-52.9983093339002,-18.,23.));
#6875=CARTESIAN_POINT('',(-56.7500007897615,-18.,1.65894104863261));
#6876=CARTESIAN_POINT('Origin',(-53.0000007897615,-18.,12.0000001788139));
#6877=CARTESIAN_POINT('',(-52.9983093338652,-18.1,23.0000002275814));
#6878=CARTESIAN_POINT('',(-52.9983093338652,-18.,23.0000002275814));
#6879=CARTESIAN_POINT('',(-56.7500007897615,-18.1,1.65894104863261));
#6880=CARTESIAN_POINT('Origin',(-53.0000007897615,-18.1,12.0000001788139));
#6881=CARTESIAN_POINT('',(-56.7500007897615,-18.,1.65894104863261));
#6882=CARTESIAN_POINT('Origin',(-48.2041692740746,-18.,23.0000001821387));
#6883=CARTESIAN_POINT('',(-48.2041692740746,-18.,23.0000001821387));
#6884=CARTESIAN_POINT('',(-15.,-18.,23.));
#6885=CARTESIAN_POINT('',(-48.2041692740746,-18.1,23.0000001821387));
#6886=CARTESIAN_POINT('',(-48.2041692740746,-18.,23.0000001821387));
#6887=CARTESIAN_POINT('',(-52.9983093338652,-18.1,23.0000002275814));
#6888=CARTESIAN_POINT('Origin',(-53.0000007897615,-18.,12.0000001788139));
#6889=CARTESIAN_POINT('',(-48.2041696765869,-18.,1.));
#6890=CARTESIAN_POINT('Origin',(-53.0000007897615,-18.,12.0000001788139));
#6891=CARTESIAN_POINT('',(-48.2041696765869,-18.1,1.));
#6892=CARTESIAN_POINT('',(-48.2041696765869,-18.,1.));
#6893=CARTESIAN_POINT('Origin',(-53.0000007897615,-18.1,12.0000001788139));
#6894=CARTESIAN_POINT('Origin',(-49.2500007897615,-18.,1.));
#6895=CARTESIAN_POINT('',(-49.2500007897615,-18.,1.));
#6896=CARTESIAN_POINT('',(-15.,-18.,1.));
#6897=CARTESIAN_POINT('',(-49.2500007897615,-18.1,1.));
#6898=CARTESIAN_POINT('',(-49.2500007897615,-18.,1.));
#6899=CARTESIAN_POINT('',(-28.9888076867248,-18.1,0.999999999999999));
#6900=CARTESIAN_POINT('Origin',(-49.2500007897615,-18.,5.77624093179735));
#6901=CARTESIAN_POINT('',(-49.2500007897615,-18.,5.77624093179735));
#6902=CARTESIAN_POINT('',(-49.2500007897615,-18.,0.));
#6903=CARTESIAN_POINT('',(-49.2500007897615,-18.1,5.77624093179735));
#6904=CARTESIAN_POINT('',(-49.2500007897615,-25.,5.77624093179735));
#6905=CARTESIAN_POINT('',(-49.2500007897615,-18.1,1.));
#6906=CARTESIAN_POINT('Origin',(-49.2500007897615,-18.,9.51253158604739));
#6907=CARTESIAN_POINT('',(-49.2500007897615,-18.,9.51253158604739));
#6908=CARTESIAN_POINT('',(-49.2500007897615,-18.,8.32426448921886));
#6909=CARTESIAN_POINT('',(-49.2500007897615,-18.,0.));
#6910=CARTESIAN_POINT('',(-49.2500007897615,-18.1,9.5125315860474));
#6911=CARTESIAN_POINT('',(-49.2500007897615,-18.,9.5125315860474));
#6912=CARTESIAN_POINT('',(-49.2500007897615,-18.1,8.32426448921886));
#6913=CARTESIAN_POINT('',(-49.2500007897615,-18.1,8.32426448921886));
#6914=CARTESIAN_POINT('',(-49.2500007897615,-25.,8.32426448921886));
#6915=CARTESIAN_POINT('Origin',(-53.0000007897615,-18.,12.0000001788139));
#6916=CARTESIAN_POINT('',(-56.7500007897615,-18.,9.51253158604739));
#6917=CARTESIAN_POINT('Origin',(-53.0000007897615,-18.,12.0000001788139));
#6918=CARTESIAN_POINT('',(-56.7500007897615,-18.1,9.51253158604739));
#6919=CARTESIAN_POINT('',(-56.7500007897615,-18.,9.51253158604739));
#6920=CARTESIAN_POINT('Origin',(-53.0000007897615,-18.1,12.0000001788139));
#6921=CARTESIAN_POINT('Origin',(-56.7500007897615,-18.,8.31552335095958));
#6922=CARTESIAN_POINT('',(-56.7500007897615,-18.,8.31552335095958));
#6923=CARTESIAN_POINT('',(-56.7500007897615,-18.,4.91746833467642));
#6924=CARTESIAN_POINT('',(-56.7500007897615,-18.1,8.31552335095958));
#6925=CARTESIAN_POINT('',(-56.7500007897615,-25.,8.31552335095958));
#6926=CARTESIAN_POINT('',(-56.7500007897615,-18.1,9.51253158604739));
#6927=CARTESIAN_POINT('Origin',(-56.7500007897615,-18.,1.65894104863261));
#6928=CARTESIAN_POINT('',(-56.7500007897615,-18.,6.13649996579331));
#6929=CARTESIAN_POINT('',(-56.7500007897615,-18.,4.91746833467642));
#6930=CARTESIAN_POINT('',(-56.7500007897615,-18.1,6.13649996579331));
#6931=CARTESIAN_POINT('',(-56.7500007897615,-18.1,6.13649996579331));
#6932=CARTESIAN_POINT('',(-56.7500007897615,-25.,6.13649996579331));
#6933=CARTESIAN_POINT('Origin',(-52.5000008791685,-18.1,12.0000001788139));
#6934=CARTESIAN_POINT('Origin',(-48.0502533214557,-18.1,7.0502527105081));
#6935=CARTESIAN_POINT('',(-59.8694767010957,-18.1,7.22601165837645));
#6936=CARTESIAN_POINT('Origin',(-58.1194767010957,-18.1,7.22601165837645));
#6937=CARTESIAN_POINT('Origin',(-58.1194767010957,-18.1,7.22601165837645));
#6938=CARTESIAN_POINT('',(-59.8694767010957,-18.1,16.7739886992514));
#6939=CARTESIAN_POINT('Origin',(-58.1194767010957,-18.1,16.7739886992514));
#6940=CARTESIAN_POINT('',(-49.8002533214557,-18.1,16.9497476471198));
#6941=CARTESIAN_POINT('Origin',(-48.0502533214557,-18.1,16.9497476471198));
#6942=CARTESIAN_POINT('Origin',(-48.0502533214557,-25.,7.0502527105081));
#6943=CARTESIAN_POINT('',(-49.8002533214557,-21.5,7.0502527105081));
#6944=CARTESIAN_POINT('Origin',(-48.0502533214557,-21.5,7.0502527105081));
#6945=CARTESIAN_POINT('',(-49.8002533214557,-18.1650017057717,7.0502527105081));
#6946=CARTESIAN_POINT('',(-49.8002533214557,-25.,7.0502527105081));
#6947=CARTESIAN_POINT('Ctrl Pts',(-49.2500007897615,-18.,8.32426448921886));
#6948=CARTESIAN_POINT('Ctrl Pts',(-49.2535335831488,-18.,8.32093762835837));
#6949=CARTESIAN_POINT('Ctrl Pts',(-49.2570377914974,-18.0000187221254,8.31760995524202));
#6950=CARTESIAN_POINT('Ctrl Pts',(-49.4266958257917,-18.001802230421,8.15516906154016));
#6951=CARTESIAN_POINT('Ctrl Pts',(-49.5660140272485,-18.0457391851558,7.95658278262131));
#6952=CARTESIAN_POINT('Ctrl Pts',(-49.7528055504378,-18.1295588978158,7.51959042310672));
#6953=CARTESIAN_POINT('Ctrl Pts',(-49.8002533214557,-18.1650017057717,7.28033348428111));
#6954=CARTESIAN_POINT('Ctrl Pts',(-49.8002533214557,-18.1650017057717,7.0502527105081));
#6955=CARTESIAN_POINT('Ctrl Pts',(-49.8002533214557,-18.1650017057717,7.0502527105081));
#6956=CARTESIAN_POINT('Ctrl Pts',(-49.8002533214557,-18.1650017057717,6.82017193673509));
#6957=CARTESIAN_POINT('Ctrl Pts',(-49.7528055504378,-18.1295588978158,6.58091499790948));
#6958=CARTESIAN_POINT('Ctrl Pts',(-49.5660140272485,-18.0457391851558,6.1439226383949));
#6959=CARTESIAN_POINT('Ctrl Pts',(-49.4266958257917,-18.001802230421,5.94533635947604));
#6960=CARTESIAN_POINT('Ctrl Pts',(-49.2570377914974,-18.0000187221254,5.78289546577418));
#6961=CARTESIAN_POINT('Ctrl Pts',(-49.2535335831488,-18.,5.77956779265783));
#6962=CARTESIAN_POINT('Ctrl Pts',(-49.2500007897615,-18.,5.77624093179734));
#6963=CARTESIAN_POINT('Origin',(-30.,-18.,0.));
#6964=CARTESIAN_POINT('',(-28.9888076867248,-18.,23.));
#6965=CARTESIAN_POINT('',(-15.,-18.,23.));
#6966=CARTESIAN_POINT('',(-30.8690810087407,-18.,21.));
#6967=CARTESIAN_POINT('Origin',(-23.4851518109745,-18.,21.));
#6968=CARTESIAN_POINT('',(-30.8690810087407,-18.,3.));
#6969=CARTESIAN_POINT('',(-30.8690810087407,-18.,0.));
#6970=CARTESIAN_POINT('',(-28.9888076867248,-18.,1.));
#6971=CARTESIAN_POINT('Origin',(-23.4851518109745,-18.,3.));
#6972=CARTESIAN_POINT('',(-15.,-18.,1.));
#6973=CARTESIAN_POINT('Origin',(-53.0000007897615,18.1,12.1596769865157));
#6974=CARTESIAN_POINT('',(-49.6858906841234,18.1,7.6724989783518));
#6975=CARTESIAN_POINT('',(-49.6858906921677,18.1000000019482,9.64762581522952));
#6976=CARTESIAN_POINT('',(-49.6858906841243,18.1,4.91746833466933));
#6977=CARTESIAN_POINT('',(-49.6858906841238,18.1,6.42800644266546));
#6978=CARTESIAN_POINT('Origin',(-48.0502533214557,18.1,7.0502527105081));
#6979=CARTESIAN_POINT('',(-49.6858906841256,18.1,1.00000000000014));
#6980=CARTESIAN_POINT('',(-49.6858906841243,18.1,4.91746833466933));
#6981=CARTESIAN_POINT('',(-49.336719570734,18.1,0.57282339363163));
#6982=CARTESIAN_POINT('Origin',(-49.2500007897715,18.1,1.));
#6983=CARTESIAN_POINT('',(-49.364010555521,18.1,23.4358898943541));
#6984=CARTESIAN_POINT('Origin',(-53.0000007897615,18.1,12.0000001788139));
#6985=CARTESIAN_POINT('',(-52.9983888478124,18.1,23.4358901383766));
#6986=CARTESIAN_POINT('',(-32.5,18.1,23.4358898943541));
#6987=CARTESIAN_POINT('',(-56.8985996149766,18.1,1.24916258513715));
#6988=CARTESIAN_POINT('Origin',(-53.0000007897615,18.1,12.0000001788139));
#6989=CARTESIAN_POINT('',(-56.314110895417,18.1,1.65894104863593));
#6990=CARTESIAN_POINT('Origin',(-56.7500007897711,18.1,1.65894104863608));
#6991=CARTESIAN_POINT('',(-56.3141108873695,18.1000000019482,9.64762581524932));
#6992=CARTESIAN_POINT('',(-56.3141108954176,18.1,0.159676926912074));
#6993=CARTESIAN_POINT('Origin',(-53.0000007897615,18.1,12.0000001788139));
#6994=CARTESIAN_POINT('',(-59.8694767010957,18.1,7.22601165837645));
#6995=CARTESIAN_POINT('Origin',(-58.1194767010957,18.1,7.22601165837645));
#6996=CARTESIAN_POINT('',(-59.8694767010957,18.1,16.7739886992514));
#6997=CARTESIAN_POINT('Origin',(-58.1194767010957,18.1,16.7739886992514));
#6998=CARTESIAN_POINT('',(-49.8002533214557,18.1,16.9497476471198));
#6999=CARTESIAN_POINT('Origin',(-48.0502533214557,18.1,16.9497476471198));
#7000=CARTESIAN_POINT('Origin',(-53.0000007897615,18.,12.0000001788139));
#7001=CARTESIAN_POINT('',(-49.2500007897715,18.0830546762836,0.600987126379801));
#7002=CARTESIAN_POINT('Ctrl Pts',(-49.2500007897715,18.0830546762836,0.600987126379802));
#7003=CARTESIAN_POINT('Ctrl Pts',(-49.2787728334535,18.087173547333,0.591521818873723));
#7004=CARTESIAN_POINT('Ctrl Pts',(-49.3079160644626,18.0928419623848,0.582057112996436));
#7005=CARTESIAN_POINT('Ctrl Pts',(-49.336719570734,18.1,0.572823393631634));
#7006=CARTESIAN_POINT('',(-48.2041698257281,18.,0.999999999999999));
#7007=CARTESIAN_POINT('Ctrl Pts',(-48.2041698257281,18.,0.999999999999999));
#7008=CARTESIAN_POINT('Ctrl Pts',(-48.5384663902605,18.,0.854251837336995));
#7009=CARTESIAN_POINT('Ctrl Pts',(-48.8889748813055,18.0313718977197,0.719755931233014));
#7010=CARTESIAN_POINT('Ctrl Pts',(-49.2500007897715,18.0830546762836,0.600987126379803));
#7011=CARTESIAN_POINT('',(-48.2041690054518,18.,23.));
#7012=CARTESIAN_POINT('Origin',(-53.0000007897615,18.,12.0000001788139));
#7013=CARTESIAN_POINT('Ctrl Pts',(-49.364010555521,18.1,23.4358898943541));
#7014=CARTESIAN_POINT('Ctrl Pts',(-48.96198509301,18.0380928799506,23.3080676879524));
#7015=CARTESIAN_POINT('Ctrl Pts',(-48.5613836286411,18.,23.1557401155963));
#7016=CARTESIAN_POINT('Ctrl Pts',(-48.2041690054518,18.,23.));
#7017=CARTESIAN_POINT('Origin',(-53.0000007897615,19.,12.0000001788139));
#7018=CARTESIAN_POINT('',(-55.7500007897684,19.,9.8349366693615));
#7019=CARTESIAN_POINT('Ctrl Pts',(-56.3141108873695,18.1000000038963,9.64762581524933));
#7020=CARTESIAN_POINT('Ctrl Pts',(-56.2013936149735,18.1545914717586,9.68356310295554));
#7021=CARTESIAN_POINT('Ctrl Pts',(-56.0990869053654,18.2302846000207,9.7170314493367));
#7022=CARTESIAN_POINT('Ctrl Pts',(-55.9292140469122,18.4154238081462,9.77354560307412));
#7023=CARTESIAN_POINT('Ctrl Pts',(-55.8623272221971,18.5225335412631,9.79631420309557));
#7024=CARTESIAN_POINT('Ctrl Pts',(-55.772842775948,18.7546823635834,9.82698586054151));
#7025=CARTESIAN_POINT('Ctrl Pts',(-55.7500007897684,18.8765490482771,9.83493666936149));
#7026=CARTESIAN_POINT('Ctrl Pts',(-55.7500007897684,19.,9.83493666936149));
#7027=CARTESIAN_POINT('',(-50.2500007897687,19.,9.83493666934379));
#7028=CARTESIAN_POINT('Origin',(-53.0000007897615,19.,12.0000001788139));
#7029=CARTESIAN_POINT('Ctrl Pts',(-49.6858906921677,18.1000000038963,9.64762581522952));
#7030=CARTESIAN_POINT('Ctrl Pts',(-49.7986079645638,18.1545914717587,9.6835631029362));
#7031=CARTESIAN_POINT('Ctrl Pts',(-49.900914674172,18.2302846000209,9.71703144931778));
#7032=CARTESIAN_POINT('Ctrl Pts',(-50.0707875326252,18.4154238081467,9.77354560305584));
#7033=CARTESIAN_POINT('Ctrl Pts',(-50.1376743573401,18.5225335412635,9.79631420307752));
#7034=CARTESIAN_POINT('Ctrl Pts',(-50.2271588035891,18.7546823635837,9.82698586052373));
#7035=CARTESIAN_POINT('Ctrl Pts',(-50.2500007897687,18.8765490482773,9.83493666934379));
#7036=CARTESIAN_POINT('Ctrl Pts',(-50.2500007897687,19.,9.83493666934379));
#7037=CARTESIAN_POINT('Origin',(-56.7500007897716,19.,0.159676926912221));
#7038=CARTESIAN_POINT('',(-55.7500007897711,19.,1.65894104863574));
#7039=CARTESIAN_POINT('Origin',(-56.7500007897711,19.,1.65894104863608));
#7040=CARTESIAN_POINT('',(-55.7500007897716,19.,0.159676926911885));
#7041=CARTESIAN_POINT('Origin',(-56.7500007897711,19.,1.65894104863608));
#7042=CARTESIAN_POINT('',(-57.0909098751393,19.,0.718844779356482));
#7043=CARTESIAN_POINT('Origin',(-56.7500007897711,19.,1.65894104863608));
#7044=CARTESIAN_POINT('Origin',(-56.7500007897711,19.,1.65894104863608));
#7045=CARTESIAN_POINT('Origin',(-53.0000007897615,19.,12.0000001788139));
#7046=CARTESIAN_POINT('',(-52.9983093339002,19.,24.));
#7047=CARTESIAN_POINT('Origin',(-52.9984502885224,19.,23.0000002483527));
#7048=CARTESIAN_POINT('Origin',(-53.0000007897615,19.,12.0000001788139));
#7049=CARTESIAN_POINT('Origin',(-32.5,19.,23.));
#7050=CARTESIAN_POINT('',(-28.9888076867248,18.,23.));
#7051=CARTESIAN_POINT('',(-32.5,18.,23.));
#7052=CARTESIAN_POINT('',(-25.734161726412,19.,24.));
#7053=CARTESIAN_POINT('Ctrl Pts',(-25.734161726412,19.,24.));
#7054=CARTESIAN_POINT('Ctrl Pts',(-26.2489636844999,18.7444014501162,24.));
#7055=CARTESIAN_POINT('Ctrl Pts',(-26.8005553857546,18.4712238013937,23.8903596847264));
#7056=CARTESIAN_POINT('Ctrl Pts',(-27.9062743068942,18.0958746210867,23.5049155834845));
#7057=CARTESIAN_POINT('Ctrl Pts',(-28.4655038713578,18.,23.2377073654227));
#7058=CARTESIAN_POINT('Ctrl Pts',(-28.9888076867248,18.,23.));
#7059=CARTESIAN_POINT('',(-32.5,19.,24.));
#7060=CARTESIAN_POINT('Origin',(-27.0000004023314,26.5,19.0000002831221));
#7061=CARTESIAN_POINT('',(-25.9000004023314,26.5,19.0000002831221));
#7062=CARTESIAN_POINT('Origin',(-27.0000004023314,26.5,19.0000002831221));
#7063=CARTESIAN_POINT('',(-25.9000004023314,15.790547488341,19.0000002831221));
#7064=CARTESIAN_POINT('',(-25.9000004023314,26.5,19.0000002831221));
#7065=CARTESIAN_POINT('Origin',(-27.0000004023314,16.2796516014218,19.0000002831221));
#7066=CARTESIAN_POINT('Origin',(-27.0000004023314,26.5,6.00000008940697));
#7067=CARTESIAN_POINT('',(-25.9000004023314,26.5,6.00000008940697));
#7068=CARTESIAN_POINT('Origin',(-27.0000004023314,26.5,6.00000008940697));
#7069=CARTESIAN_POINT('',(-25.9000004023314,15.790547488341,6.00000008940697));
#7070=CARTESIAN_POINT('',(-25.9000004023314,26.5,6.00000008940697));
#7071=CARTESIAN_POINT('Origin',(-27.0000004023314,16.2796516014218,6.00000008940697));
#7072=CARTESIAN_POINT('Origin',(-7.00000010430813,26.5,19.0000002831221));
#7073=CARTESIAN_POINT('',(-5.90000010430813,23.9620001878441,19.0000002831221));
#7074=CARTESIAN_POINT('Origin',(-7.00000010430813,24.1600001704693,19.0000002831221));
#7075=CARTESIAN_POINT('',(-5.90000010430813,11.5,19.0000002831221));
#7076=CARTESIAN_POINT('',(-5.90000010430813,26.5,19.0000002831221));
#7077=CARTESIAN_POINT('Origin',(-7.00000010430813,11.5,19.0000002831221));
#7078=CARTESIAN_POINT('Origin',(-7.00000010430813,11.5,19.0000002831221));
#7079=CARTESIAN_POINT('Origin',(-7.00000010430813,26.5,6.00000008940697));
#7080=CARTESIAN_POINT('',(-5.90000010430813,23.9620001878441,6.00000008940697));
#7081=CARTESIAN_POINT('Origin',(-7.00000010430813,24.1600001704693,6.00000008940697));
#7082=CARTESIAN_POINT('',(-5.90000010430813,11.5,6.00000008940697));
#7083=CARTESIAN_POINT('',(-5.90000010430813,26.5,6.00000008940697));
#7084=CARTESIAN_POINT('Origin',(-7.00000010430813,11.5,6.00000008940697));
#7085=CARTESIAN_POINT('Origin',(-7.00000010430813,11.5,6.00000008940697));
#7086=CARTESIAN_POINT('Origin',(30.0000004470348,22.0000003746578,19.0000002831221));
#7087=CARTESIAN_POINT('',(31.1000004470348,22.0000003746578,19.0000002831221));
#7088=CARTESIAN_POINT('Origin',(30.0000004470348,22.0000000936645,19.0000002831221));
#7089=CARTESIAN_POINT('',(31.1000004470348,10.0000001490116,19.0000002831221));
#7090=CARTESIAN_POINT('',(31.1000004470348,22.0000003746578,19.0000002831221));
#7091=CARTESIAN_POINT('Origin',(30.0000004470348,10.0000001490116,19.0000002831221));
#7092=CARTESIAN_POINT('Origin',(30.0000004470348,22.0000003746578,6.00000008940697));
#7093=CARTESIAN_POINT('',(31.1000004470348,22.0000003746578,6.00000008940697));
#7094=CARTESIAN_POINT('Origin',(30.0000004470348,22.0000000936645,6.00000008940697));
#7095=CARTESIAN_POINT('',(31.1000004470348,10.0000001490116,6.00000008940697));
#7096=CARTESIAN_POINT('',(31.1000004470348,22.0000003746578,6.00000008940697));
#7097=CARTESIAN_POINT('Origin',(30.0000004470348,10.0000001490116,6.00000008940697));
#7098=CARTESIAN_POINT('Origin',(-67.0000009983778,-26.5,13.0000001937151));
#7099=CARTESIAN_POINT('',(-64.7860812428131,-24.5,13.0000001937151));
#7100=CARTESIAN_POINT('',(-61.9442728780228,-26.5,13.0000001937151));
#7101=CARTESIAN_POINT('Ctrl Pts',(-64.7860812428131,-24.5,13.0000001937151));
#7102=CARTESIAN_POINT('Ctrl Pts',(-64.7682548155671,-24.5502402394668,13.0000001937151));
#7103=CARTESIAN_POINT('Ctrl Pts',(-64.7493838583569,-24.5991457588726,13.0000001937151));
#7104=CARTESIAN_POINT('Ctrl Pts',(-64.5878075917717,-24.9884825253837,13.0000001937151));
#7105=CARTESIAN_POINT('Ctrl Pts',(-64.3404222273657,-25.3577598521914,13.0000001937151));
#7106=CARTESIAN_POINT('Ctrl Pts',(-63.8152570994884,-25.881754797841,13.0000001937151));
#7107=CARTESIAN_POINT('Ctrl Pts',(-63.4442556126324,-26.1288564184023,13.0000001937151));
#7108=CARTESIAN_POINT('Ctrl Pts',(-62.7562468432141,-26.413108545003,13.0000001937151));
#7109=CARTESIAN_POINT('Ctrl Pts',(-62.3172229371187,-26.5,13.0000001937151));
#7110=CARTESIAN_POINT('Ctrl Pts',(-61.9442728780228,-26.5,13.0000001937151));
#7111=CARTESIAN_POINT('',(-59.0000008791685,-24.5,13.0000001937151));
#7112=CARTESIAN_POINT('',(-67.0000009983778,-24.5,13.0000001937151));
#7113=CARTESIAN_POINT('',(-59.0000008791685,-26.5,13.0000001937151));
#7114=CARTESIAN_POINT('',(-59.0000008791685,-26.5,13.0000001937151));
#7115=CARTESIAN_POINT('',(-66.0000004991889,-26.5,13.0000001937151));
#7116=CARTESIAN_POINT('Origin',(-59.0000008791685,-26.5,11.0000001639128));
#7117=CARTESIAN_POINT('',(-61.9442728780228,-26.5,11.0000001639128));
#7118=CARTESIAN_POINT('',(-64.7860812428131,-24.5,11.0000001639128));
#7119=CARTESIAN_POINT('Ctrl Pts',(-61.9442728780228,-26.5,11.0000001639128));
#7120=CARTESIAN_POINT('Ctrl Pts',(-62.3172229371187,-26.5,11.0000001639128));
#7121=CARTESIAN_POINT('Ctrl Pts',(-62.7562468432141,-26.413108545003,11.0000001639128));
#7122=CARTESIAN_POINT('Ctrl Pts',(-63.4442556126324,-26.1288564184023,11.0000001639128));
#7123=CARTESIAN_POINT('Ctrl Pts',(-63.8152570994884,-25.881754797841,11.0000001639128));
#7124=CARTESIAN_POINT('Ctrl Pts',(-64.3404222273657,-25.3577598521914,11.0000001639128));
#7125=CARTESIAN_POINT('Ctrl Pts',(-64.5878075917717,-24.9884825253837,11.0000001639128));
#7126=CARTESIAN_POINT('Ctrl Pts',(-64.7493838583569,-24.5991457588726,11.0000001639128));
#7127=CARTESIAN_POINT('Ctrl Pts',(-64.7682548155671,-24.5502402394668,11.0000001639128));
#7128=CARTESIAN_POINT('Ctrl Pts',(-64.7860812428131,-24.5,11.0000001639128));
#7129=CARTESIAN_POINT('',(-59.0000008791685,-26.5,11.0000001639128));
#7130=CARTESIAN_POINT('',(-62.0000004395842,-26.5,11.0000001639128));
#7131=CARTESIAN_POINT('',(-59.0000008791685,-24.5,11.0000001639128));
#7132=CARTESIAN_POINT('',(-59.0000008791685,-26.5,11.0000001639128));
#7133=CARTESIAN_POINT('',(-59.0000008791685,-24.5,11.0000001639128));
#7134=CARTESIAN_POINT('Origin',(-59.0000008791685,-26.5,13.0000001937151));
#7135=CARTESIAN_POINT('',(-59.0000008791685,-26.5,6.50000009685755));
#7136=CARTESIAN_POINT('',(-59.0000008791685,-24.5,13.0000001937151));
#7137=CARTESIAN_POINT('Origin',(-63.0000009387732,-24.5,12.0000001788139));
#7138=CARTESIAN_POINT('Origin',(-53.0000007897615,-24.5,12.0000001788139));
#7139=CARTESIAN_POINT('Origin',(-65.,-26.5,0.));
#7140=CARTESIAN_POINT('',(-61.0329273416676,-26.5,7.94141739287341));
#7141=CARTESIAN_POINT('Origin',(-53.0000007897615,-26.5,12.0000001788139));
#7142=CARTESIAN_POINT('',(-57.6090457021257,-26.5,4.26975385580062));
#7143=CARTESIAN_POINT('Origin',(-58.1194767010957,-26.5,7.22601165837645));
#7144=CARTESIAN_POINT('',(-53.0000007897615,-26.5,3.));
#7145=CARTESIAN_POINT('Origin',(-53.0000007897615,-26.5,12.0000001788139));
#7146=CARTESIAN_POINT('',(-20.3333330248905,-26.5,3.));
#7147=CARTESIAN_POINT('',(-32.5,-26.5,3.));
#7148=CARTESIAN_POINT('',(-20.3333330248905,-26.5,21.));
#7149=CARTESIAN_POINT('',(-20.3333330248905,-26.5,12.));
#7150=CARTESIAN_POINT('',(-52.9983093339002,-26.5,21.));
#7151=CARTESIAN_POINT('',(-32.5,-26.5,21.));
#7152=CARTESIAN_POINT('',(-57.6090457021257,-26.5,19.7302465018273));
#7153=CARTESIAN_POINT('Origin',(-53.0000007897615,-26.5,12.0000001788139));
#7154=CARTESIAN_POINT('',(-61.0329273416676,-26.5,16.0585829647545));
#7155=CARTESIAN_POINT('Origin',(-58.1194767010957,-26.5,16.7739886992514));
#7156=CARTESIAN_POINT('Origin',(-53.0000007897615,-26.5,12.0000001788139));
#7157=CARTESIAN_POINT('',(-51.0502533214557,-26.5,16.9497476471198));
#7158=CARTESIAN_POINT('Origin',(-48.0502533214557,-26.5,16.9497476471198));
#7159=CARTESIAN_POINT('',(-51.0502533214557,-26.5,7.0502527105081));
#7160=CARTESIAN_POINT('Origin',(-48.0502533214557,-26.5,7.0502527105081));
#7161=CARTESIAN_POINT('',(-51.2500007897615,-26.5,12.0000001788139));
#7162=CARTESIAN_POINT('Origin',(-53.0000007897615,-26.5,12.0000001788139));
#7163=CARTESIAN_POINT('Origin',(-62.5000009313226,24.5,12.0000001788139));
#7164=CARTESIAN_POINT('',(-64.7860812428131,24.5,13.0000001937151));
#7165=CARTESIAN_POINT('',(-64.7860812428131,24.5,11.0000001639128));
#7166=CARTESIAN_POINT('Origin',(-53.0000007897615,24.5,12.0000001788139));
#7167=CARTESIAN_POINT('',(-59.0000008791685,24.5,13.0000001937151));
#7168=CARTESIAN_POINT('',(-59.0000008791685,24.5,13.0000001937151));
#7169=CARTESIAN_POINT('',(-59.0000008791685,24.5,11.0000001639128));
#7170=CARTESIAN_POINT('',(-59.0000008791685,24.5,11.0000001639128));
#7171=CARTESIAN_POINT('',(-66.0000009834766,24.5,11.0000001639128));
#7172=CARTESIAN_POINT('Origin',(-66.0000009834766,26.5,11.0000001639128));
#7173=CARTESIAN_POINT('',(-61.9442728780228,26.5,11.0000001639128));
#7174=CARTESIAN_POINT('Ctrl Pts',(-64.7860812428131,24.5,11.0000001639128));
#7175=CARTESIAN_POINT('Ctrl Pts',(-64.7682548155671,24.5502402394668,11.0000001639128));
#7176=CARTESIAN_POINT('Ctrl Pts',(-64.7493838583569,24.5991457588726,11.0000001639128));
#7177=CARTESIAN_POINT('Ctrl Pts',(-64.5878075917717,24.9884825253837,11.0000001639128));
#7178=CARTESIAN_POINT('Ctrl Pts',(-64.3404222273657,25.3577598521914,11.0000001639128));
#7179=CARTESIAN_POINT('Ctrl Pts',(-63.8152570994884,25.8817547978411,11.0000001639128));
#7180=CARTESIAN_POINT('Ctrl Pts',(-63.4442556126324,26.1288564184023,11.0000001639128));
#7181=CARTESIAN_POINT('Ctrl Pts',(-62.7562468432141,26.4131085450031,11.0000001639128));
#7182=CARTESIAN_POINT('Ctrl Pts',(-62.3172229371187,26.5,11.0000001639128));
#7183=CARTESIAN_POINT('Ctrl Pts',(-61.9442728780228,26.5,11.0000001639128));
#7184=CARTESIAN_POINT('',(-59.0000008791685,26.5,11.0000001639128));
#7185=CARTESIAN_POINT('',(-59.0000008791685,26.5,11.0000001639128));
#7186=CARTESIAN_POINT('',(-0.500000491738302,26.5,11.0000001639128));
#7187=CARTESIAN_POINT('Origin',(-59.0000008791685,26.5,11.0000001639128));
#7188=CARTESIAN_POINT('',(-59.0000008791685,26.5,13.0000001937151));
#7189=CARTESIAN_POINT('',(-59.0000008791685,26.5,5.50000008195639));
#7190=CARTESIAN_POINT('',(-59.0000008791685,26.5,13.0000001937151));
#7191=CARTESIAN_POINT('Origin',(-59.0000008791685,26.5,13.0000001937151));
#7192=CARTESIAN_POINT('',(-61.9442728780228,26.5,13.0000001937151));
#7193=CARTESIAN_POINT('Ctrl Pts',(-61.9442728780228,26.5,13.0000001937151));
#7194=CARTESIAN_POINT('Ctrl Pts',(-62.3172229371187,26.5,13.0000001937151));
#7195=CARTESIAN_POINT('Ctrl Pts',(-62.7562468432141,26.4131085450031,13.0000001937151));
#7196=CARTESIAN_POINT('Ctrl Pts',(-63.4442556126324,26.1288564184023,13.0000001937151));
#7197=CARTESIAN_POINT('Ctrl Pts',(-63.8152570994884,25.8817547978411,13.0000001937151));
#7198=CARTESIAN_POINT('Ctrl Pts',(-64.3404222273657,25.3577598521914,13.0000001937151));
#7199=CARTESIAN_POINT('Ctrl Pts',(-64.5878075917717,24.9884825253837,13.0000001937151));
#7200=CARTESIAN_POINT('Ctrl Pts',(-64.7493838583569,24.5991457588726,13.0000001937151));
#7201=CARTESIAN_POINT('Ctrl Pts',(-64.7682548155671,24.5502402394668,13.0000001937151));
#7202=CARTESIAN_POINT('Ctrl Pts',(-64.7860812428131,24.5,13.0000001937151));
#7203=CARTESIAN_POINT('',(2.99999956041576,26.5,13.0000001937151));
#7204=CARTESIAN_POINT('Origin',(-53.0000007897615,23.5,12.0000001788139));
#7205=CARTESIAN_POINT('',(-61.0329273416676,26.5,7.94141739287341));
#7206=CARTESIAN_POINT('Origin',(-53.0000007897615,26.5,12.0000001788139));
#7207=CARTESIAN_POINT('',(-57.6090457021257,26.5,4.26975385580062));
#7208=CARTESIAN_POINT('Ctrl Pts',(-61.0329273416677,26.5,7.94141739287341));
#7209=CARTESIAN_POINT('Ctrl Pts',(-61.1136462676047,26.5,7.61269399139974));
#7210=CARTESIAN_POINT('Ctrl Pts',(-61.1381428603901,26.4762560857558,7.27254394240107));
#7211=CARTESIAN_POINT('Ctrl Pts',(-61.0676569892228,26.4149095559451,6.54748646913419));
#7212=CARTESIAN_POINT('Ctrl Pts',(-60.9543588871209,26.376565077334,6.16918154409036));
#7213=CARTESIAN_POINT('Ctrl Pts',(-60.5906500201411,26.3301014325096,5.48180476177018));
#7214=CARTESIAN_POINT('Ctrl Pts',(-60.3464882160908,26.3224425212189,5.1790711792067));
#7215=CARTESIAN_POINT('Ctrl Pts',(-59.7584730366474,26.3450340195836,4.68448736784526));
#7216=CARTESIAN_POINT('Ctrl Pts',(-59.4231931806504,26.3742543205817,4.49756530504875));
#7217=CARTESIAN_POINT('Ctrl Pts',(-58.6890702194794,26.4420480306658,4.25437818868694));
#7218=CARTESIAN_POINT('Ctrl Pts',(-58.2946197539905,26.4800296611788,4.20534356448656));
#7219=CARTESIAN_POINT('Ctrl Pts',(-57.8034246154908,26.4979647793335,4.24107559687343));
#7220=CARTESIAN_POINT('Ctrl Pts',(-57.7057111637572,26.5,4.25306348187468));
#7221=CARTESIAN_POINT('Ctrl Pts',(-57.6090457021257,26.5,4.26975385580062));
#7222=CARTESIAN_POINT('',(-53.0000007897616,26.5,3.));
#7223=CARTESIAN_POINT('Origin',(-53.0000007897615,26.5,12.0000001788139));
#7224=CARTESIAN_POINT('',(-53.0000007897615,23.5,0.));
#7225=CARTESIAN_POINT('Origin',(-53.0000007897616,23.5,3.));
#7226=CARTESIAN_POINT('',(-52.9983093339002,23.5,24.));
#7227=CARTESIAN_POINT('Origin',(-53.0000007897615,23.5,12.0000001788139));
#7228=CARTESIAN_POINT('',(-52.9987321978341,26.5,21.0000002682209));
#7229=CARTESIAN_POINT('Origin',(-52.9987321978341,23.5,21.0000002682209));
#7230=CARTESIAN_POINT('',(-57.6090457021257,26.5,19.7302465018273));
#7231=CARTESIAN_POINT('Origin',(-53.0000007897615,26.5,12.0000001788139));
#7232=CARTESIAN_POINT('',(-61.0329273416676,26.5,16.0585829647545));
#7233=CARTESIAN_POINT('Ctrl Pts',(-57.6090457021257,26.5,19.7302465018272));
#7234=CARTESIAN_POINT('Ctrl Pts',(-57.9425990175528,26.5,19.7878382151937));
#7235=CARTESIAN_POINT('Ctrl Pts',(-58.2836292740594,26.4762560857558,19.7885474675482));
#7236=CARTESIAN_POINT('Ctrl Pts',(-59.0020036979413,26.4149095559451,19.6676558438235));
#7237=CARTESIAN_POINT('Ctrl Pts',(-59.3714838151167,26.376565077334,19.5282445126329));
#7238=CARTESIAN_POINT('Ctrl Pts',(-60.0318151341126,26.3301014325096,19.1174726417049));
#7239=CARTESIAN_POINT('Ctrl Pts',(-60.3167794064107,26.3224425212189,18.8527879763341));
#7240=CARTESIAN_POINT('Ctrl Pts',(-60.7691405710394,26.3450340195836,18.2317047496628));
#7241=CARTESIAN_POINT('Ctrl Pts',(-60.9322193606138,26.3742543205817,17.8842025945784));
#7242=CARTESIAN_POINT('Ctrl Pts',(-61.1236042563168,26.4420480306658,17.1349040443464));
#7243=CARTESIAN_POINT('Ctrl Pts',(-61.1450039610979,26.4800296611788,16.7379939578908));
#7244=CARTESIAN_POINT('Ctrl Pts',(-61.075094929364,26.4979647793335,16.2504878866402));
#7245=CARTESIAN_POINT('Ctrl Pts',(-61.0563201004178,26.5,16.1538486925493));
#7246=CARTESIAN_POINT('Ctrl Pts',(-61.0329273416676,26.5,16.0585829647545));
#7247=CARTESIAN_POINT('Origin',(-53.0000007897615,26.5,12.0000001788139));
#7248=CARTESIAN_POINT('Origin',(-21.759989771862,26.5,15.));
#7249=CARTESIAN_POINT('',(-22.2362146560998,23.8543059665155,15.9961064069513));
#7250=CARTESIAN_POINT('',(-21.759989771862,26.5,15.9961064069513));
#7251=CARTESIAN_POINT('',(-21.7089586626214,26.7835061873259,15.9961064069513));
#7252=CARTESIAN_POINT('',(-21.759989771862,26.5,16.));
#7253=CARTESIAN_POINT('',(-21.759989771862,26.5,7.5));
#7254=CARTESIAN_POINT('',(-22.2362146560998,23.8543059665155,16.));
#7255=CARTESIAN_POINT('',(-21.7047557063267,26.8068559465676,16.));
#7256=CARTESIAN_POINT('',(-22.2362146560998,23.8543059665155,15.));
#7257=CARTESIAN_POINT('Origin',(40.,22.0000003746578,16.));
#7258=CARTESIAN_POINT('',(40.,22.0000003746578,16.));
#7259=CARTESIAN_POINT('',(5.00000007450581,22.0000003746578,16.));
#7260=CARTESIAN_POINT('',(40.,22.,16.));
#7261=CARTESIAN_POINT('',(45.1961522063979,22.,16.));
#7262=CARTESIAN_POINT('',(52.5,22.,16.));
#7263=CARTESIAN_POINT('',(40.,19.0000003746578,16.));
#7264=CARTESIAN_POINT('Origin',(45.1961522063979,16.,16.));
#7265=CARTESIAN_POINT('',(5.00000007450581,19.0000003746578,16.));
#7266=CARTESIAN_POINT('',(40.,19.0000003746578,16.));
#7267=CARTESIAN_POINT('',(4.46854111656738,19.0474503492431,16.));
#7268=CARTESIAN_POINT('Origin',(2.95585397077183,-0.89526204398324,16.));
#7269=CARTESIAN_POINT('',(-20.2678480027317,23.5,16.));
#7270=CARTESIAN_POINT('',(-20.2678480027317,26.5,16.));
#7271=CARTESIAN_POINT('',(52.5,26.5,16.));
#7272=CARTESIAN_POINT('',(-19.7363890529586,26.4525499800522,16.));
#7273=CARTESIAN_POINT('Origin',(-20.2678480027317,23.5,16.));
#7274=CARTESIAN_POINT('',(21.9507943934899,18.9488576181501,16.));
#7275=CARTESIAN_POINT('Origin',(65.0000000000001,22.,27.));
#7276=CARTESIAN_POINT('',(45.1961522063979,22.,9.));
#7277=CARTESIAN_POINT('',(45.1961522063979,22.,15.));
#7278=CARTESIAN_POINT('',(40.,22.,24.));
#7279=CARTESIAN_POINT('',(40.,22.,27.));
#7280=CARTESIAN_POINT('',(48.5937503510402,22.,24.));
#7281=CARTESIAN_POINT('',(58.7500000000001,22.,24.));
#7282=CARTESIAN_POINT('',(51.4,22.,22.1697099946861));
#7283=CARTESIAN_POINT('Origin',(49.4,22.,22.1697099946861));
#7284=CARTESIAN_POINT('',(50.2062496489599,22.,24.));
#7285=CARTESIAN_POINT('Origin',(49.4,22.,22.1697099946861));
#7286=CARTESIAN_POINT('',(59.9256864329852,22.,24.));
#7287=CARTESIAN_POINT('',(58.7500000000001,22.,24.));
#7288=CARTESIAN_POINT('',(59.925686113335,22.,0.));
#7289=CARTESIAN_POINT('Origin',(46.4999656366944,22.,12.0000001788139));
#7290=CARTESIAN_POINT('',(50.5009398410656,22.,0.));
#7291=CARTESIAN_POINT('',(58.7500001490116,22.,0.));
#7292=CARTESIAN_POINT('',(51.4,22.,1.66970999468606));
#7293=CARTESIAN_POINT('Origin',(49.4,22.,1.66970999468606));
#7294=CARTESIAN_POINT('',(48.2990601589345,22.,0.));
#7295=CARTESIAN_POINT('Origin',(49.4,22.,1.66970999468606));
#7296=CARTESIAN_POINT('',(40.,22.,0.));
#7297=CARTESIAN_POINT('',(58.7500001490116,22.,0.));
#7298=CARTESIAN_POINT('',(40.,22.0000003746578,9.));
#7299=CARTESIAN_POINT('',(40.,22.,27.));
#7300=CARTESIAN_POINT('',(35.0000000372529,22.,9.));
#7301=CARTESIAN_POINT('',(53.5000008195639,22.,18.0000002682209));
#7302=CARTESIAN_POINT('Origin',(55.0000008195639,22.,18.0000002682209));
#7303=CARTESIAN_POINT('',(58.5000008195639,22.,18.0000002682209));
#7304=CARTESIAN_POINT('Origin',(60.0000008195639,22.,18.0000002682209));
#7305=CARTESIAN_POINT('',(53.5000008195639,22.,12.0000002682209));
#7306=CARTESIAN_POINT('Origin',(55.0000008195639,22.,12.0000002682209));
#7307=CARTESIAN_POINT('',(53.5000008195639,22.,6.0000002682209));
#7308=CARTESIAN_POINT('Origin',(55.0000008195639,22.,6.0000002682209));
#7309=CARTESIAN_POINT('',(58.5000008195639,22.,12.0000002682209));
#7310=CARTESIAN_POINT('Origin',(60.0000008195639,22.,12.0000002682209));
#7311=CARTESIAN_POINT('',(58.5000008195639,22.,6.0000002682209));
#7312=CARTESIAN_POINT('Origin',(60.0000008195639,22.,6.0000002682209));
#7313=CARTESIAN_POINT('Origin',(40.,22.,24.));
#7314=CARTESIAN_POINT('',(5.00000007450581,22.0000003278255,21.));
#7315=CARTESIAN_POINT('',(5.00000007450581,22.0000003278255,24.));
#7316=CARTESIAN_POINT('',(25.0000005785908,22.0000001404967,21.));
#7317=CARTESIAN_POINT('',(20.0000001030309,22.0000001873289,21.));
#7318=CARTESIAN_POINT('',(25.000000372529,22.,24.));
#7319=CARTESIAN_POINT('',(25.0000005785908,22.0000001404967,27.));
#7320=CARTESIAN_POINT('',(20.0000001030309,22.0000001873289,24.));
#7321=CARTESIAN_POINT('Origin',(5.00000007450581,22.0000003278255,24.));
#7322=CARTESIAN_POINT('',(-19.7363890529585,26.4525499800522,21.));
#7323=CARTESIAN_POINT('',(-19.7363890529586,26.4525499800522,12.));
#7324=CARTESIAN_POINT('',(4.4963191520337,22.0906628859148,21.));
#7325=CARTESIAN_POINT('Origin',(-20.2678480027317,26.5,15.9961064069513));
#7326=CARTESIAN_POINT('',(-20.2678480027317,23.5,15.9961064069513));
#7327=CARTESIAN_POINT('',(-20.5293745213236,23.5470747692157,15.9961064069513));
#7328=CARTESIAN_POINT('',(-32.4643468878972,23.5,15.9961064069513));
#7329=CARTESIAN_POINT('',(-20.2678480027317,23.5,15.9961064069513));
#7330=CARTESIAN_POINT('',(-43.0000006407499,26.5,15.9961064069513));
#7331=CARTESIAN_POINT('Origin',(-32.4643468878972,43.5,15.9961064069513));
#7332=CARTESIAN_POINT('',(22.3660759986341,26.5,15.9961064069513));
#7333=CARTESIAN_POINT('Origin',(-19.7363890509172,26.4525499796847,8.99999997393465));
#7334=CARTESIAN_POINT('',(-19.7363890529586,26.4525499800522,8.99999997393465));
#7335=CARTESIAN_POINT('',(5.00000007450581,22.0000003746578,8.99999999999999));
#7336=CARTESIAN_POINT('',(-7.3681944805508,24.2262751523773,8.99999998696732));
#7337=CARTESIAN_POINT('',(-20.2678480027317,23.5,8.99999997393465));
#7338=CARTESIAN_POINT('',(-19.7363890529586,26.4525499800522,8.99999997393465));
#7339=CARTESIAN_POINT('',(4.46854111860869,19.0474503488757,8.99999999999999));
#7340=CARTESIAN_POINT('',(4.46854111860869,19.0474503488757,8.99999999999999));
#7341=CARTESIAN_POINT('',(5.00000007450581,19.0000003746578,8.99999999999999));
#7342=CARTESIAN_POINT('Origin',(2.95585397281314,-0.89526204435068,9.0000000021199));
#7343=CARTESIAN_POINT('',(5.00000007450581,22.0000003746578,8.99999999999999));
#7344=CARTESIAN_POINT('Origin',(5.00000007450581,22.0000003278255,24.));
#7345=CARTESIAN_POINT('',(5.00000007450581,22.0000003278255,3.));
#7346=CARTESIAN_POINT('',(5.00000007450581,22.0000003278255,24.));
#7347=CARTESIAN_POINT('',(-19.7363890529586,26.4525499800522,3.));
#7348=CARTESIAN_POINT('',(4.4963191520337,22.0906628859148,3.));
#7349=CARTESIAN_POINT('',(-19.7363890529586,26.4525499800522,12.));
#7350=CARTESIAN_POINT('Origin',(-43.0000006407499,26.5,9.00000016391277));
#7351=CARTESIAN_POINT('',(-43.0000006407499,26.5,9.00000016391277));
#7352=CARTESIAN_POINT('',(-20.2678480027317,26.5,9.00000016391277));
#7353=CARTESIAN_POINT('',(10.9999996796251,26.5,9.00000016391277));
#7354=CARTESIAN_POINT('',(-32.4643468878972,23.5,9.00000016391277));
#7355=CARTESIAN_POINT('Origin',(-32.4643468878972,43.5,9.00000016391277));
#7356=CARTESIAN_POINT('',(-43.0000006407499,23.5,9.00000016391277));
#7357=CARTESIAN_POINT('Origin',(-20.2678480027317,23.5,9.00000016391277));
#7358=CARTESIAN_POINT('Origin',(5.00000007450581,22.0000003746578,8.99999999999999));
#7359=CARTESIAN_POINT('',(22.5000000372529,22.0000001639128,9.));
#7360=CARTESIAN_POINT('',(40.,19.0000003746578,9.));
#7361=CARTESIAN_POINT('',(40.,19.0000003746578,9.));
#7362=CARTESIAN_POINT('Origin',(45.1961522063979,16.,8.99999999999999));
#7363=CARTESIAN_POINT('Origin',(2.95585397077183,-0.89526204398324,11.0000000021199));
#7364=CARTESIAN_POINT('',(5.00000007450581,19.0000003746578,11.));
#7365=CARTESIAN_POINT('',(4.46854111656738,19.0474503492431,11.));
#7366=CARTESIAN_POINT('Origin',(2.95585397077183,-0.89526204398324,11.0000000021199));
#7367=CARTESIAN_POINT('',(5.00000007450581,19.0000003746578,11.));
#7368=CARTESIAN_POINT('',(4.46854111656738,19.0474503492431,11.));
#7369=CARTESIAN_POINT('Origin',(65.,26.5,0.));
#7370=CARTESIAN_POINT('',(-55.1194767010957,26.5,16.7739886992514));
#7371=CARTESIAN_POINT('Origin',(-58.1194767010957,26.5,16.7739886992514));
#7372=CARTESIAN_POINT('Origin',(-58.1194767010957,26.5,16.7739886992514));
#7373=CARTESIAN_POINT('',(-20.2678480027317,26.5,21.));
#7374=CARTESIAN_POINT('',(32.5,26.5,21.));
#7375=CARTESIAN_POINT('',(-20.2678480027317,26.5,12.));
#7376=CARTESIAN_POINT('',(-43.0000006407499,26.5,11.0000001639128));
#7377=CARTESIAN_POINT('',(-20.2678480027317,26.5,3.));
#7378=CARTESIAN_POINT('',(-20.2678480027317,26.5,12.));
#7379=CARTESIAN_POINT('',(32.5,26.5,3.));
#7380=CARTESIAN_POINT('',(-55.1194767010957,26.5,7.22601165837645));
#7381=CARTESIAN_POINT('Origin',(-58.1194767010957,26.5,7.22601165837645));
#7382=CARTESIAN_POINT('Origin',(-58.1194767010957,26.5,7.22601165837645));
#7383=CARTESIAN_POINT('',(-45.0502533214557,26.5,7.0502527105081));
#7384=CARTESIAN_POINT('Origin',(-48.0502533214557,26.5,7.0502527105081));
#7385=CARTESIAN_POINT('',(-45.0502533214557,26.5,16.9497476471198));
#7386=CARTESIAN_POINT('Origin',(-48.0502533214557,26.5,16.9497476471198));
#7387=CARTESIAN_POINT('Origin',(40.,22.,24.));
#7388=CARTESIAN_POINT('',(25.0040489866479,22.,0.));
#7389=CARTESIAN_POINT('',(20.0000001030309,22.0000001873289,0.));
#7390=CARTESIAN_POINT('',(25.0000005785908,22.0000001404967,3.));
#7391=CARTESIAN_POINT('',(25.0000005785908,22.0000001404967,-3.));
#7392=CARTESIAN_POINT('',(20.0000001030309,22.0000001873289,3.));
#7393=CARTESIAN_POINT('Origin',(65.,-16.,24.55));
#7394=CARTESIAN_POINT('',(59.413039596703,-16.05,24.55));
#7395=CARTESIAN_POINT('',(59.413039596703,-38.,24.55));
#7396=CARTESIAN_POINT('',(47.,-16.05,24.55));
#7397=CARTESIAN_POINT('',(65.,-16.05,24.55));
#7398=CARTESIAN_POINT('',(47.,-13.0000001490116,24.55));
#7399=CARTESIAN_POINT('',(47.,-7.99999999999998,24.55));
#7400=CARTESIAN_POINT('',(44.55,-10.0508477283999,24.55));
#7401=CARTESIAN_POINT('Origin',(44.,-13.0000001490116,24.55));
#7402=CARTESIAN_POINT('',(47.0000007003546,-10.0508477283999,24.55));
#7403=CARTESIAN_POINT('',(49.7500003501773,-10.0508477283999,24.55));
#7404=CARTESIAN_POINT('',(47.0000007003546,10.0508477283999,24.55));
#7405=CARTESIAN_POINT('',(47.0000007003546,-2.99999992549419,24.55));
#7406=CARTESIAN_POINT('',(44.55,10.0508477283999,24.55));
#7407=CARTESIAN_POINT('',(38.7500001862645,10.0508477283999,24.55));
#7408=CARTESIAN_POINT('',(47.,13.0000001490116,24.55));
#7409=CARTESIAN_POINT('Origin',(44.,13.0000001490116,24.55));
#7410=CARTESIAN_POINT('',(47.,-7.99999999999998,24.55));
#7411=CARTESIAN_POINT('',(51.5000007450581,13.0000001937151,24.55));
#7412=CARTESIAN_POINT('Origin',(50.0000007450581,13.0000001937151,24.55));
#7413=CARTESIAN_POINT('',(56.5000007450581,13.0000001937151,24.55));
#7414=CARTESIAN_POINT('Origin',(55.0000007450581,13.0000001937151,24.55));
#7415=CARTESIAN_POINT('',(51.5000007450581,7.70000019371509,24.55));
#7416=CARTESIAN_POINT('Origin',(50.0000007450581,7.70000019371509,24.55));
#7417=CARTESIAN_POINT('',(51.5000007450581,2.4000001937151,24.55));
#7418=CARTESIAN_POINT('Origin',(50.0000007450581,2.40000019371509,24.55));
#7419=CARTESIAN_POINT('',(51.5000007450581,-2.89999980628491,24.55));
#7420=CARTESIAN_POINT('Origin',(50.0000007450581,-2.89999980628491,24.55));
#7421=CARTESIAN_POINT('',(51.5000007450581,-8.19999980628491,24.55));
#7422=CARTESIAN_POINT('Origin',(50.0000007450581,-8.19999980628491,24.55));
#7423=CARTESIAN_POINT('',(51.5000007450581,-13.4999998062849,24.55));
#7424=CARTESIAN_POINT('Origin',(50.0000007450581,-13.4999998062849,24.55));
#7425=CARTESIAN_POINT('',(56.5000007450581,7.70000019371509,24.55));
#7426=CARTESIAN_POINT('Origin',(55.0000007450581,7.70000019371509,24.55));
#7427=CARTESIAN_POINT('',(56.5000007450581,2.4000001937151,24.55));
#7428=CARTESIAN_POINT('Origin',(55.0000007450581,2.40000019371509,24.55));
#7429=CARTESIAN_POINT('',(56.5000007450581,-2.89999980628491,24.55));
#7430=CARTESIAN_POINT('Origin',(55.0000007450581,-2.89999980628491,24.55));
#7431=CARTESIAN_POINT('',(56.5000007450581,-8.19999980628491,24.55));
#7432=CARTESIAN_POINT('Origin',(55.0000007450581,-8.19999980628491,24.55));
#7433=CARTESIAN_POINT('',(56.5000007450581,-13.4999998062849,24.55));
#7434=CARTESIAN_POINT('Origin',(55.0000007450581,-13.4999998062849,24.55));
#7435=CARTESIAN_POINT('Origin',(65.,16.,-0.549999999999998));
#7436=CARTESIAN_POINT('',(59.4130392491304,-16.05,-0.549999999999997));
#7437=CARTESIAN_POINT('',(59.4130392491304,-38.,-0.549999999999997));
#7438=CARTESIAN_POINT('',(47.,13.0000001490116,-0.549999999999998));
#7439=CARTESIAN_POINT('',(47.,8.00000000000002,-0.549999999999997));
#7440=CARTESIAN_POINT('',(44.55,10.0508477283999,-0.549999999999998));
#7441=CARTESIAN_POINT('Origin',(44.,13.0000001490116,-0.549999999999997));
#7442=CARTESIAN_POINT('',(47.0000007003546,10.0508477283999,-0.549999999999998));
#7443=CARTESIAN_POINT('',(38.7500003352761,10.0508477283999,-0.549999999999998));
#7444=CARTESIAN_POINT('',(47.0000007003546,-10.0508477283999,-0.549999999999998));
#7445=CARTESIAN_POINT('',(47.0000007003546,13.0000000745058,-0.549999999999997));
#7446=CARTESIAN_POINT('',(44.55,-10.0508477283999,-0.549999999999998));
#7447=CARTESIAN_POINT('',(49.7500004991889,-10.0508477283999,-0.549999999999998));
#7448=CARTESIAN_POINT('',(47.,-13.0000001490116,-0.549999999999998));
#7449=CARTESIAN_POINT('Origin',(44.,-13.0000001490116,-0.549999999999997));
#7450=CARTESIAN_POINT('',(47.,-16.05,-0.549999999999997));
#7451=CARTESIAN_POINT('',(47.,8.00000000000002,-0.549999999999997));
#7452=CARTESIAN_POINT('',(65.,-16.05,-0.549999999999998));
#7453=CARTESIAN_POINT('',(56.5000007450581,-8.19999980628491,-0.549999999999997));
#7454=CARTESIAN_POINT('Origin',(55.0000007450581,-8.19999980628491,-0.549999999999997));
#7455=CARTESIAN_POINT('',(51.5000007450581,-2.89999980628491,-0.549999999999997));
#7456=CARTESIAN_POINT('Origin',(50.0000007450581,-2.89999980628491,-0.549999999999997));
#7457=CARTESIAN_POINT('',(56.5000007450581,13.0000001937151,-0.549999999999997));
#7458=CARTESIAN_POINT('Origin',(55.0000007450581,13.0000001937151,-0.549999999999997));
#7459=CARTESIAN_POINT('',(51.5000007450581,2.40000019371509,-0.549999999999997));
#7460=CARTESIAN_POINT('Origin',(50.0000007450581,2.40000019371509,-0.549999999999997));
#7461=CARTESIAN_POINT('',(56.5000007450581,-2.89999980628491,-0.549999999999997));
#7462=CARTESIAN_POINT('Origin',(55.0000007450581,-2.89999980628491,-0.549999999999997));
#7463=CARTESIAN_POINT('',(56.5000007450581,-13.4999998062849,-0.549999999999997));
#7464=CARTESIAN_POINT('Origin',(55.0000007450581,-13.4999998062849,-0.549999999999997));
#7465=CARTESIAN_POINT('',(51.5000007450581,-8.19999980628491,-0.549999999999997));
#7466=CARTESIAN_POINT('Origin',(50.0000007450581,-8.19999980628491,-0.549999999999997));
#7467=CARTESIAN_POINT('',(56.5000007450581,7.70000019371509,-0.549999999999997));
#7468=CARTESIAN_POINT('Origin',(55.0000007450581,7.70000019371509,-0.549999999999997));
#7469=CARTESIAN_POINT('',(51.5000007450581,13.0000001937151,-0.549999999999997));
#7470=CARTESIAN_POINT('Origin',(50.0000007450581,13.0000001937151,-0.549999999999997));
#7471=CARTESIAN_POINT('',(51.5000007450581,7.70000019371509,-0.549999999999997));
#7472=CARTESIAN_POINT('Origin',(50.0000007450581,7.70000019371509,-0.549999999999997));
#7473=CARTESIAN_POINT('',(56.5000007450581,2.40000019371509,-0.549999999999997));
#7474=CARTESIAN_POINT('Origin',(55.0000007450581,2.40000019371509,-0.549999999999997));
#7475=CARTESIAN_POINT('',(51.5000007450581,-13.4999998062849,-0.549999999999997));
#7476=CARTESIAN_POINT('Origin',(50.0000007450581,-13.4999998062849,-0.549999999999997));
#7477=CARTESIAN_POINT('Origin',(40.0000000000001,-22.000000372529,27.));
#7478=CARTESIAN_POINT('',(59.925686113335,-22.000000372529,0.));
#7479=CARTESIAN_POINT('',(59.9256864329852,-22.000000372529,24.));
#7480=CARTESIAN_POINT('Origin',(46.4999656366944,-22.000000372529,12.0000001788139));
#7481=CARTESIAN_POINT('',(54.4562496489599,-22.000000372529,24.));
#7482=CARTESIAN_POINT('',(46.2500000000001,-22.000000372529,24.));
#7483=CARTESIAN_POINT('',(52.8437503510402,-22.000000372529,24.));
#7484=CARTESIAN_POINT('Origin',(53.65,-22.000000372529,22.1697099946861));
#7485=CARTESIAN_POINT('',(40.0000000000001,-22.000000372529,24.));
#7486=CARTESIAN_POINT('',(46.2500000000001,-22.000000372529,24.));
#7487=CARTESIAN_POINT('',(40.0000000000001,-22.000000372529,0.));
#7488=CARTESIAN_POINT('',(40.0000000000001,-22.000000372529,27.));
#7489=CARTESIAN_POINT('',(52.5490601589345,-22.000000372529,-2.77555756156289E-16));
#7490=CARTESIAN_POINT('',(46.2500001490116,-22.000000372529,0.));
#7491=CARTESIAN_POINT('',(54.7509398410656,-22.000000372529,-5.55111512312578E-16));
#7492=CARTESIAN_POINT('Origin',(53.65,-22.000000372529,1.66970999468606));
#7493=CARTESIAN_POINT('',(46.2500001490116,-22.000000372529,0.));
#7494=CARTESIAN_POINT('',(53.5000008195639,-22.000000372529,18.0000002682209));
#7495=CARTESIAN_POINT('Origin',(55.0000008195639,-22.000000372529,18.0000002682209));
#7496=CARTESIAN_POINT('',(58.5000008195639,-22.000000372529,18.0000002682209));
#7497=CARTESIAN_POINT('Origin',(60.0000008195639,-22.000000372529,18.0000002682209));
#7498=CARTESIAN_POINT('',(53.5000008195639,-22.000000372529,12.0000002682209));
#7499=CARTESIAN_POINT('Origin',(55.0000008195639,-22.000000372529,12.0000002682209));
#7500=CARTESIAN_POINT('',(53.5000008195639,-22.000000372529,6.0000002682209));
#7501=CARTESIAN_POINT('Origin',(55.0000008195639,-22.000000372529,6.0000002682209));
#7502=CARTESIAN_POINT('',(58.5000008195639,-22.000000372529,12.0000002682209));
#7503=CARTESIAN_POINT('Origin',(60.0000008195639,-22.000000372529,12.0000002682209));
#7504=CARTESIAN_POINT('',(58.5000008195639,-22.000000372529,6.0000002682209));
#7505=CARTESIAN_POINT('Origin',(60.0000008195639,-22.000000372529,6.0000002682209));
#7506=CARTESIAN_POINT('Origin',(46.4999656366944,-38.,12.0000001788139));
#7507=CARTESIAN_POINT('',(56.4623940541456,19.,27.));
#7508=CARTESIAN_POINT('Ctrl Pts',(56.4623940541456,19.,27.));
#7509=CARTESIAN_POINT('Ctrl Pts',(56.4623940541456,19.2220619085106,27.));
#7510=CARTESIAN_POINT('Ctrl Pts',(56.4997859997659,19.4374660094711,26.9753161095338));
#7511=CARTESIAN_POINT('Ctrl Pts',(56.6328792111434,19.8470302187853,26.8855771278795));
#7512=CARTESIAN_POINT('Ctrl Pts',(56.7285505780612,20.0411833496172,26.8204458670104));
#7513=CARTESIAN_POINT('Ctrl Pts',(57.0722271882781,20.5821472151791,26.579286960574));
#7514=CARTESIAN_POINT('Ctrl Pts',(57.3771246506112,20.8871606625111,26.3554800246083));
#7515=CARTESIAN_POINT('Ctrl Pts',(58.0169246538833,21.3933847968219,25.8492558902974));
#7516=CARTESIAN_POINT('Ctrl Pts',(58.4102561655506,21.6189321306362,25.5159900968878));
#7517=CARTESIAN_POINT('Ctrl Pts',(59.1927460151237,21.9227375875552,24.7839874539768));
#7518=CARTESIAN_POINT('Ctrl Pts',(59.5818079418133,22.,24.38473472326));
#7519=CARTESIAN_POINT('Ctrl Pts',(59.9256864329852,22.,24.));
#7520=CARTESIAN_POINT('',(56.4623940541456,13.3337752819646,27.));
#7521=CARTESIAN_POINT('',(56.4623940541456,-38.,27.));
#7522=CARTESIAN_POINT('',(56.5000007450581,13.0000001937151,26.974955018142));
#7523=CARTESIAN_POINT('Ctrl Pts',(56.5000007450581,13.0000001937151,26.974955018142));
#7524=CARTESIAN_POINT('Ctrl Pts',(56.5000007450581,13.1098892322365,26.974955018142));
#7525=CARTESIAN_POINT('Ctrl Pts',(56.4876455257638,13.2231391547068,26.9832289345713));
#7526=CARTESIAN_POINT('Ctrl Pts',(56.4623940541456,13.3337752819646,27.));
#7527=CARTESIAN_POINT('',(56.4623940541456,12.6662251054656,27.));
#7528=CARTESIAN_POINT('Ctrl Pts',(56.4623940541456,12.6662251054656,27.));
#7529=CARTESIAN_POINT('Ctrl Pts',(56.4876455257638,12.7768612327234,26.9832289345713));
#7530=CARTESIAN_POINT('Ctrl Pts',(56.5000007450581,12.8901111551937,26.974955018142));
#7531=CARTESIAN_POINT('Ctrl Pts',(56.5000007450581,13.0000001937151,26.974955018142));
#7532=CARTESIAN_POINT('',(56.4623940541456,8.03377528196457,27.));
#7533=CARTESIAN_POINT('',(56.4623940541456,-38.,27.));
#7534=CARTESIAN_POINT('',(56.5000007450581,7.7000001937151,26.974955018142));
#7535=CARTESIAN_POINT('Ctrl Pts',(56.5000007450581,7.7000001937151,26.974955018142));
#7536=CARTESIAN_POINT('Ctrl Pts',(56.5000007450581,7.80988923223645,26.974955018142));
#7537=CARTESIAN_POINT('Ctrl Pts',(56.4876455257638,7.9231391547068,26.9832289345713));
#7538=CARTESIAN_POINT('Ctrl Pts',(56.4623940541456,8.03377528196457,27.));
#7539=CARTESIAN_POINT('',(56.4623940541456,7.36622510546562,27.));
#7540=CARTESIAN_POINT('Ctrl Pts',(56.4623940541456,7.36622510546562,27.));
#7541=CARTESIAN_POINT('Ctrl Pts',(56.4876094048584,7.47670297354766,26.9832529247005));
#7542=CARTESIAN_POINT('Ctrl Pts',(56.5000007450581,7.58983125952306,26.974955018142));
#7543=CARTESIAN_POINT('Ctrl Pts',(56.5000007450581,7.7000001937151,26.974955018142));
#7544=CARTESIAN_POINT('',(56.4623940541456,2.73377528196457,27.));
#7545=CARTESIAN_POINT('',(56.4623940541456,-38.,27.));
#7546=CARTESIAN_POINT('',(56.5000007450581,2.40000019371509,26.974955018142));
#7547=CARTESIAN_POINT('Ctrl Pts',(56.5000007450581,2.40000019371509,26.974955018142));
#7548=CARTESIAN_POINT('Ctrl Pts',(56.5000007450581,2.50988923223645,26.974955018142));
#7549=CARTESIAN_POINT('Ctrl Pts',(56.4876455257638,2.6231391547068,26.9832289345713));
#7550=CARTESIAN_POINT('Ctrl Pts',(56.4623940541456,2.73377528196457,27.));
#7551=CARTESIAN_POINT('',(56.4623940541456,2.06622510546562,27.));
#7552=CARTESIAN_POINT('Ctrl Pts',(56.4623940541456,2.06622510546562,27.));
#7553=CARTESIAN_POINT('Ctrl Pts',(56.4876455257638,2.17686123272339,26.9832289345713));
#7554=CARTESIAN_POINT('Ctrl Pts',(56.5000007450581,2.29011115519374,26.974955018142));
#7555=CARTESIAN_POINT('Ctrl Pts',(56.5000007450581,2.40000019371509,26.974955018142));
#7556=CARTESIAN_POINT('',(56.4623940541456,-2.56622471803543,27.));
#7557=CARTESIAN_POINT('',(56.4623940541456,-38.,27.));
#7558=CARTESIAN_POINT('',(56.5000007450581,-2.89999980628491,26.974955018142));
#7559=CARTESIAN_POINT('Ctrl Pts',(56.5000007450581,-2.89999980628491,26.974955018142));
#7560=CARTESIAN_POINT('Ctrl Pts',(56.5000007450581,-2.78983087209287,26.974955018142));
#7561=CARTESIAN_POINT('Ctrl Pts',(56.4876094048584,-2.67670258611748,26.9832529247005));
#7562=CARTESIAN_POINT('Ctrl Pts',(56.4623940541456,-2.56622471803543,27.));
#7563=CARTESIAN_POINT('',(56.4623940541456,-3.23377489453438,27.));
#7564=CARTESIAN_POINT('Ctrl Pts',(56.4623940541456,-3.23377489453438,27.));
#7565=CARTESIAN_POINT('Ctrl Pts',(56.4876455257638,-3.12313876727661,26.9832289345713));
#7566=CARTESIAN_POINT('Ctrl Pts',(56.5000007450581,-3.00988884480626,26.974955018142));
#7567=CARTESIAN_POINT('Ctrl Pts',(56.5000007450581,-2.89999980628491,26.974955018142));
#7568=CARTESIAN_POINT('',(56.4623940541456,-7.86622471803543,27.));
#7569=CARTESIAN_POINT('',(56.4623940541456,-38.,27.));
#7570=CARTESIAN_POINT('',(56.5000007450581,-8.19999980628491,26.974955018142));
#7571=CARTESIAN_POINT('Ctrl Pts',(56.5000007450581,-8.1999998062849,26.974955018142));
#7572=CARTESIAN_POINT('Ctrl Pts',(56.5000007450581,-8.09011076776355,26.974955018142));
#7573=CARTESIAN_POINT('Ctrl Pts',(56.4876455257638,-7.9768608452932,26.9832289345713));
#7574=CARTESIAN_POINT('Ctrl Pts',(56.4623940541456,-7.86622471803543,27.));
#7575=CARTESIAN_POINT('',(56.4623940541456,-8.53377489453438,27.));
#7576=CARTESIAN_POINT('Ctrl Pts',(56.4623940541456,-8.53377489453438,27.));
#7577=CARTESIAN_POINT('Ctrl Pts',(56.4876455257638,-8.42313876727661,26.9832289345713));
#7578=CARTESIAN_POINT('Ctrl Pts',(56.5000007450581,-8.30988884480626,26.974955018142));
#7579=CARTESIAN_POINT('Ctrl Pts',(56.5000007450581,-8.19999980628491,26.974955018142));
#7580=CARTESIAN_POINT('',(56.4623940541456,-13.1662247180354,27.));
#7581=CARTESIAN_POINT('',(56.4623940541456,-38.,27.));
#7582=CARTESIAN_POINT('',(56.5000007450581,-13.4999998062849,26.974955018142));
#7583=CARTESIAN_POINT('Ctrl Pts',(56.5000007450581,-13.4999998062849,26.974955018142));
#7584=CARTESIAN_POINT('Ctrl Pts',(56.5000007450581,-13.3901107677636,26.974955018142));
#7585=CARTESIAN_POINT('Ctrl Pts',(56.4876455257638,-13.2768608452932,26.9832289345713));
#7586=CARTESIAN_POINT('Ctrl Pts',(56.4623940541456,-13.1662247180354,27.));
#7587=CARTESIAN_POINT('',(56.4623940541456,-13.8337748945344,27.));
#7588=CARTESIAN_POINT('Ctrl Pts',(56.4623940541456,-13.8337748945344,27.));
#7589=CARTESIAN_POINT('Ctrl Pts',(56.4876455257638,-13.7231387672766,26.9832289345713));
#7590=CARTESIAN_POINT('Ctrl Pts',(56.5000007450581,-13.6098888448063,26.974955018142));
#7591=CARTESIAN_POINT('Ctrl Pts',(56.5000007450581,-13.4999998062849,26.974955018142));
#7592=CARTESIAN_POINT('',(56.4623940541456,-19.000000372529,27.));
#7593=CARTESIAN_POINT('',(56.4623940541456,-38.,27.));
#7594=CARTESIAN_POINT('Ctrl Pts',(59.9256864329852,-22.000000372529,24.));
#7595=CARTESIAN_POINT('Ctrl Pts',(59.5469993896383,-22.000000372529,24.423678882409));
#7596=CARTESIAN_POINT('Ctrl Pts',(59.1181351247393,-21.9068058456349,24.8596805289423));
#7597=CARTESIAN_POINT('Ctrl Pts',(58.2602501094461,-21.5437309296615,25.6486370313109));
#7598=CARTESIAN_POINT('Ctrl Pts',(57.8311849823028,-21.2757090359971,26.002397605367));
#7599=CARTESIAN_POINT('Ctrl Pts',(57.2135488575306,-20.7190642192922,26.4765049198477));
#7600=CARTESIAN_POINT('Ctrl Pts',(56.9582904288312,-20.4317683243726,26.6603569659618));
#7601=CARTESIAN_POINT('Ctrl Pts',(56.6755884572041,-19.933518084863,26.8566429928859));
#7602=CARTESIAN_POINT('Ctrl Pts',(56.5979239982129,-19.7561489280249,26.9092369449706));
#7603=CARTESIAN_POINT('Ctrl Pts',(56.4912563925551,-19.3866340150367,26.9809284897117));
#7604=CARTESIAN_POINT('Ctrl Pts',(56.4623940541456,-19.1944425667763,27.));
#7605=CARTESIAN_POINT('Ctrl Pts',(56.4623940541456,-19.000000372529,27.));
#7606=CARTESIAN_POINT('',(56.4623935156807,-19.000000372529,-3.));
#7607=CARTESIAN_POINT('Ctrl Pts',(56.4623935156807,-19.000000372529,-3.));
#7608=CARTESIAN_POINT('Ctrl Pts',(56.4623935156807,-19.1944425681191,-3.));
#7609=CARTESIAN_POINT('Ctrl Pts',(56.4912558566673,-19.386634016229,-2.98092848949902));
#7610=CARTESIAN_POINT('Ctrl Pts',(56.5979234700594,-19.7561489274055,-2.90923694507215));
#7611=CARTESIAN_POINT('Ctrl Pts',(56.6755879342049,-19.933518082584,-2.85664299350215));
#7612=CARTESIAN_POINT('Ctrl Pts',(56.9582899226314,-20.4317683166426,-2.66035696957008));
#7613=CARTESIAN_POINT('Ctrl Pts',(57.2135483641083,-20.7190642072857,-2.47650492750478));
#7614=CARTESIAN_POINT('Ctrl Pts',(57.8311845257942,-21.2757090257476,-2.00239761785074));
#7615=CARTESIAN_POINT('Ctrl Pts',(58.2602496817422,-21.543730922478,-1.64863704315089));
#7616=CARTESIAN_POINT('Ctrl Pts',(59.11813475319,-21.9068058437156,-0.859680536882263));
#7617=CARTESIAN_POINT('Ctrl Pts',(59.5469990455303,-22.000000372529,-0.423678887058764));
#7618=CARTESIAN_POINT('Ctrl Pts',(59.925686113335,-22.000000372529,-4.09394740330526E-15));
#7619=CARTESIAN_POINT('',(56.4623935156807,-13.8337772537415,-3.));
#7620=CARTESIAN_POINT('',(56.4623935156807,-38.,-3.));
#7621=CARTESIAN_POINT('',(56.5000007450581,-13.4999998062849,-2.97495466051416));
#7622=CARTESIAN_POINT('Ctrl Pts',(56.5000007450581,-13.4999998062849,-2.97495466051416));
#7623=CARTESIAN_POINT('Ctrl Pts',(56.5000007450581,-13.6098896256111,-2.97495466051416));
#7624=CARTESIAN_POINT('Ctrl Pts',(56.4876453462549,-13.7231403765106,-2.98322869747275));
#7625=CARTESIAN_POINT('Ctrl Pts',(56.4623935156807,-13.8337772537415,-3.));
#7626=CARTESIAN_POINT('',(56.4623935156807,-13.1662223588283,-3.));
#7627=CARTESIAN_POINT('Ctrl Pts',(56.4623935156807,-13.1662223588283,-3.));
#7628=CARTESIAN_POINT('Ctrl Pts',(56.4876453462549,-13.2768592360592,-2.98322869747275));
#7629=CARTESIAN_POINT('Ctrl Pts',(56.5000007450581,-13.3901099869587,-2.97495466051416));
#7630=CARTESIAN_POINT('Ctrl Pts',(56.5000007450581,-13.4999998062849,-2.97495466051416));
#7631=CARTESIAN_POINT('',(56.4623935156807,-8.53377725374146,-3.));
#7632=CARTESIAN_POINT('',(56.4623935156807,-38.,-3.));
#7633=CARTESIAN_POINT('',(56.5000007450581,-8.19999980628491,-2.97495466051416));
#7634=CARTESIAN_POINT('Ctrl Pts',(56.5000007450581,-8.19999980628491,-2.97495466051416));
#7635=CARTESIAN_POINT('Ctrl Pts',(56.5000007450581,-8.30988962561111,-2.97495466051416));
#7636=CARTESIAN_POINT('Ctrl Pts',(56.4876453462549,-8.42314037651062,-2.98322869747275));
#7637=CARTESIAN_POINT('Ctrl Pts',(56.4623935156807,-8.53377725374146,-3.));
#7638=CARTESIAN_POINT('',(56.4623935156807,-7.86622235882835,-3.));
#7639=CARTESIAN_POINT('Ctrl Pts',(56.4623935156807,-7.86622235882835,-3.));
#7640=CARTESIAN_POINT('Ctrl Pts',(56.4876453462549,-7.97685923605919,-2.98322869747275));
#7641=CARTESIAN_POINT('Ctrl Pts',(56.5000007450581,-8.0901099869587,-2.97495466051416));
#7642=CARTESIAN_POINT('Ctrl Pts',(56.5000007450581,-8.19999980628491,-2.97495466051416));
#7643=CARTESIAN_POINT('',(56.4623935156807,-3.23377725374146,-3.));
#7644=CARTESIAN_POINT('',(56.4623935156807,-38.,-3.));
#7645=CARTESIAN_POINT('',(56.5000007450581,-2.89999980628491,-2.97495466051416));
#7646=CARTESIAN_POINT('Ctrl Pts',(56.5000007450581,-2.89999980628491,-2.97495466051416));
#7647=CARTESIAN_POINT('Ctrl Pts',(56.5000007450581,-3.00988962561111,-2.97495466051416));
#7648=CARTESIAN_POINT('Ctrl Pts',(56.4876453462549,-3.12314037651062,-2.98322869747275));
#7649=CARTESIAN_POINT('Ctrl Pts',(56.4623935156807,-3.23377725374147,-3.));
#7650=CARTESIAN_POINT('',(56.4623935156807,-2.56622235882835,-3.));
#7651=CARTESIAN_POINT('Ctrl Pts',(56.4623935156807,-2.56622235882835,-3.));
#7652=CARTESIAN_POINT('Ctrl Pts',(56.4876092249315,-2.67670097622866,-2.98325268787777));
#7653=CARTESIAN_POINT('Ctrl Pts',(56.5000007450581,-2.78983008820457,-2.97495466051416));
#7654=CARTESIAN_POINT('Ctrl Pts',(56.5000007450581,-2.89999980628491,-2.97495466051416));
#7655=CARTESIAN_POINT('',(56.4623935156807,2.06622274625854,-3.));
#7656=CARTESIAN_POINT('',(56.4623935156807,-38.,-3.));
#7657=CARTESIAN_POINT('',(56.5000007450581,2.40000019371509,-2.97495466051416));
#7658=CARTESIAN_POINT('Ctrl Pts',(56.5000007450581,2.40000019371509,-2.97495466051416));
#7659=CARTESIAN_POINT('Ctrl Pts',(56.5000007450581,2.29011037438889,-2.97495466051416));
#7660=CARTESIAN_POINT('Ctrl Pts',(56.4876453462549,2.17685962348938,-2.98322869747275));
#7661=CARTESIAN_POINT('Ctrl Pts',(56.4623935156807,2.06622274625854,-3.));
#7662=CARTESIAN_POINT('',(56.4623935156807,2.73377764117165,-3.));
#7663=CARTESIAN_POINT('Ctrl Pts',(56.4623935156807,2.73377764117166,-3.));
#7664=CARTESIAN_POINT('Ctrl Pts',(56.4876453462549,2.62314076394081,-2.98322869747275));
#7665=CARTESIAN_POINT('Ctrl Pts',(56.5000007450581,2.5098900130413,-2.97495466051416));
#7666=CARTESIAN_POINT('Ctrl Pts',(56.5000007450581,2.40000019371509,-2.97495466051416));
#7667=CARTESIAN_POINT('',(56.4623935156807,7.36622274625854,-3.));
#7668=CARTESIAN_POINT('',(56.4623935156807,-38.,-3.));
#7669=CARTESIAN_POINT('',(56.5000007450581,7.7000001937151,-2.97495466051416));
#7670=CARTESIAN_POINT('Ctrl Pts',(56.5000007450581,7.7000001937151,-2.97495466051416));
#7671=CARTESIAN_POINT('Ctrl Pts',(56.5000007450581,7.58983047563476,-2.97495466051416));
#7672=CARTESIAN_POINT('Ctrl Pts',(56.4876092249315,7.47670136365886,-2.98325268787777));
#7673=CARTESIAN_POINT('Ctrl Pts',(56.4623935156807,7.36622274625854,-3.));
#7674=CARTESIAN_POINT('',(56.4623935156807,8.03377764117165,-3.));
#7675=CARTESIAN_POINT('Ctrl Pts',(56.4623935156807,8.03377764117166,-3.));
#7676=CARTESIAN_POINT('Ctrl Pts',(56.4876453462549,7.92314076394081,-2.98322869747275));
#7677=CARTESIAN_POINT('Ctrl Pts',(56.5000007450581,7.8098900130413,-2.97495466051416));
#7678=CARTESIAN_POINT('Ctrl Pts',(56.5000007450581,7.7000001937151,-2.97495466051416));
#7679=CARTESIAN_POINT('',(56.4623935156807,12.6662227462585,-3.));
#7680=CARTESIAN_POINT('',(56.4623935156807,-38.,-3.));
#7681=CARTESIAN_POINT('',(56.5000007450581,13.0000001937151,-2.97495466051415));
#7682=CARTESIAN_POINT('Ctrl Pts',(56.5000007450581,13.0000001937151,-2.97495466051415));
#7683=CARTESIAN_POINT('Ctrl Pts',(56.5000007450581,12.8901103743889,-2.97495466051415));
#7684=CARTESIAN_POINT('Ctrl Pts',(56.4876453462549,12.7768596234894,-2.98322869747274));
#7685=CARTESIAN_POINT('Ctrl Pts',(56.4623935156807,12.6662227462585,-3.));
#7686=CARTESIAN_POINT('',(56.4623935156807,13.3337776411717,-3.));
#7687=CARTESIAN_POINT('Ctrl Pts',(56.4623935156807,13.3337776411717,-3.));
#7688=CARTESIAN_POINT('Ctrl Pts',(56.4876453462549,13.2231407639408,-2.98322869747275));
#7689=CARTESIAN_POINT('Ctrl Pts',(56.5000007450581,13.1098900130413,-2.97495466051416));
#7690=CARTESIAN_POINT('Ctrl Pts',(56.5000007450581,13.0000001937151,-2.97495466051416));
#7691=CARTESIAN_POINT('',(56.4623935156807,19.,-3.));
#7692=CARTESIAN_POINT('',(56.4623935156807,-38.,-3.));
#7693=CARTESIAN_POINT('Ctrl Pts',(59.925686113335,22.,-1.38777878078145E-15));
#7694=CARTESIAN_POINT('Ctrl Pts',(59.5818076025048,22.,-0.384734724627798));
#7695=CARTESIAN_POINT('Ctrl Pts',(59.1927456538314,21.9227375870598,-0.783987455750933));
#7696=CARTESIAN_POINT('Ctrl Pts',(58.4102557589276,21.6189321298397,-1.51599009822625));
#7697=CARTESIAN_POINT('Ctrl Pts',(58.0169242238734,21.3933847963202,-1.84925589079916));
#7698=CARTESIAN_POINT('Ctrl Pts',(57.3771241817076,20.8871606645347,-2.35548002258458));
#7699=CARTESIAN_POINT('Ctrl Pts',(57.0722266998702,20.5821472200418,-2.57928695739144));
#7700=CARTESIAN_POINT('Ctrl Pts',(56.7285500639089,20.0411833568336,-2.82044586430075));
#7701=CARTESIAN_POINT('Ctrl Pts',(56.6328786890895,19.8470302265364,-2.88557712565535));
#7702=CARTESIAN_POINT('Ctrl Pts',(56.499785465559,19.4374660158939,-2.97531610865144));
#7703=CARTESIAN_POINT('Ctrl Pts',(56.4623935156807,19.2220619130775,-3.));
#7704=CARTESIAN_POINT('Ctrl Pts',(56.4623935156807,19.,-3.));
#7705=CARTESIAN_POINT('',(62.8706703229995,-16.05,4.5));
#7706=CARTESIAN_POINT('Origin',(46.4999656366944,-16.05,12.0000001788139));
#7707=CARTESIAN_POINT('',(62.8706703229995,-19.,4.5));
#7708=CARTESIAN_POINT('',(62.8706703229995,-38.,4.5));
#7709=CARTESIAN_POINT('',(62.8706704868415,-19.,19.5));
#7710=CARTESIAN_POINT('Origin',(46.4999656366944,-19.,12.0000001788139));
#7711=CARTESIAN_POINT('',(62.8706704868415,-16.05,19.5));
#7712=CARTESIAN_POINT('',(62.8706704868415,-38.,19.5));
#7713=CARTESIAN_POINT('Origin',(46.4999656366944,-16.05,12.0000001788139));
#7714=CARTESIAN_POINT('',(61.967574550794,18.,21.2197099946861));
#7715=CARTESIAN_POINT('',(61.967574550794,-38.,21.2197099946861));
#7716=CARTESIAN_POINT('',(61.2490360928327,18.,1.66970999468606));
#7717=CARTESIAN_POINT('Origin',(46.4999656366944,18.,12.0000001788139));
#7718=CARTESIAN_POINT('',(61.2490360928327,-38.,1.66970999468606));
#7719=CARTESIAN_POINT('Origin',(65.,-16.05,-0.499999999999998));
#7720=CARTESIAN_POINT('',(47.0000007003546,-16.05,19.5));
#7721=CARTESIAN_POINT('',(65.,-16.05,19.5));
#7722=CARTESIAN_POINT('',(47.,-16.05,5.75));
#7723=CARTESIAN_POINT('',(52.4,-16.05,22.1697099946861));
#7724=CARTESIAN_POINT('Origin',(53.65,-16.05,22.1697099946861));
#7725=CARTESIAN_POINT('Origin',(65.,-16.,19.5));
#7726=CARTESIAN_POINT('',(60.0000008195639,-19.,19.5));
#7727=CARTESIAN_POINT('',(65.,-19.,19.5));
#7728=CARTESIAN_POINT('',(55.0000008195639,-19.,19.5));
#7729=CARTESIAN_POINT('',(65.,-19.,19.5));
#7730=CARTESIAN_POINT('',(47.0000007003546,-19.,19.5));
#7731=CARTESIAN_POINT('',(65.,-19.,19.5));
#7732=CARTESIAN_POINT('',(47.0000007003546,-16.,19.5));
#7733=CARTESIAN_POINT('Origin',(56.,-19.,12.));
#7734=CARTESIAN_POINT('',(60.0000008195639,-19.,4.5));
#7735=CARTESIAN_POINT('',(47.,-19.,4.5));
#7736=CARTESIAN_POINT('',(58.5000008195639,-19.,6.0000002682209));
#7737=CARTESIAN_POINT('Origin',(60.0000008195639,-19.,6.0000002682209));
#7738=CARTESIAN_POINT('Origin',(60.0000008195639,-19.,6.0000002682209));
#7739=CARTESIAN_POINT('',(55.0000008195639,-19.,4.5));
#7740=CARTESIAN_POINT('',(47.,-19.,4.5));
#7741=CARTESIAN_POINT('',(53.5000008195639,-19.,6.0000002682209));
#7742=CARTESIAN_POINT('Origin',(55.0000008195639,-19.,6.0000002682209));
#7743=CARTESIAN_POINT('Origin',(55.0000008195639,-19.,6.0000002682209));
#7744=CARTESIAN_POINT('',(47.,-19.,4.5));
#7745=CARTESIAN_POINT('',(47.,-19.,4.5));
#7746=CARTESIAN_POINT('',(47.,-19.,-0.499999999999998));
#7747=CARTESIAN_POINT('',(53.5000008195639,-19.,18.0000002682209));
#7748=CARTESIAN_POINT('Origin',(55.0000008195639,-19.,18.0000002682209));
#7749=CARTESIAN_POINT('Origin',(55.0000008195639,-19.,18.0000002682209));
#7750=CARTESIAN_POINT('',(58.5000008195639,-19.,18.0000002682209));
#7751=CARTESIAN_POINT('Origin',(60.0000008195639,-19.,18.0000002682209));
#7752=CARTESIAN_POINT('Origin',(60.0000008195639,-19.,18.0000002682209));
#7753=CARTESIAN_POINT('',(53.5000008195639,-19.,12.0000002682209));
#7754=CARTESIAN_POINT('Origin',(55.0000008195639,-19.,12.0000002682209));
#7755=CARTESIAN_POINT('',(58.5000008195639,-19.,12.0000002682209));
#7756=CARTESIAN_POINT('Origin',(60.0000008195639,-19.,12.0000002682209));
#7757=CARTESIAN_POINT('Origin',(47.,-16.,4.5));
#7758=CARTESIAN_POINT('',(47.,-16.05,4.5));
#7759=CARTESIAN_POINT('',(56.,-16.05,4.5));
#7760=CARTESIAN_POINT('',(47.,-16.,4.5));
#7761=CARTESIAN_POINT('Origin',(65.,-16.05,-0.499999999999998));
#7762=CARTESIAN_POINT('',(47.,-16.05,5.75));
#7763=CARTESIAN_POINT('',(52.4,-16.05,1.66970999468606));
#7764=CARTESIAN_POINT('Origin',(53.65,-16.05,1.66970999468606));
#7765=CARTESIAN_POINT('Origin',(46.2500000000001,-19.000000372529,24.));
#7766=CARTESIAN_POINT('',(25.000000372529,-19.,27.));
#7767=CARTESIAN_POINT('',(46.2500000000001,-19.000000372529,27.));
#7768=CARTESIAN_POINT('',(25.000000372529,-22.,24.));
#7769=CARTESIAN_POINT('Origin',(25.000000372529,-19.,24.));
#7770=CARTESIAN_POINT('',(46.2500000000001,-22.000000372529,24.));
#7771=CARTESIAN_POINT('',(46.2500000000001,-22.000000372529,24.));
#7772=CARTESIAN_POINT('Origin',(55.0000007450581,-13.4999998062849,27.));
#7773=CARTESIAN_POINT('',(56.5000007450581,-13.4999998062849,27.));
#7774=CARTESIAN_POINT('Origin',(55.0000007450581,-13.4999998062849,27.));
#7775=CARTESIAN_POINT('Origin',(55.0000007450581,-8.19999980628491,27.));
#7776=CARTESIAN_POINT('',(56.5000007450581,-8.19999980628491,27.));
#7777=CARTESIAN_POINT('Origin',(55.0000007450581,-8.19999980628491,27.));
#7778=CARTESIAN_POINT('Origin',(55.0000007450581,-2.89999980628491,27.));
#7779=CARTESIAN_POINT('',(56.5000007450581,-2.89999980628491,27.));
#7780=CARTESIAN_POINT('Origin',(55.0000007450581,-2.89999980628491,27.));
#7781=CARTESIAN_POINT('Origin',(55.0000007450581,2.40000019371509,27.));
#7782=CARTESIAN_POINT('',(56.5000007450581,2.40000019371509,27.));
#7783=CARTESIAN_POINT('Origin',(55.0000007450581,2.40000019371509,27.));
#7784=CARTESIAN_POINT('Origin',(55.0000007450581,7.70000019371509,27.));
#7785=CARTESIAN_POINT('',(56.5000007450581,7.70000019371509,27.));
#7786=CARTESIAN_POINT('Origin',(55.0000007450581,7.70000019371509,27.));
#7787=CARTESIAN_POINT('Origin',(55.0000007450581,13.0000001937151,27.));
#7788=CARTESIAN_POINT('',(56.5000007450581,13.0000001937151,27.));
#7789=CARTESIAN_POINT('Origin',(55.0000007450581,13.0000001937151,27.));
#7790=CARTESIAN_POINT('Origin',(52.5000000000001,-1.86264501600419E-7,27.));
#7791=CARTESIAN_POINT('',(25.000000372529,19.,27.));
#7792=CARTESIAN_POINT('',(58.7500000000001,19.,27.));
#7793=CARTESIAN_POINT('Origin',(25.000000372529,0.,27.));
#7794=CARTESIAN_POINT('',(48.0000007003546,13.0000001490116,27.));
#7795=CARTESIAN_POINT('',(25.000000372529,13.0000001490116,27.));
#7796=CARTESIAN_POINT('',(38.7500001862645,13.0000001490116,27.));
#7797=CARTESIAN_POINT('',(48.0000007003546,-13.0000001490116,27.));
#7798=CARTESIAN_POINT('',(48.0000007003546,4.99999998137356,27.));
#7799=CARTESIAN_POINT('',(25.000000372529,-13.0000001490116,27.));
#7800=CARTESIAN_POINT('',(49.7500003501773,-13.0000001490116,27.));
#7801=CARTESIAN_POINT('Origin',(25.000000372529,0.,27.));
#7802=CARTESIAN_POINT('',(51.5000007450581,13.0000001937151,27.));
#7803=CARTESIAN_POINT('Origin',(50.0000007450581,13.0000001937151,27.));
#7804=CARTESIAN_POINT('',(51.5000007450581,7.70000019371509,27.));
#7805=CARTESIAN_POINT('Origin',(50.0000007450581,7.70000019371509,27.));
#7806=CARTESIAN_POINT('',(51.5000007450581,2.40000019371509,27.));
#7807=CARTESIAN_POINT('Origin',(50.0000007450581,2.40000019371509,27.));
#7808=CARTESIAN_POINT('',(51.5000007450581,-2.89999980628491,27.));
#7809=CARTESIAN_POINT('Origin',(50.0000007450581,-2.89999980628491,27.));
#7810=CARTESIAN_POINT('',(51.5000007450581,-8.19999980628491,27.));
#7811=CARTESIAN_POINT('Origin',(50.0000007450581,-8.19999980628491,27.));
#7812=CARTESIAN_POINT('',(51.5000007450581,-13.4999998062849,27.));
#7813=CARTESIAN_POINT('Origin',(50.0000007450581,-13.4999998062849,27.));
#7814=CARTESIAN_POINT('Origin',(58.7500000000001,19.,24.));
#7815=CARTESIAN_POINT('Ctrl Pts',(50.2062496489599,22.,24.));
#7816=CARTESIAN_POINT('Ctrl Pts',(50.1991282423121,22.,24.0031370064816));
#7817=CARTESIAN_POINT('Ctrl Pts',(50.1919880284505,21.9999950800774,24.0062326681724));
#7818=CARTESIAN_POINT('Ctrl Pts',(49.933345039204,21.9996534970723,24.1165790990914));
#7819=CARTESIAN_POINT('Ctrl Pts',(49.6584064474037,21.9951959063981,24.1697099946861));
#7820=CARTESIAN_POINT('Ctrl Pts',(49.1415935525964,21.9951959063981,24.1697099946861));
#7821=CARTESIAN_POINT('Ctrl Pts',(48.8666549607961,21.9996534970723,24.1165790990914));
#7822=CARTESIAN_POINT('Ctrl Pts',(48.6080119715496,21.9999950800774,24.0062326681724));
#7823=CARTESIAN_POINT('Ctrl Pts',(48.600871757688,22.,24.0031370064816));
#7824=CARTESIAN_POINT('Ctrl Pts',(48.5937503510402,22.,24.));
#7825=CARTESIAN_POINT('Origin',(25.000000372529,19.,24.));
#7826=CARTESIAN_POINT('Origin',(-20.2678480027317,23.5,12.));
#7827=CARTESIAN_POINT('Origin',(-20.2678480027317,23.5,3.));
#7828=CARTESIAN_POINT('Origin',(-32.4643468878972,43.5,7.49805320347566));
#7829=CARTESIAN_POINT('',(-32.4643468878972,23.5,7.49805320347566));
#7830=CARTESIAN_POINT('Origin',(-31.6339243217408,23.5,12.998053285432));
#7831=CARTESIAN_POINT('',(-20.2678480027317,23.5,14.9961064069513));
#7832=CARTESIAN_POINT('Origin',(2.95585397077183,-0.89526204398324,15.));
#7833=CARTESIAN_POINT('',(5.00000007450581,19.0000003746578,3.));
#7834=CARTESIAN_POINT('',(4.46854111656738,19.0474503492431,15.));
#7835=CARTESIAN_POINT('Origin',(-7.89965344308218,21.2737251746216,12.9999999869673));
#7836=CARTESIAN_POINT('Origin',(45.1961522063979,16.,24.));
#7837=CARTESIAN_POINT('',(40.,19.0000003746578,24.));
#7838=CARTESIAN_POINT('Origin',(22.5000000372529,19.0000003746578,13.));
#7839=CARTESIAN_POINT('Origin',(54.7509398410656,-22.000000372529,-5.7051302592699E-16));
#7840=CARTESIAN_POINT('',(46.2500001490116,-22.000000372529,0.));
#7841=CARTESIAN_POINT('',(54.7509398410656,-18.000000372529,-5.55111512312578E-16));
#7842=CARTESIAN_POINT('',(54.7509398410656,-22.000000372529,-5.55111512312578E-16));
#7843=CARTESIAN_POINT('',(52.5490601589345,-18.000000372529,-2.77555756156289E-16));
#7844=CARTESIAN_POINT('',(50.5009398410656,-18.000000372529,-8.32667268468867E-16));
#7845=CARTESIAN_POINT('',(52.5490601589345,-22.000000372529,-2.77555756156289E-16));
#7846=CARTESIAN_POINT('Origin',(53.65,-22.000000372529,1.66970999468606));
#7847=CARTESIAN_POINT('Origin',(53.65,-18.000000372529,1.66970999468606));
#7848=CARTESIAN_POINT('Origin',(53.65,-18.000000372529,1.83485499734303));
#7849=CARTESIAN_POINT('',(52.4,-18.000000372529,1.66970999468606));
#7850=CARTESIAN_POINT('Origin',(53.65,-18.000000372529,1.66970999468606));
#7851=CARTESIAN_POINT('Origin',(52.8437503510402,-22.000000372529,24.));
#7852=CARTESIAN_POINT('',(52.8437503510402,-18.000000372529,24.));
#7853=CARTESIAN_POINT('',(52.8437503510402,-22.000000372529,24.));
#7854=CARTESIAN_POINT('',(54.4562496489599,-18.000000372529,24.));
#7855=CARTESIAN_POINT('',(64.,-18.000000372529,24.));
#7856=CARTESIAN_POINT('',(54.4562496489599,-22.000000372529,24.));
#7857=CARTESIAN_POINT('Origin',(53.65,-22.000000372529,22.1697099946861));
#7858=CARTESIAN_POINT('Origin',(53.65,-18.000000372529,22.1697099946861));
#7859=CARTESIAN_POINT('Origin',(53.65,-18.000000372529,22.084854997343));
#7860=CARTESIAN_POINT('',(52.4,-18.000000372529,22.1697099946861));
#7861=CARTESIAN_POINT('Origin',(53.65,-18.000000372529,22.1697099946861));
#7862=CARTESIAN_POINT('Origin',(53.65,-22.000000372529,22.1697099946861));
#7863=CARTESIAN_POINT('',(52.4,-22.000000372529,22.1697099946861));
#7864=CARTESIAN_POINT('Origin',(53.65,-22.000000372529,1.66970999468606));
#7865=CARTESIAN_POINT('',(52.4,-22.000000372529,1.66970999468606));
#7866=CARTESIAN_POINT('Origin',(-55.2500007897616,-19.5,10.9174684240834));
#7867=CARTESIAN_POINT('',(-55.2500007897616,-20.,1.65894104863261));
#7868=CARTESIAN_POINT('',(-55.7500007897615,-19.5,1.65894104863261));
#7869=CARTESIAN_POINT('Origin',(-55.2500007897616,-19.5,1.65894104863261));
#7870=CARTESIAN_POINT('',(-55.7500007897615,-19.5,9.83493666935285));
#7871=CARTESIAN_POINT('',(-55.7500007897615,-19.5,10.9174684240834));
#7872=CARTESIAN_POINT('',(-55.2500007897616,-20.,10.0156866955155));
#7873=CARTESIAN_POINT('Ctrl Pts',(-55.7500007897616,-19.5,9.83493666935286));
#7874=CARTESIAN_POINT('Ctrl Pts',(-55.7500007897616,-19.5616887664505,9.83493666935286));
#7875=CARTESIAN_POINT('Ctrl Pts',(-55.7385857072161,-19.6226125666577,9.83888099015452));
#7876=CARTESIAN_POINT('Ctrl Pts',(-55.6940066708594,-19.7383261929399,9.85440688193914));
#7877=CARTESIAN_POINT('Ctrl Pts',(-55.6608459114626,-19.7915460328309,9.86599373310342));
#7878=CARTESIAN_POINT('Ctrl Pts',(-55.5754658935224,-19.8851070835311,9.89620868572103));
#7879=CARTESIAN_POINT('Ctrl Pts',(-55.5231706165187,-19.923588997302,9.91488873218852));
#7880=CARTESIAN_POINT('Ctrl Pts',(-55.4324694283963,-19.9669770117366,9.94784294648671));
#7881=CARTESIAN_POINT('Ctrl Pts',(-55.3976827795773,-19.9790880244963,9.9605892979429));
#7882=CARTESIAN_POINT('Ctrl Pts',(-55.3263646427549,-19.9954905868048,9.98698739848881));
#7883=CARTESIAN_POINT('Ctrl Pts',(-55.28996407749,-19.9997306464918,10.0005916785063));
#7884=CARTESIAN_POINT('Ctrl Pts',(-55.252351044304,-19.9999958573949,10.0147985319171));
#7885=CARTESIAN_POINT('Ctrl Pts',(-55.2511758933237,-20.,10.0152425481169));
#7886=CARTESIAN_POINT('Ctrl Pts',(-55.2500007897616,-20.,10.0156866955155));
#7887=CARTESIAN_POINT('',(-55.2500007897616,-20.,10.9174684240834));
#7888=CARTESIAN_POINT('Origin',(-56.7500007897615,-19.5,1.65894104863261));
#7889=CARTESIAN_POINT('',(-55.5327758145053,-20.,0.782377668372835));
#7890=CARTESIAN_POINT('',(-55.938517472924,-19.5,1.07456546179276));
#7891=CARTESIAN_POINT('Origin',(-55.5327758145053,-19.5,0.782377668372836));
#7892=CARTESIAN_POINT('Origin',(-56.7500007897615,-19.5,1.65894104863261));
#7893=CARTESIAN_POINT('Origin',(-56.7500007897615,-20.,1.65894104863261));
#7894=CARTESIAN_POINT('Ctrl Pts',(-57.0909098751289,-20.5,0.718844779352694));
#7895=CARTESIAN_POINT('Ctrl Pts',(-57.0894996285703,-20.4994015647082,0.7183333786801));
#7896=CARTESIAN_POINT('Ctrl Pts',(-57.088087980041,-20.4988022441773,0.71782281109716));
#7897=CARTESIAN_POINT('Ctrl Pts',(-56.7708577784881,-20.3644315351104,0.603466118490637));
#7898=CARTESIAN_POINT('Ctrl Pts',(-56.3086767981774,-20.1796110192665,0.532973725145509));
#7899=CARTESIAN_POINT('Ctrl Pts',(-55.7818162058676,-20.0276075883206,0.640037016838912));
#7900=CARTESIAN_POINT('Ctrl Pts',(-55.6037711260017,-20.,0.729076198878566));
#7901=CARTESIAN_POINT('Ctrl Pts',(-55.5327758145053,-20.,0.782377668372836));
#7902=CARTESIAN_POINT('Ctrl Pts',(-57.0909098751289,-20.5,0.718844779352695));
#7903=CARTESIAN_POINT('Ctrl Pts',(-57.0896564654348,-20.4992025026759,0.718330142456436));
#7904=CARTESIAN_POINT('Ctrl Pts',(-57.0883612689854,-20.4984031924709,0.71798370738134));
#7905=CARTESIAN_POINT('Ctrl Pts',(-56.8045644248311,-20.3189364508742,0.611688479512306));
#7906=CARTESIAN_POINT('Ctrl Pts',(-56.365628421931,-20.0742668282208,0.616128704611624));
#7907=CARTESIAN_POINT('Ctrl Pts',(-55.9221373934005,-19.9731844095813,0.812082922977261));
#7908=CARTESIAN_POINT('Ctrl Pts',(-55.7936525712048,-19.9858413987572,0.898047080968484));
#7909=CARTESIAN_POINT('Ctrl Pts',(-55.7452216500626,-20.,0.935366839252277));
#7910=CARTESIAN_POINT('Ctrl Pts',(-57.0909098751289,-20.5,0.718844779352695));
#7911=CARTESIAN_POINT('Ctrl Pts',(-57.08980381119,-20.4989979126312,0.718385794181346));
#7912=CARTESIAN_POINT('Ctrl Pts',(-57.0886456911918,-20.4980077711369,0.718084434353872));
#7913=CARTESIAN_POINT('Ctrl Pts',(-56.8368854405206,-20.2741386783985,0.623681279227477));
#7914=CARTESIAN_POINT('Ctrl Pts',(-56.4411565770926,-19.9652927230828,0.648262931324208));
#7915=CARTESIAN_POINT('Ctrl Pts',(-56.0746024593341,-19.7685599245395,0.903638847659338));
#7916=CARTESIAN_POINT('Ctrl Pts',(-55.9763137104597,-19.7526932494392,1.02186147236239));
#7917=CARTESIAN_POINT('Ctrl Pts',(-55.938517472924,-19.7617993877991,1.07456546179276));
#7918=CARTESIAN_POINT('Ctrl Pts',(-57.0909098751289,-20.5,0.718844779352695));
#7919=CARTESIAN_POINT('Ctrl Pts',(-57.0899305372417,-20.4988031294164,0.718489639996985));
#7920=CARTESIAN_POINT('Ctrl Pts',(-57.088950091129,-20.4976044883546,0.718135444914741));
#7921=CARTESIAN_POINT('Ctrl Pts',(-56.8685142046632,-20.2288630702198,0.639101617276113));
#7922=CARTESIAN_POINT('Ctrl Pts',(-56.5322222043894,-19.8592220385331,0.632495900097704));
#7923=CARTESIAN_POINT('Ctrl Pts',(-56.1346146114513,-19.5552151766411,0.853390081651145));
#7924=CARTESIAN_POINT('Ctrl Pts',(-55.9957774468313,-19.5,0.99505236337676));
#7925=CARTESIAN_POINT('Ctrl Pts',(-55.938517472924,-19.5,1.07456546179276));
#7926=CARTESIAN_POINT('',(-57.0909098751289,-20.5,0.718844779352696));
#7927=CARTESIAN_POINT('Ctrl Pts',(-55.5327758145053,-20.,0.782377668372836));
#7928=CARTESIAN_POINT('Ctrl Pts',(-55.6037711260017,-20.,0.729076198878566));
#7929=CARTESIAN_POINT('Ctrl Pts',(-55.7818162058676,-20.0276075883206,0.640037016838912));
#7930=CARTESIAN_POINT('Ctrl Pts',(-56.3086767981774,-20.1796110192665,0.532973725145509));
#7931=CARTESIAN_POINT('Ctrl Pts',(-56.7708577784881,-20.3644315351104,0.603466118490637));
#7932=CARTESIAN_POINT('Ctrl Pts',(-57.088087980041,-20.4988022441773,0.71782281109716));
#7933=CARTESIAN_POINT('Ctrl Pts',(-57.0894996285703,-20.4994015647082,0.7183333786801));
#7934=CARTESIAN_POINT('Ctrl Pts',(-57.0909098751289,-20.5,0.718844779352694));
#7935=CARTESIAN_POINT('Ctrl Pts',(-57.0909098751289,-20.5,0.718844779352695));
#7936=CARTESIAN_POINT('Ctrl Pts',(-57.0899305372417,-20.4988031294164,0.718489639996985));
#7937=CARTESIAN_POINT('Ctrl Pts',(-57.088950091129,-20.4976044883546,0.718135444914741));
#7938=CARTESIAN_POINT('Ctrl Pts',(-56.8685142046632,-20.2288630702198,0.639101617276113));
#7939=CARTESIAN_POINT('Ctrl Pts',(-56.5322222043894,-19.8592220385331,0.632495900097704));
#7940=CARTESIAN_POINT('Ctrl Pts',(-56.1346146114513,-19.5552151766411,0.853390081651145));
#7941=CARTESIAN_POINT('Ctrl Pts',(-55.9957774468313,-19.5,0.99505236337676));
#7942=CARTESIAN_POINT('Ctrl Pts',(-55.938517472924,-19.5,1.07456546179276));
#7943=CARTESIAN_POINT('Origin',(-53.0000007897615,-20.5,12.0000001788139));
#7944=CARTESIAN_POINT('',(-53.0000007897615,-20.,0.5));
#7945=CARTESIAN_POINT('Origin',(-53.0000007897615,-20.,12.0000001788139));
#7946=CARTESIAN_POINT('',(-53.0000007897615,-20.5,0.));
#7947=CARTESIAN_POINT('Origin',(-53.0000007897615,-20.5,0.5));
#7948=CARTESIAN_POINT('Origin',(-53.0000007897615,-20.5,12.0000001788139));
#7949=CARTESIAN_POINT('Origin',(-53.0000007897615,-20.,12.0000001788139));
#7950=CARTESIAN_POINT('',(-50.7500007897615,-20.,10.0156866955155));
#7951=CARTESIAN_POINT('Origin',(-53.0000007897615,-20.,12.0000001788139));
#7952=CARTESIAN_POINT('',(-50.7500007897615,-20.,1.));
#7953=CARTESIAN_POINT('',(-50.7500007897615,-20.,6.00000008940697));
#7954=CARTESIAN_POINT('',(-50.6642143521346,-20.,0.5));
#7955=CARTESIAN_POINT('Origin',(-49.2500007897615,-20.,1.));
#7956=CARTESIAN_POINT('',(-26.5000003948808,-20.,0.5));
#7957=CARTESIAN_POINT('',(-53.0000007897615,-20.,14.2500001788139));
#7958=CARTESIAN_POINT('Origin',(-53.0000007897615,-20.,12.0000001788139));
#7959=CARTESIAN_POINT('Origin',(-50.7500007897615,-19.5,6.00000008940697));
#7960=CARTESIAN_POINT('',(-50.2500007897615,-19.5,1.));
#7961=CARTESIAN_POINT('Origin',(-50.7500007897615,-19.5,1.));
#7962=CARTESIAN_POINT('',(-50.2500007897615,-19.5,9.83493666935285));
#7963=CARTESIAN_POINT('Ctrl Pts',(-50.7500007897615,-20.,10.0156866955155));
#7964=CARTESIAN_POINT('Ctrl Pts',(-50.7488256861994,-20.,10.0152425481169));
#7965=CARTESIAN_POINT('Ctrl Pts',(-50.7476505352191,-19.9999958573949,10.0147985319171));
#7966=CARTESIAN_POINT('Ctrl Pts',(-50.7100375020331,-19.9997306464918,10.0005916785063));
#7967=CARTESIAN_POINT('Ctrl Pts',(-50.6736369367682,-19.9954905868048,9.98698739848881));
#7968=CARTESIAN_POINT('Ctrl Pts',(-50.6023187999458,-19.9790880244963,9.9605892979429));
#7969=CARTESIAN_POINT('Ctrl Pts',(-50.5675321511268,-19.9669770117366,9.94784294648671));
#7970=CARTESIAN_POINT('Ctrl Pts',(-50.4768309630044,-19.923588997302,9.91488873218852));
#7971=CARTESIAN_POINT('Ctrl Pts',(-50.4245356860007,-19.8851070835311,9.89620868572103));
#7972=CARTESIAN_POINT('Ctrl Pts',(-50.3391556680605,-19.7915460328308,9.86599373310342));
#7973=CARTESIAN_POINT('Ctrl Pts',(-50.3059949086637,-19.7383261929399,9.85440688193914));
#7974=CARTESIAN_POINT('Ctrl Pts',(-50.261415872307,-19.6226125666577,9.83888099015452));
#7975=CARTESIAN_POINT('Ctrl Pts',(-50.2500007897615,-19.5616887664505,9.83493666935286));
#7976=CARTESIAN_POINT('Ctrl Pts',(-50.2500007897615,-19.5,9.83493666935286));
#7977=CARTESIAN_POINT('',(-50.2500007897615,-19.5,6.00000008940697));
#7978=CARTESIAN_POINT('Origin',(-49.2500007897615,-19.5,1.));
#7979=CARTESIAN_POINT('',(-50.1928098313436,-19.5,0.666666666666667));
#7980=CARTESIAN_POINT('Origin',(-50.6642143521346,-19.5,0.499999999999999));
#7981=CARTESIAN_POINT('Origin',(-49.2500007897615,-19.5,1.));
#7982=CARTESIAN_POINT('Ctrl Pts',(-50.6642143521346,-20.,0.5));
#7983=CARTESIAN_POINT('Ctrl Pts',(-50.5697906520476,-20.,0.36646472272742));
#7984=CARTESIAN_POINT('Ctrl Pts',(-50.3145498279453,-20.0792472070156,0.197083075778398));
#7985=CARTESIAN_POINT('Ctrl Pts',(-49.807267464578,-20.2721048390412,0.0379475287002987));
#7986=CARTESIAN_POINT('Ctrl Pts',(-49.474710339856,-20.4082606035639,0.000501001992933472));
#7987=CARTESIAN_POINT('Ctrl Pts',(-49.2534730214593,-20.4985824782323,8.92033544013902E-7));
#7988=CARTESIAN_POINT('Ctrl Pts',(-49.2517371198983,-20.49929114619,4.16333634234434E-16));
#7989=CARTESIAN_POINT('Ctrl Pts',(-49.2500007897615,-20.5,4.16333634234434E-16));
#7990=CARTESIAN_POINT('Ctrl Pts',(-50.5408009371858,-20.,0.543633231299859));
#7991=CARTESIAN_POINT('Ctrl Pts',(-50.4616954847404,-19.9880834935186,0.431230955769965));
#7992=CARTESIAN_POINT('Ctrl Pts',(-50.2434994470474,-20.0361727164951,0.250090764565259));
#7993=CARTESIAN_POINT('Ctrl Pts',(-49.7754711644592,-20.2354581685643,0.0505733449665469));
#7994=CARTESIAN_POINT('Ctrl Pts',(-49.4621743559376,-20.3929825159916,0.000477543886136381));
#7995=CARTESIAN_POINT('Ctrl Pts',(-49.253280393865,-20.4983461720839,2.20898488305702E-6));
#7996=CARTESIAN_POINT('Ctrl Pts',(-49.251640657113,-20.4991730038884,4.16333634234434E-16));
#7997=CARTESIAN_POINT('Ctrl Pts',(-49.2500007897615,-20.5,4.16333634234434E-16));
#7998=CARTESIAN_POINT('Ctrl Pts',(-50.2950562572269,-19.8915512883587,0.630517096119573));
#7999=CARTESIAN_POINT('Ctrl Pts',(-50.2458071297025,-19.8697507996992,0.530275586920351));
#8000=CARTESIAN_POINT('Ctrl Pts',(-50.1009469182348,-19.9120148696325,0.31813462616688));
#8001=CARTESIAN_POINT('Ctrl Pts',(-49.711452760518,-20.1616398023837,0.0652919274537617));
#8002=CARTESIAN_POINT('Ctrl Pts',(-49.4370193612065,-20.3626412124174,0.00052681048270836));
#8003=CARTESIAN_POINT('Ctrl Pts',(-49.2528955844636,-20.497872393812,3.33549283662797E-6));
#8004=CARTESIAN_POINT('Ctrl Pts',(-49.2514477315422,-20.498936719285,4.16333634234434E-16));
#8005=CARTESIAN_POINT('Ctrl Pts',(-49.2500007897615,-20.5,4.16333634234434E-16));
#8006=CARTESIAN_POINT('Ctrl Pts',(-50.1928098313436,-19.6308996938996,0.666666666666667));
#8007=CARTESIAN_POINT('Ctrl Pts',(-50.1411618928055,-19.623408217712,0.519858632873895));
#8008=CARTESIAN_POINT('Ctrl Pts',(-49.9962471823688,-19.7428474890071,0.295494084848023));
#8009=CARTESIAN_POINT('Ctrl Pts',(-49.6514167173865,-20.0832056131565,0.0589306192845579));
#8010=CARTESIAN_POINT('Ctrl Pts',(-49.4122756109627,-20.3318653807522,0.000590162856176692));
#8011=CARTESIAN_POINT('Ctrl Pts',(-49.2525085863655,-20.4974009255106,2.40099656226009E-6));
#8012=CARTESIAN_POINT('Ctrl Pts',(-49.2512548059715,-20.4987004346817,4.16333634234434E-16));
#8013=CARTESIAN_POINT('Ctrl Pts',(-49.2500007897615,-20.5,4.16333634234434E-16));
#8014=CARTESIAN_POINT('Ctrl Pts',(-50.1928098313436,-19.5,0.666666666666667));
#8015=CARTESIAN_POINT('Ctrl Pts',(-50.1298606979522,-19.5,0.488619630303227));
#8016=CARTESIAN_POINT('Ctrl Pts',(-49.9597001485507,-19.658494414031,0.262777434371184));
#8017=CARTESIAN_POINT('Ctrl Pts',(-49.6215119063058,-20.0442096780823,0.0505967049337211));
#8018=CARTESIAN_POINT('Ctrl Pts',(-49.399807156491,-20.3165212071274,0.000668002657242026));
#8019=CARTESIAN_POINT('Ctrl Pts',(-49.2523156108934,-20.4971649564645,1.1893780584789E-6));
#8020=CARTESIAN_POINT('Ctrl Pts',(-49.2511583431861,-20.49858229238,4.16333634234434E-16));
#8021=CARTESIAN_POINT('Ctrl Pts',(-49.2500007897615,-20.5,4.16333634234434E-16));
#8022=CARTESIAN_POINT('',(-49.2500007897615,-20.5,0.));
#8023=CARTESIAN_POINT('Ctrl Pts',(-50.1928098313436,-19.5,0.666666666666667));
#8024=CARTESIAN_POINT('Ctrl Pts',(-50.1298606979522,-19.5,0.488619630303227));
#8025=CARTESIAN_POINT('Ctrl Pts',(-49.9597001485507,-19.658494414031,0.262777434371184));
#8026=CARTESIAN_POINT('Ctrl Pts',(-49.6215119063058,-20.0442096780823,0.0505967049337211));
#8027=CARTESIAN_POINT('Ctrl Pts',(-49.399807156491,-20.3165212071274,0.000668002657242026));
#8028=CARTESIAN_POINT('Ctrl Pts',(-49.2523156108934,-20.4971649564645,1.1893780584789E-6));
#8029=CARTESIAN_POINT('Ctrl Pts',(-49.2511583431861,-20.49858229238,4.16333634234434E-16));
#8030=CARTESIAN_POINT('Ctrl Pts',(-49.2500007897615,-20.5,4.16333634234434E-16));
#8031=CARTESIAN_POINT('Ctrl Pts',(-49.2500007897615,-20.5,4.16333634234434E-16));
#8032=CARTESIAN_POINT('Ctrl Pts',(-49.2517371198983,-20.49929114619,4.16333634234434E-16));
#8033=CARTESIAN_POINT('Ctrl Pts',(-49.2534730214593,-20.4985824782323,8.92033544013902E-7));
#8034=CARTESIAN_POINT('Ctrl Pts',(-49.474710339856,-20.4082606035639,0.000501001992933472));
#8035=CARTESIAN_POINT('Ctrl Pts',(-49.807267464578,-20.2721048390412,0.0379475287002987));
#8036=CARTESIAN_POINT('Ctrl Pts',(-50.3145498279453,-20.0792472070156,0.197083075778398));
#8037=CARTESIAN_POINT('Ctrl Pts',(-50.5697906520476,-20.,0.36646472272742));
#8038=CARTESIAN_POINT('Ctrl Pts',(-50.6642143521346,-20.,0.5));
#8039=CARTESIAN_POINT('Origin',(-49.2500007897615,-8.99999999999998,1.));
#8040=CARTESIAN_POINT('',(-50.2500007897615,-19.,1.));
#8041=CARTESIAN_POINT('',(-50.2500007897615,-8.99999999999998,1.));
#8042=CARTESIAN_POINT('',(-49.2500007897615,-19.,0.));
#8043=CARTESIAN_POINT('Origin',(-49.2500007897615,-19.,1.));
#8044=CARTESIAN_POINT('',(-49.2500007897615,-8.99999999999998,0.));
#8045=CARTESIAN_POINT('Origin',(-50.2500007897615,-18.,0.));
#8046=CARTESIAN_POINT('',(-50.2500007897615,-19.,9.83493666935285));
#8047=CARTESIAN_POINT('',(-50.2500007897615,-18.,9.83493666935285));
#8048=CARTESIAN_POINT('',(-50.2500007897615,-19.,0.));
#8049=CARTESIAN_POINT('Origin',(-26.5000003948808,-20.5,0.5));
#8050=CARTESIAN_POINT('',(-26.5000003948808,-20.5,0.));
#8051=CARTESIAN_POINT('Origin',(-53.0000007897615,-25.,12.0000001788139));
#8052=CARTESIAN_POINT('',(-57.0909098751289,-19.,0.718844779352696));
#8053=CARTESIAN_POINT('',(-57.0909098751289,-25.,0.718844779352696));
#8054=CARTESIAN_POINT('',(-53.0000007897615,-23.5,0.));
#8055=CARTESIAN_POINT('',(-53.0000007897615,-25.,0.));
#8056=CARTESIAN_POINT('',(-52.9983093339002,-23.5,24.0000002384186));
#8057=CARTESIAN_POINT('Origin',(-53.0000007897615,-23.5,12.0000001788139));
#8058=CARTESIAN_POINT('',(-52.9983093339002,-19.,24.0000002384186));
#8059=CARTESIAN_POINT('',(-52.9983093339002,-25.,24.0000002384186));
#8060=CARTESIAN_POINT('Origin',(-53.0000007897615,-19.,12.0000001788139));
#8061=CARTESIAN_POINT('Origin',(1.77635683940025E-14,1.77635683940025E-14,
0.));
#8062=CARTESIAN_POINT('',(-25.734161726412,-19.,0.));
#8063=CARTESIAN_POINT('',(-15.,-19.,0.));
#8064=CARTESIAN_POINT('',(-9.71825937762293,-11.8786875331878,0.));
#8065=CARTESIAN_POINT('',(-3.45628231938587,-9.09436141027743,0.));
#8066=CARTESIAN_POINT('',(-9.71825937762291,11.8786875331878,0.));
#8067=CARTESIAN_POINT('Origin',(-15.0000002235174,0.,0.));
#8068=CARTESIAN_POINT('',(-25.734161726412,19.,0.));
#8069=CARTESIAN_POINT('',(-13.4222615058656,13.5256354202638,0.));
#8070=CARTESIAN_POINT('',(-49.2500007897715,19.,0.));
#8071=CARTESIAN_POINT('',(-32.5,19.,0.));
#8072=CARTESIAN_POINT('',(-49.2500007897715,19.5,0.));
#8073=CARTESIAN_POINT('',(-49.2500007897715,9.00000000000002,0.));
#8074=CARTESIAN_POINT('',(-51.8680347785214,20.5,0.));
#8075=CARTESIAN_POINT('Origin',(-50.7500007897715,19.5,0.));
#8076=CARTESIAN_POINT('',(-53.0000007897615,20.5,0.));
#8077=CARTESIAN_POINT('',(-26.5000003948808,20.5,0.));
#8078=CARTESIAN_POINT('',(-53.0000007897615,25.,0.));
#8079=CARTESIAN_POINT('',(-20.2678480027317,23.5,0.));
#8080=CARTESIAN_POINT('',(32.5,23.5,0.));
#8081=CARTESIAN_POINT('',(4.73215235585964,19.0000003303343,0.));
#8082=CARTESIAN_POINT('',(3.96486020226052,19.1381129058626,0.));
#8083=CARTESIAN_POINT('',(13.9094635458012,19.0000002443756,0.));
#8084=CARTESIAN_POINT('',(20.0000000749316,19.0000001873289,0.));
#8085=CARTESIAN_POINT('',(13.9094637153967,-19.0000003433706,0.));
#8086=CARTESIAN_POINT('Origin',(25.000000372529,0.,0.));
#8087=CARTESIAN_POINT('',(-0.333333312693187,-19.000000327453,0.));
#8088=CARTESIAN_POINT('',(-8.94068659662569E-9,-19.0000003278255,0.));
#8089=CARTESIAN_POINT('',(-20.3333330248905,-23.5,0.));
#8090=CARTESIAN_POINT('',(-8.30279615637449,-20.7931293626034,0.));
#8091=CARTESIAN_POINT('',(-32.5,-23.5,0.));
#8092=CARTESIAN_POINT('Origin',(-53.0000007897615,-19.5,12.0000001788139));
#8093=CARTESIAN_POINT('Origin',(-53.0000007897615,-19.5,12.0000001788139));
#8094=CARTESIAN_POINT('Origin',(-56.7500007897615,-19.,4.91746833467642));
#8095=CARTESIAN_POINT('Ctrl Pts',(-56.7500007897615,-18.,6.13649996579331));
#8096=CARTESIAN_POINT('Ctrl Pts',(-56.6503095264358,-18.,6.26180819756766));
#8097=CARTESIAN_POINT('Ctrl Pts',(-56.5656869036232,-18.0149952024053,6.40431927057221));
#8098=CARTESIAN_POINT('Ctrl Pts',(-56.4139028970676,-18.0537106458318,6.77052287739214));
#8099=CARTESIAN_POINT('Ctrl Pts',(-56.3694767010957,-18.0752289916173,7.00440948324594));
#8100=CARTESIAN_POINT('Ctrl Pts',(-56.3694767010957,-18.0752289916173,7.22601165837645));
#8101=CARTESIAN_POINT('Ctrl Pts',(-56.3694767010957,-18.0752289916173,7.44761383350695));
#8102=CARTESIAN_POINT('Ctrl Pts',(-56.4139028970676,-18.0537106458318,7.68150043936075));
#8103=CARTESIAN_POINT('Ctrl Pts',(-56.5656869036232,-18.0149952024053,8.04770404618068));
#8104=CARTESIAN_POINT('Ctrl Pts',(-56.6503095264358,-18.,8.19021511918522));
#8105=CARTESIAN_POINT('Ctrl Pts',(-56.7500007897615,-18.,8.31552335095957));
#8106=CARTESIAN_POINT('',(-55.7500007897615,-19.,9.83493666935285));
#8107=CARTESIAN_POINT('Ctrl Pts',(-56.7500007897615,-18.,9.51253158604739));
#8108=CARTESIAN_POINT('Ctrl Pts',(-56.7484423228273,-18.,9.51300148150822));
#8109=CARTESIAN_POINT('Ctrl Pts',(-56.7468838941518,-18.0000036432288,9.51347149858304));
#8110=CARTESIAN_POINT('Ctrl Pts',(-56.6729419556527,-18.0003493457745,9.53577847682073));
#8111=CARTESIAN_POINT('Ctrl Pts',(-56.6008150242912,-18.0085459609292,9.55782901542942));
#8112=CARTESIAN_POINT('Ctrl Pts',(-56.4597476059008,-18.0403278440484,9.60154295788709));
#8113=CARTESIAN_POINT('Ctrl Pts',(-56.3910748090984,-18.0638221376763,9.62312245237702));
#8114=CARTESIAN_POINT('Ctrl Pts',(-56.2082405766267,-18.1495594211766,9.68132568412045));
#8115=CARTESIAN_POINT('Ctrl Pts',(-56.101954130507,-18.2271596994429,9.7160775664981));
#8116=CARTESIAN_POINT('Ctrl Pts',(-55.9292140469052,-18.4154238081464,9.77354560306518));
#8117=CARTESIAN_POINT('Ctrl Pts',(-55.8623272221902,-18.5225335412633,9.79631420308675));
#8118=CARTESIAN_POINT('Ctrl Pts',(-55.7728427759411,-18.7546823635835,9.82698586053282));
#8119=CARTESIAN_POINT('Ctrl Pts',(-55.7500007897615,-18.8765490482772,9.83493666935284));
#8120=CARTESIAN_POINT('Ctrl Pts',(-55.7500007897615,-19.,9.83493666935284));
#8121=CARTESIAN_POINT('',(-55.7500007897615,-19.,1.65894104863261));
#8122=CARTESIAN_POINT('',(-55.7500007897615,-19.,4.91746833467642));
#8123=CARTESIAN_POINT('Origin',(-56.7500007897615,-19.,1.65894104863261));
#8124=CARTESIAN_POINT('Origin',(-53.0000007897615,-19.,12.0000001788139));
#8125=CARTESIAN_POINT('Ctrl Pts',(-49.2500007897615,-18.,9.51253158604739));
#8126=CARTESIAN_POINT('Ctrl Pts',(-49.2515592566958,-18.,9.51300148150823));
#8127=CARTESIAN_POINT('Ctrl Pts',(-49.2531176853713,-18.0000036432288,9.51347149858303));
#8128=CARTESIAN_POINT('Ctrl Pts',(-49.3270596238705,-18.0003493457746,9.53577847682078));
#8129=CARTESIAN_POINT('Ctrl Pts',(-49.3991865552321,-18.0085459609292,9.55782901542945));
#8130=CARTESIAN_POINT('Ctrl Pts',(-49.5402539736224,-18.0403278440484,9.60154295788708));
#8131=CARTESIAN_POINT('Ctrl Pts',(-49.6089267704247,-18.0638221376763,9.62312245237703));
#8132=CARTESIAN_POINT('Ctrl Pts',(-49.7917610028964,-18.1495594211766,9.68132568412045));
#8133=CARTESIAN_POINT('Ctrl Pts',(-49.8980474490161,-18.2271596994429,9.7160775664981));
#8134=CARTESIAN_POINT('Ctrl Pts',(-50.0707875326178,-18.4154238081464,9.77354560306518));
#8135=CARTESIAN_POINT('Ctrl Pts',(-50.1376743573329,-18.5225335412633,9.79631420308675));
#8136=CARTESIAN_POINT('Ctrl Pts',(-50.227158803582,-18.7546823635835,9.82698586053283));
#8137=CARTESIAN_POINT('Ctrl Pts',(-50.2500007897615,-18.8765490482772,9.83493666935285));
#8138=CARTESIAN_POINT('Ctrl Pts',(-50.2500007897615,-19.,9.83493666935285));
#8139=CARTESIAN_POINT('Origin',(-53.0000007897615,-19.,12.0000001788139));
#8140=CARTESIAN_POINT('Origin',(-49.2500007897615,-19.,0.));
#8141=CARTESIAN_POINT('Origin',(-49.2500007897615,-19.,1.));
#8142=CARTESIAN_POINT('Origin',(-49.2500007897615,-19.,1.));
#8143=CARTESIAN_POINT('Origin',(-49.2500007897615,-19.,1.));
#8144=CARTESIAN_POINT('Origin',(-56.7500007897615,-25.,1.65894104863261));
#8145=CARTESIAN_POINT('Origin',(-56.7500007897615,-19.,1.65894104863261));
#8146=CARTESIAN_POINT('',(-55.7500007897615,-25.,1.65894104863261));
#8147=CARTESIAN_POINT('Origin',(-56.7500007897615,-19.,1.65894104863261));
#8148=CARTESIAN_POINT('Origin',(-56.7500007897615,-19.,1.65894104863261));
#8149=CARTESIAN_POINT('Origin',(-58.1194767010957,-25.,7.22601165837645));
#8150=CARTESIAN_POINT('',(-59.8694767010957,-21.5,7.22601165837645));
#8151=CARTESIAN_POINT('Origin',(-58.1194767010957,-21.5,7.22601165837645));
#8152=CARTESIAN_POINT('',(-59.8694767010957,-25.,7.22601165837645));
#8153=CARTESIAN_POINT('Origin',(-53.0000007897615,-19.,12.0000001788139));
#8154=CARTESIAN_POINT('Origin',(-52.9983093339002,-19.,23.));
#8155=CARTESIAN_POINT('Origin',(-55.7500007897615,-18.,9.83493666935284));
#8156=CARTESIAN_POINT('',(-55.7500007897615,-18.,9.83493666935285));
#8157=CARTESIAN_POINT('Origin',(-53.0000007897615,-18.,12.0000001788139));
#8158=CARTESIAN_POINT('Origin',(-53.0000007897615,-20.5,12.0000001788139));
#8159=CARTESIAN_POINT('',(-53.0000007897615,-20.5,13.7500001788139));
#8160=CARTESIAN_POINT('Origin',(-53.0000007897615,-20.5,14.2500001788139));
#8161=CARTESIAN_POINT('',(-51.2500007897615,-20.5,12.0000001788139));
#8162=CARTESIAN_POINT('Origin',(-53.0000007897615,-20.5,12.0000001788139));
#8163=CARTESIAN_POINT('Origin',(-53.0000007897615,-20.5,12.0000001788139));
#8164=CARTESIAN_POINT('Origin',(-53.0000007897615,-20.,12.0000001788139));
#8165=CARTESIAN_POINT('',(-51.2500007897615,-20.,12.0000001788139));
#8166=CARTESIAN_POINT('Origin',(-56.7500007897711,-25.,1.65894104863608));
#8167=CARTESIAN_POINT('',(-57.0909098751393,19.5,0.718844779356482));
#8168=CARTESIAN_POINT('',(-55.7500007897711,19.5,1.65894104863574));
#8169=CARTESIAN_POINT('Origin',(-56.7500007897711,19.5,1.65894104863608));
#8170=CARTESIAN_POINT('',(-55.7500007897711,-25.,1.65894104863574));
#8171=CARTESIAN_POINT('',(-57.0909098751393,-25.,0.718844779356482));
#8172=CARTESIAN_POINT('Origin',(-49.2500007897702,19.,4.91746833466919));
#8173=CARTESIAN_POINT('',(-50.2500007897715,19.,1.00000000000032));
#8174=CARTESIAN_POINT('',(-50.2500007897702,19.,4.91746833466952));
#8175=CARTESIAN_POINT('Origin',(-49.2500007897715,19.,1.));
#8176=CARTESIAN_POINT('',(-49.8002533214557,18.1650017057664,7.05025271050838));
#8177=CARTESIAN_POINT('Ctrl Pts',(-49.6858906841238,18.1,6.42800644266546));
#8178=CARTESIAN_POINT('Ctrl Pts',(-49.7620090106196,18.1368657881052,6.62809117637062));
#8179=CARTESIAN_POINT('Ctrl Pts',(-49.8002533214558,18.1650017057665,6.84300005587071));
#8180=CARTESIAN_POINT('Ctrl Pts',(-49.8002533214557,18.1650017057665,7.05025271050867));
#8181=CARTESIAN_POINT('Ctrl Pts',(-49.8002533214557,18.1650017057664,7.05025271050867));
#8182=CARTESIAN_POINT('Ctrl Pts',(-49.8002533214556,18.1650017057664,7.25750536514662));
#8183=CARTESIAN_POINT('Ctrl Pts',(-49.7620090106194,18.1368657881052,7.47241424464668));
#8184=CARTESIAN_POINT('Ctrl Pts',(-49.6858906841234,18.1,7.6724989783518));
#8185=CARTESIAN_POINT('Ctrl Pts',(-57.0909098751393,19.5,0.718844779356488));
#8186=CARTESIAN_POINT('Ctrl Pts',(-57.0909098751393,19.7630393215793,0.718844779356489));
#8187=CARTESIAN_POINT('Ctrl Pts',(-56.9340664068104,20.2862658734763,0.660584391814263));
#8188=CARTESIAN_POINT('Ctrl Pts',(-56.2559807836751,20.9113369585974,0.437611085362588));
#8189=CARTESIAN_POINT('Ctrl Pts',(-55.195858098401,21.1045887422296,0.181567296878166));
#8190=CARTESIAN_POINT('Ctrl Pts',(-54.4823209725633,20.7562630626432,0.0891885908780164));
#8191=CARTESIAN_POINT('Ctrl Pts',(-54.2292942416279,20.4942531452058,0.0631311629985669));
#8192=CARTESIAN_POINT('Ctrl Pts',(-56.9191247347675,19.5,0.656549972965133));
#8193=CARTESIAN_POINT('Ctrl Pts',(-56.9191247347675,19.7289306301975,0.656549972965133));
#8194=CARTESIAN_POINT('Ctrl Pts',(-56.7857915086351,20.1857855601346,0.609954604230369));
#8195=CARTESIAN_POINT('Ctrl Pts',(-56.1857294002176,20.757716279153,0.420482569273748));
#8196=CARTESIAN_POINT('Ctrl Pts',(-55.2192549556238,20.9509027937487,0.189448001494762));
#8197=CARTESIAN_POINT('Ctrl Pts',(-54.5657558683001,20.6367323528437,0.100046747983679));
#8198=CARTESIAN_POINT('Ctrl Pts',(-54.3350274570874,20.3996614078786,0.0740198767171247));
#8199=CARTESIAN_POINT('Ctrl Pts',(-56.5415516279524,19.5,0.628997592987233));
#8200=CARTESIAN_POINT('Ctrl Pts',(-56.5415516279524,19.6608822513783,0.628997592987233));
#8201=CARTESIAN_POINT('Ctrl Pts',(-56.4583480097011,19.9853227488776,0.600882262554711));
#8202=CARTESIAN_POINT('Ctrl Pts',(-56.0246866950399,20.4510176656974,0.462393185456223));
#8203=CARTESIAN_POINT('Ctrl Pts',(-55.2548081548115,20.6439113472145,0.267833693172696));
#8204=CARTESIAN_POINT('Ctrl Pts',(-54.7247562897299,20.3979757307115,0.183093410872875));
#8205=CARTESIAN_POINT('Ctrl Pts',(-54.539884164311,20.2107260792738,0.15725806878021));
#8206=CARTESIAN_POINT('Ctrl Pts',(-55.9493846197712,19.5,0.931769551022319));
#8207=CARTESIAN_POINT('Ctrl Pts',(-55.9493846197712,19.5764133818609,0.93176955102232));
#8208=CARTESIAN_POINT('Ctrl Pts',(-55.9289566934609,19.7345085476453,0.908521059660074));
#8209=CARTESIAN_POINT('Ctrl Pts',(-55.7266637151561,20.0369738395937,0.782949948279746));
#8210=CARTESIAN_POINT('Ctrl Pts',(-55.2624904546972,20.203482921947,0.598192077902705));
#8211=CARTESIAN_POINT('Ctrl Pts',(-54.9271180001591,20.0543685338047,0.516240945417492));
#8212=CARTESIAN_POINT('Ctrl Pts',(-54.8127295272224,19.938755268556,0.491135026701062));
#8213=CARTESIAN_POINT('Ctrl Pts',(-55.7500007897712,19.5,1.38484389605881));
#8214=CARTESIAN_POINT('Ctrl Pts',(-55.7500007897712,19.5697657294165,1.38484389605881));
#8215=CARTESIAN_POINT('Ctrl Pts',(-55.7243448274655,19.7116066977588,1.34295543085396));
#8216=CARTESIAN_POINT('Ctrl Pts',(-55.5577310980555,19.939098340515,1.16878969225583));
#8217=CARTESIAN_POINT('Ctrl Pts',(-55.2153061618109,20.0492206338231,0.953064409228536));
#8218=CARTESIAN_POINT('Ctrl Pts',(-54.9694921312465,19.9323407505664,0.869279424720789));
#8219=CARTESIAN_POINT('Ctrl Pts',(-54.8852526298638,19.8423011097097,0.84493480604365));
#8220=CARTESIAN_POINT('Ctrl Pts',(-55.7500007897711,19.5,1.65894104863575));
#8221=CARTESIAN_POINT('Ctrl Pts',(-55.7500007897711,19.58767977386,1.65894104863575));
#8222=CARTESIAN_POINT('Ctrl Pts',(-55.7020763966056,19.7620886244923,1.60553569331637));
#8223=CARTESIAN_POINT('Ctrl Pts',(-55.4948835670337,19.9704456528659,1.40114349545895));
#8224=CARTESIAN_POINT('Ctrl Pts',(-55.170957190539,20.0348629140766,1.16643668903049));
#8225=CARTESIAN_POINT('Ctrl Pts',(-54.9529319573488,19.9187543542144,1.08175620841579));
#8226=CARTESIAN_POINT('Ctrl Pts',(-54.8756182339027,19.8314177150686,1.05787023282733));
#8227=CARTESIAN_POINT('',(-54.9272016998679,20.,0.662632725793546));
#8228=CARTESIAN_POINT('',(-55.2500007897308,20.,1.23257226241002));
#8229=CARTESIAN_POINT('Ctrl Pts',(-54.9272016998679,20.,0.662632725793546));
#8230=CARTESIAN_POINT('Ctrl Pts',(-55.0606689956933,20.,0.845722981565977));
#8231=CARTESIAN_POINT('Ctrl Pts',(-55.1610246443942,20.,1.04333785501983));
#8232=CARTESIAN_POINT('Ctrl Pts',(-55.2480898124678,20.,1.22850214164974));
#8233=CARTESIAN_POINT('Ctrl Pts',(-55.2490456731562,20.,1.23053702018087));
#8234=CARTESIAN_POINT('Ctrl Pts',(-55.2500007897713,20.,1.2325722624607));
#8235=CARTESIAN_POINT('Ctrl Pts',(-55.2500000195298,19.9997063648633,1.23257281008244));
#8236=CARTESIAN_POINT('Ctrl Pts',(-55.2559102077779,19.9996977771442,1.23628009374237));
#8237=CARTESIAN_POINT('Ctrl Pts',(-55.2618169635873,19.9995837937793,1.24003120069047));
#8238=CARTESIAN_POINT('Ctrl Pts',(-55.2677167119535,19.999365434803,1.24382377988025));
#8239=CARTESIAN_POINT('Ctrl Pts',(-55.3057137433462,19.9979591048441,1.26824969461213));
#8240=CARTESIAN_POINT('Ctrl Pts',(-55.3434062257081,19.9922279747327,1.29446930608893));
#8241=CARTESIAN_POINT('Ctrl Pts',(-55.3799466714025,19.9824300532305,1.32153189767975));
#8242=CARTESIAN_POINT('Ctrl Pts',(-55.4078994396601,19.9749348236581,1.34223428203258));
#8243=CARTESIAN_POINT('Ctrl Pts',(-55.4351792385966,19.9650587704644,1.36343053611317));
#8244=CARTESIAN_POINT('Ctrl Pts',(-55.4614091628549,19.9528966875944,1.38469321484079));
#8245=CARTESIAN_POINT('Ctrl Pts',(-55.4760943203011,19.9460875904708,1.39659739655961));
#8246=CARTESIAN_POINT('Ctrl Pts',(-55.4904429983724,19.9385648953248,1.40852280284155));
#8247=CARTESIAN_POINT('Ctrl Pts',(-55.5043859390643,19.930347208943,1.42040292647933));
#8248=CARTESIAN_POINT('Ctrl Pts',(-55.5467850618155,19.9053580261491,1.45652922376123));
#8249=CARTESIAN_POINT('Ctrl Pts',(-55.5854343066021,19.8739441074305,1.4922374255226));
#8250=CARTESIAN_POINT('Ctrl Pts',(-55.6188321775876,19.8374139021248,1.52445825416584));
#8251=CARTESIAN_POINT('Ctrl Pts',(-55.643210065522,19.8107496500368,1.54797699133794));
#8252=CARTESIAN_POINT('Ctrl Pts',(-55.6647999005292,19.7813418602152,1.56964840904673));
#8253=CARTESIAN_POINT('Ctrl Pts',(-55.6829785704612,19.7497399660903,1.5882282024676));
#8254=CARTESIAN_POINT('Ctrl Pts',(-55.6958543539105,19.7273566373394,1.60138809796683));
#8255=CARTESIAN_POINT('Ctrl Pts',(-55.7070192778923,19.7038733288054,1.6129971483336));
#8256=CARTESIAN_POINT('Ctrl Pts',(-55.7163421198707,19.6796236281794,1.62280261850457));
#8257=CARTESIAN_POINT('Ctrl Pts',(-55.721223124568,19.6669276173556,1.6279363047856));
#8258=CARTESIAN_POINT('Ctrl Pts',(-55.7256024934723,19.654013540974,1.63257908127962));
#8259=CARTESIAN_POINT('Ctrl Pts',(-55.7294608566375,19.6409269264196,1.63669423002624));
#8260=CARTESIAN_POINT('Ctrl Pts',(-55.7406465285584,19.6029878909552,1.64862434178972));
#8261=CARTESIAN_POINT('Ctrl Pts',(-55.7474496534597,19.5636012553113,1.65611606556093));
#8262=CARTESIAN_POINT('Ctrl Pts',(-55.7494093507965,19.5239120099966,1.65828496227474));
#8263=CARTESIAN_POINT('Ctrl Pts',(-55.7498024626271,19.5159504173627,1.65872003913154));
#8264=CARTESIAN_POINT('Ctrl Pts',(-55.7500007897711,19.5079766643356,1.65894104863574));
#8265=CARTESIAN_POINT('Ctrl Pts',(-55.7500007897711,19.5,1.65894104863575));
#8266=CARTESIAN_POINT('',(-54.2348728003722,20.5,0.0637069766114695));
#8267=CARTESIAN_POINT('Ctrl Pts',(-57.0909098751393,19.5,0.718844779356488));
#8268=CARTESIAN_POINT('Ctrl Pts',(-57.0909098751393,19.7630393215793,0.718844779356489));
#8269=CARTESIAN_POINT('Ctrl Pts',(-56.9340664068104,20.2862658734763,0.660584391814263));
#8270=CARTESIAN_POINT('Ctrl Pts',(-56.2559807836751,20.9113369585974,0.437611085362588));
#8271=CARTESIAN_POINT('Ctrl Pts',(-55.1986830746868,21.1040737719214,0.182249593031853));
#8272=CARTESIAN_POINT('Ctrl Pts',(-54.487550615229,20.7588090647289,0.0898668110093067));
#8273=CARTESIAN_POINT('Ctrl Pts',(-54.2348735349624,20.4999990836723,0.0637072619163309));
#8274=CARTESIAN_POINT('Ctrl Pts',(-54.2348728004248,20.5000000000539,0.0637069766169061));
#8275=CARTESIAN_POINT('Ctrl Pts',(-54.2359795440924,20.4989357328309,0.0638214750424199));
#8276=CARTESIAN_POINT('Ctrl Pts',(-54.2370859221337,20.4978714684522,0.0639395073466618));
#8277=CARTESIAN_POINT('Ctrl Pts',(-54.3130082355531,20.4248161542286,0.0722844250101142));
#8278=CARTESIAN_POINT('Ctrl Pts',(-54.3856803283746,20.3533359259396,0.0966264950639947));
#8279=CARTESIAN_POINT('Ctrl Pts',(-54.5263255638682,20.2209477000744,0.176544561082271));
#8280=CARTESIAN_POINT('Ctrl Pts',(-54.5930415183393,20.161124458159,0.231740794544232));
#8281=CARTESIAN_POINT('Ctrl Pts',(-54.7281951273183,20.0590045208893,0.376849169757271));
#8282=CARTESIAN_POINT('Ctrl Pts',(-54.7894607181275,20.0244665355879,0.463746075667479));
#8283=CARTESIAN_POINT('Ctrl Pts',(-54.8769523935259,20.0026831735606,0.591359000205222));
#8284=CARTESIAN_POINT('Ctrl Pts',(-54.9019303559794,20.,0.627965530450749));
#8285=CARTESIAN_POINT('Ctrl Pts',(-54.9272016998679,20.,0.662632725793546));
#8286=CARTESIAN_POINT('Origin',(-49.2500007897715,9.00000000000002,1.));
#8287=CARTESIAN_POINT('Origin',(-49.2500007897715,19.,1.));
#8288=CARTESIAN_POINT('',(-50.2500007897715,19.5,1.00000000000032));
#8289=CARTESIAN_POINT('',(-50.2500007897715,9.00000000000002,1.00000000000032));
#8290=CARTESIAN_POINT('Origin',(-49.2500007897715,19.5,1.));
#8291=CARTESIAN_POINT('Origin',(-49.2500007897715,19.,1.));
#8292=CARTESIAN_POINT('Origin',(-49.2500007897715,19.,1.));
#8293=CARTESIAN_POINT('Origin',(-50.7500007897715,19.5,1.00000000001641));
#8294=CARTESIAN_POINT('',(-51.1397748123265,20.,0.5));
#8295=CARTESIAN_POINT('Ctrl Pts',(-51.1397748123265,20.,0.499999999999998));
#8296=CARTESIAN_POINT('Ctrl Pts',(-51.1834243139549,20.,0.453518412505526));
#8297=CARTESIAN_POINT('Ctrl Pts',(-51.2239142715341,20.0064962404278,0.405777459301645));
#8298=CARTESIAN_POINT('Ctrl Pts',(-51.3151158752091,20.0367161122204,0.303314815981988));
#8299=CARTESIAN_POINT('Ctrl Pts',(-51.3635973873038,20.0622298113395,0.25186557170412));
#8300=CARTESIAN_POINT('Ctrl Pts',(-51.497013820543,20.1502010177076,0.130843286160152));
#8301=CARTESIAN_POINT('Ctrl Pts',(-51.5815719228374,20.223281222532,0.0741316320448767));
#8302=CARTESIAN_POINT('Ctrl Pts',(-51.7335945352221,20.3660560137742,0.0137865217537845));
#8303=CARTESIAN_POINT('Ctrl Pts',(-51.7987230365611,20.4308942728003,0.000523418247894501));
#8304=CARTESIAN_POINT('Ctrl Pts',(-51.8654292130121,20.497402078838,5.0619269591387E-6));
#8305=CARTESIAN_POINT('Ctrl Pts',(-51.8667319935809,20.498701033249,1.64077035178993E-11));
#8306=CARTESIAN_POINT('Ctrl Pts',(-51.8680347785214,20.5,1.6407708525179E-11));
#8307=CARTESIAN_POINT('',(-50.7500007897715,20.,1.00000000001641));
#8308=CARTESIAN_POINT('Origin',(-50.7500007897715,19.5,1.00000000001641));
#8309=CARTESIAN_POINT('Ctrl Pts',(-50.7500007897715,20.,1.00000000001641));
#8310=CARTESIAN_POINT('Ctrl Pts',(-50.8645008474286,20.,0.838072465585238));
#8311=CARTESIAN_POINT('Ctrl Pts',(-50.9928554627307,20.,0.656451834456527));
#8312=CARTESIAN_POINT('Ctrl Pts',(-51.1397748123265,20.,0.5));
#8313=CARTESIAN_POINT('Origin',(-58.1194767010957,-25.,7.22601165837645));
#8314=CARTESIAN_POINT('',(-59.8694767010957,21.5,7.22601165837645));
#8315=CARTESIAN_POINT('',(-59.8694767010957,-25.,7.22601165837645));
#8316=CARTESIAN_POINT('Origin',(-58.1194767010957,21.5,7.22601165837645));
#8317=CARTESIAN_POINT('Origin',(-48.0502533214557,-25.,7.0502527105081));
#8318=CARTESIAN_POINT('',(-49.8002533214557,21.5,7.0502527105081));
#8319=CARTESIAN_POINT('',(-49.8002533214557,-25.,7.0502527105081));
#8320=CARTESIAN_POINT('Origin',(-48.0502533214557,21.5,7.0502527105081));
#8321=CARTESIAN_POINT('Origin',(-65.,18.,0.));
#8322=CARTESIAN_POINT('',(-28.9888076867248,18.,1.));
#8323=CARTESIAN_POINT('',(-32.5,18.,1.));
#8324=CARTESIAN_POINT('',(-30.8690810087407,18.,3.));
#8325=CARTESIAN_POINT('Origin',(-23.4851518109745,18.,3.));
#8326=CARTESIAN_POINT('',(-30.8690810087407,18.,21.));
#8327=CARTESIAN_POINT('',(-30.8690810087407,18.,0.));
#8328=CARTESIAN_POINT('Origin',(-23.4851518109745,18.,21.));
#8329=CARTESIAN_POINT('Origin',(-32.5,19.,1.));
#8330=CARTESIAN_POINT('Ctrl Pts',(-25.734161726412,19.,0.));
#8331=CARTESIAN_POINT('Ctrl Pts',(-26.2489636844999,18.7444014501162,0.));
#8332=CARTESIAN_POINT('Ctrl Pts',(-26.8005553857546,18.4712238013937,0.109640315273593));
#8333=CARTESIAN_POINT('Ctrl Pts',(-27.9062743068942,18.0958746210867,0.495084416515549));
#8334=CARTESIAN_POINT('Ctrl Pts',(-28.4655038713578,18.,0.762292634577346));
#8335=CARTESIAN_POINT('Ctrl Pts',(-28.9888076867248,18.,1.));
#8336=CARTESIAN_POINT('Origin',(-26.5000003948808,20.5,0.5));
#8337=CARTESIAN_POINT('',(-53.0000007897615,20.,0.5));
#8338=CARTESIAN_POINT('',(-26.5000003948808,20.,0.5));
#8339=CARTESIAN_POINT('Origin',(-53.0000007897615,20.5,0.5));
#8340=CARTESIAN_POINT('Origin',(-50.7500007897683,19.5,10.9174684240786));
#8341=CARTESIAN_POINT('',(-50.2500007897687,19.5,9.83493666934379));
#8342=CARTESIAN_POINT('',(-50.2500007897683,19.5,10.9174684240784));
#8343=CARTESIAN_POINT('',(-50.7500007897686,20.,10.0156866955075));
#8344=CARTESIAN_POINT('Ctrl Pts',(-50.2500007897687,19.5,9.8349366693438));
#8345=CARTESIAN_POINT('Ctrl Pts',(-50.2500007897687,19.5616887664505,9.8349366693438));
#8346=CARTESIAN_POINT('Ctrl Pts',(-50.2614158723141,19.6226125666578,9.83888099014547));
#8347=CARTESIAN_POINT('Ctrl Pts',(-50.3059949086707,19.7383261929399,9.85440688193015));
#8348=CARTESIAN_POINT('Ctrl Pts',(-50.3391556680675,19.7915460328308,9.86599373309449));
#8349=CARTESIAN_POINT('Ctrl Pts',(-50.4245356860077,19.8851070835311,9.89620868571226));
#8350=CARTESIAN_POINT('Ctrl Pts',(-50.4768309630114,19.9235889973019,9.91488873217986));
#8351=CARTESIAN_POINT('Ctrl Pts',(-50.5675321511337,19.9669770117366,9.94784294647824));
#8352=CARTESIAN_POINT('Ctrl Pts',(-50.6023187999527,19.9790880244963,9.96058929793451));
#8353=CARTESIAN_POINT('Ctrl Pts',(-50.6736369367752,19.9954905868048,9.98698739848058));
#8354=CARTESIAN_POINT('Ctrl Pts',(-50.71003750204,19.9997306464918,10.0005916784981));
#8355=CARTESIAN_POINT('Ctrl Pts',(-50.7476505352262,19.9999958573949,10.0147985319091));
#8356=CARTESIAN_POINT('Ctrl Pts',(-50.7488256862065,20.,10.0152425481089));
#8357=CARTESIAN_POINT('Ctrl Pts',(-50.7500007897686,20.,10.0156866955075));
#8358=CARTESIAN_POINT('',(-50.7500007897683,20.,10.9174684240786));
#8359=CARTESIAN_POINT('Origin',(-53.0000007897615,20.,12.0000001788139));
#8360=CARTESIAN_POINT('Origin',(-53.0000007897615,20.,12.0000001788139));
#8361=CARTESIAN_POINT('',(-55.2500007897683,20.,10.0156866955232));
#8362=CARTESIAN_POINT('Origin',(-53.0000007897615,20.,12.0000001788139));
#8363=CARTESIAN_POINT('',(-55.2500007897696,20.,6.1596770163207));
#8364=CARTESIAN_POINT('Origin',(-55.2500007897696,19.5,6.1596770163207));
#8365=CARTESIAN_POINT('',(-55.7500007897684,19.5,9.8349366693615));
#8366=CARTESIAN_POINT('Ctrl Pts',(-55.2500007897683,20.,10.0156866955232));
#8367=CARTESIAN_POINT('Ctrl Pts',(-55.2511758933305,20.,10.0152425481246));
#8368=CARTESIAN_POINT('Ctrl Pts',(-55.2523510443107,19.9999958573949,10.0147985319248));
#8369=CARTESIAN_POINT('Ctrl Pts',(-55.2899640774976,19.9997306464918,10.0005916785138));
#8370=CARTESIAN_POINT('Ctrl Pts',(-55.3263646427617,19.9954905868048,9.98698739849661));
#8371=CARTESIAN_POINT('Ctrl Pts',(-55.397682779584,19.9790880244963,9.9605892979509));
#8372=CARTESIAN_POINT('Ctrl Pts',(-55.4324694284029,19.9669770117367,9.94784294649479));
#8373=CARTESIAN_POINT('Ctrl Pts',(-55.5231706165253,19.9235889973021,9.9148887321968));
#8374=CARTESIAN_POINT('Ctrl Pts',(-55.5754658935291,19.8851070835313,9.8962086857294));
#8375=CARTESIAN_POINT('Ctrl Pts',(-55.6608459114694,19.791546032831,9.86599373311192));
#8376=CARTESIAN_POINT('Ctrl Pts',(-55.6940066708662,19.7383261929401,9.85440688194769));
#8377=CARTESIAN_POINT('Ctrl Pts',(-55.7385857072229,19.6226125666579,9.83888099016315));
#8378=CARTESIAN_POINT('Ctrl Pts',(-55.7500007897684,19.5616887664506,9.8349366693615));
#8379=CARTESIAN_POINT('Ctrl Pts',(-55.7500007897684,19.5,9.8349366693615));
#8380=CARTESIAN_POINT('',(-55.7500007897696,19.5,6.15967701632087));
#8381=CARTESIAN_POINT('Origin',(-55.7500007897716,18.,0.319353853826878));
#8382=CARTESIAN_POINT('',(-55.7500007897684,18.,9.8349366693615));
#8383=CARTESIAN_POINT('Origin',(-53.0000007897615,20.5,12.0000001788139));
#8384=CARTESIAN_POINT('Origin',(-53.0000007897615,20.5,12.0000001788139));
#8385=CARTESIAN_POINT('Origin',(-53.0000007897615,19.5,12.0000001788139));
#8386=CARTESIAN_POINT('Origin',(-53.0000007897615,19.5,12.0000001788139));
#8387=CARTESIAN_POINT('Origin',(65.0000009685755,16.,1.66970999468606));
#8388=CARTESIAN_POINT('',(51.5,18.,1.66970999468606));
#8389=CARTESIAN_POINT('',(51.5,18.,1.66970999468606));
#8390=CARTESIAN_POINT('',(51.5,16.,1.66970999468606));
#8391=CARTESIAN_POINT('Origin',(58.2500004842878,18.,11.4447099946861));
#8392=CARTESIAN_POINT('',(51.5000007674098,18.,21.2197099946861));
#8393=CARTESIAN_POINT('',(65.,18.,21.2197099946861));
#8394=CARTESIAN_POINT('',(51.5000007674098,18.,21.2197099946861));
#8395=CARTESIAN_POINT('',(53.5000008195639,18.,18.0000002682209));
#8396=CARTESIAN_POINT('Origin',(55.0000008195639,18.,18.0000002682209));
#8397=CARTESIAN_POINT('',(58.5000008195639,18.,18.0000002682209));
#8398=CARTESIAN_POINT('Origin',(60.0000008195639,18.,18.0000002682209));
#8399=CARTESIAN_POINT('',(53.5000008195639,18.,12.0000002682209));
#8400=CARTESIAN_POINT('Origin',(55.0000008195639,18.,12.0000002682209));
#8401=CARTESIAN_POINT('',(53.5000008195639,18.,6.0000002682209));
#8402=CARTESIAN_POINT('Origin',(55.0000008195639,18.,6.0000002682209));
#8403=CARTESIAN_POINT('',(58.5000008195639,18.,12.0000002682209));
#8404=CARTESIAN_POINT('Origin',(60.0000008195639,18.,12.0000002682209));
#8405=CARTESIAN_POINT('',(58.5000008195639,18.,6.0000002682209));
#8406=CARTESIAN_POINT('Origin',(60.0000008195639,18.,6.0000002682209));
#8407=CARTESIAN_POINT('Origin',(51.5000007674098,16.,21.2197099946861));
#8408=CARTESIAN_POINT('',(51.5000007674098,16.,21.2197099946861));
#8409=CARTESIAN_POINT('Origin',(48.0000007003546,5.00000016763807,-2.));
#8410=CARTESIAN_POINT('',(47.0000007003546,10.7639321715118,-2.));
#8411=CARTESIAN_POINT('',(48.0000007003546,13.0000001490116,-3.));
#8412=CARTESIAN_POINT('Ctrl Pts',(48.0000007003546,13.0000001490116,-3.));
#8413=CARTESIAN_POINT('Ctrl Pts',(47.7620209632848,12.5878071532348,-3.));
#8414=CARTESIAN_POINT('Ctrl Pts',(47.4812668159542,12.101528943448,-2.89547967797268));
#8415=CARTESIAN_POINT('Ctrl Pts',(47.2158240316777,11.5457352004881,-2.63003689369621));
#8416=CARTESIAN_POINT('Ctrl Pts',(47.1409379025992,11.3732019047219,-2.52878934932657));
#8417=CARTESIAN_POINT('Ctrl Pts',(47.0327623075005,11.0472148643024,-2.28645537539103));
#8418=CARTESIAN_POINT('Ctrl Pts',(47.0000007003546,10.8937531940607,-2.1451443156639));
#8419=CARTESIAN_POINT('Ctrl Pts',(47.0000007003546,10.7639321715118,-2.));
#8420=CARTESIAN_POINT('',(48.0000007003546,-13.0000001490116,-3.));
#8421=CARTESIAN_POINT('',(48.0000007003546,5.00000016763807,-3.));
#8422=CARTESIAN_POINT('',(47.0000007003546,-10.7639321715118,-2.));
#8423=CARTESIAN_POINT('Ctrl Pts',(47.0000007003546,-10.7639321715118,-2.));
#8424=CARTESIAN_POINT('Ctrl Pts',(47.0000007003546,-10.8937531940607,-2.1451443156639));
#8425=CARTESIAN_POINT('Ctrl Pts',(47.0327623075005,-11.0472148643024,-2.28645537539103));
#8426=CARTESIAN_POINT('Ctrl Pts',(47.1409379025992,-11.3732019047219,-2.52878934932657));
#8427=CARTESIAN_POINT('Ctrl Pts',(47.2158240316777,-11.5457352004881,-2.63003689369621));
#8428=CARTESIAN_POINT('Ctrl Pts',(47.4812668159542,-12.101528943448,-2.89547967797268));
#8429=CARTESIAN_POINT('Ctrl Pts',(47.7620209632848,-12.5878071532348,-3.));
#8430=CARTESIAN_POINT('Ctrl Pts',(48.0000007003546,-13.0000001490116,-3.));
#8431=CARTESIAN_POINT('',(47.0000007003546,5.00000016763807,-2.));
#8432=CARTESIAN_POINT('Origin',(52.5000002980232,1.86264528245772E-7,-3.));
#8433=CARTESIAN_POINT('',(25.000000372529,-19.000000372529,-3.));
#8434=CARTESIAN_POINT('',(46.2500001490116,-19.000000372529,-3.));
#8435=CARTESIAN_POINT('',(25.0000005504915,19.000000372529,-3.));
#8436=CARTESIAN_POINT('Origin',(25.000000372529,0.,-3.));
#8437=CARTESIAN_POINT('',(58.7500001490116,19.,-3.));
#8438=CARTESIAN_POINT('Origin',(55.0000007450581,13.0000001937151,-3.));
#8439=CARTESIAN_POINT('Origin',(55.0000007450581,7.70000019371509,-3.));
#8440=CARTESIAN_POINT('Origin',(55.0000007450581,2.40000019371509,-3.));
#8441=CARTESIAN_POINT('Origin',(55.0000007450581,-2.89999980628491,-3.));
#8442=CARTESIAN_POINT('Origin',(55.0000007450581,-8.19999980628491,-3.));
#8443=CARTESIAN_POINT('Origin',(55.0000007450581,-13.4999998062849,-3.));
#8444=CARTESIAN_POINT('',(51.5000007450581,-2.89999980628491,-3.));
#8445=CARTESIAN_POINT('Origin',(50.0000007450581,-2.89999980628491,-3.));
#8446=CARTESIAN_POINT('',(51.5000007450581,2.4000001937151,-3.));
#8447=CARTESIAN_POINT('Origin',(50.0000007450581,2.40000019371509,-3.));
#8448=CARTESIAN_POINT('',(51.5000007450581,-8.19999980628491,-3.));
#8449=CARTESIAN_POINT('Origin',(50.0000007450581,-8.19999980628491,-3.));
#8450=CARTESIAN_POINT('',(51.5000007450581,13.0000001937151,-3.));
#8451=CARTESIAN_POINT('Origin',(50.0000007450581,13.0000001937151,-3.));
#8452=CARTESIAN_POINT('',(51.5000007450581,7.70000019371509,-3.));
#8453=CARTESIAN_POINT('Origin',(50.0000007450581,7.70000019371509,-3.));
#8454=CARTESIAN_POINT('',(51.5000007450581,-13.4999998062849,-3.));
#8455=CARTESIAN_POINT('Origin',(50.0000007450581,-13.4999998062849,-3.));
#8456=CARTESIAN_POINT('',(25.000000372529,-13.0000001490116,-3.));
#8457=CARTESIAN_POINT('',(49.7500004991889,-13.0000001490116,-3.));
#8458=CARTESIAN_POINT('',(25.000000372529,13.0000001490116,-3.));
#8459=CARTESIAN_POINT('',(38.7500003352761,13.0000001490116,-3.));
#8460=CARTESIAN_POINT('Origin',(25.000000372529,0.,-3.));
#8461=CARTESIAN_POINT('Origin',(48.0000007003546,4.99999998137356,26.));
#8462=CARTESIAN_POINT('',(47.0000007003546,-10.7639321715118,26.));
#8463=CARTESIAN_POINT('Ctrl Pts',(48.0000007003546,-13.0000001490116,27.));
#8464=CARTESIAN_POINT('Ctrl Pts',(47.7758666751309,-12.6117886296194,27.));
#8465=CARTESIAN_POINT('Ctrl Pts',(47.5344616324006,-12.1963420231227,26.921045579847));
#8466=CARTESIAN_POINT('Ctrl Pts',(47.2463004539739,-11.6148813409746,26.6694671989019));
#8467=CARTESIAN_POINT('Ctrl Pts',(47.1626420194946,-11.4280168436979,26.5642605728826));
#8468=CARTESIAN_POINT('Ctrl Pts',(47.0399683120127,-11.0772094179136,26.312885563376));
#8469=CARTESIAN_POINT('Ctrl Pts',(47.0000007003546,-10.9133548549942,26.1670596388236));
#8470=CARTESIAN_POINT('Ctrl Pts',(47.0000007003546,-10.7639321715118,26.));
#8471=CARTESIAN_POINT('',(47.0000007003546,10.7639321715118,26.));
#8472=CARTESIAN_POINT('Ctrl Pts',(47.0000007003546,10.7639321715118,26.));
#8473=CARTESIAN_POINT('Ctrl Pts',(47.0000007003546,10.9133548549942,26.1670596388236));
#8474=CARTESIAN_POINT('Ctrl Pts',(47.0399683120127,11.0772094179136,26.312885563376));
#8475=CARTESIAN_POINT('Ctrl Pts',(47.1626420194946,11.4280168436979,26.5642605728826));
#8476=CARTESIAN_POINT('Ctrl Pts',(47.2463004539739,11.6148813409746,26.6694671989019));
#8477=CARTESIAN_POINT('Ctrl Pts',(47.5344616324006,12.1963420231227,26.921045579847));
#8478=CARTESIAN_POINT('Ctrl Pts',(47.7758666751309,12.6117886296194,27.));
#8479=CARTESIAN_POINT('Ctrl Pts',(48.0000007003546,13.0000001490116,27.));
#8480=CARTESIAN_POINT('',(47.0000007003546,4.99999998137356,26.));
#8481=CARTESIAN_POINT('Origin',(44.,-13.0000001490116,19.5));
#8482=CARTESIAN_POINT('',(44.,-10.0000001490116,24.));
#8483=CARTESIAN_POINT('Origin',(44.,-13.0000001490116,24.));
#8484=CARTESIAN_POINT('',(47.,-13.0000001490116,19.5));
#8485=CARTESIAN_POINT('',(44.,-10.0000001490116,0.));
#8486=CARTESIAN_POINT('Origin',(44.,-13.0000001490116,0.));
#8487=CARTESIAN_POINT('',(44.,-10.0000001490116,19.5));
#8488=CARTESIAN_POINT('Origin',(49.7500003501773,-13.0000001490116,24.));
#8489=CARTESIAN_POINT('',(25.000000372529,-10.0000001490116,24.));
#8490=CARTESIAN_POINT('',(49.7500003501773,-10.0000001490116,24.));
#8491=CARTESIAN_POINT('Origin',(25.000000372529,-13.0000001490116,24.));
#8492=CARTESIAN_POINT('Origin',(47.0000007003546,-13.0000001490116,24.));
#8493=CARTESIAN_POINT('Origin',(47.0000007003546,-10.0000001490116,27.));
#8494=CARTESIAN_POINT('',(25.000000372529,-10.0000001490116,0.));
#8495=CARTESIAN_POINT('',(49.7500004991889,-10.0000001490116,0.));
#8496=CARTESIAN_POINT('',(25.000000372529,-10.0000001490116,27.));
#8497=CARTESIAN_POINT('Origin',(49.7500004991889,-13.0000001490116,0.));
#8498=CARTESIAN_POINT('Origin',(47.0000007003546,-13.0000001490116,0.));
#8499=CARTESIAN_POINT('Origin',(25.000000372529,-13.0000001490116,0.));
#8500=CARTESIAN_POINT('Origin',(44.,13.0000001490116,19.5));
#8501=CARTESIAN_POINT('',(44.,10.0000001490116,0.));
#8502=CARTESIAN_POINT('Origin',(44.,13.0000001490116,0.));
#8503=CARTESIAN_POINT('',(47.,13.0000001490116,19.5));
#8504=CARTESIAN_POINT('',(44.,10.0000001490116,24.));
#8505=CARTESIAN_POINT('Origin',(44.,13.0000001490116,24.));
#8506=CARTESIAN_POINT('',(44.,10.0000001490116,19.5));
#8507=CARTESIAN_POINT('Origin',(25.000000372529,10.0000001490116,27.));
#8508=CARTESIAN_POINT('',(25.000000372529,10.0000001490116,24.));
#8509=CARTESIAN_POINT('',(38.7500001862645,10.0000001490116,24.));
#8510=CARTESIAN_POINT('',(25.000000372529,10.0000001490116,0.));
#8511=CARTESIAN_POINT('',(25.000000372529,10.0000001490116,27.));
#8512=CARTESIAN_POINT('',(38.7500003352761,10.0000001490116,0.));
#8513=CARTESIAN_POINT('Origin',(38.7500001862645,13.0000001490116,24.));
#8514=CARTESIAN_POINT('Origin',(47.0000007003546,13.0000001490116,24.));
#8515=CARTESIAN_POINT('Origin',(25.000000372529,13.0000001490116,24.));
#8516=CARTESIAN_POINT('Origin',(38.7500003352761,13.0000001490116,0.));
#8517=CARTESIAN_POINT('Origin',(25.000000372529,13.0000001490116,0.));
#8518=CARTESIAN_POINT('Origin',(47.0000007003546,13.0000001490116,0.));
#8519=CARTESIAN_POINT('Origin',(25.000000372529,0.,0.));
#8520=CARTESIAN_POINT('Origin',(25.000000372529,0.,0.));
#8521=CARTESIAN_POINT('Origin',(47.,1.77635683940025E-14,12.));
#8522=CARTESIAN_POINT('Origin',(25.000000372529,0.,27.));
#8523=CARTESIAN_POINT('Origin',(25.000000372529,0.,24.));
#8524=CARTESIAN_POINT('Origin',(47.,1.77635683940025E-14,12.));
#8525=CARTESIAN_POINT('Origin',(25.000000372529,0.,24.));
#8526=CARTESIAN_POINT('Origin',(58.7500001490116,19.,0.));
#8527=CARTESIAN_POINT('Origin',(25.0000005504915,19.000000372529,0.));
#8528=CARTESIAN_POINT('Ctrl Pts',(48.2990601589345,22.,-3.76434994286967E-15));
#8529=CARTESIAN_POINT('Ctrl Pts',(48.3943845789363,22.,-0.0628531015209044));
#8530=CARTESIAN_POINT('Ctrl Pts',(48.4960029625493,21.9980303864033,-0.118040162289694));
#8531=CARTESIAN_POINT('Ctrl Pts',(48.8567700044678,21.9894298860749,-0.275120309368136));
#8532=CARTESIAN_POINT('Ctrl Pts',(49.1365547893948,21.9817626519208,-0.330290005313936));
#8533=CARTESIAN_POINT('Ctrl Pts',(49.4,21.9817626519208,-0.330290005313936));
#8534=CARTESIAN_POINT('Ctrl Pts',(49.6634452106053,21.9817626519208,-0.330290005313936));
#8535=CARTESIAN_POINT('Ctrl Pts',(49.9432299955323,21.9894298860749,-0.275120309368136));
#8536=CARTESIAN_POINT('Ctrl Pts',(50.3039970374508,21.9980303864033,-0.118040162289696));
#8537=CARTESIAN_POINT('Ctrl Pts',(50.4056154210638,22.,-0.0628531015209004));
#8538=CARTESIAN_POINT('Ctrl Pts',(50.5009398410656,22.,4.16333634234434E-16));
#8539=CARTESIAN_POINT('Origin',(46.2500001490116,-19.000000372529,0.));
#8540=CARTESIAN_POINT('',(25.000000372529,-22.000000372529,0.));
#8541=CARTESIAN_POINT('',(-1.22934473323344E-8,-22.0000003278255,0.));
#8542=CARTESIAN_POINT('Origin',(25.000000372529,-19.000000372529,0.));
#8543=CARTESIAN_POINT('Origin',(25.000000372529,0.,24.));
#8544=CARTESIAN_POINT('',(13.909464284777,19.0000002443756,24.));
#8545=CARTESIAN_POINT('Origin',(25.000000372529,0.,24.));
#8546=CARTESIAN_POINT('',(13.9094644543726,-19.0000003433706,24.));
#8547=CARTESIAN_POINT('Origin',(25.000000372529,0.,24.));
#8548=CARTESIAN_POINT('Origin',(25.000000372529,0.,24.));
#8549=CARTESIAN_POINT('Origin',(49.4,22.,22.1697099946861));
#8550=CARTESIAN_POINT('',(51.4,18.,22.1697099946861));
#8551=CARTESIAN_POINT('',(51.4,22.,22.1697099946861));
#8552=CARTESIAN_POINT('Origin',(49.4,18.,22.1697099946861));
#8553=CARTESIAN_POINT('Origin',(25.000000372529,0.,27.));
#8554=CARTESIAN_POINT('',(25.0000003479421,-22.0000003557652,21.));
#8555=CARTESIAN_POINT('Ctrl Pts',(13.9094644543726,-19.0000003433706,24.));
#8556=CARTESIAN_POINT('Ctrl Pts',(14.6520254823655,-19.4334424277678,24.));
#8557=CARTESIAN_POINT('Ctrl Pts',(15.4853372919053,-19.8576187944275,23.9022889791806));
#8558=CARTESIAN_POINT('Ctrl Pts',(17.1840086429811,-20.5855314766714,23.5777676021848));
#8559=CARTESIAN_POINT('Ctrl Pts',(18.0495929494755,-20.8896489626903,23.3529920724265));
#8560=CARTESIAN_POINT('Ctrl Pts',(19.7996359626253,-21.3996709260807,22.842970110992));
#8561=CARTESIAN_POINT('Ctrl Pts',(20.8531392313024,-21.6320299740927,22.4943555508869));
#8562=CARTESIAN_POINT('Ctrl Pts',(22.9684884239407,-21.9320344134625,21.7509050870625));
#8563=CARTESIAN_POINT('Ctrl Pts',(24.0309170475751,-22.0000003546822,21.3578577220826));
#8564=CARTESIAN_POINT('Ctrl Pts',(25.0000003479421,-22.0000003557652,21.));
#8565=CARTESIAN_POINT('',(25.0000003479421,-22.0000003557652,27.));
#8566=CARTESIAN_POINT('Origin',(25.000000372529,0.,0.));
#8567=CARTESIAN_POINT('Origin',(25.000000372529,0.,0.));
#8568=CARTESIAN_POINT('Origin',(25.000000372529,0.,0.));
#8569=CARTESIAN_POINT('Origin',(25.000000372529,0.,-3.));
#8570=CARTESIAN_POINT('Ctrl Pts',(13.9094635458012,19.0000002443756,-2.22044604925031E-15));
#8571=CARTESIAN_POINT('Ctrl Pts',(15.5690494245766,19.9687211953726,-1.07372572257814E-15));
#8572=CARTESIAN_POINT('Ctrl Pts',(17.4246328020765,20.7487842977059,0.44312024283312));
#8573=CARTESIAN_POINT('Ctrl Pts',(21.239945240656,21.7660161576968,1.60509780984232));
#8574=CARTESIAN_POINT('Ctrl Pts',(23.1973558260037,22.000000157381,2.3343293112195));
#8575=CARTESIAN_POINT('Ctrl Pts',(25.0000005785908,22.0000001404967,3.));
#8576=CARTESIAN_POINT('Origin',(49.4,22.,1.66970999468606));
#8577=CARTESIAN_POINT('',(51.4,18.,1.66970999468606));
#8578=CARTESIAN_POINT('',(51.4,22.,1.66970999468606));
#8579=CARTESIAN_POINT('Origin',(49.4,18.,1.66970999468606));
#8580=CARTESIAN_POINT('Origin',(-8.94068659662569E-9,-19.0000003278255,
3.));
#8581=CARTESIAN_POINT('',(25.0000003479421,-22.0000003557652,3.));
#8582=CARTESIAN_POINT('Ctrl Pts',(25.0000003479421,-22.0000003557652,3.));
#8583=CARTESIAN_POINT('Ctrl Pts',(24.0309168637166,-22.0000003546822,2.64214221002319));
#8584=CARTESIAN_POINT('Ctrl Pts',(22.9684875969411,-21.9320347153119,2.24909589529134));
#8585=CARTESIAN_POINT('Ctrl Pts',(20.8531382214912,-21.6320301642555,1.50564468603315));
#8586=CARTESIAN_POINT('Ctrl Pts',(19.7996347823947,-21.3996710303558,1.15702999328315));
#8587=CARTESIAN_POINT('Ctrl Pts',(18.0495917209053,-20.8896489425589,0.647007907442114));
#8588=CARTESIAN_POINT('Ctrl Pts',(17.1840075201177,-20.5855314442987,0.422232378196217));
#8589=CARTESIAN_POINT('Ctrl Pts',(15.4853363711495,-19.8576187616541,0.0977110113946448));
#8590=CARTESIAN_POINT('Ctrl Pts',(14.6520246580461,-19.4334424068325,-2.28706709526355E-15));
#8591=CARTESIAN_POINT('Ctrl Pts',(13.9094637153967,-19.0000003433706,-2.22044604925031E-15));
#8592=CARTESIAN_POINT('',(0.,-22.0000003278255,3.));
#8593=CARTESIAN_POINT('',(-1.22934473323344E-8,-22.0000003278255,3.));
#8594=CARTESIAN_POINT('Origin',(-0.333333312693188,-19.000000327453,3.));
#8595=CARTESIAN_POINT('Origin',(-8.30279615637449,-20.7931293626034,3.));
#8596=CARTESIAN_POINT('',(-19.6747964761157,-26.4268292765257,3.));
#8597=CARTESIAN_POINT('',(-7.64425960759974,-23.7199586391291,3.));
#8598=CARTESIAN_POINT('Origin',(-20.3333330248905,-23.5,3.));
#8599=CARTESIAN_POINT('Origin',(-20.3333330248905,-23.5,12.));
#8600=CARTESIAN_POINT('Origin',(-20.3333330248905,-23.5,3.));
#8601=CARTESIAN_POINT('',(-19.6747964761157,-26.4268292765257,21.));
#8602=CARTESIAN_POINT('',(-19.6747964761157,-26.4268292765257,12.));
#8603=CARTESIAN_POINT('Origin',(-20.3333330248905,-23.5,21.));
#8604=CARTESIAN_POINT('Origin',(-20.3333330248905,-23.5,3.));
#8605=CARTESIAN_POINT('Origin',(-20.3333330248905,-23.5,3.));
#8606=CARTESIAN_POINT('Origin',(-8.94068659662569E-9,-19.0000003278255,
21.));
#8607=CARTESIAN_POINT('',(0.,-22.0000003278255,21.));
#8608=CARTESIAN_POINT('',(-1.22934473323344E-8,-22.0000003278255,21.));
#8609=CARTESIAN_POINT('',(-0.333333312693186,-19.000000327453,24.));
#8610=CARTESIAN_POINT('',(-8.94068659662569E-9,-19.0000003278255,24.));
#8611=CARTESIAN_POINT('Origin',(-0.333333312693188,-19.000000327453,21.));
#8612=CARTESIAN_POINT('Origin',(-8.30279615637449,-20.7931293626034,21.));
#8613=CARTESIAN_POINT('',(-20.3333330248905,-23.5,24.));
#8614=CARTESIAN_POINT('',(-8.30279615637449,-20.7931293626034,24.));
#8615=CARTESIAN_POINT('Origin',(-20.3333330248905,-23.5,21.));
#8616=CARTESIAN_POINT('',(-7.64425960759974,-23.7199586391291,21.));
#8617=CARTESIAN_POINT('Origin',(-20.3333330248905,-23.5,21.));
#8618=CARTESIAN_POINT('Origin',(-20.3333330248905,-23.5,21.));
#8619=CARTESIAN_POINT('Origin',(-32.5,-23.5,3.));
#8620=CARTESIAN_POINT('Origin',(-53.0000007897615,-23.5,3.));
#8621=CARTESIAN_POINT('Origin',(-32.5,-23.5,21.));
#8622=CARTESIAN_POINT('',(-32.5,-23.5,24.));
#8623=CARTESIAN_POINT('Origin',(-52.9983093339002,-23.5,21.));
#8624=CARTESIAN_POINT('Origin',(1.77635683940025E-14,1.77635683940025E-14,
24.));
#8625=CARTESIAN_POINT('',(4.73215235585963,19.0000003303343,24.));
#8626=CARTESIAN_POINT('',(20.0000000749316,19.0000001873289,24.));
#8627=CARTESIAN_POINT('',(-20.2678480027317,23.5,24.));
#8628=CARTESIAN_POINT('',(3.96486020226052,19.1381129058626,24.));
#8629=CARTESIAN_POINT('',(32.5,23.5,24.));
#8630=CARTESIAN_POINT('',(-52.9983093339002,25.,24.));
#8631=CARTESIAN_POINT('',(-9.71825937762291,11.8786875331878,24.));
#8632=CARTESIAN_POINT('',(-13.4222615058656,13.5256354202638,24.));
#8633=CARTESIAN_POINT('',(-9.71825937762293,-11.8786875331878,24.));
#8634=CARTESIAN_POINT('Origin',(-15.0000002235174,0.,24.));
#8635=CARTESIAN_POINT('',(-25.734161726412,-19.,24.));
#8636=CARTESIAN_POINT('',(-3.45628231938587,-9.09436141027743,24.));
#8637=CARTESIAN_POINT('',(-15.,-19.,24.));
#8638=CARTESIAN_POINT('Origin',(3.96486020226052,19.1381129058626,21.));
#8639=CARTESIAN_POINT('Origin',(-20.2678480027317,23.5,21.));
#8640=CARTESIAN_POINT('Origin',(4.73215235585964,19.0000003303343,21.));
#8641=CARTESIAN_POINT('Origin',(20.0000000749316,19.0000001873289,21.));
#8642=CARTESIAN_POINT('Ctrl Pts',(25.0000005785908,22.0000001404967,21.));
#8643=CARTESIAN_POINT('Ctrl Pts',(23.1973559323931,22.000000157381,21.6656706494936));
#8644=CARTESIAN_POINT('Ctrl Pts',(21.2399457209923,21.7660158583687,22.3949026749113));
#8645=CARTESIAN_POINT('Ctrl Pts',(17.4246333879632,20.7487841102279,23.5568798285746));
#8646=CARTESIAN_POINT('Ctrl Pts',(15.5690500937081,19.9687210900566,24.));
#8647=CARTESIAN_POINT('Ctrl Pts',(13.909464284777,19.0000002443756,24.));
#8648=CARTESIAN_POINT('Origin',(-20.2678480027317,23.5,12.));
#8649=CARTESIAN_POINT('Origin',(-20.2678480027317,23.5,21.));
#8650=CARTESIAN_POINT('Origin',(-20.2678480027317,23.5,21.));
#8651=CARTESIAN_POINT('Origin',(-20.2678480027317,23.5,21.));
#8652=CARTESIAN_POINT('Origin',(3.96486020226052,19.1381129058626,3.));
#8653=CARTESIAN_POINT('Origin',(-20.2678480027317,23.5,3.));
#8654=CARTESIAN_POINT('Origin',(4.73215235585964,19.0000003303343,3.));
#8655=CARTESIAN_POINT('Origin',(20.0000000749316,19.0000001873289,3.));
#8656=CARTESIAN_POINT('Origin',(-20.2678480027317,23.5,3.));
#8657=CARTESIAN_POINT('Origin',(-20.2678480027317,23.5,3.));
#8658=CARTESIAN_POINT('Origin',(32.5,23.5,21.));
#8659=CARTESIAN_POINT('Origin',(32.5,23.5,3.));
#8660=CARTESIAN_POINT('Origin',(-3.45628231938587,-9.09436141027743,3.));
#8661=CARTESIAN_POINT('',(-10.9371226357813,-9.13745198002724,3.));
#8662=CARTESIAN_POINT('',(-4.67514557754423,-6.35312585711685,3.));
#8663=CARTESIAN_POINT('Origin',(-9.71825937762293,-11.8786875331878,3.));
#8664=CARTESIAN_POINT('Ctrl Pts',(-28.9888076867248,-18.,0.999999999999999));
#8665=CARTESIAN_POINT('Ctrl Pts',(-28.4655038713578,-18.,0.762292634577343));
#8666=CARTESIAN_POINT('Ctrl Pts',(-27.9062743068942,-18.0958746210866,0.495084416515546));
#8667=CARTESIAN_POINT('Ctrl Pts',(-26.8005553857546,-18.4712238013937,0.10964031527359));
#8668=CARTESIAN_POINT('Ctrl Pts',(-26.2489636844999,-18.7444014501162,0.));
#8669=CARTESIAN_POINT('Ctrl Pts',(-25.734161726412,-19.,0.));
#8670=CARTESIAN_POINT('Origin',(-15.0000002235174,0.,3.));
#8671=CARTESIAN_POINT('',(-10.9371226357813,9.13745198002723,3.));
#8672=CARTESIAN_POINT('Origin',(-9.71825937762291,11.8786875331878,3.));
#8673=CARTESIAN_POINT('Origin',(-15.0000002235174,0.,3.));
#8674=CARTESIAN_POINT('Origin',(-13.4222615058656,13.5256354202638,3.));
#8675=CARTESIAN_POINT('',(-14.641124764024,10.7843998671032,3.));
#8676=CARTESIAN_POINT('Origin',(-30.8690810087407,18.,24.));
#8677=CARTESIAN_POINT('',(-10.9371226357813,9.13745198002723,21.));
#8678=CARTESIAN_POINT('',(-10.9371226357813,9.13745198002723,0.));
#8679=CARTESIAN_POINT('',(-14.641124764024,10.7843998671032,21.));
#8680=CARTESIAN_POINT('Origin',(-15.0000002235174,0.,0.));
#8681=CARTESIAN_POINT('',(-10.9371226357813,-9.13745198002724,21.));
#8682=CARTESIAN_POINT('',(-10.9371226357813,-9.13745198002724,0.));
#8683=CARTESIAN_POINT('Origin',(-15.0000002235174,0.,21.));
#8684=CARTESIAN_POINT('Origin',(-10.9371226357813,-9.13745198002724,24.));
#8685=CARTESIAN_POINT('',(-4.67514557754423,-6.35312585711685,21.));
#8686=CARTESIAN_POINT('Origin',(-15.,-19.,1.));
#8687=CARTESIAN_POINT('Origin',(-15.,-19.,23.));
#8688=CARTESIAN_POINT('Ctrl Pts',(-28.9888076867248,-18.,23.));
#8689=CARTESIAN_POINT('Ctrl Pts',(-28.4655038713578,-18.,23.2377073654227));
#8690=CARTESIAN_POINT('Ctrl Pts',(-27.9062743068942,-18.0958746210866,23.5049155834845));
#8691=CARTESIAN_POINT('Ctrl Pts',(-26.8005553857546,-18.4712238013937,23.8903596847264));
#8692=CARTESIAN_POINT('Ctrl Pts',(-26.2489636844999,-18.7444014501162,24.));
#8693=CARTESIAN_POINT('Ctrl Pts',(-25.734161726412,-19.,24.));
#8694=CARTESIAN_POINT('Origin',(-50.2500007897687,18.,9.8349366693438));
#8695=CARTESIAN_POINT('',(-50.2500007897687,18.,9.83493666934379));
#8696=CARTESIAN_POINT('Origin',(-53.0000007897615,-25.,12.0000001788139));
#8697=CARTESIAN_POINT('Origin',(-13.4222615058656,13.5256354202638,21.));
#8698=CARTESIAN_POINT('Origin',(-9.71825937762291,11.8786875331878,21.));
#8699=CARTESIAN_POINT('Origin',(-15.0000002235174,0.,21.));
#8700=CARTESIAN_POINT('Origin',(-9.71825937762293,-11.8786875331878,21.));
#8701=CARTESIAN_POINT('Origin',(-3.45628231938587,-9.09436141027743,21.));
#8702=CARTESIAN_POINT('Origin',(25.000000372529,0.,-3.));
#8703=CARTESIAN_POINT('',(25.0000003479421,-22.0000003557652,-3.));
#8704=CARTESIAN_POINT('Origin',(25.000000372529,0.,27.));
#8705=CARTESIAN_POINT('Origin',(-58.1194767010957,26.5,7.22601165837645));
#8706=CARTESIAN_POINT('',(-55.1194767010957,21.5,7.22601165837645));
#8707=CARTESIAN_POINT('',(-55.1194767010957,26.5,7.22601165837645));
#8708=CARTESIAN_POINT('Origin',(-58.1194767010957,21.5,7.22601165837645));
#8709=CARTESIAN_POINT('Origin',(-53.0000007897615,-23.5,12.0000001788139));
#8710=CARTESIAN_POINT('',(-61.1194767010957,-26.4706010391446,16.7739886992514));
#8711=CARTESIAN_POINT('Ctrl Pts',(-61.0329273416676,-26.5,16.0585829647545));
#8712=CARTESIAN_POINT('Ctrl Pts',(-61.0904956644736,-26.5,16.2930268039188));
#8713=CARTESIAN_POINT('Ctrl Pts',(-61.1194767010957,-26.4878082537337,16.5332745677499));
#8714=CARTESIAN_POINT('Ctrl Pts',(-61.1194767010957,-26.4706010391446,16.7739886992515));
#8715=CARTESIAN_POINT('Ctrl Pts',(-61.1194767010957,-26.4706010391446,16.7739886992515));
#8716=CARTESIAN_POINT('Ctrl Pts',(-61.1194767010957,-26.4636813066159,16.870789805395));
#8717=CARTESIAN_POINT('Ctrl Pts',(-61.1147911757376,-26.4559322280103,16.96766502995));
#8718=CARTESIAN_POINT('Ctrl Pts',(-61.0676569892228,-26.414909555945,17.4525138884937));
#8719=CARTESIAN_POINT('Ctrl Pts',(-60.9543588871209,-26.376565077334,17.8308188135376));
#8720=CARTESIAN_POINT('Ctrl Pts',(-60.5906500201411,-26.3301014325096,18.5181955958577));
#8721=CARTESIAN_POINT('Ctrl Pts',(-60.3464882160908,-26.3224425212188,18.8209291784212));
#8722=CARTESIAN_POINT('Ctrl Pts',(-59.7584730366473,-26.3450340195835,19.3155129897826));
#8723=CARTESIAN_POINT('Ctrl Pts',(-59.4231931806504,-26.3742543205817,19.5024350525791));
#8724=CARTESIAN_POINT('Ctrl Pts',(-58.6890702194794,-26.4420480306657,19.7456221689409));
#8725=CARTESIAN_POINT('Ctrl Pts',(-58.2946197539904,-26.4800296611788,19.7946567931413));
#8726=CARTESIAN_POINT('Ctrl Pts',(-57.8034246154908,-26.4979647793335,19.7589247607544));
#8727=CARTESIAN_POINT('Ctrl Pts',(-57.7057111637572,-26.5,19.7469368757532));
#8728=CARTESIAN_POINT('Ctrl Pts',(-57.6090457021257,-26.5,19.7302465018272));
#8729=CARTESIAN_POINT('',(-61.1194767010957,-26.4706010391447,7.22601165837655));
#8730=CARTESIAN_POINT('Ctrl Pts',(-57.6090457021257,-26.5,4.26975385580062));
#8731=CARTESIAN_POINT('Ctrl Pts',(-57.9425990175528,-26.5,4.2121621424342));
#8732=CARTESIAN_POINT('Ctrl Pts',(-58.2836292740594,-26.4762560857557,4.2114528900797));
#8733=CARTESIAN_POINT('Ctrl Pts',(-59.0020036979412,-26.414909555945,4.33234451380436));
#8734=CARTESIAN_POINT('Ctrl Pts',(-59.3714838151167,-26.376565077334,4.47175584499494));
#8735=CARTESIAN_POINT('Ctrl Pts',(-60.0318151341126,-26.3301014325096,4.88252771592295));
#8736=CARTESIAN_POINT('Ctrl Pts',(-60.3167794064107,-26.3224425212188,5.14721238129371));
#8737=CARTESIAN_POINT('Ctrl Pts',(-60.7691405710394,-26.3450340195835,5.76829560796504));
#8738=CARTESIAN_POINT('Ctrl Pts',(-60.9322193606138,-26.3742543205816,6.11579776304949));
#8739=CARTESIAN_POINT('Ctrl Pts',(-61.0882659571708,-26.4295302486413,6.72674194513481));
#8740=CARTESIAN_POINT('Ctrl Pts',(-61.1194767010957,-26.4527409916458,6.97616495599413));
#8741=CARTESIAN_POINT('Ctrl Pts',(-61.1194767010957,-26.4706010391447,7.22601165837666));
#8742=CARTESIAN_POINT('Ctrl Pts',(-61.1194767010957,-26.4706010391447,7.22601165837666));
#8743=CARTESIAN_POINT('Ctrl Pts',(-61.1194767010957,-26.4807634792493,7.36817545432791));
#8744=CARTESIAN_POINT('Ctrl Pts',(-61.1093727879844,-26.4891708162475,7.51047806051959));
#8745=CARTESIAN_POINT('Ctrl Pts',(-61.075094929364,-26.4979647793335,7.74951247098767));
#8746=CARTESIAN_POINT('Ctrl Pts',(-61.0563201004178,-26.5,7.84615166507855));
#8747=CARTESIAN_POINT('Ctrl Pts',(-61.0329273416677,-26.5,7.94141739287341));
#8748=CARTESIAN_POINT('Origin',(-58.1194767010957,-26.5,16.7739886992514));
#8749=CARTESIAN_POINT('',(-61.1194767010957,-21.5,16.7739886992514));
#8750=CARTESIAN_POINT('',(-61.1194767010957,-26.5,16.7739886992514));
#8751=CARTESIAN_POINT('Origin',(-58.1194767010957,-21.5,16.7739886992514));
#8752=CARTESIAN_POINT('Origin',(-58.1194767010957,26.5,16.7739886992514));
#8753=CARTESIAN_POINT('',(-55.1194767010957,21.5,16.7739886992514));
#8754=CARTESIAN_POINT('',(-55.1194767010957,26.5,16.7739886992514));
#8755=CARTESIAN_POINT('Origin',(-58.1194767010957,21.5,16.7739886992514));
#8756=CARTESIAN_POINT('Origin',(-58.1194767010957,21.5,16.7739886992514));
#8757=CARTESIAN_POINT('',(-59.8694767010957,21.5,16.7739886992514));
#8758=CARTESIAN_POINT('Origin',(-58.1194767010957,21.5,16.7739886992514));
#8759=CARTESIAN_POINT('Origin',(-48.0502533214557,26.5,7.0502527105081));
#8760=CARTESIAN_POINT('',(-45.0502533214557,21.5,7.0502527105081));
#8761=CARTESIAN_POINT('',(-45.0502533214557,26.5,7.0502527105081));
#8762=CARTESIAN_POINT('Origin',(-48.0502533214557,21.5,7.0502527105081));
#8763=CARTESIAN_POINT('Origin',(-48.0502533214557,21.5,7.0502527105081));
#8764=CARTESIAN_POINT('Origin',(-48.0502533214557,26.5,16.9497476471198));
#8765=CARTESIAN_POINT('',(-45.0502533214557,21.5,16.9497476471198));
#8766=CARTESIAN_POINT('',(-45.0502533214557,26.5,16.9497476471198));
#8767=CARTESIAN_POINT('Origin',(-48.0502533214557,21.5,16.9497476471198));
#8768=CARTESIAN_POINT('Origin',(-48.0502533214557,21.5,16.9497476471198));
#8769=CARTESIAN_POINT('',(-49.8002533214557,21.5,16.9497476471198));
#8770=CARTESIAN_POINT('Origin',(-48.0502533214557,21.5,16.9497476471198));
#8771=CARTESIAN_POINT('Origin',(-58.1194767010957,21.5,7.22601165837645));
#8772=CARTESIAN_POINT('Origin',(-48.0502533214557,-26.5,16.9497476471198));
#8773=CARTESIAN_POINT('',(-51.0502533214557,-21.5,16.9497476471198));
#8774=CARTESIAN_POINT('',(-51.0502533214557,-26.5,16.9497476471198));
#8775=CARTESIAN_POINT('Origin',(-48.0502533214557,-21.5,16.9497476471198));
#8776=CARTESIAN_POINT('Origin',(-48.0502533214557,-21.5,16.9497476471198));
#8777=CARTESIAN_POINT('',(-49.8002533214557,-21.5,16.9497476471198));
#8778=CARTESIAN_POINT('Origin',(-48.0502533214557,-21.5,16.9497476471198));
#8779=CARTESIAN_POINT('Origin',(-58.1194767010957,-26.5,7.22601165837645));
#8780=CARTESIAN_POINT('',(-61.1194767010957,-21.5,7.22601165837645));
#8781=CARTESIAN_POINT('',(-61.1194767010957,-26.5,7.22601165837645));
#8782=CARTESIAN_POINT('Origin',(-58.1194767010957,-21.5,7.22601165837645));
#8783=CARTESIAN_POINT('Origin',(-58.1194767010957,-21.5,7.22601165837645));
#8784=CARTESIAN_POINT('Origin',(-58.1194767010957,-21.5,16.7739886992514));
#8785=CARTESIAN_POINT('',(-59.8694767010957,-21.5,16.7739886992514));
#8786=CARTESIAN_POINT('Origin',(-58.1194767010957,-21.5,16.7739886992514));
#8787=CARTESIAN_POINT('Origin',(-48.0502533214557,-26.5,7.0502527105081));
#8788=CARTESIAN_POINT('',(-51.0502533214557,-21.5,7.0502527105081));
#8789=CARTESIAN_POINT('',(-51.0502533214557,-26.5,7.0502527105081));
#8790=CARTESIAN_POINT('Origin',(-48.0502533214557,-21.5,7.0502527105081));
#8791=CARTESIAN_POINT('Origin',(-48.0502533214557,-21.5,7.0502527105081));
#8792=CARTESIAN_POINT('Origin',(47.0000007003546,10.0000001490116,27.));
#8793=CARTESIAN_POINT('Origin',(47.0000007003546,10.0000001490116,27.));
#8794=CARTESIAN_POINT('Origin',(-20.0000002980232,-26.5000001321833,24.));
#8795=CARTESIAN_POINT('',(0.,-22.0000003278255,24.));
#8796=CARTESIAN_POINT('Origin',(0.,-22.0000003278255,24.));
#8797=CARTESIAN_POINT('Origin',(-53.0000007897615,18.,12.0000001788139));
#8798=CARTESIAN_POINT('Origin',(60.0000008195639,-22.000000372529,6.0000002682209));
#8799=CARTESIAN_POINT('',(58.5000008195639,-22.000000372529,6.0000002682209));
#8800=CARTESIAN_POINT('Origin',(60.0000008195639,-22.000000372529,6.0000002682209));
#8801=CARTESIAN_POINT('',(58.5000008195639,-22.000000372529,6.0000002682209));
#8802=CARTESIAN_POINT('Origin',(60.0000008195639,-22.000000372529,12.0000002682209));
#8803=CARTESIAN_POINT('',(58.5000008195639,-22.000000372529,12.0000002682209));
#8804=CARTESIAN_POINT('Origin',(60.0000008195639,-22.000000372529,12.0000002682209));
#8805=CARTESIAN_POINT('',(58.5000008195639,-22.000000372529,12.0000002682209));
#8806=CARTESIAN_POINT('Origin',(55.0000008195639,-22.000000372529,6.0000002682209));
#8807=CARTESIAN_POINT('',(53.5000008195639,-22.000000372529,6.0000002682209));
#8808=CARTESIAN_POINT('Origin',(55.0000008195639,-22.000000372529,6.0000002682209));
#8809=CARTESIAN_POINT('',(53.5000008195639,-22.000000372529,6.0000002682209));
#8810=CARTESIAN_POINT('Origin',(55.0000008195639,-22.000000372529,12.0000002682209));
#8811=CARTESIAN_POINT('',(53.5000008195639,-22.000000372529,12.0000002682209));
#8812=CARTESIAN_POINT('Origin',(55.0000008195639,-22.000000372529,12.0000002682209));
#8813=CARTESIAN_POINT('',(53.5000008195639,-22.000000372529,12.0000002682209));
#8814=CARTESIAN_POINT('Origin',(60.0000008195639,-22.000000372529,18.0000002682209));
#8815=CARTESIAN_POINT('',(58.5000008195639,-22.000000372529,18.0000002682209));
#8816=CARTESIAN_POINT('Origin',(60.0000008195639,-22.000000372529,18.0000002682209));
#8817=CARTESIAN_POINT('',(58.5000008195639,-22.000000372529,18.0000002682209));
#8818=CARTESIAN_POINT('Origin',(55.0000008195639,-22.000000372529,18.0000002682209));
#8819=CARTESIAN_POINT('',(53.5000008195639,-22.000000372529,18.0000002682209));
#8820=CARTESIAN_POINT('Origin',(55.0000008195639,-22.000000372529,18.0000002682209));
#8821=CARTESIAN_POINT('',(53.5000008195639,-22.000000372529,18.0000002682209));
#8822=CARTESIAN_POINT('Origin',(50.0000007450581,-13.4999998062849,27.));
#8823=CARTESIAN_POINT('',(51.5000007450581,-13.4999998062849,27.));
#8824=CARTESIAN_POINT('Origin',(55.0000007450581,2.40000019371509,27.));
#8825=CARTESIAN_POINT('',(56.5000007450581,2.40000019371509,27.));
#8826=CARTESIAN_POINT('Origin',(50.0000007450581,7.70000019371509,27.));
#8827=CARTESIAN_POINT('',(51.5000007450581,7.70000019371509,27.));
#8828=CARTESIAN_POINT('Origin',(50.0000007450581,13.0000001937151,27.));
#8829=CARTESIAN_POINT('',(51.5000007450581,13.0000001937151,27.));
#8830=CARTESIAN_POINT('Origin',(55.0000007450581,7.70000019371509,27.));
#8831=CARTESIAN_POINT('',(56.5000007450581,7.70000019371509,27.));
#8832=CARTESIAN_POINT('Origin',(50.0000007450581,-8.19999980628491,27.));
#8833=CARTESIAN_POINT('',(51.5000007450581,-8.19999980628491,27.));
#8834=CARTESIAN_POINT('Origin',(55.0000007450581,-13.4999998062849,27.));
#8835=CARTESIAN_POINT('',(56.5000007450581,-13.4999998062849,27.));
#8836=CARTESIAN_POINT('Origin',(55.0000007450581,-2.89999980628491,27.));
#8837=CARTESIAN_POINT('',(56.5000007450581,-2.89999980628491,27.));
#8838=CARTESIAN_POINT('Origin',(50.0000007450581,2.40000019371509,27.));
#8839=CARTESIAN_POINT('',(51.5000007450581,2.40000019371509,27.));
#8840=CARTESIAN_POINT('Origin',(55.0000007450581,13.0000001937151,27.));
#8841=CARTESIAN_POINT('',(56.5000007450581,13.0000001937151,27.));
#8842=CARTESIAN_POINT('Origin',(50.0000007450581,-2.89999980628491,27.));
#8843=CARTESIAN_POINT('',(51.5000007450581,-2.89999980628491,27.));
#8844=CARTESIAN_POINT('Origin',(55.0000007450581,-8.19999980628491,27.));
#8845=CARTESIAN_POINT('',(56.5000007450581,-8.19999980628491,27.));
#8846=CARTESIAN_POINT('Origin',(50.0000007450581,-13.4999998062849,27.));
#8847=CARTESIAN_POINT('',(51.5000007450581,-13.4999998062849,27.));
#8848=CARTESIAN_POINT('Origin',(50.0000007450581,-8.19999980628491,27.));
#8849=CARTESIAN_POINT('',(51.5000007450581,-8.19999980628491,27.));
#8850=CARTESIAN_POINT('Origin',(50.0000007450581,-2.89999980628491,27.));
#8851=CARTESIAN_POINT('',(51.5000007450581,-2.89999980628491,27.));
#8852=CARTESIAN_POINT('Origin',(50.0000007450581,2.40000019371509,27.));
#8853=CARTESIAN_POINT('',(51.5000007450581,2.40000019371509,27.));
#8854=CARTESIAN_POINT('Origin',(50.0000007450581,7.70000019371509,27.));
#8855=CARTESIAN_POINT('',(51.5000007450581,7.70000019371509,27.));
#8856=CARTESIAN_POINT('Origin',(50.0000007450581,13.0000001937151,27.));
#8857=CARTESIAN_POINT('',(51.5000007450581,13.0000001937151,27.));
#8858=CARTESIAN_POINT('Origin',(49.4,18.,22.1697099946861));
#8859=CARTESIAN_POINT('',(48.15,18.,22.1697099946861));
#8860=CARTESIAN_POINT('Origin',(49.4,18.,22.1697099946861));
#8861=CARTESIAN_POINT('Origin',(49.4,18.,1.66970999468606));
#8862=CARTESIAN_POINT('',(48.15,18.,1.66970999468606));
#8863=CARTESIAN_POINT('Origin',(49.4,18.,1.66970999468606));
#8864=CARTESIAN_POINT('Origin',(51.5,16.,1.66970999468606));
#8865=CARTESIAN_POINT('Origin',(49.4,16.,22.1697099946861));
#8866=CARTESIAN_POINT('',(48.15,16.,22.1697099946861));
#8867=CARTESIAN_POINT('Origin',(49.4,16.,1.66970999468606));
#8868=CARTESIAN_POINT('',(48.15,16.,1.66970999468606));
#8869=CARTESIAN_POINT('Origin',(-58.1194767010957,-25.,16.7739886992514));
#8870=CARTESIAN_POINT('',(-59.8694767010957,-25.,16.7739886992514));
#8871=CARTESIAN_POINT('Origin',(-58.1194767010957,-25.,16.7739886992514));
#8872=CARTESIAN_POINT('',(-59.8694767010957,-25.,16.7739886992514));
#8873=CARTESIAN_POINT('Origin',(-48.0502533214557,-25.,16.9497476471198));
#8874=CARTESIAN_POINT('',(-49.8002533214557,-25.,16.9497476471198));
#8875=CARTESIAN_POINT('Origin',(-48.0502533214557,-25.,16.9497476471198));
#8876=CARTESIAN_POINT('',(-49.8002533214557,-25.,16.9497476471198));
#8877=UNCERTAINTY_MEASURE_WITH_UNIT(LENGTH_MEASURE(0.01),#8881,
'DISTANCE_ACCURACY_VALUE',
'Maximum model space distance between geometric entities at asserted c
onnectivities');
#8878=UNCERTAINTY_MEASURE_WITH_UNIT(LENGTH_MEASURE(0.01),#8881,
'DISTANCE_ACCURACY_VALUE',
'Maximum model space distance between geometric entities at asserted c
onnectivities');
#8879=(
GEOMETRIC_REPRESENTATION_CONTEXT(3)
GLOBAL_UNCERTAINTY_ASSIGNED_CONTEXT((#8877))
GLOBAL_UNIT_ASSIGNED_CONTEXT((#8881,#8883,#8884))
REPRESENTATION_CONTEXT('','3D')
);
#8880=(
GEOMETRIC_REPRESENTATION_CONTEXT(3)
GLOBAL_UNCERTAINTY_ASSIGNED_CONTEXT((#8878))
GLOBAL_UNIT_ASSIGNED_CONTEXT((#8881,#8883,#8884))
REPRESENTATION_CONTEXT('','3D')
);
#8881=(
LENGTH_UNIT()
NAMED_UNIT(*)
SI_UNIT(.MILLI.,.METRE.)
);
#8882=(
LENGTH_UNIT()
NAMED_UNIT(*)
SI_UNIT($,.METRE.)
);
#8883=(
NAMED_UNIT(*)
PLANE_ANGLE_UNIT()
SI_UNIT($,.RADIAN.)
);
#8884=(
NAMED_UNIT(*)
SI_UNIT($,.STERADIAN.)
SOLID_ANGLE_UNIT()
);
#8885=SHAPE_DEFINITION_REPRESENTATION(#8886,#8887);
#8886=PRODUCT_DEFINITION_SHAPE('',$,#8889);
#8887=SHAPE_REPRESENTATION('',(#4856),#8879);
#8888=PRODUCT_DEFINITION_CONTEXT('part definition',#8893,'design');
#8889=PRODUCT_DEFINITION('2026-03-26-13-19-03-277','arm_link',#8890,#8888);
#8890=PRODUCT_DEFINITION_FORMATION('',$,#8895);
#8891=PRODUCT_RELATED_PRODUCT_CATEGORY('arm_link','arm_link',(#8895));
#8892=APPLICATION_PROTOCOL_DEFINITION('international standard',
'automotive_design',2009,#8893);
#8893=APPLICATION_CONTEXT(
'Core Data for Automotive Mechanical Design Process');
#8894=PRODUCT_CONTEXT('part definition',#8893,'mechanical');
#8895=PRODUCT('2026-03-26-13-19-03-277','arm_link',$,(#8894));
#8896=PRESENTATION_STYLE_ASSIGNMENT((#8897));
#8897=SURFACE_STYLE_USAGE(.BOTH.,#8898);
#8898=SURFACE_SIDE_STYLE('',(#8899));
#8899=SURFACE_STYLE_FILL_AREA(#8900);
#8900=FILL_AREA_STYLE('\X2\AC15CCA0\X0\ - \X2\C0C8D2F4\X0\',(#8901));
#8901=FILL_AREA_STYLE_COLOUR('\X2\AC15CCA0\X0\ - \X2\C0C8D2F4\X0\',#8902);
#8902=COLOUR_RGB('\X2\AC15CCA0\X0\ - \X2\C0C8D2F4\X0\',0.627450980392157,
0.627450980392157,0.627450980392157);
ENDSEC;
END-ISO-10303-21;
