ISO-10303-21;
HEADER;
/* Generated by software containing ST-Developer
 * from STEP Tools, Inc. (www.steptools.com) 
 */

FILE_DESCRIPTION(
/* description */ (''),
/* implementation_level */ '2;1');

FILE_NAME(
/* name */ 'base_plate.step',
/* time_stamp */ '2026-06-11T21:50:37+09:00',
/* author */ (''),
/* organization */ (''),
/* preprocessor_version */ 'ST-DEVELOPER v20.1',
/* originating_system */ 'Autodesk Translation Framework v15.8.0.0',
/* authorisation */ '');

FILE_SCHEMA (('AUTOMOTIVE_DESIGN { 1 0 10303 214 3 1 1 }'));
ENDSEC;

DATA;
#10=MECHANICAL_DESIGN_GEOMETRIC_PRESENTATION_REPRESENTATION('',(#13),#2690);
#11=SHAPE_REPRESENTATION_RELATIONSHIP('SRR','None',#2697,#12);
#12=ADVANCED_BREP_SHAPE_REPRESENTATION('',(#14),#2689);
#13=STYLED_ITEM('',(#2706),#14);
#14=MANIFOLD_SOLID_BREP('\X2\BCF8CCB4\X0\2',#1514);
#15=B_SPLINE_CURVE_WITH_KNOTS('',3,(#2237,#2238,#2239,#2240,#2241,#2242,
#2243,#2244,#2245,#2246,#2247,#2248,#2249,#2250),.UNSPECIFIED.,.F.,.F.,
(4,2,2,2,2,2,4),(-0.000558955829800057,0.,0.0341616198198203,0.0674128453291666,
0.11017141688235,0.145283967763456,0.177268391773335),.UNSPECIFIED.);
#16=B_SPLINE_CURVE_WITH_KNOTS('',3,(#2253,#2254,#2255,#2256,#2257,#2258,
#2259,#2260,#2261,#2262,#2263,#2264,#2265,#2266),.UNSPECIFIED.,.F.,.F.,
(4,2,2,2,2,2,4),(-0.355095739384702,-0.354536783554891,-0.320375163734393,
-0.287123938224267,-0.244365366670071,-0.209252815788143,-0.177268391777461),
 .UNSPECIFIED.);
#17=B_SPLINE_CURVE_WITH_KNOTS('',3,(#2273,#2274,#2275,#2276,#2277,#2278,
#2279,#2280,#2281,#2282,#2283,#2284,#2285,#2286),.UNSPECIFIED.,.F.,.F.,
(4,2,2,2,2,2,4),(-0.00055895582978362,0.,0.034161619819384,0.067412845328213,
0.11017141688077,0.145283967761301,0.17726839177058),.UNSPECIFIED.);
#18=B_SPLINE_CURVE_WITH_KNOTS('',3,(#2289,#2290,#2291,#2292,#2293,#2294,
#2295,#2296,#2297,#2298,#2299,#2300,#2301,#2302),.UNSPECIFIED.,.F.,.F.,
(4,2,2,2,2,2,4),(-0.355095739378803,-0.354536783548925,-0.320375163729005,
-0.287123938219481,-0.244365366666015,-0.209252815784707,-0.177268391774629),
 .UNSPECIFIED.);
#19=B_SPLINE_CURVE_WITH_KNOTS('',3,(#2309,#2310,#2311,#2312,#2313,#2314,
#2315,#2316,#2317,#2318,#2319,#2320,#2321,#2322),.UNSPECIFIED.,.F.,.F.,
(4,2,2,2,2,2,4),(-0.000558955829786052,0.,0.0341616198192569,0.0674128453279572,
0.110171416880319,0.145283967760753,0.177268391770067),.UNSPECIFIED.);
#20=B_SPLINE_CURVE_WITH_KNOTS('',3,(#2332,#2333,#2334,#2335,#2336,#2337,
#2338,#2339,#2340,#2341,#2342,#2343,#2344,#2345),.UNSPECIFIED.,.F.,.F.,
(4,2,2,2,2,2,4),(-0.3550957393777,-0.354536783547906,-0.320375163727997,
-0.287123938218545,-0.244365366665222,-0.209252815784014,-0.177268391774044),
 .UNSPECIFIED.);
#21=B_SPLINE_CURVE_WITH_KNOTS('',3,(#2351,#2352,#2353,#2354,#2355,#2356,
#2357,#2358,#2359,#2360,#2361,#2362,#2363,#2364),.UNSPECIFIED.,.F.,.F.,
(4,2,2,2,2,2,4),(-0.000558955829811483,0.,0.034161619820456,0.0674128453305475,
0.11017141688471,0.145283967766608,0.177268391777235),.UNSPECIFIED.);
#22=B_SPLINE_CURVE_WITH_KNOTS('',3,(#2380,#2381,#2382,#2383,#2384,#2385,
#2386,#2387,#2388,#2389,#2390,#2391,#2392,#2393),.UNSPECIFIED.,.F.,.F.,
(4,2,2,2,2,2,4),(-0.355095739389107,-0.354536783559289,-0.320375163738403,
-0.287123938227809,-0.244365366673006,-0.209252815790588,-0.177268391779551),
 .UNSPECIFIED.);
#23=CYLINDRICAL_SURFACE('',#1548,5.);
#24=CYLINDRICAL_SURFACE('',#1553,5.);
#25=CYLINDRICAL_SURFACE('',#1558,5.);
#26=CYLINDRICAL_SURFACE('',#1563,5.);
#27=CYLINDRICAL_SURFACE('',#1565,1.);
#28=CYLINDRICAL_SURFACE('',#1569,1.);
#29=CYLINDRICAL_SURFACE('',#1573,1.);
#30=CYLINDRICAL_SURFACE('',#1578,1.);
#31=CYLINDRICAL_SURFACE('',#1581,1.);
#32=CYLINDRICAL_SURFACE('',#1586,1.);
#33=CYLINDRICAL_SURFACE('',#1590,1.);
#34=CYLINDRICAL_SURFACE('',#1596,1.);
#35=CYLINDRICAL_SURFACE('',#1597,51.);
#36=CYLINDRICAL_SURFACE('',#1600,14.9999999999991);
#37=CYLINDRICAL_SURFACE('',#1603,51.);
#38=CYLINDRICAL_SURFACE('',#1606,14.9999999999999);
#39=CYLINDRICAL_SURFACE('',#1613,2.75);
#40=CYLINDRICAL_SURFACE('',#1619,2.75);
#41=CYLINDRICAL_SURFACE('',#1625,2.75);
#42=CYLINDRICAL_SURFACE('',#1631,2.75);
#43=CYLINDRICAL_SURFACE('',#1641,3.00000000000001);
#44=CYLINDRICAL_SURFACE('',#1643,3.);
#45=CYLINDRICAL_SURFACE('',#1645,3.);
#46=CYLINDRICAL_SURFACE('',#1647,3.);
#47=CYLINDRICAL_SURFACE('',#1662,51.);
#48=CYLINDRICAL_SURFACE('',#1680,51.);
#49=CYLINDRICAL_SURFACE('',#1683,14.9999999999977);
#50=CYLINDRICAL_SURFACE('',#1686,51.);
#51=CYLINDRICAL_SURFACE('',#1689,14.9999999999976);
#52=FACE_BOUND('',#457,.T.);
#53=FACE_BOUND('',#458,.T.);
#54=FACE_BOUND('',#459,.T.);
#55=FACE_BOUND('',#460,.T.);
#56=FACE_BOUND('',#461,.T.);
#57=FACE_BOUND('',#462,.T.);
#58=FACE_BOUND('',#463,.T.);
#59=FACE_BOUND('',#464,.T.);
#60=FACE_BOUND('',#505,.T.);
#61=FACE_BOUND('',#507,.T.);
#62=FACE_BOUND('',#509,.T.);
#63=FACE_BOUND('',#511,.T.);
#64=FACE_BOUND('',#523,.T.);
#65=FACE_BOUND('',#532,.T.);
#66=FACE_BOUND('',#540,.T.);
#67=FACE_BOUND('',#548,.T.);
#68=FACE_BOUND('',#558,.T.);
#69=FACE_BOUND('',#559,.T.);
#70=FACE_BOUND('',#560,.T.);
#71=FACE_BOUND('',#561,.T.);
#72=FACE_BOUND('',#562,.T.);
#73=FACE_BOUND('',#563,.T.);
#74=FACE_BOUND('',#564,.T.);
#75=FACE_BOUND('',#565,.T.);
#76=LINE('',#2160,#201);
#77=LINE('',#2164,#202);
#78=LINE('',#2168,#203);
#79=LINE('',#2172,#204);
#80=LINE('',#2176,#205);
#81=LINE('',#2180,#206);
#82=LINE('',#2184,#207);
#83=LINE('',#2188,#208);
#84=LINE('',#2206,#209);
#85=LINE('',#2214,#210);
#86=LINE('',#2222,#211);
#87=LINE('',#2230,#212);
#88=LINE('',#2235,#213);
#89=LINE('',#2271,#214);
#90=LINE('',#2307,#215);
#91=LINE('',#2328,#216);
#92=LINE('',#2349,#217);
#93=LINE('',#2370,#218);
#94=LINE('',#2376,#219);
#95=LINE('',#2399,#220);
#96=LINE('',#2402,#221);
#97=LINE('',#2405,#222);
#98=LINE('',#2408,#223);
#99=LINE('',#2409,#224);
#100=LINE('',#2412,#225);
#101=LINE('',#2416,#226);
#102=LINE('',#2417,#227);
#103=LINE('',#2420,#228);
#104=LINE('',#2424,#229);
#105=LINE('',#2425,#230);
#106=LINE('',#2428,#231);
#107=LINE('',#2432,#232);
#108=LINE('',#2433,#233);
#109=LINE('',#2442,#234);
#110=LINE('',#2452,#235);
#111=LINE('',#2462,#236);
#112=LINE('',#2472,#237);
#113=LINE('',#2488,#238);
#114=LINE('',#2492,#239);
#115=LINE('',#2496,#240);
#116=LINE('',#2500,#241);
#117=LINE('',#2505,#242);
#118=LINE('',#2507,#243);
#119=LINE('',#2509,#244);
#120=LINE('',#2510,#245);
#121=LINE('',#2513,#246);
#122=LINE('',#2515,#247);
#123=LINE('',#2516,#248);
#124=LINE('',#2519,#249);
#125=LINE('',#2521,#250);
#126=LINE('',#2522,#251);
#127=LINE('',#2525,#252);
#128=LINE('',#2527,#253);
#129=LINE('',#2528,#254);
#130=LINE('',#2531,#255);
#131=LINE('',#2533,#256);
#132=LINE('',#2534,#257);
#133=LINE('',#2536,#258);
#134=LINE('',#2537,#259);
#135=LINE('',#2542,#260);
#136=LINE('',#2544,#261);
#137=LINE('',#2546,#262);
#138=LINE('',#2547,#263);
#139=LINE('',#2550,#264);
#140=LINE('',#2552,#265);
#141=LINE('',#2553,#266);
#142=LINE('',#2556,#267);
#143=LINE('',#2558,#268);
#144=LINE('',#2559,#269);
#145=LINE('',#2562,#270);
#146=LINE('',#2564,#271);
#147=LINE('',#2565,#272);
#148=LINE('',#2568,#273);
#149=LINE('',#2570,#274);
#150=LINE('',#2571,#275);
#151=LINE('',#2574,#276);
#152=LINE('',#2576,#277);
#153=LINE('',#2577,#278);
#154=LINE('',#2585,#279);
#155=LINE('',#2587,#280);
#156=LINE('',#2589,#281);
#157=LINE('',#2590,#282);
#158=LINE('',#2593,#283);
#159=LINE('',#2595,#284);
#160=LINE('',#2596,#285);
#161=LINE('',#2599,#286);
#162=LINE('',#2601,#287);
#163=LINE('',#2602,#288);
#164=LINE('',#2605,#289);
#165=LINE('',#2607,#290);
#166=LINE('',#2608,#291);
#167=LINE('',#2611,#292);
#168=LINE('',#2613,#293);
#169=LINE('',#2614,#294);
#170=LINE('',#2616,#295);
#171=LINE('',#2617,#296);
#172=LINE('',#2622,#297);
#173=LINE('',#2624,#298);
#174=LINE('',#2626,#299);
#175=LINE('',#2627,#300);
#176=LINE('',#2630,#301);
#177=LINE('',#2632,#302);
#178=LINE('',#2633,#303);
#179=LINE('',#2636,#304);
#180=LINE('',#2638,#305);
#181=LINE('',#2639,#306);
#182=LINE('',#2642,#307);
#183=LINE('',#2644,#308);
#184=LINE('',#2645,#309);
#185=LINE('',#2648,#310);
#186=LINE('',#2650,#311);
#187=LINE('',#2651,#312);
#188=LINE('',#2653,#313);
#189=LINE('',#2654,#314);
#190=LINE('',#2658,#315);
#191=LINE('',#2662,#316);
#192=LINE('',#2663,#317);
#193=LINE('',#2666,#318);
#194=LINE('',#2670,#319);
#195=LINE('',#2671,#320);
#196=LINE('',#2674,#321);
#197=LINE('',#2678,#322);
#198=LINE('',#2679,#323);
#199=LINE('',#2682,#324);
#200=LINE('',#2685,#325);
#201=VECTOR('',#1705,10.);
#202=VECTOR('',#1708,10.);
#203=VECTOR('',#1711,10.);
#204=VECTOR('',#1714,10.);
#205=VECTOR('',#1717,10.);
#206=VECTOR('',#1720,10.);
#207=VECTOR('',#1723,10.);
#208=VECTOR('',#1726,10.);
#209=VECTOR('',#1745,5.);
#210=VECTOR('',#1756,5.);
#211=VECTOR('',#1767,5.);
#212=VECTOR('',#1778,5.);
#213=VECTOR('',#1783,10.);
#214=VECTOR('',#1792,10.);
#215=VECTOR('',#1801,10.);
#216=VECTOR('',#1812,10.);
#217=VECTOR('',#1819,10.);
#218=VECTOR('',#1830,10.);
#219=VECTOR('',#1839,10.);
#220=VECTOR('',#1852,10.);
#221=VECTOR('',#1855,10.);
#222=VECTOR('',#1858,10.);
#223=VECTOR('',#1861,10.);
#224=VECTOR('',#1862,10.);
#225=VECTOR('',#1865,10.);
#226=VECTOR('',#1870,10.);
#227=VECTOR('',#1871,10.);
#228=VECTOR('',#1874,10.);
#229=VECTOR('',#1879,10.);
#230=VECTOR('',#1880,10.);
#231=VECTOR('',#1883,10.);
#232=VECTOR('',#1888,10.);
#233=VECTOR('',#1889,10.);
#234=VECTOR('',#1900,2.75);
#235=VECTOR('',#1913,2.75);
#236=VECTOR('',#1926,2.75);
#237=VECTOR('',#1939,2.75);
#238=VECTOR('',#1960,3.00000000000001);
#239=VECTOR('',#1965,3.);
#240=VECTOR('',#1970,3.);
#241=VECTOR('',#1975,3.);
#242=VECTOR('',#1980,10.);
#243=VECTOR('',#1981,10.);
#244=VECTOR('',#1982,10.);
#245=VECTOR('',#1983,10.);
#246=VECTOR('',#1986,10.);
#247=VECTOR('',#1987,10.);
#248=VECTOR('',#1988,10.);
#249=VECTOR('',#1991,10.);
#250=VECTOR('',#1992,10.);
#251=VECTOR('',#1993,10.);
#252=VECTOR('',#1996,10.);
#253=VECTOR('',#1997,10.);
#254=VECTOR('',#1998,10.);
#255=VECTOR('',#2001,10.);
#256=VECTOR('',#2002,10.);
#257=VECTOR('',#2003,10.);
#258=VECTOR('',#2006,10.);
#259=VECTOR('',#2007,10.);
#260=VECTOR('',#2012,10.);
#261=VECTOR('',#2013,10.);
#262=VECTOR('',#2014,10.);
#263=VECTOR('',#2015,10.);
#264=VECTOR('',#2018,10.);
#265=VECTOR('',#2019,10.);
#266=VECTOR('',#2020,10.);
#267=VECTOR('',#2023,10.);
#268=VECTOR('',#2024,10.);
#269=VECTOR('',#2025,10.);
#270=VECTOR('',#2028,10.);
#271=VECTOR('',#2029,10.);
#272=VECTOR('',#2030,10.);
#273=VECTOR('',#2033,10.);
#274=VECTOR('',#2034,10.);
#275=VECTOR('',#2035,10.);
#276=VECTOR('',#2038,10.);
#277=VECTOR('',#2039,10.);
#278=VECTOR('',#2040,10.);
#279=VECTOR('',#2051,10.);
#280=VECTOR('',#2052,10.);
#281=VECTOR('',#2053,10.);
#282=VECTOR('',#2054,10.);
#283=VECTOR('',#2057,10.);
#284=VECTOR('',#2058,10.);
#285=VECTOR('',#2059,10.);
#286=VECTOR('',#2062,10.);
#287=VECTOR('',#2063,10.);
#288=VECTOR('',#2064,10.);
#289=VECTOR('',#2067,10.);
#290=VECTOR('',#2068,10.);
#291=VECTOR('',#2069,10.);
#292=VECTOR('',#2072,10.);
#293=VECTOR('',#2073,10.);
#294=VECTOR('',#2074,10.);
#295=VECTOR('',#2077,10.);
#296=VECTOR('',#2078,10.);
#297=VECTOR('',#2083,10.);
#298=VECTOR('',#2084,10.);
#299=VECTOR('',#2085,10.);
#300=VECTOR('',#2086,10.);
#301=VECTOR('',#2089,10.);
#302=VECTOR('',#2090,10.);
#303=VECTOR('',#2091,10.);
#304=VECTOR('',#2094,10.);
#305=VECTOR('',#2095,10.);
#306=VECTOR('',#2096,10.);
#307=VECTOR('',#2099,10.);
#308=VECTOR('',#2100,10.);
#309=VECTOR('',#2101,10.);
#310=VECTOR('',#2104,10.);
#311=VECTOR('',#2105,10.);
#312=VECTOR('',#2106,10.);
#313=VECTOR('',#2109,10.);
#314=VECTOR('',#2110,10.);
#315=VECTOR('',#2115,10.);
#316=VECTOR('',#2120,10.);
#317=VECTOR('',#2121,10.);
#318=VECTOR('',#2124,10.);
#319=VECTOR('',#2129,10.);
#320=VECTOR('',#2130,10.);
#321=VECTOR('',#2133,10.);
#322=VECTOR('',#2138,10.);
#323=VECTOR('',#2139,10.);
#324=VECTOR('',#2142,10.);
#325=VECTOR('',#2147,10.);
#326=PLANE('',#1532);
#327=PLANE('',#1599);
#328=PLANE('',#1602);
#329=PLANE('',#1605);
#330=PLANE('',#1608);
#331=PLANE('',#1633);
#332=PLANE('',#1635);
#333=PLANE('',#1637);
#334=PLANE('',#1639);
#335=PLANE('',#1649);
#336=PLANE('',#1650);
#337=PLANE('',#1651);
#338=PLANE('',#1652);
#339=PLANE('',#1653);
#340=PLANE('',#1654);
#341=PLANE('',#1655);
#342=PLANE('',#1656);
#343=PLANE('',#1657);
#344=PLANE('',#1658);
#345=PLANE('',#1659);
#346=PLANE('',#1660);
#347=PLANE('',#1661);
#348=PLANE('',#1665);
#349=PLANE('',#1666);
#350=PLANE('',#1667);
#351=PLANE('',#1668);
#352=PLANE('',#1669);
#353=PLANE('',#1670);
#354=PLANE('',#1671);
#355=PLANE('',#1672);
#356=PLANE('',#1673);
#357=PLANE('',#1674);
#358=PLANE('',#1675);
#359=PLANE('',#1676);
#360=PLANE('',#1677);
#361=PLANE('',#1678);
#362=PLANE('',#1679);
#363=PLANE('',#1682);
#364=PLANE('',#1685);
#365=PLANE('',#1688);
#366=PLANE('',#1691);
#367=PLANE('',#1692);
#368=FACE_OUTER_BOUND('',#455,.T.);
#369=FACE_OUTER_BOUND('',#456,.T.);
#370=FACE_OUTER_BOUND('',#465,.T.);
#371=FACE_OUTER_BOUND('',#466,.T.);
#372=FACE_OUTER_BOUND('',#467,.T.);
#373=FACE_OUTER_BOUND('',#468,.T.);
#374=FACE_OUTER_BOUND('',#469,.T.);
#375=FACE_OUTER_BOUND('',#470,.T.);
#376=FACE_OUTER_BOUND('',#471,.T.);
#377=FACE_OUTER_BOUND('',#472,.T.);
#378=FACE_OUTER_BOUND('',#473,.T.);
#379=FACE_OUTER_BOUND('',#474,.T.);
#380=FACE_OUTER_BOUND('',#475,.T.);
#381=FACE_OUTER_BOUND('',#476,.T.);
#382=FACE_OUTER_BOUND('',#477,.T.);
#383=FACE_OUTER_BOUND('',#478,.T.);
#384=FACE_OUTER_BOUND('',#479,.T.);
#385=FACE_OUTER_BOUND('',#480,.T.);
#386=FACE_OUTER_BOUND('',#481,.T.);
#387=FACE_OUTER_BOUND('',#482,.T.);
#388=FACE_OUTER_BOUND('',#483,.T.);
#389=FACE_OUTER_BOUND('',#484,.T.);
#390=FACE_OUTER_BOUND('',#485,.T.);
#391=FACE_OUTER_BOUND('',#486,.T.);
#392=FACE_OUTER_BOUND('',#487,.T.);
#393=FACE_OUTER_BOUND('',#488,.T.);
#394=FACE_OUTER_BOUND('',#489,.T.);
#395=FACE_OUTER_BOUND('',#490,.T.);
#396=FACE_OUTER_BOUND('',#491,.T.);
#397=FACE_OUTER_BOUND('',#492,.T.);
#398=FACE_OUTER_BOUND('',#493,.T.);
#399=FACE_OUTER_BOUND('',#494,.T.);
#400=FACE_OUTER_BOUND('',#495,.T.);
#401=FACE_OUTER_BOUND('',#496,.T.);
#402=FACE_OUTER_BOUND('',#497,.T.);
#403=FACE_OUTER_BOUND('',#498,.T.);
#404=FACE_OUTER_BOUND('',#499,.T.);
#405=FACE_OUTER_BOUND('',#500,.T.);
#406=FACE_OUTER_BOUND('',#501,.T.);
#407=FACE_OUTER_BOUND('',#502,.T.);
#408=FACE_OUTER_BOUND('',#503,.T.);
#409=FACE_OUTER_BOUND('',#504,.T.);
#410=FACE_OUTER_BOUND('',#506,.T.);
#411=FACE_OUTER_BOUND('',#508,.T.);
#412=FACE_OUTER_BOUND('',#510,.T.);
#413=FACE_OUTER_BOUND('',#512,.T.);
#414=FACE_OUTER_BOUND('',#513,.T.);
#415=FACE_OUTER_BOUND('',#514,.T.);
#416=FACE_OUTER_BOUND('',#515,.T.);
#417=FACE_OUTER_BOUND('',#516,.T.);
#418=FACE_OUTER_BOUND('',#517,.T.);
#419=FACE_OUTER_BOUND('',#518,.T.);
#420=FACE_OUTER_BOUND('',#519,.T.);
#421=FACE_OUTER_BOUND('',#520,.T.);
#422=FACE_OUTER_BOUND('',#521,.T.);
#423=FACE_OUTER_BOUND('',#522,.T.);
#424=FACE_OUTER_BOUND('',#524,.T.);
#425=FACE_OUTER_BOUND('',#525,.T.);
#426=FACE_OUTER_BOUND('',#526,.T.);
#427=FACE_OUTER_BOUND('',#527,.T.);
#428=FACE_OUTER_BOUND('',#528,.T.);
#429=FACE_OUTER_BOUND('',#529,.T.);
#430=FACE_OUTER_BOUND('',#530,.T.);
#431=FACE_OUTER_BOUND('',#531,.T.);
#432=FACE_OUTER_BOUND('',#533,.T.);
#433=FACE_OUTER_BOUND('',#534,.T.);
#434=FACE_OUTER_BOUND('',#535,.T.);
#435=FACE_OUTER_BOUND('',#536,.T.);
#436=FACE_OUTER_BOUND('',#537,.T.);
#437=FACE_OUTER_BOUND('',#538,.T.);
#438=FACE_OUTER_BOUND('',#539,.T.);
#439=FACE_OUTER_BOUND('',#541,.T.);
#440=FACE_OUTER_BOUND('',#542,.T.);
#441=FACE_OUTER_BOUND('',#543,.T.);
#442=FACE_OUTER_BOUND('',#544,.T.);
#443=FACE_OUTER_BOUND('',#545,.T.);
#444=FACE_OUTER_BOUND('',#546,.T.);
#445=FACE_OUTER_BOUND('',#547,.T.);
#446=FACE_OUTER_BOUND('',#549,.T.);
#447=FACE_OUTER_BOUND('',#550,.T.);
#448=FACE_OUTER_BOUND('',#551,.T.);
#449=FACE_OUTER_BOUND('',#552,.T.);
#450=FACE_OUTER_BOUND('',#553,.T.);
#451=FACE_OUTER_BOUND('',#554,.T.);
#452=FACE_OUTER_BOUND('',#555,.T.);
#453=FACE_OUTER_BOUND('',#556,.T.);
#454=FACE_OUTER_BOUND('',#557,.T.);
#455=EDGE_LOOP('',(#989,#990,#991,#992));
#456=EDGE_LOOP('',(#993,#994,#995,#996,#997,#998,#999,#1000,#1001,#1002,
#1003,#1004,#1005,#1006,#1007,#1008));
#457=EDGE_LOOP('',(#1009));
#458=EDGE_LOOP('',(#1010));
#459=EDGE_LOOP('',(#1011));
#460=EDGE_LOOP('',(#1012));
#461=EDGE_LOOP('',(#1013));
#462=EDGE_LOOP('',(#1014));
#463=EDGE_LOOP('',(#1015));
#464=EDGE_LOOP('',(#1016));
#465=EDGE_LOOP('',(#1017,#1018,#1019,#1020));
#466=EDGE_LOOP('',(#1021,#1022,#1023,#1024));
#467=EDGE_LOOP('',(#1025,#1026,#1027,#1028));
#468=EDGE_LOOP('',(#1029,#1030,#1031,#1032));
#469=EDGE_LOOP('',(#1033,#1034,#1035,#1036));
#470=EDGE_LOOP('',(#1037,#1038,#1039,#1040));
#471=EDGE_LOOP('',(#1041,#1042,#1043,#1044));
#472=EDGE_LOOP('',(#1045,#1046,#1047,#1048));
#473=EDGE_LOOP('',(#1049,#1050,#1051,#1052));
#474=EDGE_LOOP('',(#1053,#1054,#1055,#1056));
#475=EDGE_LOOP('',(#1057,#1058,#1059,#1060));
#476=EDGE_LOOP('',(#1061,#1062,#1063,#1064));
#477=EDGE_LOOP('',(#1065,#1066,#1067,#1068));
#478=EDGE_LOOP('',(#1069,#1070,#1071,#1072));
#479=EDGE_LOOP('',(#1073,#1074,#1075,#1076));
#480=EDGE_LOOP('',(#1077,#1078,#1079,#1080));
#481=EDGE_LOOP('',(#1081,#1082,#1083,#1084));
#482=EDGE_LOOP('',(#1085,#1086,#1087,#1088));
#483=EDGE_LOOP('',(#1089,#1090,#1091,#1092));
#484=EDGE_LOOP('',(#1093,#1094,#1095,#1096));
#485=EDGE_LOOP('',(#1097,#1098,#1099,#1100));
#486=EDGE_LOOP('',(#1101,#1102,#1103,#1104));
#487=EDGE_LOOP('',(#1105,#1106,#1107,#1108));
#488=EDGE_LOOP('',(#1109,#1110,#1111,#1112));
#489=EDGE_LOOP('',(#1113,#1114,#1115,#1116));
#490=EDGE_LOOP('',(#1117,#1118,#1119,#1120));
#491=EDGE_LOOP('',(#1121,#1122,#1123,#1124));
#492=EDGE_LOOP('',(#1125,#1126,#1127,#1128));
#493=EDGE_LOOP('',(#1129,#1130,#1131,#1132));
#494=EDGE_LOOP('',(#1133,#1134,#1135,#1136));
#495=EDGE_LOOP('',(#1137,#1138,#1139,#1140));
#496=EDGE_LOOP('',(#1141,#1142,#1143,#1144,#1145));
#497=EDGE_LOOP('',(#1146,#1147,#1148,#1149,#1150));
#498=EDGE_LOOP('',(#1151,#1152,#1153,#1154,#1155));
#499=EDGE_LOOP('',(#1156,#1157,#1158,#1159,#1160));
#500=EDGE_LOOP('',(#1161,#1162,#1163,#1164,#1165));
#501=EDGE_LOOP('',(#1166,#1167,#1168,#1169,#1170));
#502=EDGE_LOOP('',(#1171,#1172,#1173,#1174,#1175));
#503=EDGE_LOOP('',(#1176,#1177,#1178,#1179,#1180));
#504=EDGE_LOOP('',(#1181));
#505=EDGE_LOOP('',(#1182));
#506=EDGE_LOOP('',(#1183));
#507=EDGE_LOOP('',(#1184));
#508=EDGE_LOOP('',(#1185));
#509=EDGE_LOOP('',(#1186));
#510=EDGE_LOOP('',(#1187));
#511=EDGE_LOOP('',(#1188));
#512=EDGE_LOOP('',(#1189,#1190,#1191,#1192));
#513=EDGE_LOOP('',(#1193,#1194,#1195,#1196));
#514=EDGE_LOOP('',(#1197,#1198,#1199,#1200));
#515=EDGE_LOOP('',(#1201,#1202,#1203,#1204));
#516=EDGE_LOOP('',(#1205,#1206,#1207,#1208));
#517=EDGE_LOOP('',(#1209,#1210,#1211,#1212));
#518=EDGE_LOOP('',(#1213,#1214,#1215,#1216));
#519=EDGE_LOOP('',(#1217,#1218,#1219,#1220));
#520=EDGE_LOOP('',(#1221,#1222,#1223,#1224));
#521=EDGE_LOOP('',(#1225,#1226,#1227,#1228));
#522=EDGE_LOOP('',(#1229,#1230,#1231,#1232,#1233,#1234));
#523=EDGE_LOOP('',(#1235));
#524=EDGE_LOOP('',(#1236,#1237,#1238,#1239));
#525=EDGE_LOOP('',(#1240,#1241,#1242,#1243));
#526=EDGE_LOOP('',(#1244,#1245,#1246,#1247));
#527=EDGE_LOOP('',(#1248,#1249,#1250,#1251));
#528=EDGE_LOOP('',(#1252,#1253,#1254,#1255));
#529=EDGE_LOOP('',(#1256,#1257,#1258,#1259));
#530=EDGE_LOOP('',(#1260,#1261,#1262,#1263));
#531=EDGE_LOOP('',(#1264,#1265,#1266,#1267,#1268,#1269,#1270));
#532=EDGE_LOOP('',(#1271));
#533=EDGE_LOOP('',(#1272,#1273,#1274,#1275));
#534=EDGE_LOOP('',(#1276,#1277,#1278,#1279));
#535=EDGE_LOOP('',(#1280,#1281,#1282,#1283));
#536=EDGE_LOOP('',(#1284,#1285,#1286,#1287));
#537=EDGE_LOOP('',(#1288,#1289,#1290,#1291));
#538=EDGE_LOOP('',(#1292,#1293,#1294,#1295));
#539=EDGE_LOOP('',(#1296,#1297,#1298,#1299,#1300,#1301));
#540=EDGE_LOOP('',(#1302));
#541=EDGE_LOOP('',(#1303,#1304,#1305,#1306));
#542=EDGE_LOOP('',(#1307,#1308,#1309,#1310));
#543=EDGE_LOOP('',(#1311,#1312,#1313,#1314));
#544=EDGE_LOOP('',(#1315,#1316,#1317,#1318));
#545=EDGE_LOOP('',(#1319,#1320,#1321,#1322));
#546=EDGE_LOOP('',(#1323,#1324,#1325,#1326));
#547=EDGE_LOOP('',(#1327,#1328,#1329,#1330,#1331,#1332));
#548=EDGE_LOOP('',(#1333));
#549=EDGE_LOOP('',(#1334,#1335,#1336,#1337));
#550=EDGE_LOOP('',(#1338,#1339,#1340,#1341));
#551=EDGE_LOOP('',(#1342,#1343,#1344,#1345));
#552=EDGE_LOOP('',(#1346,#1347,#1348,#1349));
#553=EDGE_LOOP('',(#1350,#1351,#1352,#1353));
#554=EDGE_LOOP('',(#1354,#1355,#1356,#1357));
#555=EDGE_LOOP('',(#1358,#1359,#1360,#1361));
#556=EDGE_LOOP('',(#1362,#1363,#1364,#1365));
#557=EDGE_LOOP('',(#1366,#1367,#1368,#1369,#1370,#1371,#1372,#1373,#1374,
#1375,#1376,#1377,#1378,#1379,#1380,#1381));
#558=EDGE_LOOP('',(#1382,#1383,#1384,#1385,#1386,#1387));
#559=EDGE_LOOP('',(#1388,#1389,#1390,#1391,#1392,#1393));
#560=EDGE_LOOP('',(#1394,#1395,#1396,#1397,#1398,#1399,#1400));
#561=EDGE_LOOP('',(#1401,#1402,#1403,#1404,#1405,#1406));
#562=EDGE_LOOP('',(#1407));
#563=EDGE_LOOP('',(#1408));
#564=EDGE_LOOP('',(#1409));
#565=EDGE_LOOP('',(#1410));
#566=CIRCLE('',#1529,6.);
#567=CIRCLE('',#1530,1.);
#568=CIRCLE('',#1531,5.);
#569=CIRCLE('',#1533,13.9999999999999);
#570=CIRCLE('',#1534,50.);
#571=CIRCLE('',#1535,13.9999999999991);
#572=CIRCLE('',#1536,50.);
#573=CIRCLE('',#1537,13.9999999999976);
#574=CIRCLE('',#1538,50.);
#575=CIRCLE('',#1539,13.9999999999977);
#576=CIRCLE('',#1540,50.);
#577=CIRCLE('',#1541,6.);
#578=CIRCLE('',#1542,6.);
#579=CIRCLE('',#1543,3.75);
#580=CIRCLE('',#1544,3.75);
#581=CIRCLE('',#1545,3.75);
#582=CIRCLE('',#1546,3.75);
#583=CIRCLE('',#1547,6.);
#584=CIRCLE('',#1549,5.);
#585=CIRCLE('',#1551,1.);
#586=CIRCLE('',#1552,5.);
#587=CIRCLE('',#1554,5.);
#588=CIRCLE('',#1556,1.);
#589=CIRCLE('',#1557,5.);
#590=CIRCLE('',#1559,5.);
#591=CIRCLE('',#1561,1.);
#592=CIRCLE('',#1562,5.);
#593=CIRCLE('',#1564,5.);
#594=CIRCLE('',#1566,1.);
#595=CIRCLE('',#1568,51.);
#596=CIRCLE('',#1570,1.);
#597=CIRCLE('',#1572,51.);
#598=CIRCLE('',#1574,0.999999999999999);
#599=CIRCLE('',#1576,1.);
#600=CIRCLE('',#1577,14.9999999999991);
#601=CIRCLE('',#1580,51.);
#602=CIRCLE('',#1582,1.);
#603=CIRCLE('',#1584,1.);
#604=CIRCLE('',#1585,14.9999999999999);
#605=CIRCLE('',#1588,1.00000000000169);
#606=CIRCLE('',#1589,14.9999999999976);
#607=CIRCLE('',#1592,51.);
#608=CIRCLE('',#1594,1.);
#609=CIRCLE('',#1595,14.9999999999977);
#610=CIRCLE('',#1598,51.);
#611=CIRCLE('',#1601,14.9999999999991);
#612=CIRCLE('',#1604,51.);
#613=CIRCLE('',#1607,14.9999999999999);
#614=CIRCLE('',#1610,1.);
#615=CIRCLE('',#1611,2.75);
#616=CIRCLE('',#1612,2.75);
#617=CIRCLE('',#1614,2.75);
#618=CIRCLE('',#1616,1.);
#619=CIRCLE('',#1617,2.75);
#620=CIRCLE('',#1618,2.75);
#621=CIRCLE('',#1620,2.75);
#622=CIRCLE('',#1622,1.);
#623=CIRCLE('',#1623,2.75);
#624=CIRCLE('',#1624,2.75);
#625=CIRCLE('',#1626,2.75);
#626=CIRCLE('',#1628,1.);
#627=CIRCLE('',#1629,2.75);
#628=CIRCLE('',#1630,2.75);
#629=CIRCLE('',#1632,2.75);
#630=CIRCLE('',#1634,3.00000000000001);
#631=CIRCLE('',#1636,3.);
#632=CIRCLE('',#1638,3.);
#633=CIRCLE('',#1640,3.);
#634=CIRCLE('',#1642,3.00000000000001);
#635=CIRCLE('',#1644,3.);
#636=CIRCLE('',#1646,3.);
#637=CIRCLE('',#1648,3.);
#638=CIRCLE('',#1663,51.);
#639=CIRCLE('',#1664,51.);
#640=CIRCLE('',#1681,51.);
#641=CIRCLE('',#1684,14.9999999999977);
#642=CIRCLE('',#1687,51.);
#643=CIRCLE('',#1690,14.9999999999976);
#644=VERTEX_POINT('',#2152);
#645=VERTEX_POINT('',#2154);
#646=VERTEX_POINT('',#2158);
#647=VERTEX_POINT('',#2159);
#648=VERTEX_POINT('',#2161);
#649=VERTEX_POINT('',#2163);
#650=VERTEX_POINT('',#2165);
#651=VERTEX_POINT('',#2167);
#652=VERTEX_POINT('',#2169);
#653=VERTEX_POINT('',#2171);
#654=VERTEX_POINT('',#2173);
#655=VERTEX_POINT('',#2175);
#656=VERTEX_POINT('',#2177);
#657=VERTEX_POINT('',#2179);
#658=VERTEX_POINT('',#2181);
#659=VERTEX_POINT('',#2183);
#660=VERTEX_POINT('',#2185);
#661=VERTEX_POINT('',#2187);
#662=VERTEX_POINT('',#2190);
#663=VERTEX_POINT('',#2192);
#664=VERTEX_POINT('',#2194);
#665=VERTEX_POINT('',#2196);
#666=VERTEX_POINT('',#2198);
#667=VERTEX_POINT('',#2200);
#668=VERTEX_POINT('',#2202);
#669=VERTEX_POINT('',#2205);
#670=VERTEX_POINT('',#2209);
#671=VERTEX_POINT('',#2213);
#672=VERTEX_POINT('',#2217);
#673=VERTEX_POINT('',#2221);
#674=VERTEX_POINT('',#2225);
#675=VERTEX_POINT('',#2229);
#676=VERTEX_POINT('',#2233);
#677=VERTEX_POINT('',#2234);
#678=VERTEX_POINT('',#2252);
#679=VERTEX_POINT('',#2269);
#680=VERTEX_POINT('',#2270);
#681=VERTEX_POINT('',#2288);
#682=VERTEX_POINT('',#2305);
#683=VERTEX_POINT('',#2306);
#684=VERTEX_POINT('',#2324);
#685=VERTEX_POINT('',#2330);
#686=VERTEX_POINT('',#2347);
#687=VERTEX_POINT('',#2348);
#688=VERTEX_POINT('',#2366);
#689=VERTEX_POINT('',#2372);
#690=VERTEX_POINT('',#2378);
#691=VERTEX_POINT('',#2395);
#692=VERTEX_POINT('',#2401);
#693=VERTEX_POINT('',#2403);
#694=VERTEX_POINT('',#2407);
#695=VERTEX_POINT('',#2411);
#696=VERTEX_POINT('',#2415);
#697=VERTEX_POINT('',#2419);
#698=VERTEX_POINT('',#2423);
#699=VERTEX_POINT('',#2427);
#700=VERTEX_POINT('',#2431);
#701=VERTEX_POINT('',#2435);
#702=VERTEX_POINT('',#2437);
#703=VERTEX_POINT('',#2441);
#704=VERTEX_POINT('',#2445);
#705=VERTEX_POINT('',#2447);
#706=VERTEX_POINT('',#2451);
#707=VERTEX_POINT('',#2455);
#708=VERTEX_POINT('',#2457);
#709=VERTEX_POINT('',#2461);
#710=VERTEX_POINT('',#2465);
#711=VERTEX_POINT('',#2467);
#712=VERTEX_POINT('',#2471);
#713=VERTEX_POINT('',#2475);
#714=VERTEX_POINT('',#2478);
#715=VERTEX_POINT('',#2481);
#716=VERTEX_POINT('',#2484);
#717=VERTEX_POINT('',#2487);
#718=VERTEX_POINT('',#2491);
#719=VERTEX_POINT('',#2495);
#720=VERTEX_POINT('',#2499);
#721=VERTEX_POINT('',#2503);
#722=VERTEX_POINT('',#2504);
#723=VERTEX_POINT('',#2506);
#724=VERTEX_POINT('',#2508);
#725=VERTEX_POINT('',#2512);
#726=VERTEX_POINT('',#2514);
#727=VERTEX_POINT('',#2518);
#728=VERTEX_POINT('',#2520);
#729=VERTEX_POINT('',#2524);
#730=VERTEX_POINT('',#2526);
#731=VERTEX_POINT('',#2530);
#732=VERTEX_POINT('',#2532);
#733=VERTEX_POINT('',#2540);
#734=VERTEX_POINT('',#2541);
#735=VERTEX_POINT('',#2543);
#736=VERTEX_POINT('',#2545);
#737=VERTEX_POINT('',#2549);
#738=VERTEX_POINT('',#2551);
#739=VERTEX_POINT('',#2555);
#740=VERTEX_POINT('',#2557);
#741=VERTEX_POINT('',#2561);
#742=VERTEX_POINT('',#2563);
#743=VERTEX_POINT('',#2567);
#744=VERTEX_POINT('',#2569);
#745=VERTEX_POINT('',#2573);
#746=VERTEX_POINT('',#2575);
#747=VERTEX_POINT('',#2583);
#748=VERTEX_POINT('',#2584);
#749=VERTEX_POINT('',#2586);
#750=VERTEX_POINT('',#2588);
#751=VERTEX_POINT('',#2592);
#752=VERTEX_POINT('',#2594);
#753=VERTEX_POINT('',#2598);
#754=VERTEX_POINT('',#2600);
#755=VERTEX_POINT('',#2604);
#756=VERTEX_POINT('',#2606);
#757=VERTEX_POINT('',#2610);
#758=VERTEX_POINT('',#2612);
#759=VERTEX_POINT('',#2620);
#760=VERTEX_POINT('',#2621);
#761=VERTEX_POINT('',#2623);
#762=VERTEX_POINT('',#2625);
#763=VERTEX_POINT('',#2629);
#764=VERTEX_POINT('',#2631);
#765=VERTEX_POINT('',#2635);
#766=VERTEX_POINT('',#2637);
#767=VERTEX_POINT('',#2641);
#768=VERTEX_POINT('',#2643);
#769=VERTEX_POINT('',#2647);
#770=VERTEX_POINT('',#2649);
#771=VERTEX_POINT('',#2657);
#772=VERTEX_POINT('',#2661);
#773=VERTEX_POINT('',#2665);
#774=VERTEX_POINT('',#2669);
#775=VERTEX_POINT('',#2673);
#776=VERTEX_POINT('',#2677);
#777=VERTEX_POINT('',#2681);
#778=EDGE_CURVE('',#644,#644,#566,.T.);
#779=EDGE_CURVE('',#644,#645,#567,.T.);
#780=EDGE_CURVE('',#645,#645,#568,.T.);
#781=EDGE_CURVE('',#646,#647,#76,.T.);
#782=EDGE_CURVE('',#648,#646,#569,.T.);
#783=EDGE_CURVE('',#649,#648,#77,.T.);
#784=EDGE_CURVE('',#650,#649,#570,.T.);
#785=EDGE_CURVE('',#651,#650,#78,.T.);
#786=EDGE_CURVE('',#652,#651,#571,.T.);
#787=EDGE_CURVE('',#653,#652,#79,.T.);
#788=EDGE_CURVE('',#654,#653,#572,.T.);
#789=EDGE_CURVE('',#655,#654,#80,.T.);
#790=EDGE_CURVE('',#656,#655,#573,.T.);
#791=EDGE_CURVE('',#657,#656,#81,.T.);
#792=EDGE_CURVE('',#658,#657,#574,.T.);
#793=EDGE_CURVE('',#659,#658,#82,.T.);
#794=EDGE_CURVE('',#660,#659,#575,.T.);
#795=EDGE_CURVE('',#661,#660,#83,.T.);
#796=EDGE_CURVE('',#647,#661,#576,.T.);
#797=EDGE_CURVE('',#662,#662,#577,.T.);
#798=EDGE_CURVE('',#663,#663,#578,.T.);
#799=EDGE_CURVE('',#664,#664,#579,.T.);
#800=EDGE_CURVE('',#665,#665,#580,.T.);
#801=EDGE_CURVE('',#666,#666,#581,.T.);
#802=EDGE_CURVE('',#667,#667,#582,.T.);
#803=EDGE_CURVE('',#668,#668,#583,.T.);
#804=EDGE_CURVE('',#645,#669,#84,.T.);
#805=EDGE_CURVE('',#669,#669,#584,.T.);
#806=EDGE_CURVE('',#662,#670,#585,.T.);
#807=EDGE_CURVE('',#670,#670,#586,.T.);
#808=EDGE_CURVE('',#670,#671,#85,.T.);
#809=EDGE_CURVE('',#671,#671,#587,.T.);
#810=EDGE_CURVE('',#668,#672,#588,.T.);
#811=EDGE_CURVE('',#672,#672,#589,.T.);
#812=EDGE_CURVE('',#672,#673,#86,.T.);
#813=EDGE_CURVE('',#673,#673,#590,.T.);
#814=EDGE_CURVE('',#663,#674,#591,.T.);
#815=EDGE_CURVE('',#674,#674,#592,.T.);
#816=EDGE_CURVE('',#674,#675,#87,.T.);
#817=EDGE_CURVE('',#675,#675,#593,.T.);
#818=EDGE_CURVE('',#676,#677,#88,.T.);
#819=EDGE_CURVE('',#677,#659,#594,.T.);
#820=EDGE_CURVE('',#658,#676,#15,.T.);
#821=EDGE_CURVE('',#657,#678,#16,.T.);
#822=EDGE_CURVE('',#678,#676,#595,.T.);
#823=EDGE_CURVE('',#679,#680,#89,.T.);
#824=EDGE_CURVE('',#680,#655,#596,.T.);
#825=EDGE_CURVE('',#654,#679,#17,.T.);
#826=EDGE_CURVE('',#653,#681,#18,.T.);
#827=EDGE_CURVE('',#681,#679,#597,.T.);
#828=EDGE_CURVE('',#682,#683,#90,.T.);
#829=EDGE_CURVE('',#683,#651,#598,.T.);
#830=EDGE_CURVE('',#650,#682,#19,.T.);
#831=EDGE_CURVE('',#684,#652,#599,.T.);
#832=EDGE_CURVE('',#683,#684,#600,.T.);
#833=EDGE_CURVE('',#684,#681,#91,.T.);
#834=EDGE_CURVE('',#685,#682,#601,.T.);
#835=EDGE_CURVE('',#649,#685,#20,.T.);
#836=EDGE_CURVE('',#686,#687,#92,.T.);
#837=EDGE_CURVE('',#687,#646,#602,.T.);
#838=EDGE_CURVE('',#647,#686,#21,.T.);
#839=EDGE_CURVE('',#688,#648,#603,.T.);
#840=EDGE_CURVE('',#687,#688,#604,.T.);
#841=EDGE_CURVE('',#688,#685,#93,.T.);
#842=EDGE_CURVE('',#689,#656,#605,.T.);
#843=EDGE_CURVE('',#680,#689,#606,.T.);
#844=EDGE_CURVE('',#689,#678,#94,.T.);
#845=EDGE_CURVE('',#690,#686,#607,.T.);
#846=EDGE_CURVE('',#661,#690,#22,.T.);
#847=EDGE_CURVE('',#691,#660,#608,.T.);
#848=EDGE_CURVE('',#677,#691,#609,.T.);
#849=EDGE_CURVE('',#691,#690,#95,.T.);
#850=EDGE_CURVE('',#692,#681,#96,.T.);
#851=EDGE_CURVE('',#692,#693,#610,.T.);
#852=EDGE_CURVE('',#693,#679,#97,.T.);
#853=EDGE_CURVE('',#694,#684,#98,.T.);
#854=EDGE_CURVE('',#692,#694,#99,.T.);
#855=EDGE_CURVE('',#695,#683,#100,.T.);
#856=EDGE_CURVE('',#695,#694,#611,.T.);
#857=EDGE_CURVE('',#696,#682,#101,.T.);
#858=EDGE_CURVE('',#695,#696,#102,.T.);
#859=EDGE_CURVE('',#697,#685,#103,.T.);
#860=EDGE_CURVE('',#697,#696,#612,.T.);
#861=EDGE_CURVE('',#698,#688,#104,.T.);
#862=EDGE_CURVE('',#697,#698,#105,.T.);
#863=EDGE_CURVE('',#699,#687,#106,.T.);
#864=EDGE_CURVE('',#699,#698,#613,.T.);
#865=EDGE_CURVE('',#700,#686,#107,.T.);
#866=EDGE_CURVE('',#699,#700,#108,.T.);
#867=EDGE_CURVE('',#664,#701,#614,.T.);
#868=EDGE_CURVE('',#701,#702,#615,.T.);
#869=EDGE_CURVE('',#702,#701,#616,.T.);
#870=EDGE_CURVE('',#702,#703,#109,.T.);
#871=EDGE_CURVE('',#703,#703,#617,.T.);
#872=EDGE_CURVE('',#667,#704,#618,.T.);
#873=EDGE_CURVE('',#704,#705,#619,.T.);
#874=EDGE_CURVE('',#705,#704,#620,.T.);
#875=EDGE_CURVE('',#705,#706,#110,.T.);
#876=EDGE_CURVE('',#706,#706,#621,.T.);
#877=EDGE_CURVE('',#665,#707,#622,.T.);
#878=EDGE_CURVE('',#707,#708,#623,.T.);
#879=EDGE_CURVE('',#708,#707,#624,.T.);
#880=EDGE_CURVE('',#708,#709,#111,.T.);
#881=EDGE_CURVE('',#709,#709,#625,.T.);
#882=EDGE_CURVE('',#666,#710,#626,.T.);
#883=EDGE_CURVE('',#710,#711,#627,.T.);
#884=EDGE_CURVE('',#711,#710,#628,.T.);
#885=EDGE_CURVE('',#711,#712,#112,.T.);
#886=EDGE_CURVE('',#712,#712,#629,.T.);
#887=EDGE_CURVE('',#713,#713,#630,.T.);
#888=EDGE_CURVE('',#714,#714,#631,.T.);
#889=EDGE_CURVE('',#715,#715,#632,.T.);
#890=EDGE_CURVE('',#716,#716,#633,.T.);
#891=EDGE_CURVE('',#713,#717,#113,.T.);
#892=EDGE_CURVE('',#717,#717,#634,.T.);
#893=EDGE_CURVE('',#714,#718,#114,.T.);
#894=EDGE_CURVE('',#718,#718,#635,.T.);
#895=EDGE_CURVE('',#715,#719,#115,.T.);
#896=EDGE_CURVE('',#719,#719,#636,.T.);
#897=EDGE_CURVE('',#716,#720,#116,.T.);
#898=EDGE_CURVE('',#720,#720,#637,.T.);
#899=EDGE_CURVE('',#721,#722,#117,.T.);
#900=EDGE_CURVE('',#721,#723,#118,.T.);
#901=EDGE_CURVE('',#723,#724,#119,.T.);
#902=EDGE_CURVE('',#722,#724,#120,.T.);
#903=EDGE_CURVE('',#725,#721,#121,.T.);
#904=EDGE_CURVE('',#725,#726,#122,.T.);
#905=EDGE_CURVE('',#726,#723,#123,.T.);
#906=EDGE_CURVE('',#727,#725,#124,.T.);
#907=EDGE_CURVE('',#727,#728,#125,.T.);
#908=EDGE_CURVE('',#728,#726,#126,.T.);
#909=EDGE_CURVE('',#729,#727,#127,.T.);
#910=EDGE_CURVE('',#729,#730,#128,.T.);
#911=EDGE_CURVE('',#730,#728,#129,.T.);
#912=EDGE_CURVE('',#731,#729,#130,.T.);
#913=EDGE_CURVE('',#731,#732,#131,.T.);
#914=EDGE_CURVE('',#732,#730,#132,.T.);
#915=EDGE_CURVE('',#722,#731,#133,.T.);
#916=EDGE_CURVE('',#724,#732,#134,.T.);
#917=EDGE_CURVE('',#733,#734,#135,.T.);
#918=EDGE_CURVE('',#733,#735,#136,.T.);
#919=EDGE_CURVE('',#735,#736,#137,.T.);
#920=EDGE_CURVE('',#734,#736,#138,.T.);
#921=EDGE_CURVE('',#737,#733,#139,.T.);
#922=EDGE_CURVE('',#737,#738,#140,.T.);
#923=EDGE_CURVE('',#738,#735,#141,.T.);
#924=EDGE_CURVE('',#739,#737,#142,.T.);
#925=EDGE_CURVE('',#739,#740,#143,.T.);
#926=EDGE_CURVE('',#740,#738,#144,.T.);
#927=EDGE_CURVE('',#741,#739,#145,.T.);
#928=EDGE_CURVE('',#741,#742,#146,.T.);
#929=EDGE_CURVE('',#742,#740,#147,.T.);
#930=EDGE_CURVE('',#743,#741,#148,.T.);
#931=EDGE_CURVE('',#743,#744,#149,.T.);
#932=EDGE_CURVE('',#744,#742,#150,.T.);
#933=EDGE_CURVE('',#745,#743,#151,.T.);
#934=EDGE_CURVE('',#745,#746,#152,.T.);
#935=EDGE_CURVE('',#746,#744,#153,.T.);
#936=EDGE_CURVE('',#734,#745,#638,.T.);
#937=EDGE_CURVE('',#736,#746,#639,.T.);
#938=EDGE_CURVE('',#747,#748,#154,.T.);
#939=EDGE_CURVE('',#747,#749,#155,.T.);
#940=EDGE_CURVE('',#749,#750,#156,.T.);
#941=EDGE_CURVE('',#748,#750,#157,.T.);
#942=EDGE_CURVE('',#751,#747,#158,.T.);
#943=EDGE_CURVE('',#751,#752,#159,.T.);
#944=EDGE_CURVE('',#752,#749,#160,.T.);
#945=EDGE_CURVE('',#753,#751,#161,.T.);
#946=EDGE_CURVE('',#753,#754,#162,.T.);
#947=EDGE_CURVE('',#754,#752,#163,.T.);
#948=EDGE_CURVE('',#755,#753,#164,.T.);
#949=EDGE_CURVE('',#755,#756,#165,.T.);
#950=EDGE_CURVE('',#756,#754,#166,.T.);
#951=EDGE_CURVE('',#757,#755,#167,.T.);
#952=EDGE_CURVE('',#757,#758,#168,.T.);
#953=EDGE_CURVE('',#758,#756,#169,.T.);
#954=EDGE_CURVE('',#748,#757,#170,.T.);
#955=EDGE_CURVE('',#750,#758,#171,.T.);
#956=EDGE_CURVE('',#759,#760,#172,.T.);
#957=EDGE_CURVE('',#759,#761,#173,.T.);
#958=EDGE_CURVE('',#761,#762,#174,.T.);
#959=EDGE_CURVE('',#760,#762,#175,.T.);
#960=EDGE_CURVE('',#763,#759,#176,.T.);
#961=EDGE_CURVE('',#763,#764,#177,.T.);
#962=EDGE_CURVE('',#764,#761,#178,.T.);
#963=EDGE_CURVE('',#765,#763,#179,.T.);
#964=EDGE_CURVE('',#765,#766,#180,.T.);
#965=EDGE_CURVE('',#766,#764,#181,.T.);
#966=EDGE_CURVE('',#767,#765,#182,.T.);
#967=EDGE_CURVE('',#767,#768,#183,.T.);
#968=EDGE_CURVE('',#768,#766,#184,.T.);
#969=EDGE_CURVE('',#769,#767,#185,.T.);
#970=EDGE_CURVE('',#769,#770,#186,.T.);
#971=EDGE_CURVE('',#770,#768,#187,.T.);
#972=EDGE_CURVE('',#760,#769,#188,.T.);
#973=EDGE_CURVE('',#762,#770,#189,.T.);
#974=EDGE_CURVE('',#771,#690,#190,.T.);
#975=EDGE_CURVE('',#771,#700,#640,.T.);
#976=EDGE_CURVE('',#772,#691,#191,.T.);
#977=EDGE_CURVE('',#772,#771,#192,.T.);
#978=EDGE_CURVE('',#773,#677,#193,.T.);
#979=EDGE_CURVE('',#773,#772,#641,.T.);
#980=EDGE_CURVE('',#774,#676,#194,.T.);
#981=EDGE_CURVE('',#774,#773,#195,.T.);
#982=EDGE_CURVE('',#775,#678,#196,.T.);
#983=EDGE_CURVE('',#775,#774,#642,.T.);
#984=EDGE_CURVE('',#776,#689,#197,.T.);
#985=EDGE_CURVE('',#776,#775,#198,.T.);
#986=EDGE_CURVE('',#777,#680,#199,.T.);
#987=EDGE_CURVE('',#777,#776,#643,.T.);
#988=EDGE_CURVE('',#693,#777,#200,.T.);
#989=ORIENTED_EDGE('',*,*,#778,.T.);
#990=ORIENTED_EDGE('',*,*,#779,.T.);
#991=ORIENTED_EDGE('',*,*,#780,.T.);
#992=ORIENTED_EDGE('',*,*,#779,.F.);
#993=ORIENTED_EDGE('',*,*,#781,.F.);
#994=ORIENTED_EDGE('',*,*,#782,.F.);
#995=ORIENTED_EDGE('',*,*,#783,.F.);
#996=ORIENTED_EDGE('',*,*,#784,.F.);
#997=ORIENTED_EDGE('',*,*,#785,.F.);
#998=ORIENTED_EDGE('',*,*,#786,.F.);
#999=ORIENTED_EDGE('',*,*,#787,.F.);
#1000=ORIENTED_EDGE('',*,*,#788,.F.);
#1001=ORIENTED_EDGE('',*,*,#789,.F.);
#1002=ORIENTED_EDGE('',*,*,#790,.F.);
#1003=ORIENTED_EDGE('',*,*,#791,.F.);
#1004=ORIENTED_EDGE('',*,*,#792,.F.);
#1005=ORIENTED_EDGE('',*,*,#793,.F.);
#1006=ORIENTED_EDGE('',*,*,#794,.F.);
#1007=ORIENTED_EDGE('',*,*,#795,.F.);
#1008=ORIENTED_EDGE('',*,*,#796,.F.);
#1009=ORIENTED_EDGE('',*,*,#797,.F.);
#1010=ORIENTED_EDGE('',*,*,#798,.F.);
#1011=ORIENTED_EDGE('',*,*,#799,.F.);
#1012=ORIENTED_EDGE('',*,*,#800,.F.);
#1013=ORIENTED_EDGE('',*,*,#801,.F.);
#1014=ORIENTED_EDGE('',*,*,#802,.F.);
#1015=ORIENTED_EDGE('',*,*,#803,.F.);
#1016=ORIENTED_EDGE('',*,*,#778,.F.);
#1017=ORIENTED_EDGE('',*,*,#780,.F.);
#1018=ORIENTED_EDGE('',*,*,#804,.T.);
#1019=ORIENTED_EDGE('',*,*,#805,.T.);
#1020=ORIENTED_EDGE('',*,*,#804,.F.);
#1021=ORIENTED_EDGE('',*,*,#797,.T.);
#1022=ORIENTED_EDGE('',*,*,#806,.T.);
#1023=ORIENTED_EDGE('',*,*,#807,.T.);
#1024=ORIENTED_EDGE('',*,*,#806,.F.);
#1025=ORIENTED_EDGE('',*,*,#807,.F.);
#1026=ORIENTED_EDGE('',*,*,#808,.T.);
#1027=ORIENTED_EDGE('',*,*,#809,.T.);
#1028=ORIENTED_EDGE('',*,*,#808,.F.);
#1029=ORIENTED_EDGE('',*,*,#803,.T.);
#1030=ORIENTED_EDGE('',*,*,#810,.T.);
#1031=ORIENTED_EDGE('',*,*,#811,.T.);
#1032=ORIENTED_EDGE('',*,*,#810,.F.);
#1033=ORIENTED_EDGE('',*,*,#811,.F.);
#1034=ORIENTED_EDGE('',*,*,#812,.T.);
#1035=ORIENTED_EDGE('',*,*,#813,.T.);
#1036=ORIENTED_EDGE('',*,*,#812,.F.);
#1037=ORIENTED_EDGE('',*,*,#798,.T.);
#1038=ORIENTED_EDGE('',*,*,#814,.T.);
#1039=ORIENTED_EDGE('',*,*,#815,.T.);
#1040=ORIENTED_EDGE('',*,*,#814,.F.);
#1041=ORIENTED_EDGE('',*,*,#815,.F.);
#1042=ORIENTED_EDGE('',*,*,#816,.T.);
#1043=ORIENTED_EDGE('',*,*,#817,.T.);
#1044=ORIENTED_EDGE('',*,*,#816,.F.);
#1045=ORIENTED_EDGE('',*,*,#818,.T.);
#1046=ORIENTED_EDGE('',*,*,#819,.T.);
#1047=ORIENTED_EDGE('',*,*,#793,.T.);
#1048=ORIENTED_EDGE('',*,*,#820,.T.);
#1049=ORIENTED_EDGE('',*,*,#792,.T.);
#1050=ORIENTED_EDGE('',*,*,#821,.T.);
#1051=ORIENTED_EDGE('',*,*,#822,.T.);
#1052=ORIENTED_EDGE('',*,*,#820,.F.);
#1053=ORIENTED_EDGE('',*,*,#823,.T.);
#1054=ORIENTED_EDGE('',*,*,#824,.T.);
#1055=ORIENTED_EDGE('',*,*,#789,.T.);
#1056=ORIENTED_EDGE('',*,*,#825,.T.);
#1057=ORIENTED_EDGE('',*,*,#788,.T.);
#1058=ORIENTED_EDGE('',*,*,#826,.T.);
#1059=ORIENTED_EDGE('',*,*,#827,.T.);
#1060=ORIENTED_EDGE('',*,*,#825,.F.);
#1061=ORIENTED_EDGE('',*,*,#828,.T.);
#1062=ORIENTED_EDGE('',*,*,#829,.T.);
#1063=ORIENTED_EDGE('',*,*,#785,.T.);
#1064=ORIENTED_EDGE('',*,*,#830,.T.);
#1065=ORIENTED_EDGE('',*,*,#831,.T.);
#1066=ORIENTED_EDGE('',*,*,#786,.T.);
#1067=ORIENTED_EDGE('',*,*,#829,.F.);
#1068=ORIENTED_EDGE('',*,*,#832,.T.);
#1069=ORIENTED_EDGE('',*,*,#787,.T.);
#1070=ORIENTED_EDGE('',*,*,#831,.F.);
#1071=ORIENTED_EDGE('',*,*,#833,.T.);
#1072=ORIENTED_EDGE('',*,*,#826,.F.);
#1073=ORIENTED_EDGE('',*,*,#834,.T.);
#1074=ORIENTED_EDGE('',*,*,#830,.F.);
#1075=ORIENTED_EDGE('',*,*,#784,.T.);
#1076=ORIENTED_EDGE('',*,*,#835,.T.);
#1077=ORIENTED_EDGE('',*,*,#836,.T.);
#1078=ORIENTED_EDGE('',*,*,#837,.T.);
#1079=ORIENTED_EDGE('',*,*,#781,.T.);
#1080=ORIENTED_EDGE('',*,*,#838,.T.);
#1081=ORIENTED_EDGE('',*,*,#839,.T.);
#1082=ORIENTED_EDGE('',*,*,#782,.T.);
#1083=ORIENTED_EDGE('',*,*,#837,.F.);
#1084=ORIENTED_EDGE('',*,*,#840,.T.);
#1085=ORIENTED_EDGE('',*,*,#783,.T.);
#1086=ORIENTED_EDGE('',*,*,#839,.F.);
#1087=ORIENTED_EDGE('',*,*,#841,.T.);
#1088=ORIENTED_EDGE('',*,*,#835,.F.);
#1089=ORIENTED_EDGE('',*,*,#842,.T.);
#1090=ORIENTED_EDGE('',*,*,#790,.T.);
#1091=ORIENTED_EDGE('',*,*,#824,.F.);
#1092=ORIENTED_EDGE('',*,*,#843,.T.);
#1093=ORIENTED_EDGE('',*,*,#791,.T.);
#1094=ORIENTED_EDGE('',*,*,#842,.F.);
#1095=ORIENTED_EDGE('',*,*,#844,.T.);
#1096=ORIENTED_EDGE('',*,*,#821,.F.);
#1097=ORIENTED_EDGE('',*,*,#845,.T.);
#1098=ORIENTED_EDGE('',*,*,#838,.F.);
#1099=ORIENTED_EDGE('',*,*,#796,.T.);
#1100=ORIENTED_EDGE('',*,*,#846,.T.);
#1101=ORIENTED_EDGE('',*,*,#847,.T.);
#1102=ORIENTED_EDGE('',*,*,#794,.T.);
#1103=ORIENTED_EDGE('',*,*,#819,.F.);
#1104=ORIENTED_EDGE('',*,*,#848,.T.);
#1105=ORIENTED_EDGE('',*,*,#795,.T.);
#1106=ORIENTED_EDGE('',*,*,#847,.F.);
#1107=ORIENTED_EDGE('',*,*,#849,.T.);
#1108=ORIENTED_EDGE('',*,*,#846,.F.);
#1109=ORIENTED_EDGE('',*,*,#827,.F.);
#1110=ORIENTED_EDGE('',*,*,#850,.F.);
#1111=ORIENTED_EDGE('',*,*,#851,.T.);
#1112=ORIENTED_EDGE('',*,*,#852,.T.);
#1113=ORIENTED_EDGE('',*,*,#833,.F.);
#1114=ORIENTED_EDGE('',*,*,#853,.F.);
#1115=ORIENTED_EDGE('',*,*,#854,.F.);
#1116=ORIENTED_EDGE('',*,*,#850,.T.);
#1117=ORIENTED_EDGE('',*,*,#832,.F.);
#1118=ORIENTED_EDGE('',*,*,#855,.F.);
#1119=ORIENTED_EDGE('',*,*,#856,.T.);
#1120=ORIENTED_EDGE('',*,*,#853,.T.);
#1121=ORIENTED_EDGE('',*,*,#828,.F.);
#1122=ORIENTED_EDGE('',*,*,#857,.F.);
#1123=ORIENTED_EDGE('',*,*,#858,.F.);
#1124=ORIENTED_EDGE('',*,*,#855,.T.);
#1125=ORIENTED_EDGE('',*,*,#834,.F.);
#1126=ORIENTED_EDGE('',*,*,#859,.F.);
#1127=ORIENTED_EDGE('',*,*,#860,.T.);
#1128=ORIENTED_EDGE('',*,*,#857,.T.);
#1129=ORIENTED_EDGE('',*,*,#841,.F.);
#1130=ORIENTED_EDGE('',*,*,#861,.F.);
#1131=ORIENTED_EDGE('',*,*,#862,.F.);
#1132=ORIENTED_EDGE('',*,*,#859,.T.);
#1133=ORIENTED_EDGE('',*,*,#840,.F.);
#1134=ORIENTED_EDGE('',*,*,#863,.F.);
#1135=ORIENTED_EDGE('',*,*,#864,.T.);
#1136=ORIENTED_EDGE('',*,*,#861,.T.);
#1137=ORIENTED_EDGE('',*,*,#836,.F.);
#1138=ORIENTED_EDGE('',*,*,#865,.F.);
#1139=ORIENTED_EDGE('',*,*,#866,.F.);
#1140=ORIENTED_EDGE('',*,*,#863,.T.);
#1141=ORIENTED_EDGE('',*,*,#799,.T.);
#1142=ORIENTED_EDGE('',*,*,#867,.T.);
#1143=ORIENTED_EDGE('',*,*,#868,.T.);
#1144=ORIENTED_EDGE('',*,*,#869,.T.);
#1145=ORIENTED_EDGE('',*,*,#867,.F.);
#1146=ORIENTED_EDGE('',*,*,#869,.F.);
#1147=ORIENTED_EDGE('',*,*,#870,.T.);
#1148=ORIENTED_EDGE('',*,*,#871,.T.);
#1149=ORIENTED_EDGE('',*,*,#870,.F.);
#1150=ORIENTED_EDGE('',*,*,#868,.F.);
#1151=ORIENTED_EDGE('',*,*,#802,.T.);
#1152=ORIENTED_EDGE('',*,*,#872,.T.);
#1153=ORIENTED_EDGE('',*,*,#873,.T.);
#1154=ORIENTED_EDGE('',*,*,#874,.T.);
#1155=ORIENTED_EDGE('',*,*,#872,.F.);
#1156=ORIENTED_EDGE('',*,*,#874,.F.);
#1157=ORIENTED_EDGE('',*,*,#875,.T.);
#1158=ORIENTED_EDGE('',*,*,#876,.T.);
#1159=ORIENTED_EDGE('',*,*,#875,.F.);
#1160=ORIENTED_EDGE('',*,*,#873,.F.);
#1161=ORIENTED_EDGE('',*,*,#800,.T.);
#1162=ORIENTED_EDGE('',*,*,#877,.T.);
#1163=ORIENTED_EDGE('',*,*,#878,.T.);
#1164=ORIENTED_EDGE('',*,*,#879,.T.);
#1165=ORIENTED_EDGE('',*,*,#877,.F.);
#1166=ORIENTED_EDGE('',*,*,#879,.F.);
#1167=ORIENTED_EDGE('',*,*,#880,.T.);
#1168=ORIENTED_EDGE('',*,*,#881,.T.);
#1169=ORIENTED_EDGE('',*,*,#880,.F.);
#1170=ORIENTED_EDGE('',*,*,#878,.F.);
#1171=ORIENTED_EDGE('',*,*,#801,.T.);
#1172=ORIENTED_EDGE('',*,*,#882,.T.);
#1173=ORIENTED_EDGE('',*,*,#883,.T.);
#1174=ORIENTED_EDGE('',*,*,#884,.T.);
#1175=ORIENTED_EDGE('',*,*,#882,.F.);
#1176=ORIENTED_EDGE('',*,*,#884,.F.);
#1177=ORIENTED_EDGE('',*,*,#885,.T.);
#1178=ORIENTED_EDGE('',*,*,#886,.T.);
#1179=ORIENTED_EDGE('',*,*,#885,.F.);
#1180=ORIENTED_EDGE('',*,*,#883,.F.);
#1181=ORIENTED_EDGE('',*,*,#805,.F.);
#1182=ORIENTED_EDGE('',*,*,#887,.F.);
#1183=ORIENTED_EDGE('',*,*,#809,.F.);
#1184=ORIENTED_EDGE('',*,*,#888,.F.);
#1185=ORIENTED_EDGE('',*,*,#813,.F.);
#1186=ORIENTED_EDGE('',*,*,#889,.F.);
#1187=ORIENTED_EDGE('',*,*,#817,.F.);
#1188=ORIENTED_EDGE('',*,*,#890,.F.);
#1189=ORIENTED_EDGE('',*,*,#887,.T.);
#1190=ORIENTED_EDGE('',*,*,#891,.T.);
#1191=ORIENTED_EDGE('',*,*,#892,.F.);
#1192=ORIENTED_EDGE('',*,*,#891,.F.);
#1193=ORIENTED_EDGE('',*,*,#888,.T.);
#1194=ORIENTED_EDGE('',*,*,#893,.T.);
#1195=ORIENTED_EDGE('',*,*,#894,.F.);
#1196=ORIENTED_EDGE('',*,*,#893,.F.);
#1197=ORIENTED_EDGE('',*,*,#889,.T.);
#1198=ORIENTED_EDGE('',*,*,#895,.T.);
#1199=ORIENTED_EDGE('',*,*,#896,.F.);
#1200=ORIENTED_EDGE('',*,*,#895,.F.);
#1201=ORIENTED_EDGE('',*,*,#890,.T.);
#1202=ORIENTED_EDGE('',*,*,#897,.T.);
#1203=ORIENTED_EDGE('',*,*,#898,.F.);
#1204=ORIENTED_EDGE('',*,*,#897,.F.);
#1205=ORIENTED_EDGE('',*,*,#899,.F.);
#1206=ORIENTED_EDGE('',*,*,#900,.T.);
#1207=ORIENTED_EDGE('',*,*,#901,.T.);
#1208=ORIENTED_EDGE('',*,*,#902,.F.);
#1209=ORIENTED_EDGE('',*,*,#903,.F.);
#1210=ORIENTED_EDGE('',*,*,#904,.T.);
#1211=ORIENTED_EDGE('',*,*,#905,.T.);
#1212=ORIENTED_EDGE('',*,*,#900,.F.);
#1213=ORIENTED_EDGE('',*,*,#906,.F.);
#1214=ORIENTED_EDGE('',*,*,#907,.T.);
#1215=ORIENTED_EDGE('',*,*,#908,.T.);
#1216=ORIENTED_EDGE('',*,*,#904,.F.);
#1217=ORIENTED_EDGE('',*,*,#909,.F.);
#1218=ORIENTED_EDGE('',*,*,#910,.T.);
#1219=ORIENTED_EDGE('',*,*,#911,.T.);
#1220=ORIENTED_EDGE('',*,*,#907,.F.);
#1221=ORIENTED_EDGE('',*,*,#912,.F.);
#1222=ORIENTED_EDGE('',*,*,#913,.T.);
#1223=ORIENTED_EDGE('',*,*,#914,.T.);
#1224=ORIENTED_EDGE('',*,*,#910,.F.);
#1225=ORIENTED_EDGE('',*,*,#915,.F.);
#1226=ORIENTED_EDGE('',*,*,#902,.T.);
#1227=ORIENTED_EDGE('',*,*,#916,.T.);
#1228=ORIENTED_EDGE('',*,*,#913,.F.);
#1229=ORIENTED_EDGE('',*,*,#916,.F.);
#1230=ORIENTED_EDGE('',*,*,#901,.F.);
#1231=ORIENTED_EDGE('',*,*,#905,.F.);
#1232=ORIENTED_EDGE('',*,*,#908,.F.);
#1233=ORIENTED_EDGE('',*,*,#911,.F.);
#1234=ORIENTED_EDGE('',*,*,#914,.F.);
#1235=ORIENTED_EDGE('',*,*,#881,.F.);
#1236=ORIENTED_EDGE('',*,*,#917,.F.);
#1237=ORIENTED_EDGE('',*,*,#918,.T.);
#1238=ORIENTED_EDGE('',*,*,#919,.T.);
#1239=ORIENTED_EDGE('',*,*,#920,.F.);
#1240=ORIENTED_EDGE('',*,*,#921,.F.);
#1241=ORIENTED_EDGE('',*,*,#922,.T.);
#1242=ORIENTED_EDGE('',*,*,#923,.T.);
#1243=ORIENTED_EDGE('',*,*,#918,.F.);
#1244=ORIENTED_EDGE('',*,*,#924,.F.);
#1245=ORIENTED_EDGE('',*,*,#925,.T.);
#1246=ORIENTED_EDGE('',*,*,#926,.T.);
#1247=ORIENTED_EDGE('',*,*,#922,.F.);
#1248=ORIENTED_EDGE('',*,*,#927,.F.);
#1249=ORIENTED_EDGE('',*,*,#928,.T.);
#1250=ORIENTED_EDGE('',*,*,#929,.T.);
#1251=ORIENTED_EDGE('',*,*,#925,.F.);
#1252=ORIENTED_EDGE('',*,*,#930,.F.);
#1253=ORIENTED_EDGE('',*,*,#931,.T.);
#1254=ORIENTED_EDGE('',*,*,#932,.T.);
#1255=ORIENTED_EDGE('',*,*,#928,.F.);
#1256=ORIENTED_EDGE('',*,*,#933,.F.);
#1257=ORIENTED_EDGE('',*,*,#934,.T.);
#1258=ORIENTED_EDGE('',*,*,#935,.T.);
#1259=ORIENTED_EDGE('',*,*,#931,.F.);
#1260=ORIENTED_EDGE('',*,*,#936,.F.);
#1261=ORIENTED_EDGE('',*,*,#920,.T.);
#1262=ORIENTED_EDGE('',*,*,#937,.T.);
#1263=ORIENTED_EDGE('',*,*,#934,.F.);
#1264=ORIENTED_EDGE('',*,*,#937,.F.);
#1265=ORIENTED_EDGE('',*,*,#919,.F.);
#1266=ORIENTED_EDGE('',*,*,#923,.F.);
#1267=ORIENTED_EDGE('',*,*,#926,.F.);
#1268=ORIENTED_EDGE('',*,*,#929,.F.);
#1269=ORIENTED_EDGE('',*,*,#932,.F.);
#1270=ORIENTED_EDGE('',*,*,#935,.F.);
#1271=ORIENTED_EDGE('',*,*,#871,.F.);
#1272=ORIENTED_EDGE('',*,*,#938,.F.);
#1273=ORIENTED_EDGE('',*,*,#939,.T.);
#1274=ORIENTED_EDGE('',*,*,#940,.T.);
#1275=ORIENTED_EDGE('',*,*,#941,.F.);
#1276=ORIENTED_EDGE('',*,*,#942,.F.);
#1277=ORIENTED_EDGE('',*,*,#943,.T.);
#1278=ORIENTED_EDGE('',*,*,#944,.T.);
#1279=ORIENTED_EDGE('',*,*,#939,.F.);
#1280=ORIENTED_EDGE('',*,*,#945,.F.);
#1281=ORIENTED_EDGE('',*,*,#946,.T.);
#1282=ORIENTED_EDGE('',*,*,#947,.T.);
#1283=ORIENTED_EDGE('',*,*,#943,.F.);
#1284=ORIENTED_EDGE('',*,*,#948,.F.);
#1285=ORIENTED_EDGE('',*,*,#949,.T.);
#1286=ORIENTED_EDGE('',*,*,#950,.T.);
#1287=ORIENTED_EDGE('',*,*,#946,.F.);
#1288=ORIENTED_EDGE('',*,*,#951,.F.);
#1289=ORIENTED_EDGE('',*,*,#952,.T.);
#1290=ORIENTED_EDGE('',*,*,#953,.T.);
#1291=ORIENTED_EDGE('',*,*,#949,.F.);
#1292=ORIENTED_EDGE('',*,*,#954,.F.);
#1293=ORIENTED_EDGE('',*,*,#941,.T.);
#1294=ORIENTED_EDGE('',*,*,#955,.T.);
#1295=ORIENTED_EDGE('',*,*,#952,.F.);
#1296=ORIENTED_EDGE('',*,*,#955,.F.);
#1297=ORIENTED_EDGE('',*,*,#940,.F.);
#1298=ORIENTED_EDGE('',*,*,#944,.F.);
#1299=ORIENTED_EDGE('',*,*,#947,.F.);
#1300=ORIENTED_EDGE('',*,*,#950,.F.);
#1301=ORIENTED_EDGE('',*,*,#953,.F.);
#1302=ORIENTED_EDGE('',*,*,#876,.F.);
#1303=ORIENTED_EDGE('',*,*,#956,.F.);
#1304=ORIENTED_EDGE('',*,*,#957,.T.);
#1305=ORIENTED_EDGE('',*,*,#958,.T.);
#1306=ORIENTED_EDGE('',*,*,#959,.F.);
#1307=ORIENTED_EDGE('',*,*,#960,.F.);
#1308=ORIENTED_EDGE('',*,*,#961,.T.);
#1309=ORIENTED_EDGE('',*,*,#962,.T.);
#1310=ORIENTED_EDGE('',*,*,#957,.F.);
#1311=ORIENTED_EDGE('',*,*,#963,.F.);
#1312=ORIENTED_EDGE('',*,*,#964,.T.);
#1313=ORIENTED_EDGE('',*,*,#965,.T.);
#1314=ORIENTED_EDGE('',*,*,#961,.F.);
#1315=ORIENTED_EDGE('',*,*,#966,.F.);
#1316=ORIENTED_EDGE('',*,*,#967,.T.);
#1317=ORIENTED_EDGE('',*,*,#968,.T.);
#1318=ORIENTED_EDGE('',*,*,#964,.F.);
#1319=ORIENTED_EDGE('',*,*,#969,.F.);
#1320=ORIENTED_EDGE('',*,*,#970,.T.);
#1321=ORIENTED_EDGE('',*,*,#971,.T.);
#1322=ORIENTED_EDGE('',*,*,#967,.F.);
#1323=ORIENTED_EDGE('',*,*,#972,.F.);
#1324=ORIENTED_EDGE('',*,*,#959,.T.);
#1325=ORIENTED_EDGE('',*,*,#973,.T.);
#1326=ORIENTED_EDGE('',*,*,#970,.F.);
#1327=ORIENTED_EDGE('',*,*,#973,.F.);
#1328=ORIENTED_EDGE('',*,*,#958,.F.);
#1329=ORIENTED_EDGE('',*,*,#962,.F.);
#1330=ORIENTED_EDGE('',*,*,#965,.F.);
#1331=ORIENTED_EDGE('',*,*,#968,.F.);
#1332=ORIENTED_EDGE('',*,*,#971,.F.);
#1333=ORIENTED_EDGE('',*,*,#886,.F.);
#1334=ORIENTED_EDGE('',*,*,#845,.F.);
#1335=ORIENTED_EDGE('',*,*,#974,.F.);
#1336=ORIENTED_EDGE('',*,*,#975,.T.);
#1337=ORIENTED_EDGE('',*,*,#865,.T.);
#1338=ORIENTED_EDGE('',*,*,#849,.F.);
#1339=ORIENTED_EDGE('',*,*,#976,.F.);
#1340=ORIENTED_EDGE('',*,*,#977,.T.);
#1341=ORIENTED_EDGE('',*,*,#974,.T.);
#1342=ORIENTED_EDGE('',*,*,#848,.F.);
#1343=ORIENTED_EDGE('',*,*,#978,.F.);
#1344=ORIENTED_EDGE('',*,*,#979,.T.);
#1345=ORIENTED_EDGE('',*,*,#976,.T.);
#1346=ORIENTED_EDGE('',*,*,#818,.F.);
#1347=ORIENTED_EDGE('',*,*,#980,.F.);
#1348=ORIENTED_EDGE('',*,*,#981,.T.);
#1349=ORIENTED_EDGE('',*,*,#978,.T.);
#1350=ORIENTED_EDGE('',*,*,#822,.F.);
#1351=ORIENTED_EDGE('',*,*,#982,.F.);
#1352=ORIENTED_EDGE('',*,*,#983,.T.);
#1353=ORIENTED_EDGE('',*,*,#980,.T.);
#1354=ORIENTED_EDGE('',*,*,#844,.F.);
#1355=ORIENTED_EDGE('',*,*,#984,.F.);
#1356=ORIENTED_EDGE('',*,*,#985,.T.);
#1357=ORIENTED_EDGE('',*,*,#982,.T.);
#1358=ORIENTED_EDGE('',*,*,#843,.F.);
#1359=ORIENTED_EDGE('',*,*,#986,.F.);
#1360=ORIENTED_EDGE('',*,*,#987,.T.);
#1361=ORIENTED_EDGE('',*,*,#984,.T.);
#1362=ORIENTED_EDGE('',*,*,#823,.F.);
#1363=ORIENTED_EDGE('',*,*,#852,.F.);
#1364=ORIENTED_EDGE('',*,*,#988,.T.);
#1365=ORIENTED_EDGE('',*,*,#986,.T.);
#1366=ORIENTED_EDGE('',*,*,#856,.F.);
#1367=ORIENTED_EDGE('',*,*,#858,.T.);
#1368=ORIENTED_EDGE('',*,*,#860,.F.);
#1369=ORIENTED_EDGE('',*,*,#862,.T.);
#1370=ORIENTED_EDGE('',*,*,#864,.F.);
#1371=ORIENTED_EDGE('',*,*,#866,.T.);
#1372=ORIENTED_EDGE('',*,*,#975,.F.);
#1373=ORIENTED_EDGE('',*,*,#977,.F.);
#1374=ORIENTED_EDGE('',*,*,#979,.F.);
#1375=ORIENTED_EDGE('',*,*,#981,.F.);
#1376=ORIENTED_EDGE('',*,*,#983,.F.);
#1377=ORIENTED_EDGE('',*,*,#985,.F.);
#1378=ORIENTED_EDGE('',*,*,#987,.F.);
#1379=ORIENTED_EDGE('',*,*,#988,.F.);
#1380=ORIENTED_EDGE('',*,*,#851,.F.);
#1381=ORIENTED_EDGE('',*,*,#854,.T.);
#1382=ORIENTED_EDGE('',*,*,#956,.T.);
#1383=ORIENTED_EDGE('',*,*,#972,.T.);
#1384=ORIENTED_EDGE('',*,*,#969,.T.);
#1385=ORIENTED_EDGE('',*,*,#966,.T.);
#1386=ORIENTED_EDGE('',*,*,#963,.T.);
#1387=ORIENTED_EDGE('',*,*,#960,.T.);
#1388=ORIENTED_EDGE('',*,*,#938,.T.);
#1389=ORIENTED_EDGE('',*,*,#954,.T.);
#1390=ORIENTED_EDGE('',*,*,#951,.T.);
#1391=ORIENTED_EDGE('',*,*,#948,.T.);
#1392=ORIENTED_EDGE('',*,*,#945,.T.);
#1393=ORIENTED_EDGE('',*,*,#942,.T.);
#1394=ORIENTED_EDGE('',*,*,#917,.T.);
#1395=ORIENTED_EDGE('',*,*,#936,.T.);
#1396=ORIENTED_EDGE('',*,*,#933,.T.);
#1397=ORIENTED_EDGE('',*,*,#930,.T.);
#1398=ORIENTED_EDGE('',*,*,#927,.T.);
#1399=ORIENTED_EDGE('',*,*,#924,.T.);
#1400=ORIENTED_EDGE('',*,*,#921,.T.);
#1401=ORIENTED_EDGE('',*,*,#899,.T.);
#1402=ORIENTED_EDGE('',*,*,#915,.T.);
#1403=ORIENTED_EDGE('',*,*,#912,.T.);
#1404=ORIENTED_EDGE('',*,*,#909,.T.);
#1405=ORIENTED_EDGE('',*,*,#906,.T.);
#1406=ORIENTED_EDGE('',*,*,#903,.T.);
#1407=ORIENTED_EDGE('',*,*,#898,.T.);
#1408=ORIENTED_EDGE('',*,*,#896,.T.);
#1409=ORIENTED_EDGE('',*,*,#894,.T.);
#1410=ORIENTED_EDGE('',*,*,#892,.T.);
#1411=TOROIDAL_SURFACE('',#1528,6.,1.);
#1412=TOROIDAL_SURFACE('',#1550,6.,1.);
#1413=TOROIDAL_SURFACE('',#1555,6.,1.);
#1414=TOROIDAL_SURFACE('',#1560,6.,1.);
#1415=TOROIDAL_SURFACE('',#1567,50.,1.);
#1416=TOROIDAL_SURFACE('',#1571,50.,1.);
#1417=TOROIDAL_SURFACE('',#1575,13.9999999999991,1.);
#1418=TOROIDAL_SURFACE('',#1579,50.,1.);
#1419=TOROIDAL_SURFACE('',#1583,13.9999999999999,1.);
#1420=TOROIDAL_SURFACE('',#1587,13.9999999999976,1.);
#1421=TOROIDAL_SURFACE('',#1591,50.,1.);
#1422=TOROIDAL_SURFACE('',#1593,13.9999999999977,1.);
#1423=TOROIDAL_SURFACE('',#1609,3.75,1.);
#1424=TOROIDAL_SURFACE('',#1615,3.75,1.);
#1425=TOROIDAL_SURFACE('',#1621,3.75,1.);
#1426=TOROIDAL_SURFACE('',#1627,3.75,1.);
#1427=ADVANCED_FACE('',(#368),#1411,.T.);
#1428=ADVANCED_FACE('',(#369,#52,#53,#54,#55,#56,#57,#58,#59),#326,.T.);
#1429=ADVANCED_FACE('',(#370),#23,.F.);
#1430=ADVANCED_FACE('',(#371),#1412,.T.);
#1431=ADVANCED_FACE('',(#372),#24,.F.);
#1432=ADVANCED_FACE('',(#373),#1413,.T.);
#1433=ADVANCED_FACE('',(#374),#25,.F.);
#1434=ADVANCED_FACE('',(#375),#1414,.T.);
#1435=ADVANCED_FACE('',(#376),#26,.F.);
#1436=ADVANCED_FACE('',(#377),#27,.T.);
#1437=ADVANCED_FACE('',(#378),#1415,.T.);
#1438=ADVANCED_FACE('',(#379),#28,.T.);
#1439=ADVANCED_FACE('',(#380),#1416,.T.);
#1440=ADVANCED_FACE('',(#381),#29,.T.);
#1441=ADVANCED_FACE('',(#382),#1417,.T.);
#1442=ADVANCED_FACE('',(#383),#30,.T.);
#1443=ADVANCED_FACE('',(#384),#1418,.T.);
#1444=ADVANCED_FACE('',(#385),#31,.T.);
#1445=ADVANCED_FACE('',(#386),#1419,.T.);
#1446=ADVANCED_FACE('',(#387),#32,.T.);
#1447=ADVANCED_FACE('',(#388),#1420,.T.);
#1448=ADVANCED_FACE('',(#389),#33,.T.);
#1449=ADVANCED_FACE('',(#390),#1421,.T.);
#1450=ADVANCED_FACE('',(#391),#1422,.T.);
#1451=ADVANCED_FACE('',(#392),#34,.T.);
#1452=ADVANCED_FACE('',(#393),#35,.T.);
#1453=ADVANCED_FACE('',(#394),#327,.T.);
#1454=ADVANCED_FACE('',(#395),#36,.T.);
#1455=ADVANCED_FACE('',(#396),#328,.T.);
#1456=ADVANCED_FACE('',(#397),#37,.T.);
#1457=ADVANCED_FACE('',(#398),#329,.T.);
#1458=ADVANCED_FACE('',(#399),#38,.T.);
#1459=ADVANCED_FACE('',(#400),#330,.T.);
#1460=ADVANCED_FACE('',(#401),#1423,.T.);
#1461=ADVANCED_FACE('',(#402),#39,.F.);
#1462=ADVANCED_FACE('',(#403),#1424,.T.);
#1463=ADVANCED_FACE('',(#404),#40,.F.);
#1464=ADVANCED_FACE('',(#405),#1425,.T.);
#1465=ADVANCED_FACE('',(#406),#41,.F.);
#1466=ADVANCED_FACE('',(#407),#1426,.T.);
#1467=ADVANCED_FACE('',(#408),#42,.F.);
#1468=ADVANCED_FACE('',(#409,#60),#331,.T.);
#1469=ADVANCED_FACE('',(#410,#61),#332,.T.);
#1470=ADVANCED_FACE('',(#411,#62),#333,.T.);
#1471=ADVANCED_FACE('',(#412,#63),#334,.T.);
#1472=ADVANCED_FACE('',(#413),#43,.F.);
#1473=ADVANCED_FACE('',(#414),#44,.F.);
#1474=ADVANCED_FACE('',(#415),#45,.F.);
#1475=ADVANCED_FACE('',(#416),#46,.F.);
#1476=ADVANCED_FACE('',(#417),#335,.F.);
#1477=ADVANCED_FACE('',(#418),#336,.F.);
#1478=ADVANCED_FACE('',(#419),#337,.F.);
#1479=ADVANCED_FACE('',(#420),#338,.F.);
#1480=ADVANCED_FACE('',(#421),#339,.F.);
#1481=ADVANCED_FACE('',(#422),#340,.F.);
#1482=ADVANCED_FACE('',(#423,#64),#341,.F.);
#1483=ADVANCED_FACE('',(#424),#342,.F.);
#1484=ADVANCED_FACE('',(#425),#343,.F.);
#1485=ADVANCED_FACE('',(#426),#344,.F.);
#1486=ADVANCED_FACE('',(#427),#345,.F.);
#1487=ADVANCED_FACE('',(#428),#346,.F.);
#1488=ADVANCED_FACE('',(#429),#347,.F.);
#1489=ADVANCED_FACE('',(#430),#47,.F.);
#1490=ADVANCED_FACE('',(#431,#65),#348,.F.);
#1491=ADVANCED_FACE('',(#432),#349,.F.);
#1492=ADVANCED_FACE('',(#433),#350,.F.);
#1493=ADVANCED_FACE('',(#434),#351,.F.);
#1494=ADVANCED_FACE('',(#435),#352,.F.);
#1495=ADVANCED_FACE('',(#436),#353,.F.);
#1496=ADVANCED_FACE('',(#437),#354,.F.);
#1497=ADVANCED_FACE('',(#438,#66),#355,.F.);
#1498=ADVANCED_FACE('',(#439),#356,.F.);
#1499=ADVANCED_FACE('',(#440),#357,.F.);
#1500=ADVANCED_FACE('',(#441),#358,.F.);
#1501=ADVANCED_FACE('',(#442),#359,.F.);
#1502=ADVANCED_FACE('',(#443),#360,.F.);
#1503=ADVANCED_FACE('',(#444),#361,.F.);
#1504=ADVANCED_FACE('',(#445,#67),#362,.F.);
#1505=ADVANCED_FACE('',(#446),#48,.T.);
#1506=ADVANCED_FACE('',(#447),#363,.T.);
#1507=ADVANCED_FACE('',(#448),#49,.T.);
#1508=ADVANCED_FACE('',(#449),#364,.T.);
#1509=ADVANCED_FACE('',(#450),#50,.T.);
#1510=ADVANCED_FACE('',(#451),#365,.T.);
#1511=ADVANCED_FACE('',(#452),#51,.T.);
#1512=ADVANCED_FACE('',(#453),#366,.T.);
#1513=ADVANCED_FACE('',(#454,#68,#69,#70,#71,#72,#73,#74,#75),#367,.F.);
#1514=CLOSED_SHELL('',(#1427,#1428,#1429,#1430,#1431,#1432,#1433,#1434,
#1435,#1436,#1437,#1438,#1439,#1440,#1441,#1442,#1443,#1444,#1445,#1446,
#1447,#1448,#1449,#1450,#1451,#1452,#1453,#1454,#1455,#1456,#1457,#1458,
#1459,#1460,#1461,#1462,#1463,#1464,#1465,#1466,#1467,#1468,#1469,#1470,
#1471,#1472,#1473,#1474,#1475,#1476,#1477,#1478,#1479,#1480,#1481,#1482,
#1483,#1484,#1485,#1486,#1487,#1488,#1489,#1490,#1491,#1492,#1493,#1494,
#1495,#1496,#1497,#1498,#1499,#1500,#1501,#1502,#1503,#1504,#1505,#1506,
#1507,#1508,#1509,#1510,#1511,#1512,#1513));
#1515=DERIVED_UNIT_ELEMENT(#1517,1.);
#1516=DERIVED_UNIT_ELEMENT(#2692,-3.);
#1517=(
MASS_UNIT()
NAMED_UNIT(*)
SI_UNIT(.KILO.,.GRAM.)
);
#1518=DERIVED_UNIT((#1515,#1516));
#1519=MEASURE_REPRESENTATION_ITEM('density measure',
POSITIVE_RATIO_MEASURE(7850.),#1518);
#1520=PROPERTY_DEFINITION_REPRESENTATION(#1525,#1522);
#1521=PROPERTY_DEFINITION_REPRESENTATION(#1526,#1523);
#1522=REPRESENTATION('material name',(#1524),#2689);
#1523=REPRESENTATION('density',(#1519),#2689);
#1524=DESCRIPTIVE_REPRESENTATION_ITEM('\X2\AC15CCA0\X0\','\X2\AC15CCA0\X0\');
#1525=PROPERTY_DEFINITION('material property','material name',#2699);
#1526=PROPERTY_DEFINITION('material property','density of part',#2699);
#1527=AXIS2_PLACEMENT_3D('',#2150,#1693,#1694);
#1528=AXIS2_PLACEMENT_3D('',#2151,#1695,#1696);
#1529=AXIS2_PLACEMENT_3D('',#2153,#1697,#1698);
#1530=AXIS2_PLACEMENT_3D('',#2155,#1699,#1700);
#1531=AXIS2_PLACEMENT_3D('',#2156,#1701,#1702);
#1532=AXIS2_PLACEMENT_3D('',#2157,#1703,#1704);
#1533=AXIS2_PLACEMENT_3D('',#2162,#1706,#1707);
#1534=AXIS2_PLACEMENT_3D('',#2166,#1709,#1710);
#1535=AXIS2_PLACEMENT_3D('',#2170,#1712,#1713);
#1536=AXIS2_PLACEMENT_3D('',#2174,#1715,#1716);
#1537=AXIS2_PLACEMENT_3D('',#2178,#1718,#1719);
#1538=AXIS2_PLACEMENT_3D('',#2182,#1721,#1722);
#1539=AXIS2_PLACEMENT_3D('',#2186,#1724,#1725);
#1540=AXIS2_PLACEMENT_3D('',#2189,#1727,#1728);
#1541=AXIS2_PLACEMENT_3D('',#2191,#1729,#1730);
#1542=AXIS2_PLACEMENT_3D('',#2193,#1731,#1732);
#1543=AXIS2_PLACEMENT_3D('',#2195,#1733,#1734);
#1544=AXIS2_PLACEMENT_3D('',#2197,#1735,#1736);
#1545=AXIS2_PLACEMENT_3D('',#2199,#1737,#1738);
#1546=AXIS2_PLACEMENT_3D('',#2201,#1739,#1740);
#1547=AXIS2_PLACEMENT_3D('',#2203,#1741,#1742);
#1548=AXIS2_PLACEMENT_3D('',#2204,#1743,#1744);
#1549=AXIS2_PLACEMENT_3D('',#2207,#1746,#1747);
#1550=AXIS2_PLACEMENT_3D('',#2208,#1748,#1749);
#1551=AXIS2_PLACEMENT_3D('',#2210,#1750,#1751);
#1552=AXIS2_PLACEMENT_3D('',#2211,#1752,#1753);
#1553=AXIS2_PLACEMENT_3D('',#2212,#1754,#1755);
#1554=AXIS2_PLACEMENT_3D('',#2215,#1757,#1758);
#1555=AXIS2_PLACEMENT_3D('',#2216,#1759,#1760);
#1556=AXIS2_PLACEMENT_3D('',#2218,#1761,#1762);
#1557=AXIS2_PLACEMENT_3D('',#2219,#1763,#1764);
#1558=AXIS2_PLACEMENT_3D('',#2220,#1765,#1766);
#1559=AXIS2_PLACEMENT_3D('',#2223,#1768,#1769);
#1560=AXIS2_PLACEMENT_3D('',#2224,#1770,#1771);
#1561=AXIS2_PLACEMENT_3D('',#2226,#1772,#1773);
#1562=AXIS2_PLACEMENT_3D('',#2227,#1774,#1775);
#1563=AXIS2_PLACEMENT_3D('',#2228,#1776,#1777);
#1564=AXIS2_PLACEMENT_3D('',#2231,#1779,#1780);
#1565=AXIS2_PLACEMENT_3D('',#2232,#1781,#1782);
#1566=AXIS2_PLACEMENT_3D('',#2236,#1784,#1785);
#1567=AXIS2_PLACEMENT_3D('',#2251,#1786,#1787);
#1568=AXIS2_PLACEMENT_3D('',#2267,#1788,#1789);
#1569=AXIS2_PLACEMENT_3D('',#2268,#1790,#1791);
#1570=AXIS2_PLACEMENT_3D('',#2272,#1793,#1794);
#1571=AXIS2_PLACEMENT_3D('',#2287,#1795,#1796);
#1572=AXIS2_PLACEMENT_3D('',#2303,#1797,#1798);
#1573=AXIS2_PLACEMENT_3D('',#2304,#1799,#1800);
#1574=AXIS2_PLACEMENT_3D('',#2308,#1802,#1803);
#1575=AXIS2_PLACEMENT_3D('',#2323,#1804,#1805);
#1576=AXIS2_PLACEMENT_3D('',#2325,#1806,#1807);
#1577=AXIS2_PLACEMENT_3D('',#2326,#1808,#1809);
#1578=AXIS2_PLACEMENT_3D('',#2327,#1810,#1811);
#1579=AXIS2_PLACEMENT_3D('',#2329,#1813,#1814);
#1580=AXIS2_PLACEMENT_3D('',#2331,#1815,#1816);
#1581=AXIS2_PLACEMENT_3D('',#2346,#1817,#1818);
#1582=AXIS2_PLACEMENT_3D('',#2350,#1820,#1821);
#1583=AXIS2_PLACEMENT_3D('',#2365,#1822,#1823);
#1584=AXIS2_PLACEMENT_3D('',#2367,#1824,#1825);
#1585=AXIS2_PLACEMENT_3D('',#2368,#1826,#1827);
#1586=AXIS2_PLACEMENT_3D('',#2369,#1828,#1829);
#1587=AXIS2_PLACEMENT_3D('',#2371,#1831,#1832);
#1588=AXIS2_PLACEMENT_3D('',#2373,#1833,#1834);
#1589=AXIS2_PLACEMENT_3D('',#2374,#1835,#1836);
#1590=AXIS2_PLACEMENT_3D('',#2375,#1837,#1838);
#1591=AXIS2_PLACEMENT_3D('',#2377,#1840,#1841);
#1592=AXIS2_PLACEMENT_3D('',#2379,#1842,#1843);
#1593=AXIS2_PLACEMENT_3D('',#2394,#1844,#1845);
#1594=AXIS2_PLACEMENT_3D('',#2396,#1846,#1847);
#1595=AXIS2_PLACEMENT_3D('',#2397,#1848,#1849);
#1596=AXIS2_PLACEMENT_3D('',#2398,#1850,#1851);
#1597=AXIS2_PLACEMENT_3D('',#2400,#1853,#1854);
#1598=AXIS2_PLACEMENT_3D('',#2404,#1856,#1857);
#1599=AXIS2_PLACEMENT_3D('',#2406,#1859,#1860);
#1600=AXIS2_PLACEMENT_3D('',#2410,#1863,#1864);
#1601=AXIS2_PLACEMENT_3D('',#2413,#1866,#1867);
#1602=AXIS2_PLACEMENT_3D('',#2414,#1868,#1869);
#1603=AXIS2_PLACEMENT_3D('',#2418,#1872,#1873);
#1604=AXIS2_PLACEMENT_3D('',#2421,#1875,#1876);
#1605=AXIS2_PLACEMENT_3D('',#2422,#1877,#1878);
#1606=AXIS2_PLACEMENT_3D('',#2426,#1881,#1882);
#1607=AXIS2_PLACEMENT_3D('',#2429,#1884,#1885);
#1608=AXIS2_PLACEMENT_3D('',#2430,#1886,#1887);
#1609=AXIS2_PLACEMENT_3D('',#2434,#1890,#1891);
#1610=AXIS2_PLACEMENT_3D('',#2436,#1892,#1893);
#1611=AXIS2_PLACEMENT_3D('',#2438,#1894,#1895);
#1612=AXIS2_PLACEMENT_3D('',#2439,#1896,#1897);
#1613=AXIS2_PLACEMENT_3D('',#2440,#1898,#1899);
#1614=AXIS2_PLACEMENT_3D('',#2443,#1901,#1902);
#1615=AXIS2_PLACEMENT_3D('',#2444,#1903,#1904);
#1616=AXIS2_PLACEMENT_3D('',#2446,#1905,#1906);
#1617=AXIS2_PLACEMENT_3D('',#2448,#1907,#1908);
#1618=AXIS2_PLACEMENT_3D('',#2449,#1909,#1910);
#1619=AXIS2_PLACEMENT_3D('',#2450,#1911,#1912);
#1620=AXIS2_PLACEMENT_3D('',#2453,#1914,#1915);
#1621=AXIS2_PLACEMENT_3D('',#2454,#1916,#1917);
#1622=AXIS2_PLACEMENT_3D('',#2456,#1918,#1919);
#1623=AXIS2_PLACEMENT_3D('',#2458,#1920,#1921);
#1624=AXIS2_PLACEMENT_3D('',#2459,#1922,#1923);
#1625=AXIS2_PLACEMENT_3D('',#2460,#1924,#1925);
#1626=AXIS2_PLACEMENT_3D('',#2463,#1927,#1928);
#1627=AXIS2_PLACEMENT_3D('',#2464,#1929,#1930);
#1628=AXIS2_PLACEMENT_3D('',#2466,#1931,#1932);
#1629=AXIS2_PLACEMENT_3D('',#2468,#1933,#1934);
#1630=AXIS2_PLACEMENT_3D('',#2469,#1935,#1936);
#1631=AXIS2_PLACEMENT_3D('',#2470,#1937,#1938);
#1632=AXIS2_PLACEMENT_3D('',#2473,#1940,#1941);
#1633=AXIS2_PLACEMENT_3D('',#2474,#1942,#1943);
#1634=AXIS2_PLACEMENT_3D('',#2476,#1944,#1945);
#1635=AXIS2_PLACEMENT_3D('',#2477,#1946,#1947);
#1636=AXIS2_PLACEMENT_3D('',#2479,#1948,#1949);
#1637=AXIS2_PLACEMENT_3D('',#2480,#1950,#1951);
#1638=AXIS2_PLACEMENT_3D('',#2482,#1952,#1953);
#1639=AXIS2_PLACEMENT_3D('',#2483,#1954,#1955);
#1640=AXIS2_PLACEMENT_3D('',#2485,#1956,#1957);
#1641=AXIS2_PLACEMENT_3D('',#2486,#1958,#1959);
#1642=AXIS2_PLACEMENT_3D('',#2489,#1961,#1962);
#1643=AXIS2_PLACEMENT_3D('',#2490,#1963,#1964);
#1644=AXIS2_PLACEMENT_3D('',#2493,#1966,#1967);
#1645=AXIS2_PLACEMENT_3D('',#2494,#1968,#1969);
#1646=AXIS2_PLACEMENT_3D('',#2497,#1971,#1972);
#1647=AXIS2_PLACEMENT_3D('',#2498,#1973,#1974);
#1648=AXIS2_PLACEMENT_3D('',#2501,#1976,#1977);
#1649=AXIS2_PLACEMENT_3D('',#2502,#1978,#1979);
#1650=AXIS2_PLACEMENT_3D('',#2511,#1984,#1985);
#1651=AXIS2_PLACEMENT_3D('',#2517,#1989,#1990);
#1652=AXIS2_PLACEMENT_3D('',#2523,#1994,#1995);
#1653=AXIS2_PLACEMENT_3D('',#2529,#1999,#2000);
#1654=AXIS2_PLACEMENT_3D('',#2535,#2004,#2005);
#1655=AXIS2_PLACEMENT_3D('',#2538,#2008,#2009);
#1656=AXIS2_PLACEMENT_3D('',#2539,#2010,#2011);
#1657=AXIS2_PLACEMENT_3D('',#2548,#2016,#2017);
#1658=AXIS2_PLACEMENT_3D('',#2554,#2021,#2022);
#1659=AXIS2_PLACEMENT_3D('',#2560,#2026,#2027);
#1660=AXIS2_PLACEMENT_3D('',#2566,#2031,#2032);
#1661=AXIS2_PLACEMENT_3D('',#2572,#2036,#2037);
#1662=AXIS2_PLACEMENT_3D('',#2578,#2041,#2042);
#1663=AXIS2_PLACEMENT_3D('',#2579,#2043,#2044);
#1664=AXIS2_PLACEMENT_3D('',#2580,#2045,#2046);
#1665=AXIS2_PLACEMENT_3D('',#2581,#2047,#2048);
#1666=AXIS2_PLACEMENT_3D('',#2582,#2049,#2050);
#1667=AXIS2_PLACEMENT_3D('',#2591,#2055,#2056);
#1668=AXIS2_PLACEMENT_3D('',#2597,#2060,#2061);
#1669=AXIS2_PLACEMENT_3D('',#2603,#2065,#2066);
#1670=AXIS2_PLACEMENT_3D('',#2609,#2070,#2071);
#1671=AXIS2_PLACEMENT_3D('',#2615,#2075,#2076);
#1672=AXIS2_PLACEMENT_3D('',#2618,#2079,#2080);
#1673=AXIS2_PLACEMENT_3D('',#2619,#2081,#2082);
#1674=AXIS2_PLACEMENT_3D('',#2628,#2087,#2088);
#1675=AXIS2_PLACEMENT_3D('',#2634,#2092,#2093);
#1676=AXIS2_PLACEMENT_3D('',#2640,#2097,#2098);
#1677=AXIS2_PLACEMENT_3D('',#2646,#2102,#2103);
#1678=AXIS2_PLACEMENT_3D('',#2652,#2107,#2108);
#1679=AXIS2_PLACEMENT_3D('',#2655,#2111,#2112);
#1680=AXIS2_PLACEMENT_3D('',#2656,#2113,#2114);
#1681=AXIS2_PLACEMENT_3D('',#2659,#2116,#2117);
#1682=AXIS2_PLACEMENT_3D('',#2660,#2118,#2119);
#1683=AXIS2_PLACEMENT_3D('',#2664,#2122,#2123);
#1684=AXIS2_PLACEMENT_3D('',#2667,#2125,#2126);
#1685=AXIS2_PLACEMENT_3D('',#2668,#2127,#2128);
#1686=AXIS2_PLACEMENT_3D('',#2672,#2131,#2132);
#1687=AXIS2_PLACEMENT_3D('',#2675,#2134,#2135);
#1688=AXIS2_PLACEMENT_3D('',#2676,#2136,#2137);
#1689=AXIS2_PLACEMENT_3D('',#2680,#2140,#2141);
#1690=AXIS2_PLACEMENT_3D('',#2683,#2143,#2144);
#1691=AXIS2_PLACEMENT_3D('',#2684,#2145,#2146);
#1692=AXIS2_PLACEMENT_3D('',#2686,#2148,#2149);
#1693=DIRECTION('axis',(0.,0.,1.));
#1694=DIRECTION('refdir',(1.,0.,0.));
#1695=DIRECTION('center_axis',(0.,0.,-1.));
#1696=DIRECTION('ref_axis',(-1.,0.,0.));
#1697=DIRECTION('center_axis',(0.,0.,1.));
#1698=DIRECTION('ref_axis',(-1.,0.,0.));
#1699=DIRECTION('center_axis',(-1.22464679914735E-16,-1.,0.));
#1700=DIRECTION('ref_axis',(1.,-1.22464679914735E-16,0.));
#1701=DIRECTION('center_axis',(0.,0.,-1.));
#1702=DIRECTION('ref_axis',(-1.,0.,0.));
#1703=DIRECTION('center_axis',(0.,0.,1.));
#1704=DIRECTION('ref_axis',(1.,0.,0.));
#1705=DIRECTION('',(-1.,-1.15060353166982E-13,0.));
#1706=DIRECTION('center_axis',(0.,0.,-1.));
#1707=DIRECTION('ref_axis',(1.,-1.48090968956645E-13,0.));
#1708=DIRECTION('',(1.,-1.11566771486649E-13,0.));
#1709=DIRECTION('center_axis',(0.,0.,-1.));
#1710=DIRECTION('ref_axis',(0.707106781186521,0.707106781186574,0.));
#1711=DIRECTION('',(2.08887487627067E-14,-1.,0.));
#1712=DIRECTION('center_axis',(0.,0.,-1.));
#1713=DIRECTION('ref_axis',(1.48090968956653E-13,1.,0.));
#1714=DIRECTION('',(5.70846373069831E-14,1.,0.));
#1715=DIRECTION('center_axis',(0.,0.,-1.));
#1716=DIRECTION('ref_axis',(-0.707106781186548,0.707106781186547,0.));
#1717=DIRECTION('',(1.,5.91143133001205E-14,0.));
#1718=DIRECTION('center_axis',(0.,0.,-1.));
#1719=DIRECTION('ref_axis',(-1.,-1.29612816936281E-13,0.));
#1720=DIRECTION('',(-1.,1.69139666094792E-14,0.));
#1721=DIRECTION('center_axis',(0.,0.,-1.));
#1722=DIRECTION('ref_axis',(-0.707106781186544,-0.707106781186552,0.));
#1723=DIRECTION('',(-5.74229166391726E-14,1.,0.));
#1724=DIRECTION('center_axis',(0.,0.,-1.));
#1725=DIRECTION('ref_axis',(1.35534006400949E-13,-1.,0.));
#1726=DIRECTION('',(-2.12270280948963E-14,-1.,0.));
#1727=DIRECTION('center_axis',(0.,0.,-1.));
#1728=DIRECTION('ref_axis',(0.707106781186522,-0.707106781186574,0.));
#1729=DIRECTION('center_axis',(0.,0.,1.));
#1730=DIRECTION('ref_axis',(-1.,0.,0.));
#1731=DIRECTION('center_axis',(0.,0.,1.));
#1732=DIRECTION('ref_axis',(-1.,0.,0.));
#1733=DIRECTION('center_axis',(0.,0.,1.));
#1734=DIRECTION('ref_axis',(1.,0.,0.));
#1735=DIRECTION('center_axis',(0.,0.,1.));
#1736=DIRECTION('ref_axis',(1.,0.,0.));
#1737=DIRECTION('center_axis',(0.,0.,1.));
#1738=DIRECTION('ref_axis',(1.,0.,0.));
#1739=DIRECTION('center_axis',(0.,0.,1.));
#1740=DIRECTION('ref_axis',(1.,0.,0.));
#1741=DIRECTION('center_axis',(0.,0.,1.));
#1742=DIRECTION('ref_axis',(-1.,0.,0.));
#1743=DIRECTION('center_axis',(0.,0.,-1.));
#1744=DIRECTION('ref_axis',(-1.,0.,0.));
#1745=DIRECTION('',(0.,0.,-1.));
#1746=DIRECTION('center_axis',(0.,0.,-1.));
#1747=DIRECTION('ref_axis',(-1.,0.,0.));
#1748=DIRECTION('center_axis',(0.,0.,-1.));
#1749=DIRECTION('ref_axis',(-1.,0.,0.));
#1750=DIRECTION('center_axis',(-1.22464679914735E-16,-1.,0.));
#1751=DIRECTION('ref_axis',(1.,-1.22464679914735E-16,0.));
#1752=DIRECTION('center_axis',(0.,0.,-1.));
#1753=DIRECTION('ref_axis',(-1.,0.,0.));
#1754=DIRECTION('center_axis',(0.,0.,-1.));
#1755=DIRECTION('ref_axis',(-1.,0.,0.));
#1756=DIRECTION('',(0.,0.,-1.));
#1757=DIRECTION('center_axis',(0.,0.,-1.));
#1758=DIRECTION('ref_axis',(-1.,0.,0.));
#1759=DIRECTION('center_axis',(0.,0.,-1.));
#1760=DIRECTION('ref_axis',(-1.,0.,0.));
#1761=DIRECTION('center_axis',(0.,-1.,0.));
#1762=DIRECTION('ref_axis',(1.,0.,0.));
#1763=DIRECTION('center_axis',(0.,0.,-1.));
#1764=DIRECTION('ref_axis',(-1.,0.,0.));
#1765=DIRECTION('center_axis',(0.,0.,-1.));
#1766=DIRECTION('ref_axis',(-1.,0.,0.));
#1767=DIRECTION('',(0.,0.,-1.));
#1768=DIRECTION('center_axis',(0.,0.,-1.));
#1769=DIRECTION('ref_axis',(-1.,0.,0.));
#1770=DIRECTION('center_axis',(0.,0.,-1.));
#1771=DIRECTION('ref_axis',(-1.,0.,0.));
#1772=DIRECTION('center_axis',(0.,-1.,0.));
#1773=DIRECTION('ref_axis',(1.,0.,0.));
#1774=DIRECTION('center_axis',(0.,0.,-1.));
#1775=DIRECTION('ref_axis',(-1.,0.,0.));
#1776=DIRECTION('center_axis',(0.,0.,-1.));
#1777=DIRECTION('ref_axis',(-1.,0.,0.));
#1778=DIRECTION('',(0.,0.,-1.));
#1779=DIRECTION('center_axis',(0.,0.,-1.));
#1780=DIRECTION('ref_axis',(-1.,0.,0.));
#1781=DIRECTION('center_axis',(5.74229166391726E-14,-1.,0.));
#1782=DIRECTION('ref_axis',(-0.707106781186548,-4.39625888431457E-14,0.707106781186547));
#1783=DIRECTION('',(5.74229166391726E-14,-1.,0.));
#1784=DIRECTION('center_axis',(-6.21724893790087E-14,1.,0.));
#1785=DIRECTION('ref_axis',(-1.,-6.21724893790087E-14,0.));
#1786=DIRECTION('center_axis',(0.,0.,1.));
#1787=DIRECTION('ref_axis',(1.,0.,0.));
#1788=DIRECTION('center_axis',(0.,0.,1.));
#1789=DIRECTION('ref_axis',(-0.707106781186543,-0.707106781186552,0.));
#1790=DIRECTION('center_axis',(-1.,-5.91143133001205E-14,0.));
#1791=DIRECTION('ref_axis',(-4.39625888431456E-14,0.70710678118655,0.707106781186545));
#1792=DIRECTION('',(-1.,-5.91143133001205E-14,0.));
#1793=DIRECTION('center_axis',(1.,6.21724893790086E-14,0.));
#1794=DIRECTION('ref_axis',(-6.21724893790086E-14,1.,0.));
#1795=DIRECTION('center_axis',(0.,0.,1.));
#1796=DIRECTION('ref_axis',(1.,0.,0.));
#1797=DIRECTION('center_axis',(0.,0.,1.));
#1798=DIRECTION('ref_axis',(-0.707106781186548,0.707106781186547,0.));
#1799=DIRECTION('center_axis',(-2.08887487627067E-14,1.,0.));
#1800=DIRECTION('ref_axis',(0.707106781186547,1.88411095042053E-14,0.707106781186548));
#1801=DIRECTION('',(-2.08887487627067E-14,1.,0.));
#1802=DIRECTION('center_axis',(1.77635683940025E-14,-1.,0.));
#1803=DIRECTION('ref_axis',(1.,1.77635683940025E-14,0.));
#1804=DIRECTION('center_axis',(0.,0.,1.));
#1805=DIRECTION('ref_axis',(1.,0.,0.));
#1806=DIRECTION('center_axis',(1.50990331349021E-13,1.,0.));
#1807=DIRECTION('ref_axis',(-1.,1.50990331349021E-13,0.));
#1808=DIRECTION('center_axis',(0.,0.,1.));
#1809=DIRECTION('ref_axis',(1.48090968956653E-13,1.,0.));
#1810=DIRECTION('center_axis',(-5.70846373069831E-14,-1.,0.));
#1811=DIRECTION('ref_axis',(-0.707106781186548,4.39625888431457E-14,0.707106781186547));
#1812=DIRECTION('',(-5.70846373069831E-14,-1.,0.));
#1813=DIRECTION('center_axis',(0.,0.,1.));
#1814=DIRECTION('ref_axis',(1.,0.,0.));
#1815=DIRECTION('center_axis',(0.,0.,1.));
#1816=DIRECTION('ref_axis',(0.707106781186521,0.707106781186574,0.));
#1817=DIRECTION('center_axis',(1.,1.15060353166982E-13,0.));
#1818=DIRECTION('ref_axis',(8.16448078515563E-14,-0.707106781186548,0.707106781186547));
#1819=DIRECTION('',(1.,1.15060353166982E-13,0.));
#1820=DIRECTION('center_axis',(-1.,-1.15463194561016E-13,0.));
#1821=DIRECTION('ref_axis',(1.15463194561016E-13,-1.,0.));
#1822=DIRECTION('center_axis',(0.,0.,1.));
#1823=DIRECTION('ref_axis',(1.,0.,0.));
#1824=DIRECTION('center_axis',(1.,-1.50990331349021E-13,0.));
#1825=DIRECTION('ref_axis',(1.50990331349021E-13,1.,0.));
#1826=DIRECTION('center_axis',(0.,0.,1.));
#1827=DIRECTION('ref_axis',(1.,-1.48090968956645E-13,0.));
#1828=DIRECTION('center_axis',(-1.,1.11566771486649E-13,0.));
#1829=DIRECTION('ref_axis',(8.16448078515561E-14,0.70710678118655,0.707106781186545));
#1830=DIRECTION('',(-1.,1.11566771486649E-13,0.));
#1831=DIRECTION('center_axis',(0.,0.,1.));
#1832=DIRECTION('ref_axis',(-1.,-1.44895547091035E-13,0.));
#1833=DIRECTION('center_axis',(-1.,-1.59872115545753E-13,0.));
#1834=DIRECTION('ref_axis',(1.59872115545753E-13,-1.,0.));
#1835=DIRECTION('center_axis',(0.,0.,1.));
#1836=DIRECTION('ref_axis',(-1.,-1.29612816936281E-13,0.));
#1837=DIRECTION('center_axis',(1.,-1.69139666094792E-14,0.));
#1838=DIRECTION('ref_axis',(-1.25607396694702E-14,-0.707106781186548,0.707106781186547));
#1839=DIRECTION('',(1.,-1.69139666094792E-14,0.));
#1840=DIRECTION('center_axis',(0.,0.,1.));
#1841=DIRECTION('ref_axis',(1.,0.,0.));
#1842=DIRECTION('center_axis',(0.,0.,1.));
#1843=DIRECTION('ref_axis',(0.707106781186521,-0.707106781186574,0.));
#1844=DIRECTION('center_axis',(0.,0.,1.));
#1845=DIRECTION('ref_axis',(1.,0.,0.));
#1846=DIRECTION('center_axis',(1.33226762955019E-13,-1.,0.));
#1847=DIRECTION('ref_axis',(1.,1.33226762955019E-13,0.));
#1848=DIRECTION('center_axis',(0.,0.,1.));
#1849=DIRECTION('ref_axis',(1.35534006400949E-13,-1.,0.));
#1850=DIRECTION('center_axis',(2.12270280948963E-14,1.,0.));
#1851=DIRECTION('ref_axis',(0.707106781186548,-1.25607396694702E-14,0.707106781186547));
#1852=DIRECTION('',(2.12270280948963E-14,1.,0.));
#1853=DIRECTION('center_axis',(0.,0.,1.));
#1854=DIRECTION('ref_axis',(-0.294117647058808,0.955769224074824,0.));
#1855=DIRECTION('',(0.,0.,1.));
#1856=DIRECTION('center_axis',(0.,0.,1.));
#1857=DIRECTION('ref_axis',(-0.294117647058808,0.955769224074824,0.));
#1858=DIRECTION('',(0.,0.,1.));
#1859=DIRECTION('center_axis',(-1.,5.70846373069831E-14,0.));
#1860=DIRECTION('ref_axis',(-5.70846373069831E-14,-1.,0.));
#1861=DIRECTION('',(0.,0.,1.));
#1862=DIRECTION('',(5.70846373069831E-14,1.,0.));
#1863=DIRECTION('center_axis',(0.,0.,1.));
#1864=DIRECTION('ref_axis',(1.,-1.48029736616696E-13,0.));
#1865=DIRECTION('',(0.,0.,1.));
#1866=DIRECTION('center_axis',(0.,0.,1.));
#1867=DIRECTION('ref_axis',(1.,-1.48029736616696E-13,0.));
#1868=DIRECTION('center_axis',(1.,2.08887487627067E-14,0.));
#1869=DIRECTION('ref_axis',(-2.08887487627067E-14,1.,0.));
#1870=DIRECTION('',(0.,0.,1.));
#1871=DIRECTION('',(2.08887487627067E-14,-1.,0.));
#1872=DIRECTION('center_axis',(0.,0.,1.));
#1873=DIRECTION('ref_axis',(0.955769224074799,0.294117647058889,0.));
#1874=DIRECTION('',(0.,0.,1.));
#1875=DIRECTION('center_axis',(0.,0.,1.));
#1876=DIRECTION('ref_axis',(0.955769224074799,0.294117647058889,0.));
#1877=DIRECTION('center_axis',(1.11566771486649E-13,1.,0.));
#1878=DIRECTION('ref_axis',(-1.,1.11566771486649E-13,0.));
#1879=DIRECTION('',(0.,0.,1.));
#1880=DIRECTION('',(1.,-1.11566771486649E-13,0.));
#1881=DIRECTION('center_axis',(0.,0.,1.));
#1882=DIRECTION('ref_axis',(-1.48029736616688E-13,-1.,0.));
#1883=DIRECTION('',(0.,0.,1.));
#1884=DIRECTION('center_axis',(0.,0.,1.));
#1885=DIRECTION('ref_axis',(-1.48029736616688E-13,-1.,0.));
#1886=DIRECTION('center_axis',(1.15060353166982E-13,-1.,0.));
#1887=DIRECTION('ref_axis',(1.,1.15060353166982E-13,0.));
#1888=DIRECTION('',(0.,0.,1.));
#1889=DIRECTION('',(-1.,-1.15060353166982E-13,0.));
#1890=DIRECTION('center_axis',(0.,0.,-1.));
#1891=DIRECTION('ref_axis',(-1.,0.,0.));
#1892=DIRECTION('center_axis',(-1.22464679914735E-16,-1.,0.));
#1893=DIRECTION('ref_axis',(1.,-1.22464679914735E-16,0.));
#1894=DIRECTION('center_axis',(0.,0.,-1.));
#1895=DIRECTION('ref_axis',(1.,0.,0.));
#1896=DIRECTION('center_axis',(0.,0.,-1.));
#1897=DIRECTION('ref_axis',(1.,0.,0.));
#1898=DIRECTION('center_axis',(0.,0.,1.));
#1899=DIRECTION('ref_axis',(1.,0.,0.));
#1900=DIRECTION('',(0.,0.,-1.));
#1901=DIRECTION('center_axis',(0.,0.,-1.));
#1902=DIRECTION('ref_axis',(1.,0.,0.));
#1903=DIRECTION('center_axis',(0.,0.,-1.));
#1904=DIRECTION('ref_axis',(-1.,0.,0.));
#1905=DIRECTION('center_axis',(0.,-1.,0.));
#1906=DIRECTION('ref_axis',(1.,0.,0.));
#1907=DIRECTION('center_axis',(0.,0.,-1.));
#1908=DIRECTION('ref_axis',(1.,0.,0.));
#1909=DIRECTION('center_axis',(0.,0.,-1.));
#1910=DIRECTION('ref_axis',(1.,0.,0.));
#1911=DIRECTION('center_axis',(0.,0.,1.));
#1912=DIRECTION('ref_axis',(1.,0.,0.));
#1913=DIRECTION('',(0.,0.,-1.));
#1914=DIRECTION('center_axis',(0.,0.,-1.));
#1915=DIRECTION('ref_axis',(1.,0.,0.));
#1916=DIRECTION('center_axis',(0.,0.,-1.));
#1917=DIRECTION('ref_axis',(-1.,0.,0.));
#1918=DIRECTION('center_axis',(-1.22464679914735E-16,-1.,0.));
#1919=DIRECTION('ref_axis',(1.,-1.22464679914735E-16,0.));
#1920=DIRECTION('center_axis',(0.,0.,-1.));
#1921=DIRECTION('ref_axis',(1.,0.,0.));
#1922=DIRECTION('center_axis',(0.,0.,-1.));
#1923=DIRECTION('ref_axis',(1.,0.,0.));
#1924=DIRECTION('center_axis',(0.,0.,1.));
#1925=DIRECTION('ref_axis',(1.,0.,0.));
#1926=DIRECTION('',(0.,0.,-1.));
#1927=DIRECTION('center_axis',(0.,0.,-1.));
#1928=DIRECTION('ref_axis',(1.,0.,0.));
#1929=DIRECTION('center_axis',(0.,0.,-1.));
#1930=DIRECTION('ref_axis',(-1.,0.,0.));
#1931=DIRECTION('center_axis',(0.,-1.,0.));
#1932=DIRECTION('ref_axis',(1.,0.,0.));
#1933=DIRECTION('center_axis',(0.,0.,-1.));
#1934=DIRECTION('ref_axis',(1.,0.,0.));
#1935=DIRECTION('center_axis',(0.,0.,-1.));
#1936=DIRECTION('ref_axis',(1.,0.,0.));
#1937=DIRECTION('center_axis',(0.,0.,1.));
#1938=DIRECTION('ref_axis',(1.,0.,0.));
#1939=DIRECTION('',(0.,0.,-1.));
#1940=DIRECTION('center_axis',(0.,0.,-1.));
#1941=DIRECTION('ref_axis',(1.,0.,0.));
#1942=DIRECTION('center_axis',(0.,0.,1.));
#1943=DIRECTION('ref_axis',(-1.,0.,0.));
#1944=DIRECTION('center_axis',(0.,0.,1.));
#1945=DIRECTION('ref_axis',(-1.,0.,0.));
#1946=DIRECTION('center_axis',(0.,0.,1.));
#1947=DIRECTION('ref_axis',(-1.,0.,0.));
#1948=DIRECTION('center_axis',(0.,0.,1.));
#1949=DIRECTION('ref_axis',(-1.,0.,0.));
#1950=DIRECTION('center_axis',(0.,0.,1.));
#1951=DIRECTION('ref_axis',(-1.,0.,0.));
#1952=DIRECTION('center_axis',(0.,0.,1.));
#1953=DIRECTION('ref_axis',(-1.,0.,0.));
#1954=DIRECTION('center_axis',(0.,0.,1.));
#1955=DIRECTION('ref_axis',(-1.,0.,0.));
#1956=DIRECTION('center_axis',(0.,0.,1.));
#1957=DIRECTION('ref_axis',(-1.,0.,0.));
#1958=DIRECTION('center_axis',(0.,0.,-1.));
#1959=DIRECTION('ref_axis',(-1.,0.,0.));
#1960=DIRECTION('',(0.,0.,-1.));
#1961=DIRECTION('center_axis',(0.,0.,1.));
#1962=DIRECTION('ref_axis',(-1.,0.,0.));
#1963=DIRECTION('center_axis',(0.,0.,-1.));
#1964=DIRECTION('ref_axis',(-1.,0.,0.));
#1965=DIRECTION('',(0.,0.,-1.));
#1966=DIRECTION('center_axis',(0.,0.,1.));
#1967=DIRECTION('ref_axis',(-1.,0.,0.));
#1968=DIRECTION('center_axis',(0.,0.,-1.));
#1969=DIRECTION('ref_axis',(-1.,0.,0.));
#1970=DIRECTION('',(0.,0.,-1.));
#1971=DIRECTION('center_axis',(0.,0.,1.));
#1972=DIRECTION('ref_axis',(-1.,0.,0.));
#1973=DIRECTION('center_axis',(0.,0.,-1.));
#1974=DIRECTION('ref_axis',(-1.,0.,0.));
#1975=DIRECTION('',(0.,0.,-1.));
#1976=DIRECTION('center_axis',(0.,0.,1.));
#1977=DIRECTION('ref_axis',(-1.,0.,0.));
#1978=DIRECTION('center_axis',(0.5,-0.866025403784439,0.));
#1979=DIRECTION('ref_axis',(0.866025403784439,0.5,0.));
#1980=DIRECTION('',(0.866025403784439,0.5,0.));
#1981=DIRECTION('',(0.,0.,1.));
#1982=DIRECTION('',(0.866025403784439,0.5,0.));
#1983=DIRECTION('',(0.,0.,1.));
#1984=DIRECTION('center_axis',(-0.5,-0.866025403784439,0.));
#1985=DIRECTION('ref_axis',(0.866025403784439,-0.5,0.));
#1986=DIRECTION('',(0.866025403784439,-0.5,0.));
#1987=DIRECTION('',(0.,0.,1.));
#1988=DIRECTION('',(0.866025403784439,-0.5,0.));
#1989=DIRECTION('center_axis',(-1.,0.,0.));
#1990=DIRECTION('ref_axis',(0.,-1.,0.));
#1991=DIRECTION('',(0.,-1.,0.));
#1992=DIRECTION('',(0.,0.,1.));
#1993=DIRECTION('',(0.,-1.,0.));
#1994=DIRECTION('center_axis',(-0.5,0.866025403784439,0.));
#1995=DIRECTION('ref_axis',(-0.866025403784439,-0.5,0.));
#1996=DIRECTION('',(-0.866025403784439,-0.5,0.));
#1997=DIRECTION('',(0.,0.,1.));
#1998=DIRECTION('',(-0.866025403784439,-0.5,0.));
#1999=DIRECTION('center_axis',(0.5,0.866025403784439,0.));
#2000=DIRECTION('ref_axis',(-0.866025403784439,0.5,0.));
#2001=DIRECTION('',(-0.866025403784439,0.5,0.));
#2002=DIRECTION('',(0.,0.,1.));
#2003=DIRECTION('',(-0.866025403784439,0.5,0.));
#2004=DIRECTION('center_axis',(1.,0.,0.));
#2005=DIRECTION('ref_axis',(0.,1.,0.));
#2006=DIRECTION('',(0.,1.,0.));
#2007=DIRECTION('',(0.,1.,0.));
#2008=DIRECTION('center_axis',(0.,0.,1.));
#2009=DIRECTION('ref_axis',(1.,0.,0.));
#2010=DIRECTION('center_axis',(0.500000000000001,-0.866025403784438,0.));
#2011=DIRECTION('ref_axis',(0.866025403784438,0.500000000000001,0.));
#2012=DIRECTION('',(0.866025403784438,0.500000000000001,0.));
#2013=DIRECTION('',(0.,0.,1.));
#2014=DIRECTION('',(0.866025403784438,0.500000000000001,0.));
#2015=DIRECTION('',(0.,0.,1.));
#2016=DIRECTION('center_axis',(-0.500000000000001,-0.866025403784438,0.));
#2017=DIRECTION('ref_axis',(0.866025403784438,-0.500000000000001,0.));
#2018=DIRECTION('',(0.866025403784438,-0.500000000000001,0.));
#2019=DIRECTION('',(0.,0.,1.));
#2020=DIRECTION('',(0.866025403784438,-0.500000000000001,0.));
#2021=DIRECTION('center_axis',(-1.,0.,0.));
#2022=DIRECTION('ref_axis',(0.,-1.,0.));
#2023=DIRECTION('',(0.,-1.,0.));
#2024=DIRECTION('',(0.,0.,1.));
#2025=DIRECTION('',(0.,-1.,0.));
#2026=DIRECTION('center_axis',(-0.500000000000001,0.866025403784438,0.));
#2027=DIRECTION('ref_axis',(-0.866025403784438,-0.500000000000001,0.));
#2028=DIRECTION('',(-0.866025403784438,-0.500000000000001,0.));
#2029=DIRECTION('',(0.,0.,1.));
#2030=DIRECTION('',(-0.866025403784438,-0.500000000000001,0.));
#2031=DIRECTION('center_axis',(0.500000000000001,0.866025403784438,0.));
#2032=DIRECTION('ref_axis',(-0.866025403784438,0.500000000000001,0.));
#2033=DIRECTION('',(-0.866025403784438,0.500000000000001,0.));
#2034=DIRECTION('',(0.,0.,1.));
#2035=DIRECTION('',(-0.866025403784438,0.500000000000001,0.));
#2036=DIRECTION('center_axis',(0.999999844156157,-0.000558289943507133,
0.));
#2037=DIRECTION('ref_axis',(0.000558289943507133,0.999999844156157,0.));
#2038=DIRECTION('',(0.000558289943507133,0.999999844156158,0.));
#2039=DIRECTION('',(0.,0.,1.));
#2040=DIRECTION('',(0.000558289943507133,0.999999844156158,0.));
#2041=DIRECTION('center_axis',(0.,0.,1.));
#2042=DIRECTION('ref_axis',(0.997671773904311,-0.0681984717909876,0.));
#2043=DIRECTION('center_axis',(0.,0.,1.));
#2044=DIRECTION('ref_axis',(0.997671773904311,-0.0681984717909876,0.));
#2045=DIRECTION('center_axis',(0.,0.,1.));
#2046=DIRECTION('ref_axis',(0.997671773904311,-0.0681984717909876,0.));
#2047=DIRECTION('center_axis',(0.,0.,1.));
#2048=DIRECTION('ref_axis',(1.,0.,0.));
#2049=DIRECTION('center_axis',(0.85166083881944,-0.524093327205535,0.));
#2050=DIRECTION('ref_axis',(0.524093327205535,0.85166083881944,0.));
#2051=DIRECTION('',(0.524093327205535,0.85166083881944,0.));
#2052=DIRECTION('',(0.,0.,1.));
#2053=DIRECTION('',(0.524093327205535,0.85166083881944,0.));
#2054=DIRECTION('',(0.,0.,1.));
#2055=DIRECTION('center_axis',(-0.0280477159041836,-0.999606585428767,0.));
#2056=DIRECTION('ref_axis',(0.999606585428767,-0.0280477159041836,0.));
#2057=DIRECTION('',(0.999606585428767,-0.0280477159041836,0.));
#2058=DIRECTION('',(0.,0.,1.));
#2059=DIRECTION('',(0.999606585428767,-0.0280477159041836,0.));
#2060=DIRECTION('center_axis',(-0.879708554723624,-0.475513258223231,0.));
#2061=DIRECTION('ref_axis',(0.475513258223231,-0.879708554723624,0.));
#2062=DIRECTION('',(0.475513258223231,-0.879708554723624,0.));
#2063=DIRECTION('',(0.,0.,1.));
#2064=DIRECTION('',(0.475513258223231,-0.879708554723623,0.));
#2065=DIRECTION('center_axis',(-0.85166083881944,0.524093327205535,0.));
#2066=DIRECTION('ref_axis',(-0.524093327205535,-0.85166083881944,0.));
#2067=DIRECTION('',(-0.524093327205535,-0.85166083881944,0.));
#2068=DIRECTION('',(0.,0.,1.));
#2069=DIRECTION('',(-0.524093327205535,-0.85166083881944,0.));
#2070=DIRECTION('center_axis',(0.0280477159041836,0.999606585428767,0.));
#2071=DIRECTION('ref_axis',(-0.999606585428767,0.0280477159041836,0.));
#2072=DIRECTION('',(-0.999606585428767,0.0280477159041836,0.));
#2073=DIRECTION('',(0.,0.,1.));
#2074=DIRECTION('',(-0.999606585428767,0.0280477159041836,0.));
#2075=DIRECTION('center_axis',(0.879708554723624,0.475513258223231,0.));
#2076=DIRECTION('ref_axis',(-0.475513258223231,0.879708554723624,0.));
#2077=DIRECTION('',(-0.475513258223231,0.879708554723624,0.));
#2078=DIRECTION('',(-0.475513258223231,0.879708554723624,0.));
#2079=DIRECTION('center_axis',(0.,0.,1.));
#2080=DIRECTION('ref_axis',(1.,0.,0.));
#2081=DIRECTION('center_axis',(-0.879708554723624,0.475513258223231,0.));
#2082=DIRECTION('ref_axis',(-0.475513258223231,-0.879708554723624,0.));
#2083=DIRECTION('',(-0.475513258223231,-0.879708554723624,0.));
#2084=DIRECTION('',(0.,0.,1.));
#2085=DIRECTION('',(-0.475513258223231,-0.879708554723623,0.));
#2086=DIRECTION('',(0.,0.,1.));
#2087=DIRECTION('center_axis',(-0.0280477159041836,0.999606585428767,0.));
#2088=DIRECTION('ref_axis',(-0.999606585428767,-0.0280477159041836,0.));
#2089=DIRECTION('',(-0.999606585428767,-0.0280477159041836,0.));
#2090=DIRECTION('',(0.,0.,1.));
#2091=DIRECTION('',(-0.999606585428767,-0.0280477159041836,0.));
#2092=DIRECTION('center_axis',(0.85166083881944,0.524093327205535,0.));
#2093=DIRECTION('ref_axis',(-0.524093327205535,0.85166083881944,0.));
#2094=DIRECTION('',(-0.524093327205535,0.85166083881944,0.));
#2095=DIRECTION('',(0.,0.,1.));
#2096=DIRECTION('',(-0.524093327205535,0.85166083881944,0.));
#2097=DIRECTION('center_axis',(0.879708554723624,-0.475513258223231,0.));
#2098=DIRECTION('ref_axis',(0.475513258223231,0.879708554723624,0.));
#2099=DIRECTION('',(0.475513258223231,0.879708554723624,0.));
#2100=DIRECTION('',(0.,0.,1.));
#2101=DIRECTION('',(0.475513258223231,0.879708554723624,0.));
#2102=DIRECTION('center_axis',(0.0280477159041836,-0.999606585428767,0.));
#2103=DIRECTION('ref_axis',(0.999606585428767,0.0280477159041836,0.));
#2104=DIRECTION('',(0.999606585428767,0.0280477159041836,0.));
#2105=DIRECTION('',(0.,0.,1.));
#2106=DIRECTION('',(0.999606585428767,0.0280477159041836,0.));
#2107=DIRECTION('center_axis',(-0.85166083881944,-0.524093327205535,0.));
#2108=DIRECTION('ref_axis',(0.524093327205535,-0.85166083881944,0.));
#2109=DIRECTION('',(0.524093327205535,-0.85166083881944,0.));
#2110=DIRECTION('',(0.524093327205535,-0.85166083881944,0.));
#2111=DIRECTION('center_axis',(0.,0.,1.));
#2112=DIRECTION('ref_axis',(1.,0.,0.));
#2113=DIRECTION('center_axis',(0.,0.,1.));
#2114=DIRECTION('ref_axis',(0.294117647058818,-0.955769224074821,0.));
#2115=DIRECTION('',(0.,0.,1.));
#2116=DIRECTION('center_axis',(0.,0.,1.));
#2117=DIRECTION('ref_axis',(0.294117647058818,-0.955769224074821,0.));
#2118=DIRECTION('center_axis',(1.,-2.12270280948963E-14,0.));
#2119=DIRECTION('ref_axis',(2.12270280948963E-14,1.,0.));
#2120=DIRECTION('',(0.,0.,1.));
#2121=DIRECTION('',(2.12270280948963E-14,1.,0.));
#2122=DIRECTION('center_axis',(0.,0.,1.));
#2123=DIRECTION('ref_axis',(-1.,-1.35595238740906E-13,0.));
#2124=DIRECTION('',(0.,0.,1.));
#2125=DIRECTION('center_axis',(0.,0.,1.));
#2126=DIRECTION('ref_axis',(-1.,-1.35595238740906E-13,0.));
#2127=DIRECTION('center_axis',(-1.,-5.74229166391726E-14,0.));
#2128=DIRECTION('ref_axis',(5.74229166391726E-14,-1.,0.));
#2129=DIRECTION('',(0.,0.,1.));
#2130=DIRECTION('',(5.74229166391726E-14,-1.,0.));
#2131=DIRECTION('center_axis',(0.,0.,1.));
#2132=DIRECTION('ref_axis',(-0.95576922407482,-0.294117647058819,0.));
#2133=DIRECTION('',(0.,0.,1.));
#2134=DIRECTION('center_axis',(0.,0.,1.));
#2135=DIRECTION('ref_axis',(-0.95576922407482,-0.294117647058819,0.));
#2136=DIRECTION('center_axis',(-1.69139666094792E-14,-1.,0.));
#2137=DIRECTION('ref_axis',(1.,-1.69139666094792E-14,0.));
#2138=DIRECTION('',(0.,0.,1.));
#2139=DIRECTION('',(1.,-1.69139666094792E-14,0.));
#2140=DIRECTION('center_axis',(0.,0.,1.));
#2141=DIRECTION('ref_axis',(-1.29674049276239E-13,1.,0.));
#2142=DIRECTION('',(0.,0.,1.));
#2143=DIRECTION('center_axis',(0.,0.,1.));
#2144=DIRECTION('ref_axis',(-1.29674049276239E-13,1.,0.));
#2145=DIRECTION('center_axis',(-5.91143133001205E-14,1.,0.));
#2146=DIRECTION('ref_axis',(-1.,-5.91143133001205E-14,0.));
#2147=DIRECTION('',(-1.,-5.91143133001205E-14,0.));
#2148=DIRECTION('center_axis',(0.,0.,1.));
#2149=DIRECTION('ref_axis',(1.,0.,0.));
#2150=CARTESIAN_POINT('',(0.,0.,0.));
#2151=CARTESIAN_POINT('Origin',(-77.5,0.,9.));
#2152=CARTESIAN_POINT('',(-71.5,7.34788079488412E-16,10.));
#2153=CARTESIAN_POINT('Origin',(-77.5,0.,10.));
#2154=CARTESIAN_POINT('',(-72.5,-6.12323399573677E-16,9.));
#2155=CARTESIAN_POINT('Origin',(-71.5,-7.34788079488412E-16,9.));
#2156=CARTESIAN_POINT('Origin',(-77.5,0.,9.));
#2157=CARTESIAN_POINT('Origin',(1.4904249618913,7.105427357601E-13,10.));
#2158=CARTESIAN_POINT('',(77.980849923778,-13.9999999999999,10.));
#2159=CARTESIAN_POINT('',(47.999999999999,-14.0000000000034,10.));
#2160=CARTESIAN_POINT('',(25.1173276948538,-14.000000000006,10.));
#2161=CARTESIAN_POINT('',(77.9808499237824,14.,10.));
#2162=CARTESIAN_POINT('Origin',(77.9808499237803,9.35461988927613E-15,10.));
#2163=CARTESIAN_POINT('',(47.999999999999,14.0000000000034,10.));
#2164=CARTESIAN_POINT('',(39.7356374428375,14.0000000000043,10.));
#2165=CARTESIAN_POINT('',(13.9999999999997,48.0000000000001,10.));
#2166=CARTESIAN_POINT('Origin',(0.,0.,10.));
#2167=CARTESIAN_POINT('',(13.9999999999992,74.9999999999978,10.));
#2168=CARTESIAN_POINT('',(14.0000000000002,24.3721152139084,10.));
#2169=CARTESIAN_POINT('',(-13.9999999999991,75.0000000000021,10.));
#2170=CARTESIAN_POINT('Origin',(1.33226762955019E-14,75.,10.));
#2171=CARTESIAN_POINT('',(-13.9999999999993,48.0000000000002,10.));
#2172=CARTESIAN_POINT('',(-13.9999999999999,37.5000000000018,10.));
#2173=CARTESIAN_POINT('',(-48.0000000000002,13.9999999999992,10.));
#2174=CARTESIAN_POINT('Origin',(0.,0.,10.));
#2175=CARTESIAN_POINT('',(-75.0000000000019,13.9999999999976,10.));
#2176=CARTESIAN_POINT('',(-23.6269027329627,14.0000000000007,10.));
#2177=CARTESIAN_POINT('',(-74.9999999999978,-13.9999999999976,10.));
#2178=CARTESIAN_POINT('Origin',(-75.,0.,10.));
#2179=CARTESIAN_POINT('',(-48.0000000000001,-13.9999999999998,10.));
#2180=CARTESIAN_POINT('',(-36.7547875190533,-14.,10.));
#2181=CARTESIAN_POINT('',(-13.9999999999993,-48.0000000000002,10.));
#2182=CARTESIAN_POINT('Origin',(0.,0.,10.));
#2183=CARTESIAN_POINT('',(-13.9999999999977,-75.000000000002,10.));
#2184=CARTESIAN_POINT('',(-14.0000000000006,-24.3721152139081,10.));
#2185=CARTESIAN_POINT('',(13.9999999999977,-74.9999999999981,10.));
#2186=CARTESIAN_POINT('Origin',(1.33226762955019E-14,-75.,10.));
#2187=CARTESIAN_POINT('',(13.9999999999997,-48.0000000000001,10.));
#2188=CARTESIAN_POINT('',(14.,-37.4999999999987,10.));
#2189=CARTESIAN_POINT('Origin',(0.,0.,10.));
#2190=CARTESIAN_POINT('',(83.5,7.34788079488412E-16,10.));
#2191=CARTESIAN_POINT('Origin',(77.5,0.,10.));
#2192=CARTESIAN_POINT('',(6.,-77.5,10.));
#2193=CARTESIAN_POINT('Origin',(0.,-77.5,10.));
#2194=CARTESIAN_POINT('',(49.75,-4.59242549680258E-16,10.));
#2195=CARTESIAN_POINT('Origin',(46.,0.,10.));
#2196=CARTESIAN_POINT('',(-42.25,-4.59242549680258E-16,10.));
#2197=CARTESIAN_POINT('Origin',(-46.,0.,10.));
#2198=CARTESIAN_POINT('',(3.75,46.,10.));
#2199=CARTESIAN_POINT('Origin',(0.,46.,10.));
#2200=CARTESIAN_POINT('',(3.75,-46.,10.));
#2201=CARTESIAN_POINT('Origin',(0.,-46.,10.));
#2202=CARTESIAN_POINT('',(6.,77.5,10.));
#2203=CARTESIAN_POINT('Origin',(0.,77.5,10.));
#2204=CARTESIAN_POINT('Origin',(-77.5,0.,10.));
#2205=CARTESIAN_POINT('',(-72.5,6.12323399573677E-16,5.));
#2206=CARTESIAN_POINT('',(-72.5,-6.12323399573677E-16,10.));
#2207=CARTESIAN_POINT('Origin',(-77.5,0.,5.));
#2208=CARTESIAN_POINT('Origin',(77.5,0.,9.));
#2209=CARTESIAN_POINT('',(82.5,-6.12323399573677E-16,9.));
#2210=CARTESIAN_POINT('Origin',(83.5,-7.34788079488413E-16,9.));
#2211=CARTESIAN_POINT('Origin',(77.5,0.,9.));
#2212=CARTESIAN_POINT('Origin',(77.5,0.,10.));
#2213=CARTESIAN_POINT('',(82.5,6.12323399573677E-16,5.));
#2214=CARTESIAN_POINT('',(82.5,-6.12323399573677E-16,10.));
#2215=CARTESIAN_POINT('Origin',(77.5,0.,5.));
#2216=CARTESIAN_POINT('Origin',(0.,77.5,9.));
#2217=CARTESIAN_POINT('',(5.,77.5,9.));
#2218=CARTESIAN_POINT('Origin',(6.,77.5,9.));
#2219=CARTESIAN_POINT('Origin',(0.,77.5,9.));
#2220=CARTESIAN_POINT('Origin',(0.,77.5,10.));
#2221=CARTESIAN_POINT('',(5.,77.5,5.));
#2222=CARTESIAN_POINT('',(5.,77.5,10.));
#2223=CARTESIAN_POINT('Origin',(0.,77.5,5.));
#2224=CARTESIAN_POINT('Origin',(0.,-77.5,9.));
#2225=CARTESIAN_POINT('',(5.,-77.5,9.));
#2226=CARTESIAN_POINT('Origin',(6.,-77.5,9.));
#2227=CARTESIAN_POINT('Origin',(0.,-77.5,9.));
#2228=CARTESIAN_POINT('Origin',(0.,-77.5,10.));
#2229=CARTESIAN_POINT('',(5.,-77.5,5.));
#2230=CARTESIAN_POINT('',(5.,-77.5,10.));
#2231=CARTESIAN_POINT('Origin',(0.,-77.5,5.));
#2232=CARTESIAN_POINT('Origin',(-14.0000000000006,-24.3721152139081,9.));
#2233=CARTESIAN_POINT('',(-14.9999999999992,-48.744230427816,9.));
#2234=CARTESIAN_POINT('',(-14.9999999999977,-75.000000000002,9.));
#2235=CARTESIAN_POINT('',(-15.0000000000006,-24.3721152139081,9.));
#2236=CARTESIAN_POINT('Origin',(-13.9999999999977,-75.000000000002,9.));
#2237=CARTESIAN_POINT('Ctrl Pts',(-13.9999999999993,-48.0000000000002,10.));
#2238=CARTESIAN_POINT('Ctrl Pts',(-14.0014905488787,-48.0011179116598,10.));
#2239=CARTESIAN_POINT('Ctrl Pts',(-14.0029811173211,-48.0022357989377,9.99999666739606));
#2240=CARTESIAN_POINT('Ctrl Pts',(-14.0955710552157,-48.0716734009051,9.99958262937272));
#2241=CARTESIAN_POINT('Ctrl Pts',(-14.1868834654931,-48.1400043241972,9.98672531685013));
#2242=CARTESIAN_POINT('Ctrl Pts',(-14.3622993268911,-48.2710029583396,9.93639827106563));
#2243=CARTESIAN_POINT('Ctrl Pts',(-14.4468125154442,-48.3339839436022,9.8995076028948));
#2244=CARTESIAN_POINT('Ctrl Pts',(-14.6286770171305,-48.4692741578222,9.78691999439702));
#2245=CARTESIAN_POINT('Ctrl Pts',(-14.7228545023435,-48.5391475153186,9.70307755572571));
#2246=CARTESIAN_POINT('Ctrl Pts',(-14.8644498950373,-48.6440400200164,9.51388715892233));
#2247=CARTESIAN_POINT('Ctrl Pts',(-14.9163769855984,-48.6824384212678,9.41608313017988));
#2248=CARTESIAN_POINT('Ctrl Pts',(-14.9831843183296,-48.7318153256325,9.20983141219736));
#2249=CARTESIAN_POINT('Ctrl Pts',(-14.9999999999992,-48.744230427816,9.10592059390947));
#2250=CARTESIAN_POINT('Ctrl Pts',(-14.9999999999992,-48.744230427816,9.));
#2251=CARTESIAN_POINT('Origin',(0.,0.,9.));
#2252=CARTESIAN_POINT('',(-48.7442304278158,-14.9999999999998,9.));
#2253=CARTESIAN_POINT('Ctrl Pts',(-48.0000000000001,-13.9999999999998,10.));
#2254=CARTESIAN_POINT('Ctrl Pts',(-48.0011179116597,-14.0014905488793,10.));
#2255=CARTESIAN_POINT('Ctrl Pts',(-48.0022357989375,-14.0029811173216,9.99999666739606));
#2256=CARTESIAN_POINT('Ctrl Pts',(-48.0716734009056,-14.0955710552185,9.99958262937272));
#2257=CARTESIAN_POINT('Ctrl Pts',(-48.1400043241974,-14.186883465494,9.98672531685003));
#2258=CARTESIAN_POINT('Ctrl Pts',(-48.2710029583394,-14.3622993268916,9.93639827106562));
#2259=CARTESIAN_POINT('Ctrl Pts',(-48.3339839436021,-14.4468125154447,9.89950760289478));
#2260=CARTESIAN_POINT('Ctrl Pts',(-48.4692741578221,-14.6286770171312,9.78691999439696));
#2261=CARTESIAN_POINT('Ctrl Pts',(-48.5391475153185,-14.7228545023441,9.70307755572565));
#2262=CARTESIAN_POINT('Ctrl Pts',(-48.6440400200162,-14.8644498950378,9.51388715892234));
#2263=CARTESIAN_POINT('Ctrl Pts',(-48.6824384212676,-14.9163769855989,9.41608313017988));
#2264=CARTESIAN_POINT('Ctrl Pts',(-48.7318153256324,-14.9831843183302,9.20983141219716));
#2265=CARTESIAN_POINT('Ctrl Pts',(-48.7442304278159,-14.9999999999998,9.10592059390936));
#2266=CARTESIAN_POINT('Ctrl Pts',(-48.7442304278159,-14.9999999999998,9.));
#2267=CARTESIAN_POINT('Origin',(0.,0.,9.));
#2268=CARTESIAN_POINT('Origin',(-23.6269027329627,14.0000000000007,9.));
#2269=CARTESIAN_POINT('',(-48.744230427816,14.9999999999992,9.));
#2270=CARTESIAN_POINT('',(-75.0000000000019,14.9999999999976,9.));
#2271=CARTESIAN_POINT('',(-23.6269027329628,15.0000000000007,9.));
#2272=CARTESIAN_POINT('Origin',(-75.0000000000019,13.9999999999976,9.));
#2273=CARTESIAN_POINT('Ctrl Pts',(-48.0000000000002,13.9999999999992,10.));
#2274=CARTESIAN_POINT('Ctrl Pts',(-48.0011179116598,14.0014905488786,10.));
#2275=CARTESIAN_POINT('Ctrl Pts',(-48.0022357989377,14.0029811173212,9.99999666739606));
#2276=CARTESIAN_POINT('Ctrl Pts',(-48.0716734009045,14.0955710552143,9.99958262937273));
#2277=CARTESIAN_POINT('Ctrl Pts',(-48.1400043241971,14.1868834654929,9.98672531685019));
#2278=CARTESIAN_POINT('Ctrl Pts',(-48.2710029583395,14.362299326891,9.93639827106565));
#2279=CARTESIAN_POINT('Ctrl Pts',(-48.3339839436022,14.4468125154441,9.89950760289482));
#2280=CARTESIAN_POINT('Ctrl Pts',(-48.4692741578223,14.6286770171307,9.78691999439695));
#2281=CARTESIAN_POINT('Ctrl Pts',(-48.5391475153187,14.7228545023435,9.70307755572565));
#2282=CARTESIAN_POINT('Ctrl Pts',(-48.6440400200163,14.8644498950371,9.51388715892254));
#2283=CARTESIAN_POINT('Ctrl Pts',(-48.6824384212677,14.9163769855983,9.41608313018001));
#2284=CARTESIAN_POINT('Ctrl Pts',(-48.7318153256325,14.9831843183296,9.2098314121975));
#2285=CARTESIAN_POINT('Ctrl Pts',(-48.744230427816,14.9999999999992,9.10592059390954));
#2286=CARTESIAN_POINT('Ctrl Pts',(-48.744230427816,14.9999999999992,9.));
#2287=CARTESIAN_POINT('Origin',(0.,0.,9.));
#2288=CARTESIAN_POINT('',(-14.9999999999992,48.744230427816,9.));
#2289=CARTESIAN_POINT('Ctrl Pts',(-13.9999999999992,48.0000000000002,10.));
#2290=CARTESIAN_POINT('Ctrl Pts',(-14.0014905488789,48.00111791166,10.));
#2291=CARTESIAN_POINT('Ctrl Pts',(-14.0029811173211,48.0022357989377,9.99999666739606));
#2292=CARTESIAN_POINT('Ctrl Pts',(-14.0955710552171,48.0716734009056,9.9995826293727));
#2293=CARTESIAN_POINT('Ctrl Pts',(-14.1868834654935,48.1400043241975,9.98672531685004));
#2294=CARTESIAN_POINT('Ctrl Pts',(-14.3622993268912,48.2710029583397,9.93639827106558));
#2295=CARTESIAN_POINT('Ctrl Pts',(-14.4468125154442,48.3339839436023,9.89950760289475));
#2296=CARTESIAN_POINT('Ctrl Pts',(-14.6286770171306,48.4692741578223,9.78691999439697));
#2297=CARTESIAN_POINT('Ctrl Pts',(-14.7228545023435,48.5391475153187,9.70307755572566));
#2298=CARTESIAN_POINT('Ctrl Pts',(-14.8644498950372,48.6440400200163,9.51388715892241));
#2299=CARTESIAN_POINT('Ctrl Pts',(-14.9163769855983,48.6824384212678,9.41608313017993));
#2300=CARTESIAN_POINT('Ctrl Pts',(-14.9831843183297,48.7318153256325,9.20983141219726));
#2301=CARTESIAN_POINT('Ctrl Pts',(-14.9999999999992,48.744230427816,9.10592059390942));
#2302=CARTESIAN_POINT('Ctrl Pts',(-14.9999999999992,48.744230427816,9.));
#2303=CARTESIAN_POINT('Origin',(0.,0.,9.));
#2304=CARTESIAN_POINT('Origin',(14.0000000000002,24.3721152139084,9.));
#2305=CARTESIAN_POINT('',(14.9999999999997,48.7442304278159,9.));
#2306=CARTESIAN_POINT('',(14.9999999999992,74.9999999999978,9.));
#2307=CARTESIAN_POINT('',(15.0000000000002,24.3721152139084,9.));
#2308=CARTESIAN_POINT('Origin',(13.9999999999992,74.9999999999978,9.));
#2309=CARTESIAN_POINT('Ctrl Pts',(13.9999999999997,48.0000000000001,10.));
#2310=CARTESIAN_POINT('Ctrl Pts',(14.0014905488792,48.0011179116597,10.));
#2311=CARTESIAN_POINT('Ctrl Pts',(14.0029811173216,48.0022357989375,9.99999666739606));
#2312=CARTESIAN_POINT('Ctrl Pts',(14.0955710552145,48.071673400904,9.99958262937273));
#2313=CARTESIAN_POINT('Ctrl Pts',(14.1868834654933,48.1400043241969,9.98672531685021));
#2314=CARTESIAN_POINT('Ctrl Pts',(14.3622993268916,48.2710029583394,9.93639827106562));
#2315=CARTESIAN_POINT('Ctrl Pts',(14.4468125154446,48.333983943602,9.89950760289479));
#2316=CARTESIAN_POINT('Ctrl Pts',(14.628677017131,48.4692741578221,9.78691999439702));
#2317=CARTESIAN_POINT('Ctrl Pts',(14.722854502344,48.5391475153185,9.7030775557257));
#2318=CARTESIAN_POINT('Ctrl Pts',(14.8644498950378,48.6440400200162,9.51388715892231));
#2319=CARTESIAN_POINT('Ctrl Pts',(14.9163769855988,48.6824384212676,9.41608313017987));
#2320=CARTESIAN_POINT('Ctrl Pts',(14.9831843183302,48.7318153256324,9.20983141219722));
#2321=CARTESIAN_POINT('Ctrl Pts',(14.9999999999997,48.7442304278159,9.1059205939094));
#2322=CARTESIAN_POINT('Ctrl Pts',(14.9999999999997,48.7442304278159,9.));
#2323=CARTESIAN_POINT('Origin',(1.33226762955019E-14,75.,9.));
#2324=CARTESIAN_POINT('',(-14.9999999999991,75.0000000000022,9.));
#2325=CARTESIAN_POINT('Origin',(-13.9999999999991,75.0000000000021,9.));
#2326=CARTESIAN_POINT('Origin',(1.33226762955019E-14,75.,9.));
#2327=CARTESIAN_POINT('Origin',(-13.9999999999999,37.5000000000018,9.));
#2328=CARTESIAN_POINT('',(-14.9999999999999,37.5000000000018,9.));
#2329=CARTESIAN_POINT('Origin',(0.,0.,9.));
#2330=CARTESIAN_POINT('',(48.7442304278147,15.0000000000033,9.));
#2331=CARTESIAN_POINT('Origin',(0.,0.,9.));
#2332=CARTESIAN_POINT('Ctrl Pts',(47.999999999999,14.0000000000034,10.));
#2333=CARTESIAN_POINT('Ctrl Pts',(48.0011179116586,14.0014905488829,10.));
#2334=CARTESIAN_POINT('Ctrl Pts',(48.0022357989365,14.0029811173253,9.99999666739606));
#2335=CARTESIAN_POINT('Ctrl Pts',(48.0716734009039,14.09557105522,9.99958262937272));
#2336=CARTESIAN_POINT('Ctrl Pts',(48.140004324196,14.1868834654973,9.98672531685012));
#2337=CARTESIAN_POINT('Ctrl Pts',(48.2710029583383,14.3622993268952,9.93639827106563));
#2338=CARTESIAN_POINT('Ctrl Pts',(48.3339839436009,14.4468125154483,9.8995076028948));
#2339=CARTESIAN_POINT('Ctrl Pts',(48.4692741578209,14.6286770171347,9.78691999439703));
#2340=CARTESIAN_POINT('Ctrl Pts',(48.5391475153174,14.7228545023476,9.70307755572572));
#2341=CARTESIAN_POINT('Ctrl Pts',(48.6440400200151,14.8644498950414,9.51388715892237));
#2342=CARTESIAN_POINT('Ctrl Pts',(48.6824384212665,14.9163769856025,9.41608313017991));
#2343=CARTESIAN_POINT('Ctrl Pts',(48.7318153256312,14.9831843183338,9.20983141219737));
#2344=CARTESIAN_POINT('Ctrl Pts',(48.7442304278147,15.0000000000033,9.10592059390947));
#2345=CARTESIAN_POINT('Ctrl Pts',(48.7442304278147,15.0000000000033,9.));
#2346=CARTESIAN_POINT('Origin',(25.1173276948538,-14.000000000006,9.));
#2347=CARTESIAN_POINT('',(48.7442304278148,-15.0000000000033,9.));
#2348=CARTESIAN_POINT('',(77.9808499237781,-14.9999999999999,9.));
#2349=CARTESIAN_POINT('',(25.1173276948539,-15.000000000006,9.));
#2350=CARTESIAN_POINT('Origin',(77.980849923778,-13.9999999999999,9.));
#2351=CARTESIAN_POINT('Ctrl Pts',(47.999999999999,-14.0000000000034,10.));
#2352=CARTESIAN_POINT('Ctrl Pts',(48.0011179116586,-14.0014905488829,10.));
#2353=CARTESIAN_POINT('Ctrl Pts',(48.0022357989365,-14.0029811173252,9.99999666739606));
#2354=CARTESIAN_POINT('Ctrl Pts',(48.0716734009046,-14.0955710552219,9.99958262937272));
#2355=CARTESIAN_POINT('Ctrl Pts',(48.1400043241963,-14.1868834654976,9.98672531685004));
#2356=CARTESIAN_POINT('Ctrl Pts',(48.2710029583383,-14.3622993268952,9.93639827106563));
#2357=CARTESIAN_POINT('Ctrl Pts',(48.333983943601,-14.4468125154483,9.89950760289479));
#2358=CARTESIAN_POINT('Ctrl Pts',(48.469274157821,-14.6286770171347,9.786919994397));
#2359=CARTESIAN_POINT('Ctrl Pts',(48.5391475153174,-14.7228545023476,9.70307755572569));
#2360=CARTESIAN_POINT('Ctrl Pts',(48.6440400200151,-14.8644498950414,9.51388715892238));
#2361=CARTESIAN_POINT('Ctrl Pts',(48.6824384212665,-14.9163769856024,9.41608313017991));
#2362=CARTESIAN_POINT('Ctrl Pts',(48.7318153256313,-14.9831843183338,9.20983141219726));
#2363=CARTESIAN_POINT('Ctrl Pts',(48.7442304278148,-15.0000000000033,9.10592059390941));
#2364=CARTESIAN_POINT('Ctrl Pts',(48.7442304278148,-15.0000000000033,9.));
#2365=CARTESIAN_POINT('Origin',(77.9808499237803,9.35461988927613E-15,9.));
#2366=CARTESIAN_POINT('',(77.9808499237825,15.,9.));
#2367=CARTESIAN_POINT('Origin',(77.9808499237824,14.,9.));
#2368=CARTESIAN_POINT('Origin',(77.9808499237803,9.35461988927613E-15,9.));
#2369=CARTESIAN_POINT('Origin',(39.7356374428375,14.0000000000043,9.));
#2370=CARTESIAN_POINT('',(39.7356374428376,15.0000000000043,9.));
#2371=CARTESIAN_POINT('Origin',(-75.,0.,9.));
#2372=CARTESIAN_POINT('',(-74.9999999999976,-14.9999999999993,9.));
#2373=CARTESIAN_POINT('Origin',(-74.9999999999978,-13.9999999999976,9.));
#2374=CARTESIAN_POINT('Origin',(-75.,0.,9.));
#2375=CARTESIAN_POINT('Origin',(-36.7547875190533,-14.,9.));
#2376=CARTESIAN_POINT('',(-36.7547875190533,-15.,9.));
#2377=CARTESIAN_POINT('Origin',(0.,0.,9.));
#2378=CARTESIAN_POINT('',(14.9999999999997,-48.7442304278159,9.));
#2379=CARTESIAN_POINT('Origin',(0.,0.,9.));
#2380=CARTESIAN_POINT('Ctrl Pts',(13.9999999999997,-48.0000000000001,10.));
#2381=CARTESIAN_POINT('Ctrl Pts',(14.0014905488793,-48.0011179116597,10.));
#2382=CARTESIAN_POINT('Ctrl Pts',(14.0029811173215,-48.0022357989375,9.99999666739606));
#2383=CARTESIAN_POINT('Ctrl Pts',(14.0955710552198,-48.0716734009063,9.99958262937271));
#2384=CARTESIAN_POINT('Ctrl Pts',(14.1868834654942,-48.1400043241975,9.98672531684997));
#2385=CARTESIAN_POINT('Ctrl Pts',(14.3622993268916,-48.2710029583394,9.93639827106562));
#2386=CARTESIAN_POINT('Ctrl Pts',(14.4468125154447,-48.3339839436021,9.89950760289478));
#2387=CARTESIAN_POINT('Ctrl Pts',(14.6286770171311,-48.4692741578221,9.78691999439697));
#2388=CARTESIAN_POINT('Ctrl Pts',(14.722854502344,-48.5391475153185,9.70307755572566));
#2389=CARTESIAN_POINT('Ctrl Pts',(14.8644498950378,-48.6440400200162,9.51388715892236));
#2390=CARTESIAN_POINT('Ctrl Pts',(14.9163769855989,-48.6824384212676,9.4160831301799));
#2391=CARTESIAN_POINT('Ctrl Pts',(14.9831843183301,-48.7318153256323,9.20983141219744));
#2392=CARTESIAN_POINT('Ctrl Pts',(14.9999999999997,-48.7442304278159,9.10592059390951));
#2393=CARTESIAN_POINT('Ctrl Pts',(14.9999999999997,-48.7442304278159,9.));
#2394=CARTESIAN_POINT('Origin',(1.33226762955019E-14,-75.,9.));
#2395=CARTESIAN_POINT('',(14.9999999999977,-74.999999999998,9.));
#2396=CARTESIAN_POINT('Origin',(13.9999999999977,-74.9999999999981,9.));
#2397=CARTESIAN_POINT('Origin',(1.33226762955019E-14,-75.,9.));
#2398=CARTESIAN_POINT('Origin',(14.,-37.4999999999987,9.));
#2399=CARTESIAN_POINT('',(15.,-37.4999999999987,9.));
#2400=CARTESIAN_POINT('Origin',(0.,0.,0.));
#2401=CARTESIAN_POINT('',(-14.9999999999992,48.744230427816,0.));
#2402=CARTESIAN_POINT('',(-14.9999999999992,48.744230427816,0.));
#2403=CARTESIAN_POINT('',(-48.744230427816,14.9999999999992,0.));
#2404=CARTESIAN_POINT('Origin',(0.,0.,0.));
#2405=CARTESIAN_POINT('',(-48.744230427816,14.9999999999992,0.));
#2406=CARTESIAN_POINT('Origin',(-14.9999999999977,75.000000000002,0.));
#2407=CARTESIAN_POINT('',(-14.9999999999991,75.0000000000022,0.));
#2408=CARTESIAN_POINT('',(-14.9999999999991,75.0000000000022,0.));
#2409=CARTESIAN_POINT('',(-14.9999999999992,48.744230427816,0.));
#2410=CARTESIAN_POINT('Origin',(1.33226762955019E-14,75.,0.));
#2411=CARTESIAN_POINT('',(14.9999999999992,74.9999999999978,0.));
#2412=CARTESIAN_POINT('',(14.9999999999992,74.9999999999978,0.));
#2413=CARTESIAN_POINT('Origin',(1.33226762955019E-14,75.,0.));
#2414=CARTESIAN_POINT('Origin',(14.9999999999997,48.7442304278159,0.));
#2415=CARTESIAN_POINT('',(14.9999999999997,48.7442304278159,0.));
#2416=CARTESIAN_POINT('',(14.9999999999997,48.7442304278159,0.));
#2417=CARTESIAN_POINT('',(14.9999999999992,74.9999999999978,0.));
#2418=CARTESIAN_POINT('Origin',(0.,0.,0.));
#2419=CARTESIAN_POINT('',(48.7442304278147,15.0000000000033,0.));
#2420=CARTESIAN_POINT('',(48.7442304278147,15.0000000000033,0.));
#2421=CARTESIAN_POINT('Origin',(0.,0.,0.));
#2422=CARTESIAN_POINT('Origin',(77.9808499237823,15.0000000000001,0.));
#2423=CARTESIAN_POINT('',(77.9808499237825,15.,0.));
#2424=CARTESIAN_POINT('',(77.9808499237825,15.,0.));
#2425=CARTESIAN_POINT('',(48.7442304278147,15.0000000000033,0.));
#2426=CARTESIAN_POINT('Origin',(77.9808499237803,9.35461988927613E-15,0.));
#2427=CARTESIAN_POINT('',(77.9808499237781,-14.9999999999999,0.));
#2428=CARTESIAN_POINT('',(77.9808499237781,-14.9999999999999,0.));
#2429=CARTESIAN_POINT('Origin',(77.9808499237803,9.35461988927613E-15,0.));
#2430=CARTESIAN_POINT('Origin',(48.7442304278148,-15.0000000000033,0.));
#2431=CARTESIAN_POINT('',(48.7442304278148,-15.0000000000033,0.));
#2432=CARTESIAN_POINT('',(48.7442304278148,-15.0000000000033,0.));
#2433=CARTESIAN_POINT('',(77.9808499237781,-14.9999999999999,0.));
#2434=CARTESIAN_POINT('Origin',(46.,0.,9.));
#2435=CARTESIAN_POINT('',(48.75,-3.36777869765523E-16,9.));
#2436=CARTESIAN_POINT('Origin',(49.75,-4.59242549680258E-16,9.));
#2437=CARTESIAN_POINT('',(43.25,3.36777869765523E-16,9.));
#2438=CARTESIAN_POINT('Origin',(46.,0.,9.));
#2439=CARTESIAN_POINT('Origin',(46.,0.,9.));
#2440=CARTESIAN_POINT('Origin',(46.,0.,0.));
#2441=CARTESIAN_POINT('',(43.25,-3.36777869765523E-16,7.));
#2442=CARTESIAN_POINT('',(43.25,-3.36777869765523E-16,0.));
#2443=CARTESIAN_POINT('Origin',(46.,0.,7.));
#2444=CARTESIAN_POINT('Origin',(0.,-46.,9.));
#2445=CARTESIAN_POINT('',(2.75,-46.,9.));
#2446=CARTESIAN_POINT('Origin',(3.75,-46.,9.));
#2447=CARTESIAN_POINT('',(-2.75,-46.,9.));
#2448=CARTESIAN_POINT('Origin',(0.,-46.,9.));
#2449=CARTESIAN_POINT('Origin',(0.,-46.,9.));
#2450=CARTESIAN_POINT('Origin',(0.,-46.,0.));
#2451=CARTESIAN_POINT('',(-2.75,-46.,7.));
#2452=CARTESIAN_POINT('',(-2.75,-46.,0.));
#2453=CARTESIAN_POINT('Origin',(0.,-46.,7.));
#2454=CARTESIAN_POINT('Origin',(-46.,0.,9.));
#2455=CARTESIAN_POINT('',(-43.25,-3.36777869765523E-16,9.));
#2456=CARTESIAN_POINT('Origin',(-42.25,-4.59242549680258E-16,9.));
#2457=CARTESIAN_POINT('',(-48.75,3.36777869765523E-16,9.));
#2458=CARTESIAN_POINT('Origin',(-46.,0.,9.));
#2459=CARTESIAN_POINT('Origin',(-46.,0.,9.));
#2460=CARTESIAN_POINT('Origin',(-46.,0.,0.));
#2461=CARTESIAN_POINT('',(-48.75,-3.36777869765523E-16,7.));
#2462=CARTESIAN_POINT('',(-48.75,-3.36777869765523E-16,0.));
#2463=CARTESIAN_POINT('Origin',(-46.,0.,7.));
#2464=CARTESIAN_POINT('Origin',(0.,46.,9.));
#2465=CARTESIAN_POINT('',(2.75,46.,9.));
#2466=CARTESIAN_POINT('Origin',(3.75,46.,9.));
#2467=CARTESIAN_POINT('',(-2.75,46.,9.));
#2468=CARTESIAN_POINT('Origin',(0.,46.,9.));
#2469=CARTESIAN_POINT('Origin',(0.,46.,9.));
#2470=CARTESIAN_POINT('Origin',(0.,46.,0.));
#2471=CARTESIAN_POINT('',(-2.75,46.,7.));
#2472=CARTESIAN_POINT('',(-2.75,46.,0.));
#2473=CARTESIAN_POINT('Origin',(0.,46.,7.));
#2474=CARTESIAN_POINT('Origin',(-77.5,0.,5.));
#2475=CARTESIAN_POINT('',(-74.5,3.67394039744207E-16,5.));
#2476=CARTESIAN_POINT('Origin',(-77.5,0.,5.));
#2477=CARTESIAN_POINT('Origin',(77.5,0.,5.));
#2478=CARTESIAN_POINT('',(80.5,3.67394039744206E-16,5.));
#2479=CARTESIAN_POINT('Origin',(77.5,0.,5.));
#2480=CARTESIAN_POINT('Origin',(0.,77.5,5.));
#2481=CARTESIAN_POINT('',(3.,77.5,5.));
#2482=CARTESIAN_POINT('Origin',(0.,77.5,5.));
#2483=CARTESIAN_POINT('Origin',(0.,-77.5,5.));
#2484=CARTESIAN_POINT('',(3.,-77.5,5.));
#2485=CARTESIAN_POINT('Origin',(0.,-77.5,5.));
#2486=CARTESIAN_POINT('Origin',(-77.5,0.,10.));
#2487=CARTESIAN_POINT('',(-74.5,3.67394039744207E-16,0.));
#2488=CARTESIAN_POINT('',(-74.5,-3.67394039744207E-16,10.));
#2489=CARTESIAN_POINT('Origin',(-77.5,0.,0.));
#2490=CARTESIAN_POINT('Origin',(77.5,0.,10.));
#2491=CARTESIAN_POINT('',(80.5,3.67394039744206E-16,0.));
#2492=CARTESIAN_POINT('',(80.5,-3.67394039744206E-16,10.));
#2493=CARTESIAN_POINT('Origin',(77.5,0.,0.));
#2494=CARTESIAN_POINT('Origin',(0.,77.5,10.));
#2495=CARTESIAN_POINT('',(3.,77.5,0.));
#2496=CARTESIAN_POINT('',(3.,77.5,10.));
#2497=CARTESIAN_POINT('Origin',(0.,77.5,0.));
#2498=CARTESIAN_POINT('Origin',(0.,-77.5,10.));
#2499=CARTESIAN_POINT('',(3.,-77.5,0.));
#2500=CARTESIAN_POINT('',(3.,-77.5,10.));
#2501=CARTESIAN_POINT('Origin',(0.,-77.5,0.));
#2502=CARTESIAN_POINT('Origin',(-46.,-5.77350198643473,0.));
#2503=CARTESIAN_POINT('',(-46.,-5.77350198643473,0.));
#2504=CARTESIAN_POINT('',(-41.0000006109476,-2.88675099321737,0.));
#2505=CARTESIAN_POINT('',(-26.9410907920275,5.23016437524882,0.));
#2506=CARTESIAN_POINT('',(-46.,-5.77350198643473,7.));
#2507=CARTESIAN_POINT('',(-46.,-5.77350198643473,0.));
#2508=CARTESIAN_POINT('',(-41.0000006109476,-2.88675099321737,7.));
#2509=CARTESIAN_POINT('',(-46.,-5.77350198643473,7.));
#2510=CARTESIAN_POINT('',(-41.0000006109476,-2.88675099321737,0.));
#2511=CARTESIAN_POINT('Origin',(-50.9999993890524,-2.88675099321736,0.));
#2512=CARTESIAN_POINT('',(-50.9999993890524,-2.88675099321736,0.));
#2513=CARTESIAN_POINT('',(-31.9410901810802,-13.8904173549007,0.));
#2514=CARTESIAN_POINT('',(-50.9999993890524,-2.88675099321736,7.));
#2515=CARTESIAN_POINT('',(-50.9999993890524,-2.88675099321736,0.));
#2516=CARTESIAN_POINT('',(-50.9999993890524,-2.88675099321736,7.));
#2517=CARTESIAN_POINT('Origin',(-50.9999993890524,2.88675099321737,0.));
#2518=CARTESIAN_POINT('',(-50.9999993890524,2.88675099321737,0.));
#2519=CARTESIAN_POINT('',(-50.9999993890524,1.44337549660904,0.));
#2520=CARTESIAN_POINT('',(-50.9999993890524,2.88675099321737,7.));
#2521=CARTESIAN_POINT('',(-50.9999993890524,2.88675099321737,0.));
#2522=CARTESIAN_POINT('',(-50.9999993890524,2.88675099321737,7.));
#2523=CARTESIAN_POINT('Origin',(-46.,5.77350198643473,0.));
#2524=CARTESIAN_POINT('',(-46.,5.77350198643473,0.));
#2525=CARTESIAN_POINT('',(-29.4410904865537,15.3337928515096,0.));
#2526=CARTESIAN_POINT('',(-46.,5.77350198643473,7.));
#2527=CARTESIAN_POINT('',(-46.,5.77350198643473,0.));
#2528=CARTESIAN_POINT('',(-46.,5.77350198643473,7.));
#2529=CARTESIAN_POINT('Origin',(-41.0000006109476,2.88675099321737,0.));
#2530=CARTESIAN_POINT('',(-41.0000006109476,2.88675099321737,0.));
#2531=CARTESIAN_POINT('',(-24.4410910975016,-6.67353987185733,0.));
#2532=CARTESIAN_POINT('',(-41.0000006109476,2.88675099321737,7.));
#2533=CARTESIAN_POINT('',(-41.0000006109476,2.88675099321737,0.));
#2534=CARTESIAN_POINT('',(-41.0000006109476,2.88675099321737,7.));
#2535=CARTESIAN_POINT('Origin',(-41.0000006109476,-2.88675099321737,0.));
#2536=CARTESIAN_POINT('',(-41.0000006109476,-1.44337549660833,0.));
#2537=CARTESIAN_POINT('',(-41.0000006109476,-2.88675099321737,7.));
#2538=CARTESIAN_POINT('Origin',(-46.,0.,7.));
#2539=CARTESIAN_POINT('Origin',(46.,-5.77350198643473,0.));
#2540=CARTESIAN_POINT('',(46.,-5.77350198643473,0.));
#2541=CARTESIAN_POINT('',(50.9154439646389,-2.93556909026392,0.));
#2542=CARTESIAN_POINT('',(30.5589092079725,-14.6884199117933,0.));
#2543=CARTESIAN_POINT('',(46.,-5.77350198643473,7.));
#2544=CARTESIAN_POINT('',(46.,-5.77350198643473,0.));
#2545=CARTESIAN_POINT('',(50.9154439646389,-2.93556909026392,7.));
#2546=CARTESIAN_POINT('',(50.9999993890524,-2.88675099321736,7.));
#2547=CARTESIAN_POINT('',(50.9154439646389,-2.93556909026392,0.));
#2548=CARTESIAN_POINT('Origin',(41.0000006109476,-2.88675099321736,0.));
#2549=CARTESIAN_POINT('',(41.0000006109476,-2.88675099321736,0.));
#2550=CARTESIAN_POINT('',(25.5589098189198,6.02816693214136,0.));
#2551=CARTESIAN_POINT('',(41.0000006109476,-2.88675099321736,7.));
#2552=CARTESIAN_POINT('',(41.0000006109476,-2.88675099321736,0.));
#2553=CARTESIAN_POINT('',(46.,-5.77350198643473,7.));
#2554=CARTESIAN_POINT('Origin',(41.0000006109476,2.88675099321736,0.));
#2555=CARTESIAN_POINT('',(41.0000006109476,2.88675099321736,0.));
#2556=CARTESIAN_POINT('',(41.0000006109476,1.44337549660904,0.));
#2557=CARTESIAN_POINT('',(41.0000006109476,2.88675099321736,7.));
#2558=CARTESIAN_POINT('',(41.0000006109476,2.88675099321736,0.));
#2559=CARTESIAN_POINT('',(41.0000006109476,-2.88675099321736,7.));
#2560=CARTESIAN_POINT('Origin',(46.,5.77350198643473,0.));
#2561=CARTESIAN_POINT('',(46.,5.77350198643473,0.));
#2562=CARTESIAN_POINT('',(28.0589095134463,-4.5847914355325,0.));
#2563=CARTESIAN_POINT('',(46.,5.77350198643473,7.));
#2564=CARTESIAN_POINT('',(46.,5.77350198643473,0.));
#2565=CARTESIAN_POINT('',(41.0000006109476,2.88675099321736,7.));
#2566=CARTESIAN_POINT('Origin',(50.9999993890524,2.88675099321736,0.));
#2567=CARTESIAN_POINT('',(50.9999993890524,2.88675099321736,0.));
#2568=CARTESIAN_POINT('',(33.0589089024984,13.2450444151848,0.));
#2569=CARTESIAN_POINT('',(50.9999993890524,2.88675099321736,7.));
#2570=CARTESIAN_POINT('',(50.9999993890524,2.88675099321736,0.));
#2571=CARTESIAN_POINT('',(46.,5.77350198643473,7.));
#2572=CARTESIAN_POINT('Origin',(50.9985988049193,0.378047529923142,0.));
#2573=CARTESIAN_POINT('',(50.9985988049193,0.378047529923142,0.));
#2574=CARTESIAN_POINT('',(50.9984855593253,0.175203868243074,0.));
#2575=CARTESIAN_POINT('',(50.9985988049193,0.378047529923142,7.));
#2576=CARTESIAN_POINT('',(50.9985988049193,0.378047529923142,0.));
#2577=CARTESIAN_POINT('',(50.9985988049193,0.378047529923142,7.));
#2578=CARTESIAN_POINT('Origin',(0.,0.,0.));
#2579=CARTESIAN_POINT('Origin',(0.,0.,0.));
#2580=CARTESIAN_POINT('Origin',(0.,0.,7.));
#2581=CARTESIAN_POINT('Origin',(46.0000003054738,0.,7.));
#2582=CARTESIAN_POINT('Origin',(2.74537707638419,-51.078999708781,0.));
#2583=CARTESIAN_POINT('',(2.74537707638419,-51.078999708781,0.));
#2584=CARTESIAN_POINT('',(5.77123131181021,-46.1619335632744,0.));
#2585=CARTESIAN_POINT('',(13.9725755321842,-32.8346055176886,0.));
#2586=CARTESIAN_POINT('',(2.74537707638419,-51.078999708781,7.));
#2587=CARTESIAN_POINT('',(2.74537707638419,-51.078999708781,0.));
#2588=CARTESIAN_POINT('',(5.77123131181021,-46.1619335632744,7.));
#2589=CARTESIAN_POINT('',(2.74537707638419,-51.078999708781,7.));
#2590=CARTESIAN_POINT('',(5.77123131181021,-46.1619335632744,0.));
#2591=CARTESIAN_POINT('Origin',(-3.02585423542602,-50.9170661455067,0.));
#2592=CARTESIAN_POINT('',(-3.02585423542602,-50.9170661455067,0.));
#2593=CARTESIAN_POINT('',(-1.4832638411382,-50.9603493108701,0.));
#2594=CARTESIAN_POINT('',(-3.02585423542602,-50.9170661455067,7.));
#2595=CARTESIAN_POINT('',(-3.02585423542602,-50.9170661455067,0.));
#2596=CARTESIAN_POINT('',(-3.02585423542602,-50.9170661455067,7.));
#2597=CARTESIAN_POINT('Origin',(-5.77123131181021,-45.8380664367257,0.));
#2598=CARTESIAN_POINT('',(-5.77123131181021,-45.8380664367257,0.));
#2599=CARTESIAN_POINT('',(-14.5375857845745,-29.6201442440913,0.));
#2600=CARTESIAN_POINT('',(-5.77123131181021,-45.8380664367257,7.));
#2601=CARTESIAN_POINT('',(-5.77123131181021,-45.8380664367257,0.));
#2602=CARTESIAN_POINT('',(-5.77123131181021,-45.8380664367257,7.));
#2603=CARTESIAN_POINT('Origin',(-2.74537707638419,-40.921000291219,0.));
#2604=CARTESIAN_POINT('',(-2.74537707638419,-40.921000291219,0.));
#2605=CARTESIAN_POINT('',(6.96889426170283,-25.1351391728799,0.));
#2606=CARTESIAN_POINT('',(-2.74537707638419,-40.921000291219,7.));
#2607=CARTESIAN_POINT('',(-2.74537707638419,-40.921000291219,0.));
#2608=CARTESIAN_POINT('',(-2.74537707638419,-40.921000291219,7.));
#2609=CARTESIAN_POINT('Origin',(3.02585423542603,-41.0829338544933,0.));
#2610=CARTESIAN_POINT('',(3.02585423542603,-41.0829338544933,0.));
#2611=CARTESIAN_POINT('',(1.68282897380874,-41.0452502382196,0.));
#2612=CARTESIAN_POINT('',(3.02585423542603,-41.0829338544933,7.));
#2613=CARTESIAN_POINT('',(3.02585423542603,-41.0829338544933,0.));
#2614=CARTESIAN_POINT('',(3.02585423542603,-41.0829338544933,7.));
#2615=CARTESIAN_POINT('Origin',(5.77123131181021,-46.1619335632744,0.));
#2616=CARTESIAN_POINT('',(-4.36781169914615,-27.4045115162495,0.));
#2617=CARTESIAN_POINT('',(5.77123131181021,-46.1619335632744,7.));
#2618=CARTESIAN_POINT('Origin',(0.,-46.,7.));
#2619=CARTESIAN_POINT('Origin',(-3.02585423542602,50.9170661455067,0.));
#2620=CARTESIAN_POINT('',(-3.02585423542602,50.9170661455067,0.));
#2621=CARTESIAN_POINT('',(-5.77123131181021,45.8380664367257,0.));
#2622=CARTESIAN_POINT('',(-13.1648972463821,32.1596440984823,0.));
#2623=CARTESIAN_POINT('',(-3.02585423542602,50.9170661455067,7.));
#2624=CARTESIAN_POINT('',(-3.02585423542602,50.9170661455067,0.));
#2625=CARTESIAN_POINT('',(-5.77123131181021,45.8380664367257,7.));
#2626=CARTESIAN_POINT('',(-5.77123131181021,45.8380664367257,7.));
#2627=CARTESIAN_POINT('',(-5.77123131181021,45.8380664367257,0.));
#2628=CARTESIAN_POINT('Origin',(2.74537707638419,51.078999708781,0.));
#2629=CARTESIAN_POINT('',(2.74537707638419,51.078999708781,0.));
#2630=CARTESIAN_POINT('',(1.40235181476692,51.0413160925073,0.));
#2631=CARTESIAN_POINT('',(2.74537707638419,51.078999708781,7.));
#2632=CARTESIAN_POINT('',(2.74537707638419,51.078999708781,0.));
#2633=CARTESIAN_POINT('',(-3.02585423542602,50.9170661455067,7.));
#2634=CARTESIAN_POINT('Origin',(5.77123131181021,46.1619335632744,0.));
#2635=CARTESIAN_POINT('',(5.77123131181021,46.1619335632744,0.));
#2636=CARTESIAN_POINT('',(15.4855026498969,30.3760724449358,0.));
#2637=CARTESIAN_POINT('',(5.77123131181021,46.1619335632744,7.));
#2638=CARTESIAN_POINT('',(5.77123131181021,46.1619335632744,0.));
#2639=CARTESIAN_POINT('',(2.74537707638419,51.078999708781,7.));
#2640=CARTESIAN_POINT('Origin',(3.02585423542603,41.0829338544933,0.));
#2641=CARTESIAN_POINT('',(3.02585423542603,41.0829338544933,0.));
#2642=CARTESIAN_POINT('',(-5.74050023733794,24.8650116618595,0.));
#2643=CARTESIAN_POINT('',(3.02585423542603,41.0829338544933,7.));
#2644=CARTESIAN_POINT('',(3.02585423542603,41.0829338544933,0.));
#2645=CARTESIAN_POINT('',(5.77123131181021,46.1619335632744,7.));
#2646=CARTESIAN_POINT('Origin',(-2.74537707638419,40.921000291219,0.));
#2647=CARTESIAN_POINT('',(-2.74537707638419,40.921000291219,0.));
#2648=CARTESIAN_POINT('',(-1.20278668209634,40.9642834565825,0.));
#2649=CARTESIAN_POINT('',(-2.74537707638419,40.921000291219,7.));
#2650=CARTESIAN_POINT('',(-2.74537707638419,40.921000291219,0.));
#2651=CARTESIAN_POINT('',(3.02585423542603,41.0829338544933,7.));
#2652=CARTESIAN_POINT('Origin',(-5.77123131181021,45.8380664367257,0.));
#2653=CARTESIAN_POINT('',(5.4559671439895,27.5936722456337,0.));
#2654=CARTESIAN_POINT('',(-2.74537707638419,40.921000291219,7.));
#2655=CARTESIAN_POINT('Origin',(0.,46.,7.));
#2656=CARTESIAN_POINT('Origin',(0.,0.,0.));
#2657=CARTESIAN_POINT('',(14.9999999999997,-48.7442304278159,0.));
#2658=CARTESIAN_POINT('',(14.9999999999997,-48.7442304278159,0.));
#2659=CARTESIAN_POINT('Origin',(0.,0.,0.));
#2660=CARTESIAN_POINT('Origin',(14.9999999999992,-74.9999999999978,0.));
#2661=CARTESIAN_POINT('',(14.9999999999977,-74.999999999998,0.));
#2662=CARTESIAN_POINT('',(14.9999999999977,-74.999999999998,0.));
#2663=CARTESIAN_POINT('',(14.9999999999992,-74.9999999999978,0.));
#2664=CARTESIAN_POINT('Origin',(1.33226762955019E-14,-75.,0.));
#2665=CARTESIAN_POINT('',(-14.9999999999977,-75.000000000002,0.));
#2666=CARTESIAN_POINT('',(-14.9999999999977,-75.000000000002,0.));
#2667=CARTESIAN_POINT('Origin',(1.33226762955019E-14,-75.,0.));
#2668=CARTESIAN_POINT('Origin',(-14.9999999999992,-48.744230427816,0.));
#2669=CARTESIAN_POINT('',(-14.9999999999992,-48.744230427816,0.));
#2670=CARTESIAN_POINT('',(-14.9999999999992,-48.744230427816,0.));
#2671=CARTESIAN_POINT('',(-14.9999999999992,-48.744230427816,0.));
#2672=CARTESIAN_POINT('Origin',(0.,0.,0.));
#2673=CARTESIAN_POINT('',(-48.7442304278158,-14.9999999999998,0.));
#2674=CARTESIAN_POINT('',(-48.7442304278158,-14.9999999999998,0.));
#2675=CARTESIAN_POINT('Origin',(0.,0.,0.));
#2676=CARTESIAN_POINT('Origin',(-74.9999999999976,-14.9999999999993,0.));
#2677=CARTESIAN_POINT('',(-74.9999999999976,-14.9999999999993,0.));
#2678=CARTESIAN_POINT('',(-74.9999999999976,-14.9999999999993,0.));
#2679=CARTESIAN_POINT('',(-74.9999999999976,-14.9999999999993,0.));
#2680=CARTESIAN_POINT('Origin',(-75.,0.,0.));
#2681=CARTESIAN_POINT('',(-75.0000000000019,14.9999999999976,0.));
#2682=CARTESIAN_POINT('',(-75.0000000000019,14.9999999999976,0.));
#2683=CARTESIAN_POINT('Origin',(-75.,0.,0.));
#2684=CARTESIAN_POINT('Origin',(-48.744230427816,14.9999999999992,0.));
#2685=CARTESIAN_POINT('',(-48.744230427816,14.9999999999992,0.));
#2686=CARTESIAN_POINT('Origin',(1.4904249618913,7.105427357601E-13,0.));
#2687=UNCERTAINTY_MEASURE_WITH_UNIT(LENGTH_MEASURE(0.01),#2691,
'DISTANCE_ACCURACY_VALUE',
'Maximum model space distance between geometric entities at asserted c
onnectivities');
#2688=UNCERTAINTY_MEASURE_WITH_UNIT(LENGTH_MEASURE(0.01),#2691,
'DISTANCE_ACCURACY_VALUE',
'Maximum model space distance between geometric entities at asserted c
onnectivities');
#2689=(
GEOMETRIC_REPRESENTATION_CONTEXT(3)
GLOBAL_UNCERTAINTY_ASSIGNED_CONTEXT((#2687))
GLOBAL_UNIT_ASSIGNED_CONTEXT((#2691,#2693,#2694))
REPRESENTATION_CONTEXT('','3D')
);
#2690=(
GEOMETRIC_REPRESENTATION_CONTEXT(3)
GLOBAL_UNCERTAINTY_ASSIGNED_CONTEXT((#2688))
GLOBAL_UNIT_ASSIGNED_CONTEXT((#2691,#2693,#2694))
REPRESENTATION_CONTEXT('','3D')
);
#2691=(
LENGTH_UNIT()
NAMED_UNIT(*)
SI_UNIT(.MILLI.,.METRE.)
);
#2692=(
LENGTH_UNIT()
NAMED_UNIT(*)
SI_UNIT($,.METRE.)
);
#2693=(
NAMED_UNIT(*)
PLANE_ANGLE_UNIT()
SI_UNIT($,.RADIAN.)
);
#2694=(
NAMED_UNIT(*)
SI_UNIT($,.STERADIAN.)
SOLID_ANGLE_UNIT()
);
#2695=SHAPE_DEFINITION_REPRESENTATION(#2696,#2697);
#2696=PRODUCT_DEFINITION_SHAPE('',$,#2699);
#2697=SHAPE_REPRESENTATION('',(#1527),#2689);
#2698=PRODUCT_DEFINITION_CONTEXT('part definition',#2703,'design');
#2699=PRODUCT_DEFINITION('2026-04-17-23-49-30-933','base_plate',#2700,#2698);
#2700=PRODUCT_DEFINITION_FORMATION('',$,#2705);
#2701=PRODUCT_RELATED_PRODUCT_CATEGORY('base_plate','base_plate',(#2705));
#2702=APPLICATION_PROTOCOL_DEFINITION('international standard',
'automotive_design',2009,#2703);
#2703=APPLICATION_CONTEXT(
'Core Data for Automotive Mechanical Design Process');
#2704=PRODUCT_CONTEXT('part definition',#2703,'mechanical');
#2705=PRODUCT('2026-04-17-23-49-30-933','base_plate',$,(#2704));
#2706=PRESENTATION_STYLE_ASSIGNMENT((#2707));
#2707=SURFACE_STYLE_USAGE(.BOTH.,#2708);
#2708=SURFACE_SIDE_STYLE('',(#2709));
#2709=SURFACE_STYLE_FILL_AREA(#2710);
#2710=FILL_AREA_STYLE('\X2\AC15CCA0\X0\ - \X2\C0C8D2F4\X0\',(#2711));
#2711=FILL_AREA_STYLE_COLOUR('\X2\AC15CCA0\X0\ - \X2\C0C8D2F4\X0\',#2712);
#2712=COLOUR_RGB('\X2\AC15CCA0\X0\ - \X2\C0C8D2F4\X0\',0.627450980392157,
0.627450980392157,0.627450980392157);
ENDSEC;
END-ISO-10303-21;
