ISO-10303-21;
HEADER;
/* Generated by software containing ST-Developer
 * from STEP Tools, Inc. (www.steptools.com) 
 */

FILE_DESCRIPTION(
/* description */ (''),
/* implementation_level */ '2;1');

FILE_NAME(
/* name */ 'base_top.step',
/* time_stamp */ '2026-06-11T21:51:36+09:00',
/* author */ (''),
/* organization */ (''),
/* preprocessor_version */ 'ST-DEVELOPER v20.1',
/* originating_system */ 'Autodesk Translation Framework v15.8.0.0',
/* authorisation */ '');

FILE_SCHEMA (('AUTOMOTIVE_DESIGN { 1 0 10303 214 3 1 1 }'));
ENDSEC;

DATA;
#10=MECHANICAL_DESIGN_GEOMETRIC_PRESENTATION_REPRESENTATION('',(#13),#3629);
#11=SHAPE_REPRESENTATION_RELATIONSHIP('SRR','None',#3636,#12);
#12=ADVANCED_BREP_SHAPE_REPRESENTATION('',(#14),#3628);
#13=STYLED_ITEM('',(#3645),#14);
#14=MANIFOLD_SOLID_BREP('\X2\BCF8CCB4\X0\1',#1625);
#15=TOROIDAL_SURFACE('',#1676,7.5,0.5);
#16=TOROIDAL_SURFACE('',#1680,44.,7.);
#17=TOROIDAL_SURFACE('',#1693,44.,7.);
#18=TOROIDAL_SURFACE('',#1697,7.5,0.5);
#19=TOROIDAL_SURFACE('',#1700,44.,7.);
#20=TOROIDAL_SURFACE('',#1737,23.3,0.2);
#21=TOROIDAL_SURFACE('',#1741,7.54539076116516,0.5);
#22=TOROIDAL_SURFACE('',#1749,7.53888821132687,0.5);
#23=TOROIDAL_SURFACE('',#1786,26.5,3.);
#24=TOROIDAL_SURFACE('',#1788,44.,7.);
#25=CYLINDRICAL_SURFACE('',#1662,7.);
#26=CYLINDRICAL_SURFACE('',#1669,7.);
#27=CYLINDRICAL_SURFACE('',#1708,23.5);
#28=CYLINDRICAL_SURFACE('',#1711,18.6);
#29=CYLINDRICAL_SURFACE('',#1713,21.5000005066395);
#30=CYLINDRICAL_SURFACE('',#1714,1.9);
#31=CYLINDRICAL_SURFACE('',#1719,1.9);
#32=CYLINDRICAL_SURFACE('',#1725,2.5);
#33=CYLINDRICAL_SURFACE('',#1729,2.5);
#34=CYLINDRICAL_SURFACE('',#1746,7.04539076116516);
#35=CYLINDRICAL_SURFACE('',#1754,7.03888821132687);
#36=CYLINDRICAL_SURFACE('',#1759,17.5);
#37=CYLINDRICAL_SURFACE('',#1760,1.9);
#38=CYLINDRICAL_SURFACE('',#1764,1.9);
#39=CYLINDRICAL_SURFACE('',#1772,18.55);
#40=CYLINDRICAL_SURFACE('',#1776,1.25);
#41=CYLINDRICAL_SURFACE('',#1778,1.25);
#42=CYLINDRICAL_SURFACE('',#1780,1.25);
#43=CYLINDRICAL_SURFACE('',#1783,1.25);
#44=CYLINDRICAL_SURFACE('',#1790,51.);
#45=CYLINDRICAL_SURFACE('',#1792,2.75);
#46=CYLINDRICAL_SURFACE('',#1794,2.75);
#47=CYLINDRICAL_SURFACE('',#1796,2.75);
#48=CYLINDRICAL_SURFACE('',#1798,2.75);
#49=B_SPLINE_SURFACE_WITH_KNOTS('',3,1,((#2408,#2409),(#2410,#2411),(#2412,
#2413),(#2414,#2415),(#2416,#2417),(#2418,#2419),(#2420,#2421),(#2422,#2423),
(#2424,#2425),(#2426,#2427),(#2428,#2429),(#2430,#2431)),.UNSPECIFIED.,
 .F.,.F.,.F.,(4,2,2,2,2,4),(2,2),(0.,0.0195322236693466,0.0390644473386928,
0.0585966710080389,0.0724315103322986,0.0862663496565581),(0.,0.2),
 .UNSPECIFIED.);
#50=B_SPLINE_SURFACE_WITH_KNOTS('',3,1,((#2453,#2454),(#2455,#2456),(#2457,
#2458),(#2459,#2460),(#2461,#2462),(#2463,#2464),(#2465,#2466),(#2467,#2468),
(#2469,#2470),(#2471,#2472),(#2473,#2474),(#2475,#2476)),.UNSPECIFIED.,
 .F.,.F.,.F.,(4,2,2,2,2,4),(2,2),(0.,0.0195322236693466,0.039064447338693,
0.0585966710080395,0.0724086782043103,0.0862206854005811),(0.,0.2),
 .UNSPECIFIED.);
#51=B_SPLINE_SURFACE_WITH_KNOTS('',3,1,((#2498,#2499),(#2500,#2501),(#2502,
#2503),(#2504,#2505),(#2506,#2507),(#2508,#2509),(#2510,#2511),(#2512,#2513),
(#2514,#2515),(#2516,#2517),(#2518,#2519),(#2520,#2521)),.UNSPECIFIED.,
 .F.,.F.,.F.,(4,2,2,2,2,4),(2,2),(0.,0.0195322236693466,0.0390644473386928,
0.0585966710080392,0.0724282364189023,0.0862598018297654),(0.,0.2),
 .UNSPECIFIED.);
#52=B_SPLINE_SURFACE_WITH_KNOTS('',3,1,((#2543,#2544),(#2545,#2546),(#2547,
#2548),(#2549,#2550),(#2551,#2552),(#2553,#2554),(#2555,#2556),(#2557,#2558),
(#2559,#2560),(#2561,#2562),(#2563,#2564),(#2565,#2566)),.UNSPECIFIED.,
 .F.,.F.,.F.,(4,2,2,2,2,4),(2,2),(0.,0.0195322236693466,0.0390644473386928,
0.0585966710080396,0.0724086782043104,0.0862206854005813),(0.,0.2),
 .UNSPECIFIED.);
#53=B_SPLINE_SURFACE_WITH_KNOTS('',3,1,((#2595,#2596),(#2597,#2598),(#2599,
#2600),(#2601,#2602),(#2603,#2604),(#2605,#2606),(#2607,#2608),(#2609,#2610),
(#2611,#2612),(#2613,#2614),(#2615,#2616),(#2617,#2618)),.UNSPECIFIED.,
 .F.,.F.,.F.,(4,2,2,2,2,4),(2,2),(0.,0.0195322236693464,0.0390644473386929,
0.0585966710080392,0.0724086782043101,0.0862206854005809),(0.,0.2),
 .UNSPECIFIED.);
#54=B_SPLINE_SURFACE_WITH_KNOTS('',3,1,((#2678,#2679),(#2680,#2681),(#2682,
#2683),(#2684,#2685),(#2686,#2687),(#2688,#2689),(#2690,#2691),(#2692,#2693),
(#2694,#2695),(#2696,#2697),(#2698,#2699),(#2700,#2701)),.UNSPECIFIED.,
 .F.,.F.,.F.,(4,2,2,2,2,4),(2,2),(0.,0.0195322236693463,0.0390644473386929,
0.058596671008039,0.0724282420882617,0.0862598131684843),(0.,0.2),
 .UNSPECIFIED.);
#55=B_SPLINE_SURFACE_WITH_KNOTS('',3,1,((#2736,#2737),(#2738,#2739),(#2740,
#2741),(#2742,#2743),(#2744,#2745),(#2746,#2747),(#2748,#2749),(#2750,#2751),
(#2752,#2753),(#2754,#2755),(#2756,#2757),(#2758,#2759)),.UNSPECIFIED.,
 .F.,.F.,.F.,(4,2,2,2,2,4),(2,2),(0.,0.0195322236693463,0.039064447338693,
0.0585966710080394,0.0724086782043103,0.0862206854005811),(0.,0.2),
 .UNSPECIFIED.);
#56=B_SPLINE_SURFACE_WITH_KNOTS('',3,1,((#2819,#2820),(#2821,#2822),(#2823,
#2824),(#2825,#2826),(#2827,#2828),(#2829,#2830),(#2831,#2832),(#2833,#2834),
(#2835,#2836),(#2837,#2838),(#2839,#2840),(#2841,#2842)),.UNSPECIFIED.,
 .F.,.F.,.F.,(4,2,2,2,2,4),(2,2),(0.,0.0195322236693464,0.0390644473386926,
0.0585966710080385,0.0724315103322987,0.086266349656558),(0.,0.2),
 .UNSPECIFIED.);
#57=B_SPLINE_SURFACE_WITH_KNOTS('',3,3,((#2870,#2871,#2872,#2873,#2874),
(#2875,#2876,#2877,#2878,#2879),(#2880,#2881,#2882,#2883,#2884),(#2885,
#2886,#2887,#2888,#2889),(#2890,#2891,#2892,#2893,#2894),(#2895,#2896,#2897,
#2898,#2899)),.UNSPECIFIED.,.F.,.F.,.F.,(4,1,1,4),(4,1,4),(0.,0.285714285714286,
0.571428571428571,1.),(0.,0.323942294123196,0.755865352954124),
 .UNSPECIFIED.);
#58=B_SPLINE_SURFACE_WITH_KNOTS('',3,3,((#2907,#2908,#2909,#2910),(#2911,
#2912,#2913,#2914),(#2915,#2916,#2917,#2918),(#2919,#2920,#2921,#2922),
(#2923,#2924,#2925,#2926)),.UNSPECIFIED.,.F.,.F.,.F.,(4,1,4),(4,4),(0.,
0.5,1.),(0.,0.26961104102368),.UNSPECIFIED.);
#59=B_SPLINE_SURFACE_WITH_KNOTS('',3,3,((#2937,#2938,#2939,#2940),(#2941,
#2942,#2943,#2944),(#2945,#2946,#2947,#2948),(#2949,#2950,#2951,#2952),
(#2953,#2954,#2955,#2956)),.UNSPECIFIED.,.F.,.F.,.F.,(4,1,4),(4,4),(0.,
0.5,1.),(0.,0.269611290400867),.UNSPECIFIED.);
#60=B_SPLINE_SURFACE_WITH_KNOTS('',3,3,((#2963,#2964,#2965,#2966,#2967),
(#2968,#2969,#2970,#2971,#2972),(#2973,#2974,#2975,#2976,#2977),(#2978,
#2979,#2980,#2981,#2982),(#2983,#2984,#2985,#2986,#2987),(#2988,#2989,#2990,
#2991,#2992)),.UNSPECIFIED.,.F.,.F.,.F.,(4,1,1,4),(4,1,4),(0.,0.285714285714286,
0.571428571428571,1.),(4.37953332756352E-13,0.431923059009127,0.755865353265643),
 .UNSPECIFIED.);
#61=B_SPLINE_SURFACE_WITH_KNOTS('',3,3,((#3042,#3043,#3044,#3045,#3046),
(#3047,#3048,#3049,#3050,#3051),(#3052,#3053,#3054,#3055,#3056),(#3057,
#3058,#3059,#3060,#3061),(#3062,#3063,#3064,#3065,#3066),(#3067,#3068,#3069,
#3070,#3071)),.UNSPECIFIED.,.F.,.F.,.F.,(4,1,1,4),(4,1,4),(0.,0.285714285714286,
0.571428571428571,1.),(0.,0.366048020251945,0.854112047254539),
 .UNSPECIFIED.);
#62=B_SPLINE_SURFACE_WITH_KNOTS('',3,3,((#3079,#3080,#3081,#3082),(#3083,
#3084,#3085,#3086),(#3087,#3088,#3089,#3090),(#3091,#3092,#3093,#3094),
(#3095,#3096,#3097,#3098)),.UNSPECIFIED.,.F.,.F.,.F.,(4,1,4),(4,4),(0.,
0.5,1.),(0.,0.171794200344733),.UNSPECIFIED.);
#63=B_SPLINE_SURFACE_WITH_KNOTS('',3,3,((#3106,#3107,#3108,#3109),(#3110,
#3111,#3112,#3113),(#3114,#3115,#3116,#3117),(#3118,#3119,#3120,#3121),
(#3122,#3123,#3124,#3125)),.UNSPECIFIED.,.F.,.F.,.F.,(4,1,4),(4,4),(0.,
0.5,1.),(0.,0.171794175153147),.UNSPECIFIED.);
#64=B_SPLINE_SURFACE_WITH_KNOTS('',3,3,((#3127,#3128,#3129,#3130,#3131),
(#3132,#3133,#3134,#3135,#3136),(#3137,#3138,#3139,#3140,#3141),(#3142,
#3143,#3144,#3145,#3146),(#3147,#3148,#3149,#3150,#3151),(#3152,#3153,#3154,
#3155,#3156)),.UNSPECIFIED.,.F.,.F.,.F.,(4,1,1,4),(4,1,4),(0.,0.285714285714286,
0.571428571428571,1.),(9.73894780545921E-14,0.36604802296539,0.85411205358578),
 .UNSPECIFIED.);
#65=B_SPLINE_SURFACE_WITH_KNOTS('',3,3,((#3249,#3250,#3251,#3252,#3253),
(#3254,#3255,#3256,#3257,#3258),(#3259,#3260,#3261,#3262,#3263),(#3264,
#3265,#3266,#3267,#3268),(#3269,#3270,#3271,#3272,#3273),(#3274,#3275,#3276,
#3277,#3278)),.UNSPECIFIED.,.F.,.F.,.F.,(4,1,1,4),(4,1,4),(0.,0.285714285714286,
0.571428571428571,1.),(0.046865571156706,0.370478073692667,0.801961410407282),
 .UNSPECIFIED.);
#66=B_SPLINE_SURFACE_WITH_KNOTS('',3,3,((#3286,#3287,#3288,#3289),(#3290,
#3291,#3292,#3293),(#3294,#3295,#3296,#3297),(#3298,#3299,#3300,#3301),
(#3302,#3303,#3304,#3305)),.UNSPECIFIED.,.F.,.F.,.F.,(4,1,4),(4,4),(0.,
0.5,1.),(0.,0.270399830107109),.UNSPECIFIED.);
#67=B_SPLINE_SURFACE_WITH_KNOTS('',3,3,((#3320,#3321,#3322,#3323),(#3324,
#3325,#3326,#3327),(#3328,#3329,#3330,#3331),(#3332,#3333,#3334,#3335),
(#3336,#3337,#3338,#3339)),.UNSPECIFIED.,.F.,.F.,.F.,(4,1,4),(4,4),(0.,
0.5,1.),(0.,0.270400422685863),.UNSPECIFIED.);
#68=B_SPLINE_SURFACE_WITH_KNOTS('',3,3,((#3346,#3347,#3348,#3349,#3350),
(#3351,#3352,#3353,#3354,#3355),(#3356,#3357,#3358,#3359,#3360),(#3361,
#3362,#3363,#3364,#3365),(#3366,#3367,#3368,#3369,#3370),(#3371,#3372,#3373,
#3374,#3375)),.UNSPECIFIED.,.F.,.F.,.F.,(4,1,1,4),(4,1,4),(0.,0.285714285714286,
0.571428571428571,1.),(4.47666897649694E-13,0.323612504015011,0.755095842701096),
 .UNSPECIFIED.);
#69=B_SPLINE_SURFACE_WITH_KNOTS('',3,3,((#3389,#3390,#3391,#3392,#3393),
(#3394,#3395,#3396,#3397,#3398),(#3399,#3400,#3401,#3402,#3403),(#3404,
#3405,#3406,#3407,#3408),(#3409,#3410,#3411,#3412,#3413),(#3414,#3415,#3416,
#3417,#3418)),.UNSPECIFIED.,.F.,.F.,.F.,(4,1,1,4),(4,1,4),(0.,0.285714285714286,
0.571428571428571,1.),(0.0472728835831797,0.370932808363188,0.802479374736533),
 .UNSPECIFIED.);
#70=B_SPLINE_SURFACE_WITH_KNOTS('',3,3,((#3420,#3421,#3422,#3423),(#3424,
#3425,#3426,#3427),(#3428,#3429,#3430,#3431),(#3432,#3433,#3434,#3435),
(#3436,#3437,#3438,#3439)),.UNSPECIFIED.,.F.,.F.,.F.,(4,1,4),(4,4),(0.,
0.5,1.),(0.,0.270286366016724),.UNSPECIFIED.);
#71=B_SPLINE_SURFACE_WITH_KNOTS('',3,3,((#3450,#3451,#3452,#3453),(#3454,
#3455,#3456,#3457),(#3458,#3459,#3460,#3461),(#3462,#3463,#3464,#3465),
(#3466,#3467,#3468,#3469)),.UNSPECIFIED.,.F.,.F.,.F.,(4,1,4),(4,4),(0.,
0.5,1.),(0.,0.270287156002925),.UNSPECIFIED.);
#72=B_SPLINE_SURFACE_WITH_KNOTS('',3,3,((#3481,#3482,#3483,#3484,#3485),
(#3486,#3487,#3488,#3489,#3490),(#3491,#3492,#3493,#3494,#3495),(#3496,
#3497,#3498,#3499,#3500),(#3501,#3502,#3503,#3504,#3505),(#3506,#3507,#3508,
#3509,#3510)),.UNSPECIFIED.,.F.,.F.,.F.,(4,1,1,4),(4,1,4),(0.,0.285714285714286,
0.571428571428571,1.),(4.44597159094568E-13,0.431546456011518,0.755206298019824),
 .UNSPECIFIED.);
#73=FACE_BOUND('',#197,.T.);
#74=FACE_BOUND('',#199,.T.);
#75=FACE_BOUND('',#201,.T.);
#76=FACE_BOUND('',#203,.T.);
#77=FACE_BOUND('',#235,.T.);
#78=FACE_BOUND('',#236,.T.);
#79=FACE_BOUND('',#237,.T.);
#80=FACE_BOUND('',#246,.T.);
#81=FACE_BOUND('',#248,.T.);
#82=FACE_BOUND('',#254,.T.);
#83=FACE_BOUND('',#257,.T.);
#84=FACE_BOUND('',#263,.T.);
#85=FACE_BOUND('',#265,.T.);
#86=FACE_BOUND('',#282,.T.);
#87=FACE_BOUND('',#284,.T.);
#88=FACE_BOUND('',#288,.T.);
#89=FACE_BOUND('',#291,.T.);
#90=FACE_BOUND('',#310,.T.);
#91=FACE_BOUND('',#311,.T.);
#92=FACE_BOUND('',#312,.T.);
#93=FACE_BOUND('',#313,.T.);
#94=FACE_BOUND('',#314,.T.);
#95=FACE_BOUND('',#315,.T.);
#96=FACE_BOUND('',#316,.T.);
#97=FACE_BOUND('',#317,.T.);
#98=FACE_BOUND('',#318,.T.);
#99=FACE_OUTER_BOUND('',#196,.T.);
#100=FACE_OUTER_BOUND('',#198,.T.);
#101=FACE_OUTER_BOUND('',#200,.T.);
#102=FACE_OUTER_BOUND('',#202,.T.);
#103=FACE_OUTER_BOUND('',#204,.T.);
#104=FACE_OUTER_BOUND('',#205,.T.);
#105=FACE_OUTER_BOUND('',#206,.T.);
#106=FACE_OUTER_BOUND('',#207,.T.);
#107=FACE_OUTER_BOUND('',#208,.T.);
#108=FACE_OUTER_BOUND('',#209,.T.);
#109=FACE_OUTER_BOUND('',#210,.T.);
#110=FACE_OUTER_BOUND('',#211,.T.);
#111=FACE_OUTER_BOUND('',#212,.T.);
#112=FACE_OUTER_BOUND('',#213,.T.);
#113=FACE_OUTER_BOUND('',#214,.T.);
#114=FACE_OUTER_BOUND('',#215,.T.);
#115=FACE_OUTER_BOUND('',#216,.T.);
#116=FACE_OUTER_BOUND('',#217,.T.);
#117=FACE_OUTER_BOUND('',#218,.T.);
#118=FACE_OUTER_BOUND('',#219,.T.);
#119=FACE_OUTER_BOUND('',#220,.T.);
#120=FACE_OUTER_BOUND('',#221,.T.);
#121=FACE_OUTER_BOUND('',#222,.T.);
#122=FACE_OUTER_BOUND('',#223,.T.);
#123=FACE_OUTER_BOUND('',#224,.T.);
#124=FACE_OUTER_BOUND('',#225,.T.);
#125=FACE_OUTER_BOUND('',#226,.T.);
#126=FACE_OUTER_BOUND('',#227,.T.);
#127=FACE_OUTER_BOUND('',#228,.T.);
#128=FACE_OUTER_BOUND('',#229,.T.);
#129=FACE_OUTER_BOUND('',#230,.T.);
#130=FACE_OUTER_BOUND('',#231,.T.);
#131=FACE_OUTER_BOUND('',#232,.T.);
#132=FACE_OUTER_BOUND('',#233,.T.);
#133=FACE_OUTER_BOUND('',#234,.T.);
#134=FACE_OUTER_BOUND('',#238,.T.);
#135=FACE_OUTER_BOUND('',#239,.T.);
#136=FACE_OUTER_BOUND('',#240,.T.);
#137=FACE_OUTER_BOUND('',#241,.T.);
#138=FACE_OUTER_BOUND('',#242,.T.);
#139=FACE_OUTER_BOUND('',#243,.T.);
#140=FACE_OUTER_BOUND('',#244,.T.);
#141=FACE_OUTER_BOUND('',#245,.T.);
#142=FACE_OUTER_BOUND('',#247,.T.);
#143=FACE_OUTER_BOUND('',#249,.T.);
#144=FACE_OUTER_BOUND('',#250,.T.);
#145=FACE_OUTER_BOUND('',#251,.T.);
#146=FACE_OUTER_BOUND('',#252,.T.);
#147=FACE_OUTER_BOUND('',#253,.T.);
#148=FACE_OUTER_BOUND('',#255,.T.);
#149=FACE_OUTER_BOUND('',#256,.T.);
#150=FACE_OUTER_BOUND('',#258,.T.);
#151=FACE_OUTER_BOUND('',#259,.T.);
#152=FACE_OUTER_BOUND('',#260,.T.);
#153=FACE_OUTER_BOUND('',#261,.T.);
#154=FACE_OUTER_BOUND('',#262,.T.);
#155=FACE_OUTER_BOUND('',#264,.T.);
#156=FACE_OUTER_BOUND('',#266,.T.);
#157=FACE_OUTER_BOUND('',#267,.T.);
#158=FACE_OUTER_BOUND('',#268,.T.);
#159=FACE_OUTER_BOUND('',#269,.T.);
#160=FACE_OUTER_BOUND('',#270,.T.);
#161=FACE_OUTER_BOUND('',#271,.T.);
#162=FACE_OUTER_BOUND('',#272,.T.);
#163=FACE_OUTER_BOUND('',#273,.T.);
#164=FACE_OUTER_BOUND('',#274,.T.);
#165=FACE_OUTER_BOUND('',#275,.T.);
#166=FACE_OUTER_BOUND('',#276,.T.);
#167=FACE_OUTER_BOUND('',#277,.T.);
#168=FACE_OUTER_BOUND('',#278,.T.);
#169=FACE_OUTER_BOUND('',#279,.T.);
#170=FACE_OUTER_BOUND('',#280,.T.);
#171=FACE_OUTER_BOUND('',#281,.T.);
#172=FACE_OUTER_BOUND('',#283,.T.);
#173=FACE_OUTER_BOUND('',#285,.T.);
#174=FACE_OUTER_BOUND('',#286,.T.);
#175=FACE_OUTER_BOUND('',#287,.T.);
#176=FACE_OUTER_BOUND('',#289,.T.);
#177=FACE_OUTER_BOUND('',#290,.T.);
#178=FACE_OUTER_BOUND('',#292,.T.);
#179=FACE_OUTER_BOUND('',#293,.T.);
#180=FACE_OUTER_BOUND('',#294,.T.);
#181=FACE_OUTER_BOUND('',#295,.T.);
#182=FACE_OUTER_BOUND('',#296,.T.);
#183=FACE_OUTER_BOUND('',#297,.T.);
#184=FACE_OUTER_BOUND('',#298,.T.);
#185=FACE_OUTER_BOUND('',#299,.T.);
#186=FACE_OUTER_BOUND('',#300,.T.);
#187=FACE_OUTER_BOUND('',#301,.T.);
#188=FACE_OUTER_BOUND('',#302,.T.);
#189=FACE_OUTER_BOUND('',#303,.T.);
#190=FACE_OUTER_BOUND('',#304,.T.);
#191=FACE_OUTER_BOUND('',#305,.T.);
#192=FACE_OUTER_BOUND('',#306,.T.);
#193=FACE_OUTER_BOUND('',#307,.T.);
#194=FACE_OUTER_BOUND('',#308,.T.);
#195=FACE_OUTER_BOUND('',#309,.T.);
#196=EDGE_LOOP('',(#1019,#1020,#1021,#1022,#1023,#1024,#1025,#1026));
#197=EDGE_LOOP('',(#1027));
#198=EDGE_LOOP('',(#1028,#1029,#1030,#1031,#1032,#1033,#1034,#1035));
#199=EDGE_LOOP('',(#1036));
#200=EDGE_LOOP('',(#1037,#1038,#1039,#1040,#1041,#1042,#1043,#1044));
#201=EDGE_LOOP('',(#1045));
#202=EDGE_LOOP('',(#1046,#1047,#1048,#1049,#1050,#1051,#1052,#1053,#1054));
#203=EDGE_LOOP('',(#1055));
#204=EDGE_LOOP('',(#1056,#1057,#1058,#1059));
#205=EDGE_LOOP('',(#1060,#1061,#1062));
#206=EDGE_LOOP('',(#1063,#1064,#1065,#1066));
#207=EDGE_LOOP('',(#1067,#1068,#1069));
#208=EDGE_LOOP('',(#1070,#1071,#1072,#1073));
#209=EDGE_LOOP('',(#1074,#1075,#1076));
#210=EDGE_LOOP('',(#1077,#1078,#1079,#1080));
#211=EDGE_LOOP('',(#1081,#1082,#1083));
#212=EDGE_LOOP('',(#1084,#1085,#1086));
#213=EDGE_LOOP('',(#1087,#1088,#1089,#1090));
#214=EDGE_LOOP('',(#1091,#1092,#1093,#1094));
#215=EDGE_LOOP('',(#1095,#1096,#1097,#1098,#1099,#1100));
#216=EDGE_LOOP('',(#1101,#1102,#1103,#1104));
#217=EDGE_LOOP('',(#1105,#1106,#1107));
#218=EDGE_LOOP('',(#1108,#1109,#1110,#1111));
#219=EDGE_LOOP('',(#1112,#1113,#1114,#1115));
#220=EDGE_LOOP('',(#1116,#1117,#1118));
#221=EDGE_LOOP('',(#1119,#1120,#1121,#1122));
#222=EDGE_LOOP('',(#1123,#1124,#1125,#1126));
#223=EDGE_LOOP('',(#1127,#1128,#1129,#1130,#1131,#1132));
#224=EDGE_LOOP('',(#1133,#1134,#1135,#1136));
#225=EDGE_LOOP('',(#1137,#1138,#1139));
#226=EDGE_LOOP('',(#1140,#1141,#1142,#1143));
#227=EDGE_LOOP('',(#1144,#1145,#1146,#1147));
#228=EDGE_LOOP('',(#1148,#1149,#1150,#1151,#1152,#1153));
#229=EDGE_LOOP('',(#1154,#1155,#1156,#1157));
#230=EDGE_LOOP('',(#1158,#1159,#1160,#1161));
#231=EDGE_LOOP('',(#1162,#1163,#1164,#1165));
#232=EDGE_LOOP('',(#1166,#1167,#1168,#1169,#1170,#1171));
#233=EDGE_LOOP('',(#1172,#1173,#1174,#1175,#1176,#1177));
#234=EDGE_LOOP('',(#1178,#1179,#1180,#1181,#1182,#1183,#1184,#1185));
#235=EDGE_LOOP('',(#1186));
#236=EDGE_LOOP('',(#1187));
#237=EDGE_LOOP('',(#1188));
#238=EDGE_LOOP('',(#1189,#1190,#1191,#1192,#1193,#1194));
#239=EDGE_LOOP('',(#1195,#1196,#1197,#1198,#1199,#1200));
#240=EDGE_LOOP('',(#1201,#1202,#1203,#1204));
#241=EDGE_LOOP('',(#1205,#1206,#1207,#1208));
#242=EDGE_LOOP('',(#1209,#1210,#1211,#1212));
#243=EDGE_LOOP('',(#1213,#1214,#1215,#1216,#1217,#1218));
#244=EDGE_LOOP('',(#1219,#1220,#1221,#1222,#1223,#1224));
#245=EDGE_LOOP('',(#1225));
#246=EDGE_LOOP('',(#1226));
#247=EDGE_LOOP('',(#1227));
#248=EDGE_LOOP('',(#1228));
#249=EDGE_LOOP('',(#1229,#1230,#1231,#1232));
#250=EDGE_LOOP('',(#1233,#1234,#1235,#1236));
#251=EDGE_LOOP('',(#1237,#1238,#1239,#1240));
#252=EDGE_LOOP('',(#1241,#1242,#1243,#1244));
#253=EDGE_LOOP('',(#1245));
#254=EDGE_LOOP('',(#1246));
#255=EDGE_LOOP('',(#1247,#1248,#1249,#1250));
#256=EDGE_LOOP('',(#1251));
#257=EDGE_LOOP('',(#1252));
#258=EDGE_LOOP('',(#1253,#1254,#1255,#1256));
#259=EDGE_LOOP('',(#1257,#1258,#1259,#1260));
#260=EDGE_LOOP('',(#1261,#1262,#1263,#1264));
#261=EDGE_LOOP('',(#1265,#1266,#1267,#1268));
#262=EDGE_LOOP('',(#1269));
#263=EDGE_LOOP('',(#1270));
#264=EDGE_LOOP('',(#1271));
#265=EDGE_LOOP('',(#1272));
#266=EDGE_LOOP('',(#1273,#1274,#1275,#1276));
#267=EDGE_LOOP('',(#1277,#1278,#1279,#1280,#1281,#1282));
#268=EDGE_LOOP('',(#1283,#1284,#1285,#1286));
#269=EDGE_LOOP('',(#1287,#1288,#1289,#1290));
#270=EDGE_LOOP('',(#1291,#1292,#1293,#1294));
#271=EDGE_LOOP('',(#1295,#1296,#1297,#1298,#1299,#1300));
#272=EDGE_LOOP('',(#1301,#1302,#1303,#1304));
#273=EDGE_LOOP('',(#1305,#1306,#1307,#1308,#1309,#1310));
#274=EDGE_LOOP('',(#1311,#1312,#1313,#1314,#1315,#1316));
#275=EDGE_LOOP('',(#1317,#1318,#1319,#1320));
#276=EDGE_LOOP('',(#1321,#1322,#1323,#1324));
#277=EDGE_LOOP('',(#1325,#1326,#1327,#1328));
#278=EDGE_LOOP('',(#1329,#1330,#1331,#1332,#1333,#1334));
#279=EDGE_LOOP('',(#1335,#1336,#1337,#1338));
#280=EDGE_LOOP('',(#1339,#1340,#1341,#1342,#1343,#1344));
#281=EDGE_LOOP('',(#1345,#1346,#1347,#1348));
#282=EDGE_LOOP('',(#1349));
#283=EDGE_LOOP('',(#1350,#1351,#1352,#1353));
#284=EDGE_LOOP('',(#1354));
#285=EDGE_LOOP('',(#1355,#1356,#1357,#1358));
#286=EDGE_LOOP('',(#1359,#1360,#1361,#1362));
#287=EDGE_LOOP('',(#1363));
#288=EDGE_LOOP('',(#1364));
#289=EDGE_LOOP('',(#1365,#1366,#1367,#1368));
#290=EDGE_LOOP('',(#1369));
#291=EDGE_LOOP('',(#1370));
#292=EDGE_LOOP('',(#1371,#1372,#1373,#1374));
#293=EDGE_LOOP('',(#1375,#1376,#1377,#1378));
#294=EDGE_LOOP('',(#1379,#1380,#1381,#1382));
#295=EDGE_LOOP('',(#1383,#1384,#1385,#1386,#1387,#1388,#1389,#1390,#1391,
#1392,#1393,#1394,#1395,#1396));
#296=EDGE_LOOP('',(#1397,#1398,#1399,#1400));
#297=EDGE_LOOP('',(#1401,#1402,#1403,#1404));
#298=EDGE_LOOP('',(#1405,#1406,#1407,#1408));
#299=EDGE_LOOP('',(#1409,#1410,#1411,#1412,#1413,#1414));
#300=EDGE_LOOP('',(#1415,#1416,#1417,#1418));
#301=EDGE_LOOP('',(#1419,#1420,#1421,#1422));
#302=EDGE_LOOP('',(#1423,#1424,#1425,#1426));
#303=EDGE_LOOP('',(#1427,#1428,#1429,#1430,#1431,#1432));
#304=EDGE_LOOP('',(#1433,#1434,#1435,#1436,#1437,#1438,#1439,#1440,#1441,
#1442,#1443,#1444,#1445,#1446,#1447,#1448,#1449,#1450,#1451,#1452));
#305=EDGE_LOOP('',(#1453,#1454,#1455,#1456));
#306=EDGE_LOOP('',(#1457,#1458,#1459,#1460));
#307=EDGE_LOOP('',(#1461,#1462,#1463,#1464));
#308=EDGE_LOOP('',(#1465,#1466,#1467,#1468));
#309=EDGE_LOOP('',(#1469));
#310=EDGE_LOOP('',(#1470,#1471,#1472,#1473,#1474,#1475,#1476,#1477,#1478,
#1479,#1480));
#311=EDGE_LOOP('',(#1481));
#312=EDGE_LOOP('',(#1482));
#313=EDGE_LOOP('',(#1483));
#314=EDGE_LOOP('',(#1484));
#315=EDGE_LOOP('',(#1485));
#316=EDGE_LOOP('',(#1486));
#317=EDGE_LOOP('',(#1487));
#318=EDGE_LOOP('',(#1488));
#319=B_SPLINE_CURVE_WITH_KNOTS('',3,(#2219,#2220,#2221,#2222,#2223,#2224,
#2225,#2226,#2227,#2228,#2229,#2230,#2231,#2232,#2233,#2234),
 .UNSPECIFIED.,.F.,.F.,(4,3,3,3,3,4),(-0.0862655182521675,-0.0724308122631679,
-0.0585961062741682,-0.0390640708494457,-0.019532035424723,0.),
 .UNSPECIFIED.);
#320=B_SPLINE_CURVE_WITH_KNOTS('',3,(#2238,#2239,#2240,#2241,#2242,#2243,
#2244,#2245,#2246,#2247,#2248,#2249,#2250,#2251,#2252,#2253),
 .UNSPECIFIED.,.F.,.F.,(4,3,3,3,3,4),(-0.0862655182521676,-0.0724308122631682,
-0.0585961062741679,-0.0390640708494456,-0.0195320354247229,0.),
 .UNSPECIFIED.);
#321=B_SPLINE_CURVE_WITH_KNOTS('',3,(#2268,#2269,#2270,#2271,#2272,#2273,
#2274,#2275,#2276,#2277,#2278,#2279,#2280,#2281,#2282,#2283),
 .UNSPECIFIED.,.F.,.F.,(4,3,3,3,3,4),(-0.0862198511735882,-0.072407977615193,
-0.0585961040567978,-0.0390640693711985,-0.0195320346855993,0.),
 .UNSPECIFIED.);
#322=B_SPLINE_CURVE_WITH_KNOTS('',3,(#2287,#2288,#2289,#2290,#2291,#2292,
#2293,#2294,#2295,#2296,#2297,#2298,#2299,#2300,#2301,#2302),
 .UNSPECIFIED.,.F.,.F.,(4,3,3,3,3,4),(-0.0862198511735884,-0.0724079776151932,
-0.0585961040567978,-0.0390640693711986,-0.0195320346855991,0.),
 .UNSPECIFIED.);
#323=B_SPLINE_CURVE_WITH_KNOTS('',3,(#2317,#2318,#2319,#2320,#2321,#2322,
#2323,#2324,#2325,#2326,#2327,#2328,#2329,#2330,#2331,#2332),
 .UNSPECIFIED.,.F.,.F.,(4,3,3,3,3,4),(-0.0862589700203617,-0.0724275379882675,
-0.0585961059561733,-0.0390640706374489,-0.0195320353187246,0.),
 .UNSPECIFIED.);
#324=B_SPLINE_CURVE_WITH_KNOTS('',3,(#2336,#2337,#2338,#2339,#2340,#2341,
#2342,#2343,#2344,#2345,#2346,#2347,#2348,#2349,#2350,#2351),
 .UNSPECIFIED.,.F.,.F.,(4,3,3,3,3,4),(-0.0862589813597818,-0.0724275436582529,
-0.0585961059567238,-0.0390640706378161,-0.0195320353189079,0.),
 .UNSPECIFIED.);
#325=B_SPLINE_CURVE_WITH_KNOTS('',3,(#2366,#2367,#2368,#2369,#2370,#2371,
#2372,#2373,#2374,#2375,#2376,#2377,#2378,#2379,#2380,#2381),
 .UNSPECIFIED.,.F.,.F.,(4,3,3,3,3,4),(-0.0862198511735885,-0.0724079776151932,
-0.058596104056798,-0.0390640693711984,-0.0195320346855994,0.),
 .UNSPECIFIED.);
#326=B_SPLINE_CURVE_WITH_KNOTS('',3,(#2387,#2388,#2389,#2390,#2391,#2392,
#2393,#2394,#2395,#2396,#2397,#2398,#2399,#2400,#2401,#2402),
 .UNSPECIFIED.,.F.,.F.,(4,3,3,3,3,4),(-0.0862198511735883,-0.0724079776151931,
-0.0585961040567977,-0.0390640693711985,-0.0195320346855992,0.),
 .UNSPECIFIED.);
#327=B_SPLINE_CURVE_WITH_KNOTS('',3,(#2435,#2436,#2437,#2438,#2439,#2440,
#2441,#2442,#2443,#2444,#2445,#2446),.UNSPECIFIED.,.F.,.F.,(4,2,2,2,2,4),
(0.,0.0195322236693466,0.0390644473386928,0.0585966710080389,0.0724315103322986,
0.0862663496565581),.UNSPECIFIED.);
#328=B_SPLINE_CURVE_WITH_KNOTS('',3,(#2449,#2450,#2451,#2452),
 .UNSPECIFIED.,.F.,.F.,(4,4),(0.046865571156706,0.147242857791323),
 .UNSPECIFIED.);
#329=B_SPLINE_CURVE_WITH_KNOTS('',3,(#2480,#2481,#2482,#2483,#2484,#2485,
#2486,#2487,#2488,#2489,#2490,#2491),.UNSPECIFIED.,.F.,.F.,(4,2,2,2,2,4),
(0.,0.0195322236693466,0.039064447338693,0.0585966710080395,0.0724086782043103,
0.0862206854005811),.UNSPECIFIED.);
#330=B_SPLINE_CURVE_WITH_KNOTS('',3,(#2494,#2495,#2496,#2497),
 .UNSPECIFIED.,.F.,.F.,(4,4),(-0.85411205358578,-0.753649877140237),
 .UNSPECIFIED.);
#331=B_SPLINE_CURVE_WITH_KNOTS('',3,(#2525,#2526,#2527,#2528,#2529,#2530,
#2531,#2532,#2533,#2534,#2535,#2536),.UNSPECIFIED.,.F.,.F.,(4,2,2,2,2,4),
(0.,0.0195322236693466,0.0390644473386928,0.0585966710080392,0.0724282364189023,
0.0862598018297654),.UNSPECIFIED.);
#332=B_SPLINE_CURVE_WITH_KNOTS('',3,(#2539,#2540,#2541,#2542),
 .UNSPECIFIED.,.F.,.F.,(4,4),(0.0472728835831797,0.147649854733062),
 .UNSPECIFIED.);
#333=B_SPLINE_CURVE_WITH_KNOTS('',3,(#2570,#2571,#2572,#2573,#2574,#2575,
#2576,#2577,#2578,#2579,#2580,#2581),.UNSPECIFIED.,.F.,.F.,(4,2,2,2,2,4),
(0.,0.0195322236693466,0.0390644473386928,0.0585966710080396,0.0724086782043104,
0.0862206854005813),.UNSPECIFIED.);
#334=B_SPLINE_CURVE_WITH_KNOTS('',3,(#2584,#2585,#2586,#2587),
 .UNSPECIFIED.,.F.,.F.,(4,4),(-0.755865353265643,-0.655487905064022),
 .UNSPECIFIED.);
#335=B_SPLINE_CURVE_WITH_KNOTS('',3,(#2591,#2592,#2593,#2594),
 .UNSPECIFIED.,.F.,.F.,(4,4),(0.655425709589068,0.755865352954124),
 .UNSPECIFIED.);
#336=B_SPLINE_CURVE_WITH_KNOTS('',3,(#2621,#2622,#2623,#2624,#2625,#2626,
#2627,#2628,#2629,#2630,#2631,#2632),.UNSPECIFIED.,.F.,.F.,(4,2,2,2,2,4),
(0.,0.0195322236693464,0.0390644473386929,0.0585966710080392,0.0724086782043101,
0.0862206854005809),.UNSPECIFIED.);
#337=B_SPLINE_CURVE_WITH_KNOTS('',3,(#2637,#2638,#2639,#2640,#2641),
 .UNSPECIFIED.,.F.,.F.,(4,1,4),(-0.552587877689754,-0.431923059009127,-4.37953332756352E-13),
 .UNSPECIFIED.);
#338=B_SPLINE_CURVE_WITH_KNOTS('',3,(#2642,#2643,#2644,#2645),
 .UNSPECIFIED.,.F.,.F.,(4,4),(-0.655487905064022,-0.552587877689754),
 .UNSPECIFIED.);
#339=B_SPLINE_CURVE_WITH_KNOTS('',3,(#2650,#2651,#2652,#2653),
 .UNSPECIFIED.,.F.,.F.,(4,4),(0.,0.26961104102368),.UNSPECIFIED.);
#340=B_SPLINE_CURVE_WITH_KNOTS('',3,(#2656,#2657,#2658,#2659),
 .UNSPECIFIED.,.F.,.F.,(4,4),(0.,0.269611290400867),.UNSPECIFIED.);
#341=B_SPLINE_CURVE_WITH_KNOTS('',3,(#2662,#2663,#2664,#2665,#2666),
 .UNSPECIFIED.,.F.,.F.,(4,1,4),(0.,0.323942294123196,0.552485365507492),
 .UNSPECIFIED.);
#342=B_SPLINE_CURVE_WITH_KNOTS('',3,(#2667,#2668,#2669,#2670),
 .UNSPECIFIED.,.F.,.F.,(4,4),(0.552485365507492,0.655425709589068),
 .UNSPECIFIED.);
#343=B_SPLINE_CURVE_WITH_KNOTS('',3,(#2674,#2675,#2676,#2677),
 .UNSPECIFIED.,.F.,.F.,(4,4),(0.654829327347635,0.755206298019824),
 .UNSPECIFIED.);
#344=B_SPLINE_CURVE_WITH_KNOTS('',3,(#2704,#2705,#2706,#2707,#2708,#2709,
#2710,#2711,#2712,#2713,#2714,#2715),.UNSPECIFIED.,.F.,.F.,(4,2,2,2,2,4),
(0.,0.0195322236693463,0.0390644473386929,0.058596671008039,0.0724282420882617,
0.0862598131684843),.UNSPECIFIED.);
#345=B_SPLINE_CURVE_WITH_KNOTS('',3,(#2720,#2721,#2722,#2723,#2724),
 .UNSPECIFIED.,.F.,.F.,(4,1,4),(0.250550126238252,0.370932808363188,0.802479374736533),
 .UNSPECIFIED.);
#346=B_SPLINE_CURVE_WITH_KNOTS('',3,(#2725,#2726,#2727,#2728),
 .UNSPECIFIED.,.F.,.F.,(4,4),(0.147649854733062,0.250550126238252),
 .UNSPECIFIED.);
#347=B_SPLINE_CURVE_WITH_KNOTS('',3,(#2732,#2733,#2734,#2735),
 .UNSPECIFIED.,.F.,.F.,(4,4),(0.753650322176537,0.854112047254539),
 .UNSPECIFIED.);
#348=B_SPLINE_CURVE_WITH_KNOTS('',3,(#2762,#2763,#2764,#2765,#2766,#2767,
#2768,#2769,#2770,#2771,#2772,#2773),.UNSPECIFIED.,.F.,.F.,(4,2,2,2,2,4),
(0.,0.0195322236693463,0.039064447338693,0.0585966710080394,0.0724086782043103,
0.0862206854005811),.UNSPECIFIED.);
#349=B_SPLINE_CURVE_WITH_KNOTS('',3,(#2778,#2779,#2780,#2781,#2782),
 .UNSPECIFIED.,.F.,.F.,(4,1,4),(-0.650698430329309,-0.36604802296539,-9.73894780545921E-14),
 .UNSPECIFIED.);
#350=B_SPLINE_CURVE_WITH_KNOTS('',3,(#2783,#2784,#2785,#2786),
 .UNSPECIFIED.,.F.,.F.,(4,4),(-0.753649877140237,-0.650698430329309),
 .UNSPECIFIED.);
#351=B_SPLINE_CURVE_WITH_KNOTS('',3,(#2791,#2792,#2793,#2794),
 .UNSPECIFIED.,.F.,.F.,(4,4),(0.,0.171794200344733),.UNSPECIFIED.);
#352=B_SPLINE_CURVE_WITH_KNOTS('',3,(#2797,#2798,#2799,#2800),
 .UNSPECIFIED.,.F.,.F.,(4,4),(0.,0.171794175153147),.UNSPECIFIED.);
#353=B_SPLINE_CURVE_WITH_KNOTS('',3,(#2803,#2804,#2805,#2806,#2807),
 .UNSPECIFIED.,.F.,.F.,(4,1,4),(0.,0.366048020251945,0.650699579527987),
 .UNSPECIFIED.);
#354=B_SPLINE_CURVE_WITH_KNOTS('',3,(#2808,#2809,#2810,#2811),
 .UNSPECIFIED.,.F.,.F.,(4,4),(0.650699579527987,0.753650322176537),
 .UNSPECIFIED.);
#355=B_SPLINE_CURVE_WITH_KNOTS('',3,(#2815,#2816,#2817,#2818),
 .UNSPECIFIED.,.F.,.F.,(4,4),(0.654656136731349,0.755095842701096),
 .UNSPECIFIED.);
#356=B_SPLINE_CURVE_WITH_KNOTS('',3,(#2845,#2846,#2847,#2848,#2849,#2850,
#2851,#2852,#2853,#2854,#2855,#2856),.UNSPECIFIED.,.F.,.F.,(4,2,2,2,2,4),
(0.,0.0195322236693464,0.0390644473386926,0.0585966710080385,0.0724315103322987,
0.086266349656558),.UNSPECIFIED.);
#357=B_SPLINE_CURVE_WITH_KNOTS('',3,(#2861,#2862,#2863,#2864,#2865),
 .UNSPECIFIED.,.F.,.F.,(4,1,4),(0.250143570151751,0.370478073692667,0.801961410407282),
 .UNSPECIFIED.);
#358=B_SPLINE_CURVE_WITH_KNOTS('',3,(#2866,#2867,#2868,#2869),
 .UNSPECIFIED.,.F.,.F.,(4,4),(0.147242857791323,0.250143570151751),
 .UNSPECIFIED.);
#359=B_SPLINE_CURVE_WITH_KNOTS('',3,(#2901,#2902,#2903,#2904,#2905),
 .UNSPECIFIED.,.F.,.F.,(4,1,4),(-0.755865352954124,-0.323942294123196,0.),
 .UNSPECIFIED.);
#360=B_SPLINE_CURVE_WITH_KNOTS('',3,(#2928,#2929,#2930,#2931),
 .UNSPECIFIED.,.F.,.F.,(4,4),(-0.26961104102368,0.),.UNSPECIFIED.);
#361=B_SPLINE_CURVE_WITH_KNOTS('',3,(#2958,#2959,#2960,#2961),
 .UNSPECIFIED.,.F.,.F.,(4,4),(-0.269611290400867,0.),.UNSPECIFIED.);
#362=B_SPLINE_CURVE_WITH_KNOTS('',3,(#2993,#2994,#2995,#2996,#2997),
 .UNSPECIFIED.,.F.,.F.,(4,1,4),(4.37953332756352E-13,0.431923059009127,
0.755865353265643),.UNSPECIFIED.);
#363=B_SPLINE_CURVE_WITH_KNOTS('',3,(#3002,#3003,#3004,#3005),
 .UNSPECIFIED.,.F.,.F.,(4,4),(-0.270400422685863,0.),.UNSPECIFIED.);
#364=B_SPLINE_CURVE_WITH_KNOTS('',3,(#3006,#3007,#3008,#3009,#3010),
 .UNSPECIFIED.,.F.,.F.,(4,1,4),(-0.755095842701096,-0.323612504015011,-4.47666897649694E-13),
 .UNSPECIFIED.);
#365=B_SPLINE_CURVE_WITH_KNOTS('',3,(#3033,#3034,#3035,#3036,#3037),
 .UNSPECIFIED.,.F.,.F.,(4,1,4),(9.73894780545921E-14,0.36604802296539,0.85411205358578),
 .UNSPECIFIED.);
#366=B_SPLINE_CURVE_WITH_KNOTS('',3,(#3038,#3039,#3040,#3041),
 .UNSPECIFIED.,.F.,.F.,(4,4),(-0.171794175153147,0.),.UNSPECIFIED.);
#367=B_SPLINE_CURVE_WITH_KNOTS('',3,(#3073,#3074,#3075,#3076,#3077),
 .UNSPECIFIED.,.F.,.F.,(4,1,4),(-0.854112047254539,-0.366048020251945,0.),
 .UNSPECIFIED.);
#368=B_SPLINE_CURVE_WITH_KNOTS('',3,(#3099,#3100,#3101,#3102),
 .UNSPECIFIED.,.F.,.F.,(4,4),(-0.171794200344733,0.),.UNSPECIFIED.);
#369=B_SPLINE_CURVE_WITH_KNOTS('',3,(#3160,#3161,#3162,#3163,#3164),
 .UNSPECIFIED.,.F.,.F.,(4,1,4),(-0.802479374736533,-0.370932808363188,-0.0472728835831797),
 .UNSPECIFIED.);
#370=B_SPLINE_CURVE_WITH_KNOTS('',3,(#3165,#3166,#3167,#3168),
 .UNSPECIFIED.,.F.,.F.,(4,4),(-0.270286366016724,0.),.UNSPECIFIED.);
#371=B_SPLINE_CURVE_WITH_KNOTS('',3,(#3281,#3282,#3283,#3284,#3285),
 .UNSPECIFIED.,.F.,.F.,(4,1,4),(-0.801961410407282,-0.370478073692667,-0.046865571156706),
 .UNSPECIFIED.);
#372=B_SPLINE_CURVE_WITH_KNOTS('',3,(#3308,#3309,#3310,#3311),
 .UNSPECIFIED.,.F.,.F.,(4,4),(-0.270399830107109,0.),.UNSPECIFIED.);
#373=B_SPLINE_CURVE_WITH_KNOTS('',3,(#3312,#3313,#3314,#3315),
 .UNSPECIFIED.,.F.,.F.,(4,4),(0.,0.270399830107109),.UNSPECIFIED.);
#374=B_SPLINE_CURVE_WITH_KNOTS('',3,(#3342,#3343,#3344,#3345),
 .UNSPECIFIED.,.F.,.F.,(4,4),(0.,0.270400422685863),.UNSPECIFIED.);
#375=B_SPLINE_CURVE_WITH_KNOTS('',3,(#3377,#3378,#3379,#3380,#3381),
 .UNSPECIFIED.,.F.,.F.,(4,1,4),(4.47666897649694E-13,0.323612504015011,
0.551714912836233),.UNSPECIFIED.);
#376=B_SPLINE_CURVE_WITH_KNOTS('',3,(#3382,#3383,#3384,#3385),
 .UNSPECIFIED.,.F.,.F.,(4,4),(0.551714912836233,0.654656136731349),
 .UNSPECIFIED.);
#377=B_SPLINE_CURVE_WITH_KNOTS('',3,(#3442,#3443,#3444,#3445),
 .UNSPECIFIED.,.F.,.F.,(4,4),(0.,0.270286366016724),.UNSPECIFIED.);
#378=B_SPLINE_CURVE_WITH_KNOTS('',3,(#3473,#3474,#3475,#3476),
 .UNSPECIFIED.,.F.,.F.,(4,4),(-0.270287156002925,0.),.UNSPECIFIED.);
#379=B_SPLINE_CURVE_WITH_KNOTS('',3,(#3477,#3478,#3479,#3480),
 .UNSPECIFIED.,.F.,.F.,(4,4),(0.,0.270287156002925),.UNSPECIFIED.);
#380=B_SPLINE_CURVE_WITH_KNOTS('',3,(#3511,#3512,#3513,#3514,#3515),
 .UNSPECIFIED.,.F.,.F.,(4,1,4),(-0.755206298019824,-0.431546456011518,-4.44597159094568E-13),
 .UNSPECIFIED.);
#381=B_SPLINE_CURVE_WITH_KNOTS('',3,(#3517,#3518,#3519,#3520,#3521),
 .UNSPECIFIED.,.F.,.F.,(4,1,4),(4.44597159094568E-13,0.431546456011518,
0.551929055672034),.UNSPECIFIED.);
#382=B_SPLINE_CURVE_WITH_KNOTS('',3,(#3522,#3523,#3524,#3525),
 .UNSPECIFIED.,.F.,.F.,(4,4),(0.551929055672034,0.654829327347635),
 .UNSPECIFIED.);
#383=LINE('',#2215,#465);
#384=LINE('',#2217,#466);
#385=LINE('',#2255,#467);
#386=LINE('',#2256,#468);
#387=LINE('',#2264,#469);
#388=LINE('',#2266,#470);
#389=LINE('',#2304,#471);
#390=LINE('',#2305,#472);
#391=LINE('',#2313,#473);
#392=LINE('',#2315,#474);
#393=LINE('',#2353,#475);
#394=LINE('',#2354,#476);
#395=LINE('',#2362,#477);
#396=LINE('',#2364,#478);
#397=LINE('',#2404,#479);
#398=LINE('',#2405,#480);
#399=LINE('',#2433,#481);
#400=LINE('',#2447,#482);
#401=LINE('',#2478,#483);
#402=LINE('',#2492,#484);
#403=LINE('',#2523,#485);
#404=LINE('',#2537,#486);
#405=LINE('',#2568,#487);
#406=LINE('',#2582,#488);
#407=LINE('',#2590,#489);
#408=LINE('',#2620,#490);
#409=LINE('',#2635,#491);
#410=LINE('',#2648,#492);
#411=LINE('',#2673,#493);
#412=LINE('',#2703,#494);
#413=LINE('',#2718,#495);
#414=LINE('',#2731,#496);
#415=LINE('',#2761,#497);
#416=LINE('',#2776,#498);
#417=LINE('',#2789,#499);
#418=LINE('',#2814,#500);
#419=LINE('',#2844,#501);
#420=LINE('',#2859,#502);
#421=LINE('',#3183,#503);
#422=LINE('',#3187,#504);
#423=LINE('',#3190,#505);
#424=LINE('',#3195,#506);
#425=LINE('',#3204,#507);
#426=LINE('',#3212,#508);
#427=LINE('',#3214,#509);
#428=LINE('',#3216,#510);
#429=LINE('',#3217,#511);
#430=LINE('',#3222,#512);
#431=LINE('',#3227,#513);
#432=LINE('',#3229,#514);
#433=LINE('',#3231,#515);
#434=LINE('',#3232,#516);
#435=LINE('',#3237,#517);
#436=LINE('',#3387,#518);
#437=LINE('',#3527,#519);
#438=LINE('',#3532,#520);
#439=LINE('',#3536,#521);
#440=LINE('',#3538,#522);
#441=LINE('',#3541,#523);
#442=LINE('',#3548,#524);
#443=LINE('',#3556,#525);
#444=LINE('',#3558,#526);
#445=LINE('',#3560,#527);
#446=LINE('',#3561,#528);
#447=LINE('',#3564,#529);
#448=LINE('',#3566,#530);
#449=LINE('',#3567,#531);
#450=LINE('',#3570,#532);
#451=LINE('',#3573,#533);
#452=LINE('',#3576,#534);
#453=LINE('',#3579,#535);
#454=LINE('',#3584,#536);
#455=LINE('',#3588,#537);
#456=LINE('',#3591,#538);
#457=LINE('',#3594,#539);
#458=LINE('',#3597,#540);
#459=LINE('',#3600,#541);
#460=LINE('',#3607,#542);
#461=LINE('',#3611,#543);
#462=LINE('',#3615,#544);
#463=LINE('',#3619,#545);
#464=LINE('',#3623,#546);
#465=VECTOR('',#1807,10.);
#466=VECTOR('',#1808,10.);
#467=VECTOR('',#1811,10.);
#468=VECTOR('',#1812,10.);
#469=VECTOR('',#1819,10.);
#470=VECTOR('',#1820,10.);
#471=VECTOR('',#1823,10.);
#472=VECTOR('',#1824,10.);
#473=VECTOR('',#1831,10.);
#474=VECTOR('',#1832,10.);
#475=VECTOR('',#1835,10.);
#476=VECTOR('',#1836,10.);
#477=VECTOR('',#1843,10.);
#478=VECTOR('',#1844,10.);
#479=VECTOR('',#1849,10.);
#480=VECTOR('',#1850,10.);
#481=VECTOR('',#1853,10.);
#482=VECTOR('',#1854,10.);
#483=VECTOR('',#1857,10.);
#484=VECTOR('',#1858,10.);
#485=VECTOR('',#1861,10.);
#486=VECTOR('',#1862,10.);
#487=VECTOR('',#1865,10.);
#488=VECTOR('',#1866,10.);
#489=VECTOR('',#1871,10.);
#490=VECTOR('',#1872,10.);
#491=VECTOR('',#1875,10.);
#492=VECTOR('',#1878,10.);
#493=VECTOR('',#1885,10.);
#494=VECTOR('',#1886,10.);
#495=VECTOR('',#1889,10.);
#496=VECTOR('',#1892,10.);
#497=VECTOR('',#1893,10.);
#498=VECTOR('',#1896,10.);
#499=VECTOR('',#1899,10.);
#500=VECTOR('',#1906,10.);
#501=VECTOR('',#1907,10.);
#502=VECTOR('',#1910,10.);
#503=VECTOR('',#1983,23.5);
#504=VECTOR('',#1988,18.5);
#505=VECTOR('',#1993,21.5000005066395);
#506=VECTOR('',#1998,1.9);
#507=VECTOR('',#2009,1.9);
#508=VECTOR('',#2018,10.);
#509=VECTOR('',#2019,10.);
#510=VECTOR('',#2020,10.);
#511=VECTOR('',#2021,10.);
#512=VECTOR('',#2026,10.);
#513=VECTOR('',#2031,10.);
#514=VECTOR('',#2032,10.);
#515=VECTOR('',#2033,10.);
#516=VECTOR('',#2034,10.);
#517=VECTOR('',#2039,10.);
#518=VECTOR('',#2070,10.);
#519=VECTOR('',#2087,10.);
#520=VECTOR('',#2094,10.);
#521=VECTOR('',#2099,10.);
#522=VECTOR('',#2102,12.5);
#523=VECTOR('',#2105,1.9);
#524=VECTOR('',#2114,1.9);
#525=VECTOR('',#2123,10.);
#526=VECTOR('',#2124,10.);
#527=VECTOR('',#2125,10.);
#528=VECTOR('',#2126,10.);
#529=VECTOR('',#2129,10.);
#530=VECTOR('',#2130,10.);
#531=VECTOR('',#2131,10.);
#532=VECTOR('',#2134,10.);
#533=VECTOR('',#2139,10.);
#534=VECTOR('',#2142,18.55);
#535=VECTOR('',#2145,10.);
#536=VECTOR('',#2152,1.25);
#537=VECTOR('',#2157,1.25);
#538=VECTOR('',#2160,1.25);
#539=VECTOR('',#2165,10.);
#540=VECTOR('',#2168,1.25);
#541=VECTOR('',#2173,10.);
#542=VECTOR('',#2184,51.);
#543=VECTOR('',#2189,2.75);
#544=VECTOR('',#2194,2.75);
#545=VECTOR('',#2199,2.75);
#546=VECTOR('',#2204,2.75);
#547=CIRCLE('',#1640,7.04539076116516);
#548=CIRCLE('',#1641,51.);
#549=CIRCLE('',#1642,2.75);
#550=CIRCLE('',#1644,7.);
#551=CIRCLE('',#1645,51.);
#552=CIRCLE('',#1646,2.75);
#553=CIRCLE('',#1648,7.03888821132687);
#554=CIRCLE('',#1649,51.);
#555=CIRCLE('',#1650,2.75);
#556=CIRCLE('',#1652,7.);
#557=CIRCLE('',#1653,51.);
#558=CIRCLE('',#1654,51.);
#559=CIRCLE('',#1655,2.75);
#560=CIRCLE('',#1663,7.);
#561=CIRCLE('',#1670,7.);
#562=CIRCLE('',#1674,0.5);
#563=CIRCLE('',#1675,0.5);
#564=CIRCLE('',#1677,0.5);
#565=CIRCLE('',#1678,7.5);
#566=CIRCLE('',#1679,0.5);
#567=CIRCLE('',#1681,44.);
#568=CIRCLE('',#1682,51.);
#569=CIRCLE('',#1684,44.);
#570=CIRCLE('',#1685,7.5);
#571=CIRCLE('',#1686,44.);
#572=CIRCLE('',#1687,7.53888821132687);
#573=CIRCLE('',#1688,44.);
#574=CIRCLE('',#1689,7.54539076116516);
#575=CIRCLE('',#1690,1.9);
#576=CIRCLE('',#1691,1.9);
#577=CIRCLE('',#1692,26.5);
#578=CIRCLE('',#1694,51.);
#579=CIRCLE('',#1695,0.500000000000002);
#580=CIRCLE('',#1696,0.5);
#581=CIRCLE('',#1698,0.5);
#582=CIRCLE('',#1699,0.500000000000001);
#583=CIRCLE('',#1701,51.);
#584=CIRCLE('',#1703,23.3);
#585=CIRCLE('',#1704,21.5000005066395);
#586=CIRCLE('',#1706,21.5000005066395);
#587=CIRCLE('',#1707,18.6);
#588=CIRCLE('',#1709,23.5);
#589=CIRCLE('',#1710,23.5);
#590=CIRCLE('',#1712,18.6);
#591=CIRCLE('',#1715,1.9);
#592=CIRCLE('',#1716,1.9);
#593=CIRCLE('',#1718,1.25);
#594=CIRCLE('',#1720,1.9);
#595=CIRCLE('',#1721,1.9);
#596=CIRCLE('',#1723,1.25);
#597=CIRCLE('',#1726,2.5);
#598=CIRCLE('',#1727,2.5);
#599=CIRCLE('',#1730,2.5);
#600=CIRCLE('',#1731,2.5);
#601=CIRCLE('',#1733,17.5);
#602=CIRCLE('',#1735,18.55);
#603=CIRCLE('',#1736,17.5);
#604=CIRCLE('',#1738,0.2);
#605=CIRCLE('',#1739,0.5);
#606=CIRCLE('',#1740,0.5);
#607=CIRCLE('',#1742,0.5);
#608=CIRCLE('',#1743,7.04539076116516);
#609=CIRCLE('',#1744,0.499999999999998);
#610=CIRCLE('',#1747,0.5);
#611=CIRCLE('',#1748,0.499999999999999);
#612=CIRCLE('',#1750,0.500000000000003);
#613=CIRCLE('',#1751,7.03888821132687);
#614=CIRCLE('',#1752,0.5);
#615=CIRCLE('',#1756,18.55);
#616=CIRCLE('',#1758,18.55);
#617=CIRCLE('',#1761,1.9);
#618=CIRCLE('',#1763,1.25);
#619=CIRCLE('',#1765,1.9);
#620=CIRCLE('',#1767,1.25);
#621=CIRCLE('',#1771,18.55);
#622=CIRCLE('',#1773,18.55);
#623=CIRCLE('',#1774,18.55);
#624=CIRCLE('',#1775,18.55);
#625=CIRCLE('',#1777,1.25);
#626=CIRCLE('',#1779,1.25);
#627=CIRCLE('',#1781,1.25);
#628=CIRCLE('',#1784,1.25);
#629=CIRCLE('',#1787,3.);
#630=CIRCLE('',#1789,51.);
#631=CIRCLE('',#1791,51.);
#632=CIRCLE('',#1793,2.75);
#633=CIRCLE('',#1795,2.75);
#634=CIRCLE('',#1797,2.75);
#635=CIRCLE('',#1799,2.75);
#636=VERTEX_POINT('',#2211);
#637=VERTEX_POINT('',#2212);
#638=VERTEX_POINT('',#2214);
#639=VERTEX_POINT('',#2216);
#640=VERTEX_POINT('',#2218);
#641=VERTEX_POINT('',#2235);
#642=VERTEX_POINT('',#2237);
#643=VERTEX_POINT('',#2254);
#644=VERTEX_POINT('',#2257);
#645=VERTEX_POINT('',#2260);
#646=VERTEX_POINT('',#2261);
#647=VERTEX_POINT('',#2263);
#648=VERTEX_POINT('',#2265);
#649=VERTEX_POINT('',#2267);
#650=VERTEX_POINT('',#2284);
#651=VERTEX_POINT('',#2286);
#652=VERTEX_POINT('',#2303);
#653=VERTEX_POINT('',#2306);
#654=VERTEX_POINT('',#2309);
#655=VERTEX_POINT('',#2310);
#656=VERTEX_POINT('',#2312);
#657=VERTEX_POINT('',#2314);
#658=VERTEX_POINT('',#2316);
#659=VERTEX_POINT('',#2333);
#660=VERTEX_POINT('',#2335);
#661=VERTEX_POINT('',#2352);
#662=VERTEX_POINT('',#2355);
#663=VERTEX_POINT('',#2358);
#664=VERTEX_POINT('',#2359);
#665=VERTEX_POINT('',#2361);
#666=VERTEX_POINT('',#2363);
#667=VERTEX_POINT('',#2365);
#668=VERTEX_POINT('',#2382);
#669=VERTEX_POINT('',#2384);
#670=VERTEX_POINT('',#2386);
#671=VERTEX_POINT('',#2403);
#672=VERTEX_POINT('',#2406);
#673=VERTEX_POINT('',#2432);
#674=VERTEX_POINT('',#2434);
#675=VERTEX_POINT('',#2477);
#676=VERTEX_POINT('',#2479);
#677=VERTEX_POINT('',#2522);
#678=VERTEX_POINT('',#2524);
#679=VERTEX_POINT('',#2567);
#680=VERTEX_POINT('',#2569);
#681=VERTEX_POINT('',#2589);
#682=VERTEX_POINT('',#2619);
#683=VERTEX_POINT('',#2634);
#684=VERTEX_POINT('',#2636);
#685=VERTEX_POINT('',#2647);
#686=VERTEX_POINT('',#2649);
#687=VERTEX_POINT('',#2654);
#688=VERTEX_POINT('',#2661);
#689=VERTEX_POINT('',#2672);
#690=VERTEX_POINT('',#2702);
#691=VERTEX_POINT('',#2717);
#692=VERTEX_POINT('',#2719);
#693=VERTEX_POINT('',#2730);
#694=VERTEX_POINT('',#2760);
#695=VERTEX_POINT('',#2775);
#696=VERTEX_POINT('',#2777);
#697=VERTEX_POINT('',#2788);
#698=VERTEX_POINT('',#2790);
#699=VERTEX_POINT('',#2795);
#700=VERTEX_POINT('',#2802);
#701=VERTEX_POINT('',#2813);
#702=VERTEX_POINT('',#2843);
#703=VERTEX_POINT('',#2858);
#704=VERTEX_POINT('',#2860);
#705=VERTEX_POINT('',#2900);
#706=VERTEX_POINT('',#2927);
#707=VERTEX_POINT('',#2934);
#708=VERTEX_POINT('',#2957);
#709=VERTEX_POINT('',#2999);
#710=VERTEX_POINT('',#3001);
#711=VERTEX_POINT('',#3013);
#712=VERTEX_POINT('',#3015);
#713=VERTEX_POINT('',#3017);
#714=VERTEX_POINT('',#3019);
#715=VERTEX_POINT('',#3021);
#716=VERTEX_POINT('',#3024);
#717=VERTEX_POINT('',#3026);
#718=VERTEX_POINT('',#3028);
#719=VERTEX_POINT('',#3032);
#720=VERTEX_POINT('',#3072);
#721=VERTEX_POINT('',#3159);
#722=VERTEX_POINT('',#3170);
#723=VERTEX_POINT('',#3172);
#724=VERTEX_POINT('',#3175);
#725=VERTEX_POINT('',#3177);
#726=VERTEX_POINT('',#3180);
#727=VERTEX_POINT('',#3182);
#728=VERTEX_POINT('',#3186);
#729=VERTEX_POINT('',#3192);
#730=VERTEX_POINT('',#3194);
#731=VERTEX_POINT('',#3198);
#732=VERTEX_POINT('',#3201);
#733=VERTEX_POINT('',#3203);
#734=VERTEX_POINT('',#3207);
#735=VERTEX_POINT('',#3210);
#736=VERTEX_POINT('',#3211);
#737=VERTEX_POINT('',#3213);
#738=VERTEX_POINT('',#3215);
#739=VERTEX_POINT('',#3219);
#740=VERTEX_POINT('',#3221);
#741=VERTEX_POINT('',#3225);
#742=VERTEX_POINT('',#3226);
#743=VERTEX_POINT('',#3228);
#744=VERTEX_POINT('',#3230);
#745=VERTEX_POINT('',#3234);
#746=VERTEX_POINT('',#3236);
#747=VERTEX_POINT('',#3240);
#748=VERTEX_POINT('',#3243);
#749=VERTEX_POINT('',#3245);
#750=VERTEX_POINT('',#3279);
#751=VERTEX_POINT('',#3306);
#752=VERTEX_POINT('',#3317);
#753=VERTEX_POINT('',#3340);
#754=VERTEX_POINT('',#3376);
#755=VERTEX_POINT('',#3440);
#756=VERTEX_POINT('',#3447);
#757=VERTEX_POINT('',#3470);
#758=VERTEX_POINT('',#3471);
#759=VERTEX_POINT('',#3516);
#760=VERTEX_POINT('',#3530);
#761=VERTEX_POINT('',#3534);
#762=VERTEX_POINT('',#3540);
#763=VERTEX_POINT('',#3544);
#764=VERTEX_POINT('',#3547);
#765=VERTEX_POINT('',#3551);
#766=VERTEX_POINT('',#3554);
#767=VERTEX_POINT('',#3555);
#768=VERTEX_POINT('',#3557);
#769=VERTEX_POINT('',#3559);
#770=VERTEX_POINT('',#3563);
#771=VERTEX_POINT('',#3565);
#772=VERTEX_POINT('',#3569);
#773=VERTEX_POINT('',#3574);
#774=VERTEX_POINT('',#3577);
#775=VERTEX_POINT('',#3582);
#776=VERTEX_POINT('',#3586);
#777=VERTEX_POINT('',#3590);
#778=VERTEX_POINT('',#3596);
#779=VERTEX_POINT('',#3606);
#780=VERTEX_POINT('',#3610);
#781=VERTEX_POINT('',#3614);
#782=VERTEX_POINT('',#3618);
#783=VERTEX_POINT('',#3622);
#784=EDGE_CURVE('',#636,#637,#547,.T.);
#785=EDGE_CURVE('',#638,#636,#383,.T.);
#786=EDGE_CURVE('',#639,#638,#384,.T.);
#787=EDGE_CURVE('',#640,#639,#319,.T.);
#788=EDGE_CURVE('',#641,#640,#548,.T.);
#789=EDGE_CURVE('',#642,#641,#320,.T.);
#790=EDGE_CURVE('',#643,#642,#385,.T.);
#791=EDGE_CURVE('',#637,#643,#386,.T.);
#792=EDGE_CURVE('',#644,#644,#549,.T.);
#793=EDGE_CURVE('',#645,#646,#550,.T.);
#794=EDGE_CURVE('',#647,#645,#387,.T.);
#795=EDGE_CURVE('',#648,#647,#388,.T.);
#796=EDGE_CURVE('',#649,#648,#321,.T.);
#797=EDGE_CURVE('',#650,#649,#551,.T.);
#798=EDGE_CURVE('',#651,#650,#322,.T.);
#799=EDGE_CURVE('',#652,#651,#389,.T.);
#800=EDGE_CURVE('',#646,#652,#390,.T.);
#801=EDGE_CURVE('',#653,#653,#552,.T.);
#802=EDGE_CURVE('',#654,#655,#553,.T.);
#803=EDGE_CURVE('',#656,#654,#391,.T.);
#804=EDGE_CURVE('',#657,#656,#392,.T.);
#805=EDGE_CURVE('',#658,#657,#323,.T.);
#806=EDGE_CURVE('',#659,#658,#554,.T.);
#807=EDGE_CURVE('',#660,#659,#324,.T.);
#808=EDGE_CURVE('',#661,#660,#393,.T.);
#809=EDGE_CURVE('',#655,#661,#394,.T.);
#810=EDGE_CURVE('',#662,#662,#555,.T.);
#811=EDGE_CURVE('',#663,#664,#556,.T.);
#812=EDGE_CURVE('',#665,#663,#395,.T.);
#813=EDGE_CURVE('',#666,#665,#396,.T.);
#814=EDGE_CURVE('',#667,#666,#325,.T.);
#815=EDGE_CURVE('',#668,#667,#557,.T.);
#816=EDGE_CURVE('',#669,#668,#558,.T.);
#817=EDGE_CURVE('',#670,#669,#326,.T.);
#818=EDGE_CURVE('',#671,#670,#397,.T.);
#819=EDGE_CURVE('',#664,#671,#398,.T.);
#820=EDGE_CURVE('',#672,#672,#559,.T.);
#821=EDGE_CURVE('',#673,#639,#399,.T.);
#822=EDGE_CURVE('',#674,#673,#327,.F.);
#823=EDGE_CURVE('',#674,#640,#400,.T.);
#824=EDGE_CURVE('',#673,#638,#328,.T.);
#825=EDGE_CURVE('',#675,#648,#401,.T.);
#826=EDGE_CURVE('',#676,#675,#329,.F.);
#827=EDGE_CURVE('',#676,#649,#402,.T.);
#828=EDGE_CURVE('',#675,#647,#330,.T.);
#829=EDGE_CURVE('',#677,#657,#403,.T.);
#830=EDGE_CURVE('',#678,#677,#331,.F.);
#831=EDGE_CURVE('',#678,#658,#404,.T.);
#832=EDGE_CURVE('',#677,#656,#332,.T.);
#833=EDGE_CURVE('',#679,#666,#405,.T.);
#834=EDGE_CURVE('',#680,#679,#333,.F.);
#835=EDGE_CURVE('',#680,#667,#406,.T.);
#836=EDGE_CURVE('',#679,#665,#334,.T.);
#837=EDGE_CURVE('',#681,#670,#407,.T.);
#838=EDGE_CURVE('',#671,#681,#335,.T.);
#839=EDGE_CURVE('',#682,#669,#408,.T.);
#840=EDGE_CURVE('',#682,#681,#336,.T.);
#841=EDGE_CURVE('',#683,#663,#409,.T.);
#842=EDGE_CURVE('',#684,#683,#337,.T.);
#843=EDGE_CURVE('',#665,#684,#338,.T.);
#844=EDGE_CURVE('',#685,#664,#410,.T.);
#845=EDGE_CURVE('',#686,#685,#339,.T.);
#846=EDGE_CURVE('',#687,#686,#560,.T.);
#847=EDGE_CURVE('',#683,#687,#340,.T.);
#848=EDGE_CURVE('',#685,#688,#341,.T.);
#849=EDGE_CURVE('',#688,#671,#342,.T.);
#850=EDGE_CURVE('',#689,#660,#411,.T.);
#851=EDGE_CURVE('',#661,#689,#343,.T.);
#852=EDGE_CURVE('',#690,#659,#412,.T.);
#853=EDGE_CURVE('',#690,#689,#344,.T.);
#854=EDGE_CURVE('',#691,#654,#413,.T.);
#855=EDGE_CURVE('',#692,#691,#345,.T.);
#856=EDGE_CURVE('',#656,#692,#346,.T.);
#857=EDGE_CURVE('',#693,#651,#414,.T.);
#858=EDGE_CURVE('',#652,#693,#347,.T.);
#859=EDGE_CURVE('',#694,#650,#415,.T.);
#860=EDGE_CURVE('',#694,#693,#348,.T.);
#861=EDGE_CURVE('',#695,#645,#416,.T.);
#862=EDGE_CURVE('',#696,#695,#349,.T.);
#863=EDGE_CURVE('',#647,#696,#350,.T.);
#864=EDGE_CURVE('',#697,#646,#417,.T.);
#865=EDGE_CURVE('',#698,#697,#351,.T.);
#866=EDGE_CURVE('',#699,#698,#561,.T.);
#867=EDGE_CURVE('',#695,#699,#352,.T.);
#868=EDGE_CURVE('',#697,#700,#353,.T.);
#869=EDGE_CURVE('',#700,#652,#354,.T.);
#870=EDGE_CURVE('',#701,#642,#418,.T.);
#871=EDGE_CURVE('',#643,#701,#355,.T.);
#872=EDGE_CURVE('',#702,#641,#419,.T.);
#873=EDGE_CURVE('',#702,#701,#356,.T.);
#874=EDGE_CURVE('',#703,#636,#420,.T.);
#875=EDGE_CURVE('',#704,#703,#357,.T.);
#876=EDGE_CURVE('',#638,#704,#358,.T.);
#877=EDGE_CURVE('',#682,#705,#359,.T.);
#878=EDGE_CURVE('',#705,#685,#562,.T.);
#879=EDGE_CURVE('',#705,#706,#360,.T.);
#880=EDGE_CURVE('',#706,#686,#563,.T.);
#881=EDGE_CURVE('',#707,#687,#564,.T.);
#882=EDGE_CURVE('',#706,#707,#565,.T.);
#883=EDGE_CURVE('',#707,#708,#361,.T.);
#884=EDGE_CURVE('',#708,#683,#566,.T.);
#885=EDGE_CURVE('',#708,#680,#362,.T.);
#886=EDGE_CURVE('',#707,#709,#567,.T.);
#887=EDGE_CURVE('',#710,#709,#363,.T.);
#888=EDGE_CURVE('',#702,#710,#364,.T.);
#889=EDGE_CURVE('',#702,#680,#568,.T.);
#890=EDGE_CURVE('',#711,#706,#569,.T.);
#891=EDGE_CURVE('',#712,#711,#570,.T.);
#892=EDGE_CURVE('',#713,#712,#571,.T.);
#893=EDGE_CURVE('',#714,#713,#572,.T.);
#894=EDGE_CURVE('',#715,#714,#573,.T.);
#895=EDGE_CURVE('',#709,#715,#574,.T.);
#896=EDGE_CURVE('',#716,#716,#575,.T.);
#897=EDGE_CURVE('',#717,#717,#576,.T.);
#898=EDGE_CURVE('',#718,#718,#577,.T.);
#899=EDGE_CURVE('',#682,#676,#578,.T.);
#900=EDGE_CURVE('',#719,#676,#365,.T.);
#901=EDGE_CURVE('',#711,#719,#366,.T.);
#902=EDGE_CURVE('',#694,#720,#367,.T.);
#903=EDGE_CURVE('',#720,#697,#579,.T.);
#904=EDGE_CURVE('',#720,#712,#368,.T.);
#905=EDGE_CURVE('',#712,#698,#580,.T.);
#906=EDGE_CURVE('',#711,#699,#581,.T.);
#907=EDGE_CURVE('',#719,#695,#582,.T.);
#908=EDGE_CURVE('',#694,#678,#583,.T.);
#909=EDGE_CURVE('',#721,#678,#369,.T.);
#910=EDGE_CURVE('',#713,#721,#370,.T.);
#911=EDGE_CURVE('',#722,#722,#584,.T.);
#912=EDGE_CURVE('',#723,#723,#585,.T.);
#913=EDGE_CURVE('',#724,#724,#586,.T.);
#914=EDGE_CURVE('',#725,#725,#587,.T.);
#915=EDGE_CURVE('',#726,#726,#588,.T.);
#916=EDGE_CURVE('',#726,#727,#421,.T.);
#917=EDGE_CURVE('',#727,#727,#589,.T.);
#918=EDGE_CURVE('',#725,#728,#422,.T.);
#919=EDGE_CURVE('',#728,#728,#590,.T.);
#920=EDGE_CURVE('',#724,#723,#423,.T.);
#921=EDGE_CURVE('',#729,#729,#591,.T.);
#922=EDGE_CURVE('',#729,#730,#424,.T.);
#923=EDGE_CURVE('',#730,#730,#592,.T.);
#924=EDGE_CURVE('',#731,#731,#593,.T.);
#925=EDGE_CURVE('',#732,#732,#594,.T.);
#926=EDGE_CURVE('',#732,#733,#425,.T.);
#927=EDGE_CURVE('',#733,#733,#595,.T.);
#928=EDGE_CURVE('',#734,#734,#596,.T.);
#929=EDGE_CURVE('',#735,#736,#426,.T.);
#930=EDGE_CURVE('',#737,#736,#427,.T.);
#931=EDGE_CURVE('',#738,#737,#428,.T.);
#932=EDGE_CURVE('',#735,#738,#429,.T.);
#933=EDGE_CURVE('',#736,#739,#597,.T.);
#934=EDGE_CURVE('',#740,#739,#430,.T.);
#935=EDGE_CURVE('',#737,#740,#598,.T.);
#936=EDGE_CURVE('',#741,#742,#431,.T.);
#937=EDGE_CURVE('',#743,#742,#432,.T.);
#938=EDGE_CURVE('',#744,#743,#433,.T.);
#939=EDGE_CURVE('',#741,#744,#434,.T.);
#940=EDGE_CURVE('',#742,#745,#599,.T.);
#941=EDGE_CURVE('',#746,#745,#435,.T.);
#942=EDGE_CURVE('',#743,#746,#600,.T.);
#943=EDGE_CURVE('',#747,#747,#601,.T.);
#944=EDGE_CURVE('',#748,#748,#602,.T.);
#945=EDGE_CURVE('',#749,#749,#603,.T.);
#946=EDGE_CURVE('',#726,#722,#604,.T.);
#947=EDGE_CURVE('',#703,#750,#605,.T.);
#948=EDGE_CURVE('',#750,#674,#371,.T.);
#949=EDGE_CURVE('',#751,#715,#606,.T.);
#950=EDGE_CURVE('',#715,#750,#372,.T.);
#951=EDGE_CURVE('',#703,#751,#373,.T.);
#952=EDGE_CURVE('',#752,#709,#607,.T.);
#953=EDGE_CURVE('',#751,#752,#608,.T.);
#954=EDGE_CURVE('',#753,#710,#609,.T.);
#955=EDGE_CURVE('',#752,#753,#374,.T.);
#956=EDGE_CURVE('',#753,#754,#375,.T.);
#957=EDGE_CURVE('',#754,#643,#376,.T.);
#958=EDGE_CURVE('',#753,#637,#436,.T.);
#959=EDGE_CURVE('',#691,#721,#610,.T.);
#960=EDGE_CURVE('',#755,#713,#611,.T.);
#961=EDGE_CURVE('',#691,#755,#377,.T.);
#962=EDGE_CURVE('',#756,#714,#612,.T.);
#963=EDGE_CURVE('',#755,#756,#613,.T.);
#964=EDGE_CURVE('',#757,#758,#614,.T.);
#965=EDGE_CURVE('',#758,#714,#378,.T.);
#966=EDGE_CURVE('',#756,#757,#379,.T.);
#967=EDGE_CURVE('',#690,#758,#380,.T.);
#968=EDGE_CURVE('',#757,#759,#381,.T.);
#969=EDGE_CURVE('',#759,#661,#382,.T.);
#970=EDGE_CURVE('',#757,#655,#437,.T.);
#971=EDGE_CURVE('',#760,#741,#615,.T.);
#972=EDGE_CURVE('',#745,#760,#438,.T.);
#973=EDGE_CURVE('',#761,#735,#616,.T.);
#974=EDGE_CURVE('',#739,#761,#439,.T.);
#975=EDGE_CURVE('',#749,#747,#440,.T.);
#976=EDGE_CURVE('',#716,#762,#441,.T.);
#977=EDGE_CURVE('',#762,#762,#617,.T.);
#978=EDGE_CURVE('',#763,#763,#618,.T.);
#979=EDGE_CURVE('',#717,#764,#442,.T.);
#980=EDGE_CURVE('',#764,#764,#619,.T.);
#981=EDGE_CURVE('',#765,#765,#620,.T.);
#982=EDGE_CURVE('',#766,#767,#443,.T.);
#983=EDGE_CURVE('',#766,#768,#444,.T.);
#984=EDGE_CURVE('',#768,#769,#445,.T.);
#985=EDGE_CURVE('',#767,#769,#446,.T.);
#986=EDGE_CURVE('',#770,#766,#447,.T.);
#987=EDGE_CURVE('',#770,#771,#448,.T.);
#988=EDGE_CURVE('',#771,#768,#449,.T.);
#989=EDGE_CURVE('',#772,#771,#450,.T.);
#990=EDGE_CURVE('',#769,#772,#621,.T.);
#991=EDGE_CURVE('',#772,#761,#451,.T.);
#992=EDGE_CURVE('',#773,#738,#622,.T.);
#993=EDGE_CURVE('',#773,#748,#452,.T.);
#994=EDGE_CURVE('',#774,#773,#623,.T.);
#995=EDGE_CURVE('',#774,#760,#453,.T.);
#996=EDGE_CURVE('',#767,#744,#624,.T.);
#997=EDGE_CURVE('',#775,#775,#625,.T.);
#998=EDGE_CURVE('',#775,#763,#454,.T.);
#999=EDGE_CURVE('',#776,#776,#626,.T.);
#1000=EDGE_CURVE('',#776,#765,#455,.T.);
#1001=EDGE_CURVE('',#734,#777,#456,.T.);
#1002=EDGE_CURVE('',#777,#777,#627,.T.);
#1003=EDGE_CURVE('',#740,#770,#457,.T.);
#1004=EDGE_CURVE('',#731,#778,#458,.T.);
#1005=EDGE_CURVE('',#778,#778,#628,.T.);
#1006=EDGE_CURVE('',#746,#774,#459,.T.);
#1007=EDGE_CURVE('',#727,#718,#629,.T.);
#1008=EDGE_CURVE('',#690,#674,#630,.T.);
#1009=EDGE_CURVE('',#668,#779,#460,.T.);
#1010=EDGE_CURVE('',#779,#779,#631,.T.);
#1011=EDGE_CURVE('',#644,#780,#461,.T.);
#1012=EDGE_CURVE('',#780,#780,#632,.T.);
#1013=EDGE_CURVE('',#662,#781,#462,.T.);
#1014=EDGE_CURVE('',#781,#781,#633,.T.);
#1015=EDGE_CURVE('',#672,#782,#463,.T.);
#1016=EDGE_CURVE('',#782,#782,#634,.T.);
#1017=EDGE_CURVE('',#653,#783,#464,.T.);
#1018=EDGE_CURVE('',#783,#783,#635,.T.);
#1019=ORIENTED_EDGE('',*,*,#784,.F.);
#1020=ORIENTED_EDGE('',*,*,#785,.F.);
#1021=ORIENTED_EDGE('',*,*,#786,.F.);
#1022=ORIENTED_EDGE('',*,*,#787,.F.);
#1023=ORIENTED_EDGE('',*,*,#788,.F.);
#1024=ORIENTED_EDGE('',*,*,#789,.F.);
#1025=ORIENTED_EDGE('',*,*,#790,.F.);
#1026=ORIENTED_EDGE('',*,*,#791,.F.);
#1027=ORIENTED_EDGE('',*,*,#792,.F.);
#1028=ORIENTED_EDGE('',*,*,#793,.F.);
#1029=ORIENTED_EDGE('',*,*,#794,.F.);
#1030=ORIENTED_EDGE('',*,*,#795,.F.);
#1031=ORIENTED_EDGE('',*,*,#796,.F.);
#1032=ORIENTED_EDGE('',*,*,#797,.F.);
#1033=ORIENTED_EDGE('',*,*,#798,.F.);
#1034=ORIENTED_EDGE('',*,*,#799,.F.);
#1035=ORIENTED_EDGE('',*,*,#800,.F.);
#1036=ORIENTED_EDGE('',*,*,#801,.F.);
#1037=ORIENTED_EDGE('',*,*,#802,.F.);
#1038=ORIENTED_EDGE('',*,*,#803,.F.);
#1039=ORIENTED_EDGE('',*,*,#804,.F.);
#1040=ORIENTED_EDGE('',*,*,#805,.F.);
#1041=ORIENTED_EDGE('',*,*,#806,.F.);
#1042=ORIENTED_EDGE('',*,*,#807,.F.);
#1043=ORIENTED_EDGE('',*,*,#808,.F.);
#1044=ORIENTED_EDGE('',*,*,#809,.F.);
#1045=ORIENTED_EDGE('',*,*,#810,.F.);
#1046=ORIENTED_EDGE('',*,*,#811,.F.);
#1047=ORIENTED_EDGE('',*,*,#812,.F.);
#1048=ORIENTED_EDGE('',*,*,#813,.F.);
#1049=ORIENTED_EDGE('',*,*,#814,.F.);
#1050=ORIENTED_EDGE('',*,*,#815,.F.);
#1051=ORIENTED_EDGE('',*,*,#816,.F.);
#1052=ORIENTED_EDGE('',*,*,#817,.F.);
#1053=ORIENTED_EDGE('',*,*,#818,.F.);
#1054=ORIENTED_EDGE('',*,*,#819,.F.);
#1055=ORIENTED_EDGE('',*,*,#820,.F.);
#1056=ORIENTED_EDGE('',*,*,#787,.T.);
#1057=ORIENTED_EDGE('',*,*,#821,.F.);
#1058=ORIENTED_EDGE('',*,*,#822,.F.);
#1059=ORIENTED_EDGE('',*,*,#823,.T.);
#1060=ORIENTED_EDGE('',*,*,#786,.T.);
#1061=ORIENTED_EDGE('',*,*,#824,.F.);
#1062=ORIENTED_EDGE('',*,*,#821,.T.);
#1063=ORIENTED_EDGE('',*,*,#796,.T.);
#1064=ORIENTED_EDGE('',*,*,#825,.F.);
#1065=ORIENTED_EDGE('',*,*,#826,.F.);
#1066=ORIENTED_EDGE('',*,*,#827,.T.);
#1067=ORIENTED_EDGE('',*,*,#795,.T.);
#1068=ORIENTED_EDGE('',*,*,#828,.F.);
#1069=ORIENTED_EDGE('',*,*,#825,.T.);
#1070=ORIENTED_EDGE('',*,*,#805,.T.);
#1071=ORIENTED_EDGE('',*,*,#829,.F.);
#1072=ORIENTED_EDGE('',*,*,#830,.F.);
#1073=ORIENTED_EDGE('',*,*,#831,.T.);
#1074=ORIENTED_EDGE('',*,*,#804,.T.);
#1075=ORIENTED_EDGE('',*,*,#832,.F.);
#1076=ORIENTED_EDGE('',*,*,#829,.T.);
#1077=ORIENTED_EDGE('',*,*,#814,.T.);
#1078=ORIENTED_EDGE('',*,*,#833,.F.);
#1079=ORIENTED_EDGE('',*,*,#834,.F.);
#1080=ORIENTED_EDGE('',*,*,#835,.T.);
#1081=ORIENTED_EDGE('',*,*,#813,.T.);
#1082=ORIENTED_EDGE('',*,*,#836,.F.);
#1083=ORIENTED_EDGE('',*,*,#833,.T.);
#1084=ORIENTED_EDGE('',*,*,#818,.T.);
#1085=ORIENTED_EDGE('',*,*,#837,.F.);
#1086=ORIENTED_EDGE('',*,*,#838,.F.);
#1087=ORIENTED_EDGE('',*,*,#817,.T.);
#1088=ORIENTED_EDGE('',*,*,#839,.F.);
#1089=ORIENTED_EDGE('',*,*,#840,.T.);
#1090=ORIENTED_EDGE('',*,*,#837,.T.);
#1091=ORIENTED_EDGE('',*,*,#841,.F.);
#1092=ORIENTED_EDGE('',*,*,#842,.F.);
#1093=ORIENTED_EDGE('',*,*,#843,.F.);
#1094=ORIENTED_EDGE('',*,*,#812,.T.);
#1095=ORIENTED_EDGE('',*,*,#844,.F.);
#1096=ORIENTED_EDGE('',*,*,#845,.F.);
#1097=ORIENTED_EDGE('',*,*,#846,.F.);
#1098=ORIENTED_EDGE('',*,*,#847,.F.);
#1099=ORIENTED_EDGE('',*,*,#841,.T.);
#1100=ORIENTED_EDGE('',*,*,#811,.T.);
#1101=ORIENTED_EDGE('',*,*,#848,.F.);
#1102=ORIENTED_EDGE('',*,*,#844,.T.);
#1103=ORIENTED_EDGE('',*,*,#819,.T.);
#1104=ORIENTED_EDGE('',*,*,#849,.F.);
#1105=ORIENTED_EDGE('',*,*,#808,.T.);
#1106=ORIENTED_EDGE('',*,*,#850,.F.);
#1107=ORIENTED_EDGE('',*,*,#851,.F.);
#1108=ORIENTED_EDGE('',*,*,#807,.T.);
#1109=ORIENTED_EDGE('',*,*,#852,.F.);
#1110=ORIENTED_EDGE('',*,*,#853,.T.);
#1111=ORIENTED_EDGE('',*,*,#850,.T.);
#1112=ORIENTED_EDGE('',*,*,#854,.F.);
#1113=ORIENTED_EDGE('',*,*,#855,.F.);
#1114=ORIENTED_EDGE('',*,*,#856,.F.);
#1115=ORIENTED_EDGE('',*,*,#803,.T.);
#1116=ORIENTED_EDGE('',*,*,#799,.T.);
#1117=ORIENTED_EDGE('',*,*,#857,.F.);
#1118=ORIENTED_EDGE('',*,*,#858,.F.);
#1119=ORIENTED_EDGE('',*,*,#798,.T.);
#1120=ORIENTED_EDGE('',*,*,#859,.F.);
#1121=ORIENTED_EDGE('',*,*,#860,.T.);
#1122=ORIENTED_EDGE('',*,*,#857,.T.);
#1123=ORIENTED_EDGE('',*,*,#861,.F.);
#1124=ORIENTED_EDGE('',*,*,#862,.F.);
#1125=ORIENTED_EDGE('',*,*,#863,.F.);
#1126=ORIENTED_EDGE('',*,*,#794,.T.);
#1127=ORIENTED_EDGE('',*,*,#864,.F.);
#1128=ORIENTED_EDGE('',*,*,#865,.F.);
#1129=ORIENTED_EDGE('',*,*,#866,.F.);
#1130=ORIENTED_EDGE('',*,*,#867,.F.);
#1131=ORIENTED_EDGE('',*,*,#861,.T.);
#1132=ORIENTED_EDGE('',*,*,#793,.T.);
#1133=ORIENTED_EDGE('',*,*,#868,.F.);
#1134=ORIENTED_EDGE('',*,*,#864,.T.);
#1135=ORIENTED_EDGE('',*,*,#800,.T.);
#1136=ORIENTED_EDGE('',*,*,#869,.F.);
#1137=ORIENTED_EDGE('',*,*,#790,.T.);
#1138=ORIENTED_EDGE('',*,*,#870,.F.);
#1139=ORIENTED_EDGE('',*,*,#871,.F.);
#1140=ORIENTED_EDGE('',*,*,#789,.T.);
#1141=ORIENTED_EDGE('',*,*,#872,.F.);
#1142=ORIENTED_EDGE('',*,*,#873,.T.);
#1143=ORIENTED_EDGE('',*,*,#870,.T.);
#1144=ORIENTED_EDGE('',*,*,#874,.F.);
#1145=ORIENTED_EDGE('',*,*,#875,.F.);
#1146=ORIENTED_EDGE('',*,*,#876,.F.);
#1147=ORIENTED_EDGE('',*,*,#785,.T.);
#1148=ORIENTED_EDGE('',*,*,#840,.F.);
#1149=ORIENTED_EDGE('',*,*,#877,.T.);
#1150=ORIENTED_EDGE('',*,*,#878,.T.);
#1151=ORIENTED_EDGE('',*,*,#848,.T.);
#1152=ORIENTED_EDGE('',*,*,#849,.T.);
#1153=ORIENTED_EDGE('',*,*,#838,.T.);
#1154=ORIENTED_EDGE('',*,*,#878,.F.);
#1155=ORIENTED_EDGE('',*,*,#879,.T.);
#1156=ORIENTED_EDGE('',*,*,#880,.T.);
#1157=ORIENTED_EDGE('',*,*,#845,.T.);
#1158=ORIENTED_EDGE('',*,*,#881,.T.);
#1159=ORIENTED_EDGE('',*,*,#846,.T.);
#1160=ORIENTED_EDGE('',*,*,#880,.F.);
#1161=ORIENTED_EDGE('',*,*,#882,.T.);
#1162=ORIENTED_EDGE('',*,*,#881,.F.);
#1163=ORIENTED_EDGE('',*,*,#883,.T.);
#1164=ORIENTED_EDGE('',*,*,#884,.T.);
#1165=ORIENTED_EDGE('',*,*,#847,.T.);
#1166=ORIENTED_EDGE('',*,*,#834,.T.);
#1167=ORIENTED_EDGE('',*,*,#836,.T.);
#1168=ORIENTED_EDGE('',*,*,#843,.T.);
#1169=ORIENTED_EDGE('',*,*,#842,.T.);
#1170=ORIENTED_EDGE('',*,*,#884,.F.);
#1171=ORIENTED_EDGE('',*,*,#885,.T.);
#1172=ORIENTED_EDGE('',*,*,#885,.F.);
#1173=ORIENTED_EDGE('',*,*,#883,.F.);
#1174=ORIENTED_EDGE('',*,*,#886,.T.);
#1175=ORIENTED_EDGE('',*,*,#887,.F.);
#1176=ORIENTED_EDGE('',*,*,#888,.F.);
#1177=ORIENTED_EDGE('',*,*,#889,.T.);
#1178=ORIENTED_EDGE('',*,*,#882,.F.);
#1179=ORIENTED_EDGE('',*,*,#890,.F.);
#1180=ORIENTED_EDGE('',*,*,#891,.F.);
#1181=ORIENTED_EDGE('',*,*,#892,.F.);
#1182=ORIENTED_EDGE('',*,*,#893,.F.);
#1183=ORIENTED_EDGE('',*,*,#894,.F.);
#1184=ORIENTED_EDGE('',*,*,#895,.F.);
#1185=ORIENTED_EDGE('',*,*,#886,.F.);
#1186=ORIENTED_EDGE('',*,*,#896,.T.);
#1187=ORIENTED_EDGE('',*,*,#897,.T.);
#1188=ORIENTED_EDGE('',*,*,#898,.F.);
#1189=ORIENTED_EDGE('',*,*,#879,.F.);
#1190=ORIENTED_EDGE('',*,*,#877,.F.);
#1191=ORIENTED_EDGE('',*,*,#899,.T.);
#1192=ORIENTED_EDGE('',*,*,#900,.F.);
#1193=ORIENTED_EDGE('',*,*,#901,.F.);
#1194=ORIENTED_EDGE('',*,*,#890,.T.);
#1195=ORIENTED_EDGE('',*,*,#860,.F.);
#1196=ORIENTED_EDGE('',*,*,#902,.T.);
#1197=ORIENTED_EDGE('',*,*,#903,.T.);
#1198=ORIENTED_EDGE('',*,*,#868,.T.);
#1199=ORIENTED_EDGE('',*,*,#869,.T.);
#1200=ORIENTED_EDGE('',*,*,#858,.T.);
#1201=ORIENTED_EDGE('',*,*,#903,.F.);
#1202=ORIENTED_EDGE('',*,*,#904,.T.);
#1203=ORIENTED_EDGE('',*,*,#905,.T.);
#1204=ORIENTED_EDGE('',*,*,#865,.T.);
#1205=ORIENTED_EDGE('',*,*,#906,.T.);
#1206=ORIENTED_EDGE('',*,*,#866,.T.);
#1207=ORIENTED_EDGE('',*,*,#905,.F.);
#1208=ORIENTED_EDGE('',*,*,#891,.T.);
#1209=ORIENTED_EDGE('',*,*,#906,.F.);
#1210=ORIENTED_EDGE('',*,*,#901,.T.);
#1211=ORIENTED_EDGE('',*,*,#907,.T.);
#1212=ORIENTED_EDGE('',*,*,#867,.T.);
#1213=ORIENTED_EDGE('',*,*,#826,.T.);
#1214=ORIENTED_EDGE('',*,*,#828,.T.);
#1215=ORIENTED_EDGE('',*,*,#863,.T.);
#1216=ORIENTED_EDGE('',*,*,#862,.T.);
#1217=ORIENTED_EDGE('',*,*,#907,.F.);
#1218=ORIENTED_EDGE('',*,*,#900,.T.);
#1219=ORIENTED_EDGE('',*,*,#904,.F.);
#1220=ORIENTED_EDGE('',*,*,#902,.F.);
#1221=ORIENTED_EDGE('',*,*,#908,.T.);
#1222=ORIENTED_EDGE('',*,*,#909,.F.);
#1223=ORIENTED_EDGE('',*,*,#910,.F.);
#1224=ORIENTED_EDGE('',*,*,#892,.T.);
#1225=ORIENTED_EDGE('',*,*,#911,.F.);
#1226=ORIENTED_EDGE('',*,*,#912,.F.);
#1227=ORIENTED_EDGE('',*,*,#913,.T.);
#1228=ORIENTED_EDGE('',*,*,#914,.T.);
#1229=ORIENTED_EDGE('',*,*,#915,.F.);
#1230=ORIENTED_EDGE('',*,*,#916,.T.);
#1231=ORIENTED_EDGE('',*,*,#917,.F.);
#1232=ORIENTED_EDGE('',*,*,#916,.F.);
#1233=ORIENTED_EDGE('',*,*,#914,.F.);
#1234=ORIENTED_EDGE('',*,*,#918,.T.);
#1235=ORIENTED_EDGE('',*,*,#919,.T.);
#1236=ORIENTED_EDGE('',*,*,#918,.F.);
#1237=ORIENTED_EDGE('',*,*,#913,.F.);
#1238=ORIENTED_EDGE('',*,*,#920,.T.);
#1239=ORIENTED_EDGE('',*,*,#912,.T.);
#1240=ORIENTED_EDGE('',*,*,#920,.F.);
#1241=ORIENTED_EDGE('',*,*,#921,.F.);
#1242=ORIENTED_EDGE('',*,*,#922,.T.);
#1243=ORIENTED_EDGE('',*,*,#923,.T.);
#1244=ORIENTED_EDGE('',*,*,#922,.F.);
#1245=ORIENTED_EDGE('',*,*,#923,.F.);
#1246=ORIENTED_EDGE('',*,*,#924,.F.);
#1247=ORIENTED_EDGE('',*,*,#925,.F.);
#1248=ORIENTED_EDGE('',*,*,#926,.T.);
#1249=ORIENTED_EDGE('',*,*,#927,.T.);
#1250=ORIENTED_EDGE('',*,*,#926,.F.);
#1251=ORIENTED_EDGE('',*,*,#927,.F.);
#1252=ORIENTED_EDGE('',*,*,#928,.F.);
#1253=ORIENTED_EDGE('',*,*,#929,.T.);
#1254=ORIENTED_EDGE('',*,*,#930,.F.);
#1255=ORIENTED_EDGE('',*,*,#931,.F.);
#1256=ORIENTED_EDGE('',*,*,#932,.F.);
#1257=ORIENTED_EDGE('',*,*,#933,.T.);
#1258=ORIENTED_EDGE('',*,*,#934,.F.);
#1259=ORIENTED_EDGE('',*,*,#935,.F.);
#1260=ORIENTED_EDGE('',*,*,#930,.T.);
#1261=ORIENTED_EDGE('',*,*,#936,.T.);
#1262=ORIENTED_EDGE('',*,*,#937,.F.);
#1263=ORIENTED_EDGE('',*,*,#938,.F.);
#1264=ORIENTED_EDGE('',*,*,#939,.F.);
#1265=ORIENTED_EDGE('',*,*,#940,.T.);
#1266=ORIENTED_EDGE('',*,*,#941,.F.);
#1267=ORIENTED_EDGE('',*,*,#942,.F.);
#1268=ORIENTED_EDGE('',*,*,#937,.T.);
#1269=ORIENTED_EDGE('',*,*,#919,.F.);
#1270=ORIENTED_EDGE('',*,*,#943,.T.);
#1271=ORIENTED_EDGE('',*,*,#944,.F.);
#1272=ORIENTED_EDGE('',*,*,#945,.T.);
#1273=ORIENTED_EDGE('',*,*,#915,.T.);
#1274=ORIENTED_EDGE('',*,*,#946,.T.);
#1275=ORIENTED_EDGE('',*,*,#911,.T.);
#1276=ORIENTED_EDGE('',*,*,#946,.F.);
#1277=ORIENTED_EDGE('',*,*,#822,.T.);
#1278=ORIENTED_EDGE('',*,*,#824,.T.);
#1279=ORIENTED_EDGE('',*,*,#876,.T.);
#1280=ORIENTED_EDGE('',*,*,#875,.T.);
#1281=ORIENTED_EDGE('',*,*,#947,.T.);
#1282=ORIENTED_EDGE('',*,*,#948,.T.);
#1283=ORIENTED_EDGE('',*,*,#949,.T.);
#1284=ORIENTED_EDGE('',*,*,#950,.T.);
#1285=ORIENTED_EDGE('',*,*,#947,.F.);
#1286=ORIENTED_EDGE('',*,*,#951,.T.);
#1287=ORIENTED_EDGE('',*,*,#952,.T.);
#1288=ORIENTED_EDGE('',*,*,#895,.T.);
#1289=ORIENTED_EDGE('',*,*,#949,.F.);
#1290=ORIENTED_EDGE('',*,*,#953,.T.);
#1291=ORIENTED_EDGE('',*,*,#954,.T.);
#1292=ORIENTED_EDGE('',*,*,#887,.T.);
#1293=ORIENTED_EDGE('',*,*,#952,.F.);
#1294=ORIENTED_EDGE('',*,*,#955,.T.);
#1295=ORIENTED_EDGE('',*,*,#873,.F.);
#1296=ORIENTED_EDGE('',*,*,#888,.T.);
#1297=ORIENTED_EDGE('',*,*,#954,.F.);
#1298=ORIENTED_EDGE('',*,*,#956,.T.);
#1299=ORIENTED_EDGE('',*,*,#957,.T.);
#1300=ORIENTED_EDGE('',*,*,#871,.T.);
#1301=ORIENTED_EDGE('',*,*,#956,.F.);
#1302=ORIENTED_EDGE('',*,*,#958,.T.);
#1303=ORIENTED_EDGE('',*,*,#791,.T.);
#1304=ORIENTED_EDGE('',*,*,#957,.F.);
#1305=ORIENTED_EDGE('',*,*,#958,.F.);
#1306=ORIENTED_EDGE('',*,*,#955,.F.);
#1307=ORIENTED_EDGE('',*,*,#953,.F.);
#1308=ORIENTED_EDGE('',*,*,#951,.F.);
#1309=ORIENTED_EDGE('',*,*,#874,.T.);
#1310=ORIENTED_EDGE('',*,*,#784,.T.);
#1311=ORIENTED_EDGE('',*,*,#830,.T.);
#1312=ORIENTED_EDGE('',*,*,#832,.T.);
#1313=ORIENTED_EDGE('',*,*,#856,.T.);
#1314=ORIENTED_EDGE('',*,*,#855,.T.);
#1315=ORIENTED_EDGE('',*,*,#959,.T.);
#1316=ORIENTED_EDGE('',*,*,#909,.T.);
#1317=ORIENTED_EDGE('',*,*,#960,.T.);
#1318=ORIENTED_EDGE('',*,*,#910,.T.);
#1319=ORIENTED_EDGE('',*,*,#959,.F.);
#1320=ORIENTED_EDGE('',*,*,#961,.T.);
#1321=ORIENTED_EDGE('',*,*,#962,.T.);
#1322=ORIENTED_EDGE('',*,*,#893,.T.);
#1323=ORIENTED_EDGE('',*,*,#960,.F.);
#1324=ORIENTED_EDGE('',*,*,#963,.T.);
#1325=ORIENTED_EDGE('',*,*,#964,.T.);
#1326=ORIENTED_EDGE('',*,*,#965,.T.);
#1327=ORIENTED_EDGE('',*,*,#962,.F.);
#1328=ORIENTED_EDGE('',*,*,#966,.T.);
#1329=ORIENTED_EDGE('',*,*,#853,.F.);
#1330=ORIENTED_EDGE('',*,*,#967,.T.);
#1331=ORIENTED_EDGE('',*,*,#964,.F.);
#1332=ORIENTED_EDGE('',*,*,#968,.T.);
#1333=ORIENTED_EDGE('',*,*,#969,.T.);
#1334=ORIENTED_EDGE('',*,*,#851,.T.);
#1335=ORIENTED_EDGE('',*,*,#968,.F.);
#1336=ORIENTED_EDGE('',*,*,#970,.T.);
#1337=ORIENTED_EDGE('',*,*,#809,.T.);
#1338=ORIENTED_EDGE('',*,*,#969,.F.);
#1339=ORIENTED_EDGE('',*,*,#970,.F.);
#1340=ORIENTED_EDGE('',*,*,#966,.F.);
#1341=ORIENTED_EDGE('',*,*,#963,.F.);
#1342=ORIENTED_EDGE('',*,*,#961,.F.);
#1343=ORIENTED_EDGE('',*,*,#854,.T.);
#1344=ORIENTED_EDGE('',*,*,#802,.T.);
#1345=ORIENTED_EDGE('',*,*,#940,.F.);
#1346=ORIENTED_EDGE('',*,*,#936,.F.);
#1347=ORIENTED_EDGE('',*,*,#971,.F.);
#1348=ORIENTED_EDGE('',*,*,#972,.F.);
#1349=ORIENTED_EDGE('',*,*,#921,.T.);
#1350=ORIENTED_EDGE('',*,*,#933,.F.);
#1351=ORIENTED_EDGE('',*,*,#929,.F.);
#1352=ORIENTED_EDGE('',*,*,#973,.F.);
#1353=ORIENTED_EDGE('',*,*,#974,.F.);
#1354=ORIENTED_EDGE('',*,*,#925,.T.);
#1355=ORIENTED_EDGE('',*,*,#945,.F.);
#1356=ORIENTED_EDGE('',*,*,#975,.T.);
#1357=ORIENTED_EDGE('',*,*,#943,.F.);
#1358=ORIENTED_EDGE('',*,*,#975,.F.);
#1359=ORIENTED_EDGE('',*,*,#896,.F.);
#1360=ORIENTED_EDGE('',*,*,#976,.T.);
#1361=ORIENTED_EDGE('',*,*,#977,.T.);
#1362=ORIENTED_EDGE('',*,*,#976,.F.);
#1363=ORIENTED_EDGE('',*,*,#977,.F.);
#1364=ORIENTED_EDGE('',*,*,#978,.F.);
#1365=ORIENTED_EDGE('',*,*,#897,.F.);
#1366=ORIENTED_EDGE('',*,*,#979,.T.);
#1367=ORIENTED_EDGE('',*,*,#980,.T.);
#1368=ORIENTED_EDGE('',*,*,#979,.F.);
#1369=ORIENTED_EDGE('',*,*,#980,.F.);
#1370=ORIENTED_EDGE('',*,*,#981,.F.);
#1371=ORIENTED_EDGE('',*,*,#982,.F.);
#1372=ORIENTED_EDGE('',*,*,#983,.T.);
#1373=ORIENTED_EDGE('',*,*,#984,.T.);
#1374=ORIENTED_EDGE('',*,*,#985,.F.);
#1375=ORIENTED_EDGE('',*,*,#986,.F.);
#1376=ORIENTED_EDGE('',*,*,#987,.T.);
#1377=ORIENTED_EDGE('',*,*,#988,.T.);
#1378=ORIENTED_EDGE('',*,*,#983,.F.);
#1379=ORIENTED_EDGE('',*,*,#989,.F.);
#1380=ORIENTED_EDGE('',*,*,#990,.F.);
#1381=ORIENTED_EDGE('',*,*,#984,.F.);
#1382=ORIENTED_EDGE('',*,*,#988,.F.);
#1383=ORIENTED_EDGE('',*,*,#985,.T.);
#1384=ORIENTED_EDGE('',*,*,#990,.T.);
#1385=ORIENTED_EDGE('',*,*,#991,.T.);
#1386=ORIENTED_EDGE('',*,*,#973,.T.);
#1387=ORIENTED_EDGE('',*,*,#932,.T.);
#1388=ORIENTED_EDGE('',*,*,#992,.F.);
#1389=ORIENTED_EDGE('',*,*,#993,.T.);
#1390=ORIENTED_EDGE('',*,*,#944,.T.);
#1391=ORIENTED_EDGE('',*,*,#993,.F.);
#1392=ORIENTED_EDGE('',*,*,#994,.F.);
#1393=ORIENTED_EDGE('',*,*,#995,.T.);
#1394=ORIENTED_EDGE('',*,*,#971,.T.);
#1395=ORIENTED_EDGE('',*,*,#939,.T.);
#1396=ORIENTED_EDGE('',*,*,#996,.F.);
#1397=ORIENTED_EDGE('',*,*,#997,.F.);
#1398=ORIENTED_EDGE('',*,*,#998,.T.);
#1399=ORIENTED_EDGE('',*,*,#978,.T.);
#1400=ORIENTED_EDGE('',*,*,#998,.F.);
#1401=ORIENTED_EDGE('',*,*,#999,.F.);
#1402=ORIENTED_EDGE('',*,*,#1000,.T.);
#1403=ORIENTED_EDGE('',*,*,#981,.T.);
#1404=ORIENTED_EDGE('',*,*,#1000,.F.);
#1405=ORIENTED_EDGE('',*,*,#928,.T.);
#1406=ORIENTED_EDGE('',*,*,#1001,.T.);
#1407=ORIENTED_EDGE('',*,*,#1002,.F.);
#1408=ORIENTED_EDGE('',*,*,#1001,.F.);
#1409=ORIENTED_EDGE('',*,*,#974,.T.);
#1410=ORIENTED_EDGE('',*,*,#991,.F.);
#1411=ORIENTED_EDGE('',*,*,#989,.T.);
#1412=ORIENTED_EDGE('',*,*,#987,.F.);
#1413=ORIENTED_EDGE('',*,*,#1003,.F.);
#1414=ORIENTED_EDGE('',*,*,#934,.T.);
#1415=ORIENTED_EDGE('',*,*,#924,.T.);
#1416=ORIENTED_EDGE('',*,*,#1004,.T.);
#1417=ORIENTED_EDGE('',*,*,#1005,.F.);
#1418=ORIENTED_EDGE('',*,*,#1004,.F.);
#1419=ORIENTED_EDGE('',*,*,#972,.T.);
#1420=ORIENTED_EDGE('',*,*,#995,.F.);
#1421=ORIENTED_EDGE('',*,*,#1006,.F.);
#1422=ORIENTED_EDGE('',*,*,#941,.T.);
#1423=ORIENTED_EDGE('',*,*,#917,.T.);
#1424=ORIENTED_EDGE('',*,*,#1007,.T.);
#1425=ORIENTED_EDGE('',*,*,#898,.T.);
#1426=ORIENTED_EDGE('',*,*,#1007,.F.);
#1427=ORIENTED_EDGE('',*,*,#950,.F.);
#1428=ORIENTED_EDGE('',*,*,#894,.T.);
#1429=ORIENTED_EDGE('',*,*,#965,.F.);
#1430=ORIENTED_EDGE('',*,*,#967,.F.);
#1431=ORIENTED_EDGE('',*,*,#1008,.T.);
#1432=ORIENTED_EDGE('',*,*,#948,.F.);
#1433=ORIENTED_EDGE('',*,*,#788,.T.);
#1434=ORIENTED_EDGE('',*,*,#823,.F.);
#1435=ORIENTED_EDGE('',*,*,#1008,.F.);
#1436=ORIENTED_EDGE('',*,*,#852,.T.);
#1437=ORIENTED_EDGE('',*,*,#806,.T.);
#1438=ORIENTED_EDGE('',*,*,#831,.F.);
#1439=ORIENTED_EDGE('',*,*,#908,.F.);
#1440=ORIENTED_EDGE('',*,*,#859,.T.);
#1441=ORIENTED_EDGE('',*,*,#797,.T.);
#1442=ORIENTED_EDGE('',*,*,#827,.F.);
#1443=ORIENTED_EDGE('',*,*,#899,.F.);
#1444=ORIENTED_EDGE('',*,*,#839,.T.);
#1445=ORIENTED_EDGE('',*,*,#816,.T.);
#1446=ORIENTED_EDGE('',*,*,#1009,.T.);
#1447=ORIENTED_EDGE('',*,*,#1010,.T.);
#1448=ORIENTED_EDGE('',*,*,#1009,.F.);
#1449=ORIENTED_EDGE('',*,*,#815,.T.);
#1450=ORIENTED_EDGE('',*,*,#835,.F.);
#1451=ORIENTED_EDGE('',*,*,#889,.F.);
#1452=ORIENTED_EDGE('',*,*,#872,.T.);
#1453=ORIENTED_EDGE('',*,*,#792,.T.);
#1454=ORIENTED_EDGE('',*,*,#1011,.T.);
#1455=ORIENTED_EDGE('',*,*,#1012,.F.);
#1456=ORIENTED_EDGE('',*,*,#1011,.F.);
#1457=ORIENTED_EDGE('',*,*,#810,.T.);
#1458=ORIENTED_EDGE('',*,*,#1013,.T.);
#1459=ORIENTED_EDGE('',*,*,#1014,.F.);
#1460=ORIENTED_EDGE('',*,*,#1013,.F.);
#1461=ORIENTED_EDGE('',*,*,#820,.T.);
#1462=ORIENTED_EDGE('',*,*,#1015,.T.);
#1463=ORIENTED_EDGE('',*,*,#1016,.F.);
#1464=ORIENTED_EDGE('',*,*,#1015,.F.);
#1465=ORIENTED_EDGE('',*,*,#801,.T.);
#1466=ORIENTED_EDGE('',*,*,#1017,.T.);
#1467=ORIENTED_EDGE('',*,*,#1018,.F.);
#1468=ORIENTED_EDGE('',*,*,#1017,.F.);
#1469=ORIENTED_EDGE('',*,*,#1010,.F.);
#1470=ORIENTED_EDGE('',*,*,#982,.T.);
#1471=ORIENTED_EDGE('',*,*,#996,.T.);
#1472=ORIENTED_EDGE('',*,*,#938,.T.);
#1473=ORIENTED_EDGE('',*,*,#942,.T.);
#1474=ORIENTED_EDGE('',*,*,#1006,.T.);
#1475=ORIENTED_EDGE('',*,*,#994,.T.);
#1476=ORIENTED_EDGE('',*,*,#992,.T.);
#1477=ORIENTED_EDGE('',*,*,#931,.T.);
#1478=ORIENTED_EDGE('',*,*,#935,.T.);
#1479=ORIENTED_EDGE('',*,*,#1003,.T.);
#1480=ORIENTED_EDGE('',*,*,#986,.T.);
#1481=ORIENTED_EDGE('',*,*,#997,.T.);
#1482=ORIENTED_EDGE('',*,*,#999,.T.);
#1483=ORIENTED_EDGE('',*,*,#1002,.T.);
#1484=ORIENTED_EDGE('',*,*,#1005,.T.);
#1485=ORIENTED_EDGE('',*,*,#1012,.T.);
#1486=ORIENTED_EDGE('',*,*,#1014,.T.);
#1487=ORIENTED_EDGE('',*,*,#1016,.T.);
#1488=ORIENTED_EDGE('',*,*,#1018,.T.);
#1489=PLANE('',#1639);
#1490=PLANE('',#1643);
#1491=PLANE('',#1647);
#1492=PLANE('',#1651);
#1493=PLANE('',#1656);
#1494=PLANE('',#1657);
#1495=PLANE('',#1658);
#1496=PLANE('',#1659);
#1497=PLANE('',#1660);
#1498=PLANE('',#1661);
#1499=PLANE('',#1664);
#1500=PLANE('',#1665);
#1501=PLANE('',#1666);
#1502=PLANE('',#1667);
#1503=PLANE('',#1668);
#1504=PLANE('',#1671);
#1505=PLANE('',#1672);
#1506=PLANE('',#1673);
#1507=PLANE('',#1683);
#1508=PLANE('',#1702);
#1509=PLANE('',#1705);
#1510=PLANE('',#1717);
#1511=PLANE('',#1722);
#1512=PLANE('',#1724);
#1513=PLANE('',#1728);
#1514=PLANE('',#1732);
#1515=PLANE('',#1734);
#1516=PLANE('',#1745);
#1517=PLANE('',#1753);
#1518=PLANE('',#1755);
#1519=PLANE('',#1757);
#1520=PLANE('',#1762);
#1521=PLANE('',#1766);
#1522=PLANE('',#1768);
#1523=PLANE('',#1769);
#1524=PLANE('',#1770);
#1525=PLANE('',#1782);
#1526=PLANE('',#1785);
#1527=PLANE('',#1800);
#1528=ADVANCED_FACE('',(#99,#73),#1489,.T.);
#1529=ADVANCED_FACE('',(#100,#74),#1490,.T.);
#1530=ADVANCED_FACE('',(#101,#75),#1491,.T.);
#1531=ADVANCED_FACE('',(#102,#76),#1492,.T.);
#1532=ADVANCED_FACE('',(#103),#49,.T.);
#1533=ADVANCED_FACE('',(#104),#1493,.T.);
#1534=ADVANCED_FACE('',(#105),#50,.T.);
#1535=ADVANCED_FACE('',(#106),#1494,.T.);
#1536=ADVANCED_FACE('',(#107),#51,.T.);
#1537=ADVANCED_FACE('',(#108),#1495,.T.);
#1538=ADVANCED_FACE('',(#109),#52,.T.);
#1539=ADVANCED_FACE('',(#110),#1496,.T.);
#1540=ADVANCED_FACE('',(#111),#1497,.T.);
#1541=ADVANCED_FACE('',(#112),#53,.T.);
#1542=ADVANCED_FACE('',(#113),#1498,.F.);
#1543=ADVANCED_FACE('',(#114),#25,.F.);
#1544=ADVANCED_FACE('',(#115),#1499,.F.);
#1545=ADVANCED_FACE('',(#116),#1500,.T.);
#1546=ADVANCED_FACE('',(#117),#54,.T.);
#1547=ADVANCED_FACE('',(#118),#1501,.F.);
#1548=ADVANCED_FACE('',(#119),#1502,.T.);
#1549=ADVANCED_FACE('',(#120),#55,.T.);
#1550=ADVANCED_FACE('',(#121),#1503,.F.);
#1551=ADVANCED_FACE('',(#122),#26,.F.);
#1552=ADVANCED_FACE('',(#123),#1504,.F.);
#1553=ADVANCED_FACE('',(#124),#1505,.T.);
#1554=ADVANCED_FACE('',(#125),#56,.T.);
#1555=ADVANCED_FACE('',(#126),#1506,.F.);
#1556=ADVANCED_FACE('',(#127),#57,.F.);
#1557=ADVANCED_FACE('',(#128),#58,.F.);
#1558=ADVANCED_FACE('',(#129),#15,.T.);
#1559=ADVANCED_FACE('',(#130),#59,.F.);
#1560=ADVANCED_FACE('',(#131),#60,.F.);
#1561=ADVANCED_FACE('',(#132),#16,.T.);
#1562=ADVANCED_FACE('',(#133,#77,#78,#79),#1507,.T.);
#1563=ADVANCED_FACE('',(#134),#17,.T.);
#1564=ADVANCED_FACE('',(#135),#61,.F.);
#1565=ADVANCED_FACE('',(#136),#62,.F.);
#1566=ADVANCED_FACE('',(#137),#18,.T.);
#1567=ADVANCED_FACE('',(#138),#63,.F.);
#1568=ADVANCED_FACE('',(#139),#64,.F.);
#1569=ADVANCED_FACE('',(#140),#19,.T.);
#1570=ADVANCED_FACE('',(#141,#80),#1508,.T.);
#1571=ADVANCED_FACE('',(#142,#81),#1509,.T.);
#1572=ADVANCED_FACE('',(#143),#27,.T.);
#1573=ADVANCED_FACE('',(#144),#28,.F.);
#1574=ADVANCED_FACE('',(#145),#29,.T.);
#1575=ADVANCED_FACE('',(#146),#30,.F.);
#1576=ADVANCED_FACE('',(#147,#82),#1510,.T.);
#1577=ADVANCED_FACE('',(#148),#31,.F.);
#1578=ADVANCED_FACE('',(#149,#83),#1511,.T.);
#1579=ADVANCED_FACE('',(#150),#1512,.T.);
#1580=ADVANCED_FACE('',(#151),#32,.T.);
#1581=ADVANCED_FACE('',(#152),#1513,.T.);
#1582=ADVANCED_FACE('',(#153),#33,.T.);
#1583=ADVANCED_FACE('',(#154,#84),#1514,.T.);
#1584=ADVANCED_FACE('',(#155,#85),#1515,.T.);
#1585=ADVANCED_FACE('',(#156),#20,.T.);
#1586=ADVANCED_FACE('',(#157),#65,.F.);
#1587=ADVANCED_FACE('',(#158),#66,.F.);
#1588=ADVANCED_FACE('',(#159),#21,.T.);
#1589=ADVANCED_FACE('',(#160),#67,.F.);
#1590=ADVANCED_FACE('',(#161),#68,.F.);
#1591=ADVANCED_FACE('',(#162),#1516,.F.);
#1592=ADVANCED_FACE('',(#163),#34,.F.);
#1593=ADVANCED_FACE('',(#164),#69,.F.);
#1594=ADVANCED_FACE('',(#165),#70,.F.);
#1595=ADVANCED_FACE('',(#166),#22,.T.);
#1596=ADVANCED_FACE('',(#167),#71,.F.);
#1597=ADVANCED_FACE('',(#168),#72,.F.);
#1598=ADVANCED_FACE('',(#169),#1517,.F.);
#1599=ADVANCED_FACE('',(#170),#35,.F.);
#1600=ADVANCED_FACE('',(#171,#86),#1518,.T.);
#1601=ADVANCED_FACE('',(#172,#87),#1519,.T.);
#1602=ADVANCED_FACE('',(#173),#36,.F.);
#1603=ADVANCED_FACE('',(#174),#37,.F.);
#1604=ADVANCED_FACE('',(#175,#88),#1520,.T.);
#1605=ADVANCED_FACE('',(#176),#38,.F.);
#1606=ADVANCED_FACE('',(#177,#89),#1521,.T.);
#1607=ADVANCED_FACE('',(#178),#1522,.F.);
#1608=ADVANCED_FACE('',(#179),#1523,.F.);
#1609=ADVANCED_FACE('',(#180),#1524,.T.);
#1610=ADVANCED_FACE('',(#181),#39,.F.);
#1611=ADVANCED_FACE('',(#182),#40,.F.);
#1612=ADVANCED_FACE('',(#183),#41,.F.);
#1613=ADVANCED_FACE('',(#184),#42,.F.);
#1614=ADVANCED_FACE('',(#185),#1525,.T.);
#1615=ADVANCED_FACE('',(#186),#43,.F.);
#1616=ADVANCED_FACE('',(#187),#1526,.T.);
#1617=ADVANCED_FACE('',(#188),#23,.F.);
#1618=ADVANCED_FACE('',(#189),#24,.T.);
#1619=ADVANCED_FACE('',(#190),#44,.T.);
#1620=ADVANCED_FACE('',(#191),#45,.F.);
#1621=ADVANCED_FACE('',(#192),#46,.F.);
#1622=ADVANCED_FACE('',(#193),#47,.F.);
#1623=ADVANCED_FACE('',(#194),#48,.F.);
#1624=ADVANCED_FACE('',(#195,#90,#91,#92,#93,#94,#95,#96,#97,#98),#1527,
 .F.);
#1625=CLOSED_SHELL('',(#1528,#1529,#1530,#1531,#1532,#1533,#1534,#1535,
#1536,#1537,#1538,#1539,#1540,#1541,#1542,#1543,#1544,#1545,#1546,#1547,
#1548,#1549,#1550,#1551,#1552,#1553,#1554,#1555,#1556,#1557,#1558,#1559,
#1560,#1561,#1562,#1563,#1564,#1565,#1566,#1567,#1568,#1569,#1570,#1571,
#1572,#1573,#1574,#1575,#1576,#1577,#1578,#1579,#1580,#1581,#1582,#1583,
#1584,#1585,#1586,#1587,#1588,#1589,#1590,#1591,#1592,#1593,#1594,#1595,
#1596,#1597,#1598,#1599,#1600,#1601,#1602,#1603,#1604,#1605,#1606,#1607,
#1608,#1609,#1610,#1611,#1612,#1613,#1614,#1615,#1616,#1617,#1618,#1619,
#1620,#1621,#1622,#1623,#1624));
#1626=DERIVED_UNIT_ELEMENT(#1628,1.);
#1627=DERIVED_UNIT_ELEMENT(#3631,-3.);
#1628=(
MASS_UNIT()
NAMED_UNIT(*)
SI_UNIT(.KILO.,.GRAM.)
);
#1629=DERIVED_UNIT((#1626,#1627));
#1630=MEASURE_REPRESENTATION_ITEM('density measure',
POSITIVE_RATIO_MEASURE(7850.),#1629);
#1631=PROPERTY_DEFINITION_REPRESENTATION(#1636,#1633);
#1632=PROPERTY_DEFINITION_REPRESENTATION(#1637,#1634);
#1633=REPRESENTATION('material name',(#1635),#3628);
#1634=REPRESENTATION('density',(#1630),#3628);
#1635=DESCRIPTIVE_REPRESENTATION_ITEM('\X2\AC15CCA0\X0\','\X2\AC15CCA0\X0\');
#1636=PROPERTY_DEFINITION('material property','material name',#3638);
#1637=PROPERTY_DEFINITION('material property','density of part',#3638);
#1638=AXIS2_PLACEMENT_3D('',#2209,#1801,#1802);
#1639=AXIS2_PLACEMENT_3D('',#2210,#1803,#1804);
#1640=AXIS2_PLACEMENT_3D('',#2213,#1805,#1806);
#1641=AXIS2_PLACEMENT_3D('',#2236,#1809,#1810);
#1642=AXIS2_PLACEMENT_3D('',#2258,#1813,#1814);
#1643=AXIS2_PLACEMENT_3D('',#2259,#1815,#1816);
#1644=AXIS2_PLACEMENT_3D('',#2262,#1817,#1818);
#1645=AXIS2_PLACEMENT_3D('',#2285,#1821,#1822);
#1646=AXIS2_PLACEMENT_3D('',#2307,#1825,#1826);
#1647=AXIS2_PLACEMENT_3D('',#2308,#1827,#1828);
#1648=AXIS2_PLACEMENT_3D('',#2311,#1829,#1830);
#1649=AXIS2_PLACEMENT_3D('',#2334,#1833,#1834);
#1650=AXIS2_PLACEMENT_3D('',#2356,#1837,#1838);
#1651=AXIS2_PLACEMENT_3D('',#2357,#1839,#1840);
#1652=AXIS2_PLACEMENT_3D('',#2360,#1841,#1842);
#1653=AXIS2_PLACEMENT_3D('',#2383,#1845,#1846);
#1654=AXIS2_PLACEMENT_3D('',#2385,#1847,#1848);
#1655=AXIS2_PLACEMENT_3D('',#2407,#1851,#1852);
#1656=AXIS2_PLACEMENT_3D('',#2448,#1855,#1856);
#1657=AXIS2_PLACEMENT_3D('',#2493,#1859,#1860);
#1658=AXIS2_PLACEMENT_3D('',#2538,#1863,#1864);
#1659=AXIS2_PLACEMENT_3D('',#2583,#1867,#1868);
#1660=AXIS2_PLACEMENT_3D('',#2588,#1869,#1870);
#1661=AXIS2_PLACEMENT_3D('',#2633,#1873,#1874);
#1662=AXIS2_PLACEMENT_3D('',#2646,#1876,#1877);
#1663=AXIS2_PLACEMENT_3D('',#2655,#1879,#1880);
#1664=AXIS2_PLACEMENT_3D('',#2660,#1881,#1882);
#1665=AXIS2_PLACEMENT_3D('',#2671,#1883,#1884);
#1666=AXIS2_PLACEMENT_3D('',#2716,#1887,#1888);
#1667=AXIS2_PLACEMENT_3D('',#2729,#1890,#1891);
#1668=AXIS2_PLACEMENT_3D('',#2774,#1894,#1895);
#1669=AXIS2_PLACEMENT_3D('',#2787,#1897,#1898);
#1670=AXIS2_PLACEMENT_3D('',#2796,#1900,#1901);
#1671=AXIS2_PLACEMENT_3D('',#2801,#1902,#1903);
#1672=AXIS2_PLACEMENT_3D('',#2812,#1904,#1905);
#1673=AXIS2_PLACEMENT_3D('',#2857,#1908,#1909);
#1674=AXIS2_PLACEMENT_3D('',#2906,#1911,#1912);
#1675=AXIS2_PLACEMENT_3D('',#2932,#1913,#1914);
#1676=AXIS2_PLACEMENT_3D('',#2933,#1915,#1916);
#1677=AXIS2_PLACEMENT_3D('',#2935,#1917,#1918);
#1678=AXIS2_PLACEMENT_3D('',#2936,#1919,#1920);
#1679=AXIS2_PLACEMENT_3D('',#2962,#1921,#1922);
#1680=AXIS2_PLACEMENT_3D('',#2998,#1923,#1924);
#1681=AXIS2_PLACEMENT_3D('',#3000,#1925,#1926);
#1682=AXIS2_PLACEMENT_3D('',#3011,#1927,#1928);
#1683=AXIS2_PLACEMENT_3D('',#3012,#1929,#1930);
#1684=AXIS2_PLACEMENT_3D('',#3014,#1931,#1932);
#1685=AXIS2_PLACEMENT_3D('',#3016,#1933,#1934);
#1686=AXIS2_PLACEMENT_3D('',#3018,#1935,#1936);
#1687=AXIS2_PLACEMENT_3D('',#3020,#1937,#1938);
#1688=AXIS2_PLACEMENT_3D('',#3022,#1939,#1940);
#1689=AXIS2_PLACEMENT_3D('',#3023,#1941,#1942);
#1690=AXIS2_PLACEMENT_3D('',#3025,#1943,#1944);
#1691=AXIS2_PLACEMENT_3D('',#3027,#1945,#1946);
#1692=AXIS2_PLACEMENT_3D('',#3029,#1947,#1948);
#1693=AXIS2_PLACEMENT_3D('',#3030,#1949,#1950);
#1694=AXIS2_PLACEMENT_3D('',#3031,#1951,#1952);
#1695=AXIS2_PLACEMENT_3D('',#3078,#1953,#1954);
#1696=AXIS2_PLACEMENT_3D('',#3103,#1955,#1956);
#1697=AXIS2_PLACEMENT_3D('',#3104,#1957,#1958);
#1698=AXIS2_PLACEMENT_3D('',#3105,#1959,#1960);
#1699=AXIS2_PLACEMENT_3D('',#3126,#1961,#1962);
#1700=AXIS2_PLACEMENT_3D('',#3157,#1963,#1964);
#1701=AXIS2_PLACEMENT_3D('',#3158,#1965,#1966);
#1702=AXIS2_PLACEMENT_3D('',#3169,#1967,#1968);
#1703=AXIS2_PLACEMENT_3D('',#3171,#1969,#1970);
#1704=AXIS2_PLACEMENT_3D('',#3173,#1971,#1972);
#1705=AXIS2_PLACEMENT_3D('',#3174,#1973,#1974);
#1706=AXIS2_PLACEMENT_3D('',#3176,#1975,#1976);
#1707=AXIS2_PLACEMENT_3D('',#3178,#1977,#1978);
#1708=AXIS2_PLACEMENT_3D('',#3179,#1979,#1980);
#1709=AXIS2_PLACEMENT_3D('',#3181,#1981,#1982);
#1710=AXIS2_PLACEMENT_3D('',#3184,#1984,#1985);
#1711=AXIS2_PLACEMENT_3D('',#3185,#1986,#1987);
#1712=AXIS2_PLACEMENT_3D('',#3188,#1989,#1990);
#1713=AXIS2_PLACEMENT_3D('',#3189,#1991,#1992);
#1714=AXIS2_PLACEMENT_3D('',#3191,#1994,#1995);
#1715=AXIS2_PLACEMENT_3D('',#3193,#1996,#1997);
#1716=AXIS2_PLACEMENT_3D('',#3196,#1999,#2000);
#1717=AXIS2_PLACEMENT_3D('',#3197,#2001,#2002);
#1718=AXIS2_PLACEMENT_3D('',#3199,#2003,#2004);
#1719=AXIS2_PLACEMENT_3D('',#3200,#2005,#2006);
#1720=AXIS2_PLACEMENT_3D('',#3202,#2007,#2008);
#1721=AXIS2_PLACEMENT_3D('',#3205,#2010,#2011);
#1722=AXIS2_PLACEMENT_3D('',#3206,#2012,#2013);
#1723=AXIS2_PLACEMENT_3D('',#3208,#2014,#2015);
#1724=AXIS2_PLACEMENT_3D('',#3209,#2016,#2017);
#1725=AXIS2_PLACEMENT_3D('',#3218,#2022,#2023);
#1726=AXIS2_PLACEMENT_3D('',#3220,#2024,#2025);
#1727=AXIS2_PLACEMENT_3D('',#3223,#2027,#2028);
#1728=AXIS2_PLACEMENT_3D('',#3224,#2029,#2030);
#1729=AXIS2_PLACEMENT_3D('',#3233,#2035,#2036);
#1730=AXIS2_PLACEMENT_3D('',#3235,#2037,#2038);
#1731=AXIS2_PLACEMENT_3D('',#3238,#2040,#2041);
#1732=AXIS2_PLACEMENT_3D('',#3239,#2042,#2043);
#1733=AXIS2_PLACEMENT_3D('',#3241,#2044,#2045);
#1734=AXIS2_PLACEMENT_3D('',#3242,#2046,#2047);
#1735=AXIS2_PLACEMENT_3D('',#3244,#2048,#2049);
#1736=AXIS2_PLACEMENT_3D('',#3246,#2050,#2051);
#1737=AXIS2_PLACEMENT_3D('',#3247,#2052,#2053);
#1738=AXIS2_PLACEMENT_3D('',#3248,#2054,#2055);
#1739=AXIS2_PLACEMENT_3D('',#3280,#2056,#2057);
#1740=AXIS2_PLACEMENT_3D('',#3307,#2058,#2059);
#1741=AXIS2_PLACEMENT_3D('',#3316,#2060,#2061);
#1742=AXIS2_PLACEMENT_3D('',#3318,#2062,#2063);
#1743=AXIS2_PLACEMENT_3D('',#3319,#2064,#2065);
#1744=AXIS2_PLACEMENT_3D('',#3341,#2066,#2067);
#1745=AXIS2_PLACEMENT_3D('',#3386,#2068,#2069);
#1746=AXIS2_PLACEMENT_3D('',#3388,#2071,#2072);
#1747=AXIS2_PLACEMENT_3D('',#3419,#2073,#2074);
#1748=AXIS2_PLACEMENT_3D('',#3441,#2075,#2076);
#1749=AXIS2_PLACEMENT_3D('',#3446,#2077,#2078);
#1750=AXIS2_PLACEMENT_3D('',#3448,#2079,#2080);
#1751=AXIS2_PLACEMENT_3D('',#3449,#2081,#2082);
#1752=AXIS2_PLACEMENT_3D('',#3472,#2083,#2084);
#1753=AXIS2_PLACEMENT_3D('',#3526,#2085,#2086);
#1754=AXIS2_PLACEMENT_3D('',#3528,#2088,#2089);
#1755=AXIS2_PLACEMENT_3D('',#3529,#2090,#2091);
#1756=AXIS2_PLACEMENT_3D('',#3531,#2092,#2093);
#1757=AXIS2_PLACEMENT_3D('',#3533,#2095,#2096);
#1758=AXIS2_PLACEMENT_3D('',#3535,#2097,#2098);
#1759=AXIS2_PLACEMENT_3D('',#3537,#2100,#2101);
#1760=AXIS2_PLACEMENT_3D('',#3539,#2103,#2104);
#1761=AXIS2_PLACEMENT_3D('',#3542,#2106,#2107);
#1762=AXIS2_PLACEMENT_3D('',#3543,#2108,#2109);
#1763=AXIS2_PLACEMENT_3D('',#3545,#2110,#2111);
#1764=AXIS2_PLACEMENT_3D('',#3546,#2112,#2113);
#1765=AXIS2_PLACEMENT_3D('',#3549,#2115,#2116);
#1766=AXIS2_PLACEMENT_3D('',#3550,#2117,#2118);
#1767=AXIS2_PLACEMENT_3D('',#3552,#2119,#2120);
#1768=AXIS2_PLACEMENT_3D('',#3553,#2121,#2122);
#1769=AXIS2_PLACEMENT_3D('',#3562,#2127,#2128);
#1770=AXIS2_PLACEMENT_3D('',#3568,#2132,#2133);
#1771=AXIS2_PLACEMENT_3D('',#3571,#2135,#2136);
#1772=AXIS2_PLACEMENT_3D('',#3572,#2137,#2138);
#1773=AXIS2_PLACEMENT_3D('',#3575,#2140,#2141);
#1774=AXIS2_PLACEMENT_3D('',#3578,#2143,#2144);
#1775=AXIS2_PLACEMENT_3D('',#3580,#2146,#2147);
#1776=AXIS2_PLACEMENT_3D('',#3581,#2148,#2149);
#1777=AXIS2_PLACEMENT_3D('',#3583,#2150,#2151);
#1778=AXIS2_PLACEMENT_3D('',#3585,#2153,#2154);
#1779=AXIS2_PLACEMENT_3D('',#3587,#2155,#2156);
#1780=AXIS2_PLACEMENT_3D('',#3589,#2158,#2159);
#1781=AXIS2_PLACEMENT_3D('',#3592,#2161,#2162);
#1782=AXIS2_PLACEMENT_3D('',#3593,#2163,#2164);
#1783=AXIS2_PLACEMENT_3D('',#3595,#2166,#2167);
#1784=AXIS2_PLACEMENT_3D('',#3598,#2169,#2170);
#1785=AXIS2_PLACEMENT_3D('',#3599,#2171,#2172);
#1786=AXIS2_PLACEMENT_3D('',#3601,#2174,#2175);
#1787=AXIS2_PLACEMENT_3D('',#3602,#2176,#2177);
#1788=AXIS2_PLACEMENT_3D('',#3603,#2178,#2179);
#1789=AXIS2_PLACEMENT_3D('',#3604,#2180,#2181);
#1790=AXIS2_PLACEMENT_3D('',#3605,#2182,#2183);
#1791=AXIS2_PLACEMENT_3D('',#3608,#2185,#2186);
#1792=AXIS2_PLACEMENT_3D('',#3609,#2187,#2188);
#1793=AXIS2_PLACEMENT_3D('',#3612,#2190,#2191);
#1794=AXIS2_PLACEMENT_3D('',#3613,#2192,#2193);
#1795=AXIS2_PLACEMENT_3D('',#3616,#2195,#2196);
#1796=AXIS2_PLACEMENT_3D('',#3617,#2197,#2198);
#1797=AXIS2_PLACEMENT_3D('',#3620,#2200,#2201);
#1798=AXIS2_PLACEMENT_3D('',#3621,#2202,#2203);
#1799=AXIS2_PLACEMENT_3D('',#3624,#2205,#2206);
#1800=AXIS2_PLACEMENT_3D('',#3625,#2207,#2208);
#1801=DIRECTION('axis',(0.,0.,1.));
#1802=DIRECTION('refdir',(1.,0.,0.));
#1803=DIRECTION('center_axis',(0.,0.,1.));
#1804=DIRECTION('ref_axis',(-1.,0.,0.));
#1805=DIRECTION('center_axis',(0.,0.,-1.));
#1806=DIRECTION('ref_axis',(-1.,0.,0.));
#1807=DIRECTION('',(0.,-1.,0.));
#1808=DIRECTION('',(0.,-1.,0.));
#1809=DIRECTION('center_axis',(0.,0.,-1.));
#1810=DIRECTION('ref_axis',(1.,0.,0.));
#1811=DIRECTION('',(0.,1.,0.));
#1812=DIRECTION('',(0.,1.,0.));
#1813=DIRECTION('center_axis',(0.,0.,1.));
#1814=DIRECTION('ref_axis',(-1.,0.,0.));
#1815=DIRECTION('center_axis',(0.,0.,1.));
#1816=DIRECTION('ref_axis',(-1.,0.,0.));
#1817=DIRECTION('center_axis',(0.,0.,-1.));
#1818=DIRECTION('ref_axis',(1.,0.,0.));
#1819=DIRECTION('',(0.,1.,0.));
#1820=DIRECTION('',(0.,1.,0.));
#1821=DIRECTION('center_axis',(0.,0.,-1.));
#1822=DIRECTION('ref_axis',(1.,0.,0.));
#1823=DIRECTION('',(0.,-1.,0.));
#1824=DIRECTION('',(0.,-1.,0.));
#1825=DIRECTION('center_axis',(0.,0.,1.));
#1826=DIRECTION('ref_axis',(-1.,0.,0.));
#1827=DIRECTION('center_axis',(0.,0.,1.));
#1828=DIRECTION('ref_axis',(-1.,0.,0.));
#1829=DIRECTION('center_axis',(0.,0.,-1.));
#1830=DIRECTION('ref_axis',(0.,1.,0.));
#1831=DIRECTION('',(-1.,0.,0.));
#1832=DIRECTION('',(-1.,0.,0.));
#1833=DIRECTION('center_axis',(0.,0.,-1.));
#1834=DIRECTION('ref_axis',(1.,0.,0.));
#1835=DIRECTION('',(1.,0.,0.));
#1836=DIRECTION('',(1.,0.,0.));
#1837=DIRECTION('center_axis',(0.,0.,1.));
#1838=DIRECTION('ref_axis',(-1.,0.,0.));
#1839=DIRECTION('center_axis',(0.,0.,1.));
#1840=DIRECTION('ref_axis',(-1.,0.,0.));
#1841=DIRECTION('center_axis',(0.,0.,-1.));
#1842=DIRECTION('ref_axis',(0.,-1.,0.));
#1843=DIRECTION('',(1.,-4.31753398465339E-16,0.));
#1844=DIRECTION('',(1.,-4.31753398465339E-16,0.));
#1845=DIRECTION('center_axis',(0.,0.,-1.));
#1846=DIRECTION('ref_axis',(1.,0.,0.));
#1847=DIRECTION('center_axis',(0.,0.,-1.));
#1848=DIRECTION('ref_axis',(1.,0.,0.));
#1849=DIRECTION('',(-1.,3.70074341541719E-16,0.));
#1850=DIRECTION('',(-1.,3.70074341541719E-16,0.));
#1851=DIRECTION('center_axis',(0.,0.,1.));
#1852=DIRECTION('ref_axis',(-1.,0.,0.));
#1853=DIRECTION('',(0.,0.,1.));
#1854=DIRECTION('',(0.,0.,1.));
#1855=DIRECTION('center_axis',(1.,0.,0.));
#1856=DIRECTION('ref_axis',(0.,1.,0.));
#1857=DIRECTION('',(0.,0.,1.));
#1858=DIRECTION('',(0.,0.,1.));
#1859=DIRECTION('center_axis',(-1.,0.,0.));
#1860=DIRECTION('ref_axis',(0.,-1.,0.));
#1861=DIRECTION('',(0.,0.,1.));
#1862=DIRECTION('',(0.,0.,1.));
#1863=DIRECTION('center_axis',(0.,-1.,0.));
#1864=DIRECTION('ref_axis',(1.,0.,0.));
#1865=DIRECTION('',(0.,0.,1.));
#1866=DIRECTION('',(0.,0.,1.));
#1867=DIRECTION('center_axis',(4.31753398465339E-16,1.,0.));
#1868=DIRECTION('ref_axis',(-1.,4.31753398465339E-16,0.));
#1869=DIRECTION('center_axis',(-3.70074341541719E-16,-1.,0.));
#1870=DIRECTION('ref_axis',(1.,-3.70074341541719E-16,0.));
#1871=DIRECTION('',(0.,0.,1.));
#1872=DIRECTION('',(0.,0.,1.));
#1873=DIRECTION('center_axis',(4.31753398465339E-16,1.,0.));
#1874=DIRECTION('ref_axis',(1.,-4.31753398465339E-16,0.));
#1875=DIRECTION('',(0.,0.,-1.));
#1876=DIRECTION('center_axis',(0.,0.,-1.));
#1877=DIRECTION('ref_axis',(0.,-1.,0.));
#1878=DIRECTION('',(0.,0.,-1.));
#1879=DIRECTION('center_axis',(0.,0.,-1.));
#1880=DIRECTION('ref_axis',(1.,-6.12323399573676E-17,0.));
#1881=DIRECTION('center_axis',(-3.70074341541719E-16,-1.,0.));
#1882=DIRECTION('ref_axis',(-1.,3.70074341541719E-16,0.));
#1883=DIRECTION('center_axis',(0.,1.,0.));
#1884=DIRECTION('ref_axis',(-1.,0.,0.));
#1885=DIRECTION('',(0.,0.,1.));
#1886=DIRECTION('',(0.,0.,1.));
#1887=DIRECTION('center_axis',(0.,-1.,0.));
#1888=DIRECTION('ref_axis',(-1.,0.,0.));
#1889=DIRECTION('',(0.,0.,-1.));
#1890=DIRECTION('center_axis',(1.,0.,0.));
#1891=DIRECTION('ref_axis',(0.,1.,0.));
#1892=DIRECTION('',(0.,0.,1.));
#1893=DIRECTION('',(0.,0.,1.));
#1894=DIRECTION('center_axis',(-1.,0.,0.));
#1895=DIRECTION('ref_axis',(0.,1.,0.));
#1896=DIRECTION('',(0.,0.,-1.));
#1897=DIRECTION('center_axis',(0.,0.,-1.));
#1898=DIRECTION('ref_axis',(1.,0.,0.));
#1899=DIRECTION('',(0.,0.,-1.));
#1900=DIRECTION('center_axis',(0.,0.,-1.));
#1901=DIRECTION('ref_axis',(0.,1.,0.));
#1902=DIRECTION('center_axis',(1.,0.,0.));
#1903=DIRECTION('ref_axis',(0.,-1.,0.));
#1904=DIRECTION('center_axis',(-1.,0.,0.));
#1905=DIRECTION('ref_axis',(0.,-1.,0.));
#1906=DIRECTION('',(0.,0.,1.));
#1907=DIRECTION('',(0.,0.,1.));
#1908=DIRECTION('center_axis',(1.,0.,0.));
#1909=DIRECTION('ref_axis',(0.,-1.,0.));
#1910=DIRECTION('',(0.,0.,-1.));
#1911=DIRECTION('center_axis',(-0.917931653189729,-2.01565395538981E-11,
-0.396738553801331));
#1912=DIRECTION('ref_axis',(-0.395911126585915,-0.0645507271607793,0.916017239722313));
#1913=DIRECTION('center_axis',(-0.939557446198472,-0.342391304347825,-1.51693701175673E-14));
#1914=DIRECTION('ref_axis',(-1.77635683940025E-14,4.44089209850062E-15,
1.));
#1915=DIRECTION('center_axis',(0.,0.,1.));
#1916=DIRECTION('ref_axis',(1.,0.,0.));
#1917=DIRECTION('center_axis',(0.939557446198472,-0.342391304347825,-5.28597167008905E-15));
#1918=DIRECTION('ref_axis',(1.77635683940025E-14,3.33066907387547E-14,1.));
#1919=DIRECTION('center_axis',(0.,0.,1.));
#1920=DIRECTION('ref_axis',(1.,-6.12323399573676E-17,0.));
#1921=DIRECTION('center_axis',(0.917931653189534,-1.75123665884335E-11,
0.396738553801782));
#1922=DIRECTION('ref_axis',(-0.395911126586519,0.0645507271608747,0.916017239722046));
#1923=DIRECTION('center_axis',(0.,0.,1.));
#1924=DIRECTION('ref_axis',(1.,0.,0.));
#1925=DIRECTION('center_axis',(0.,0.,-1.));
#1926=DIRECTION('ref_axis',(-0.721242051148214,0.692683119222287,0.));
#1927=DIRECTION('center_axis',(0.,0.,1.));
#1928=DIRECTION('ref_axis',(1.,0.,0.));
#1929=DIRECTION('center_axis',(0.,0.,1.));
#1930=DIRECTION('ref_axis',(1.,0.,0.));
#1931=DIRECTION('center_axis',(0.,0.,-1.));
#1932=DIRECTION('ref_axis',(-0.707106781186547,-0.707106781186548,0.));
#1933=DIRECTION('center_axis',(0.,0.,1.));
#1934=DIRECTION('ref_axis',(0.,1.,0.));
#1935=DIRECTION('center_axis',(0.,0.,-1.));
#1936=DIRECTION('ref_axis',(0.692729582250459,-0.721197425033607,0.));
#1937=DIRECTION('center_axis',(0.,0.,1.));
#1938=DIRECTION('ref_axis',(-0.999999999999992,-1.22502124383191E-7,0.));
#1939=DIRECTION('center_axis',(0.,0.,-1.));
#1940=DIRECTION('ref_axis',(0.707152254670882,0.707061304777661,0.));
#1941=DIRECTION('center_axis',(0.,0.,1.));
#1942=DIRECTION('ref_axis',(3.15162937659841E-16,-1.,0.));
#1943=DIRECTION('center_axis',(0.,0.,-1.));
#1944=DIRECTION('ref_axis',(-1.,0.,0.));
#1945=DIRECTION('center_axis',(0.,0.,-1.));
#1946=DIRECTION('ref_axis',(-1.,0.,0.));
#1947=DIRECTION('center_axis',(0.,0.,1.));
#1948=DIRECTION('ref_axis',(-1.,0.,0.));
#1949=DIRECTION('center_axis',(0.,0.,1.));
#1950=DIRECTION('ref_axis',(1.,0.,0.));
#1951=DIRECTION('center_axis',(0.,0.,1.));
#1952=DIRECTION('ref_axis',(1.,0.,0.));
#1953=DIRECTION('center_axis',(4.70364503544389E-12,-0.96639297577136,-0.257069283228814));
#1954=DIRECTION('ref_axis',(0.042736744214946,-0.256834416501447,0.965510048209892));
#1955=DIRECTION('center_axis',(0.224516628828618,-0.974470257821876,-9.97054122947007E-16));
#1956=DIRECTION('ref_axis',(4.44089209850062E-15,0.,1.));
#1957=DIRECTION('center_axis',(0.,0.,1.));
#1958=DIRECTION('ref_axis',(1.,0.,0.));
#1959=DIRECTION('center_axis',(0.224516628828635,0.974470257821871,1.99410824589417E-15));
#1960=DIRECTION('ref_axis',(-8.88178419700124E-15,0.,1.));
#1961=DIRECTION('center_axis',(3.89510298715267E-12,0.966392975771326,0.257069283228942));
#1962=DIRECTION('ref_axis',(-0.0427367442149861,-0.256834416501607,0.965510048209847));
#1963=DIRECTION('center_axis',(0.,0.,1.));
#1964=DIRECTION('ref_axis',(1.,0.,0.));
#1965=DIRECTION('center_axis',(0.,0.,1.));
#1966=DIRECTION('ref_axis',(0.692729582250459,-0.721197425033607,0.));
#1967=DIRECTION('center_axis',(0.,0.,1.));
#1968=DIRECTION('ref_axis',(-1.,0.,0.));
#1969=DIRECTION('center_axis',(0.,0.,-1.));
#1970=DIRECTION('ref_axis',(-1.,0.,0.));
#1971=DIRECTION('center_axis',(0.,0.,1.));
#1972=DIRECTION('ref_axis',(0.990217156265403,0.139534882512075,0.));
#1973=DIRECTION('center_axis',(0.,0.,1.));
#1974=DIRECTION('ref_axis',(-1.,0.,0.));
#1975=DIRECTION('center_axis',(0.,0.,1.));
#1976=DIRECTION('ref_axis',(0.990217156265403,0.139534882512075,0.));
#1977=DIRECTION('center_axis',(0.,0.,-1.));
#1978=DIRECTION('ref_axis',(-1.,0.,0.));
#1979=DIRECTION('center_axis',(0.,0.,1.));
#1980=DIRECTION('ref_axis',(-1.,0.,0.));
#1981=DIRECTION('center_axis',(0.,0.,1.));
#1982=DIRECTION('ref_axis',(1.,1.22464679914735E-16,0.));
#1983=DIRECTION('',(0.,0.,-1.));
#1984=DIRECTION('center_axis',(0.,0.,-1.));
#1985=DIRECTION('ref_axis',(-1.,0.,0.));
#1986=DIRECTION('center_axis',(0.,0.,-1.));
#1987=DIRECTION('ref_axis',(-1.,0.,0.));
#1988=DIRECTION('',(0.,0.,-1.));
#1989=DIRECTION('center_axis',(0.,0.,-1.));
#1990=DIRECTION('ref_axis',(-1.,0.,0.));
#1991=DIRECTION('center_axis',(0.,0.,-1.));
#1992=DIRECTION('ref_axis',(0.990217156265403,0.139534882512075,0.));
#1993=DIRECTION('',(0.,0.,-1.));
#1994=DIRECTION('center_axis',(0.,0.,-1.));
#1995=DIRECTION('ref_axis',(-1.,0.,0.));
#1996=DIRECTION('center_axis',(0.,0.,-1.));
#1997=DIRECTION('ref_axis',(-1.,0.,0.));
#1998=DIRECTION('',(0.,0.,-1.));
#1999=DIRECTION('center_axis',(0.,0.,-1.));
#2000=DIRECTION('ref_axis',(-1.,0.,0.));
#2001=DIRECTION('center_axis',(0.,0.,1.));
#2002=DIRECTION('ref_axis',(-1.,0.,0.));
#2003=DIRECTION('center_axis',(0.,0.,1.));
#2004=DIRECTION('ref_axis',(1.,0.,0.));
#2005=DIRECTION('center_axis',(0.,0.,-1.));
#2006=DIRECTION('ref_axis',(-1.,0.,0.));
#2007=DIRECTION('center_axis',(0.,0.,-1.));
#2008=DIRECTION('ref_axis',(-1.,0.,0.));
#2009=DIRECTION('',(0.,0.,-1.));
#2010=DIRECTION('center_axis',(0.,0.,-1.));
#2011=DIRECTION('ref_axis',(-1.,0.,0.));
#2012=DIRECTION('center_axis',(0.,0.,1.));
#2013=DIRECTION('ref_axis',(-1.,0.,0.));
#2014=DIRECTION('center_axis',(0.,0.,1.));
#2015=DIRECTION('ref_axis',(1.,0.,0.));
#2016=DIRECTION('center_axis',(0.,-1.,0.));
#2017=DIRECTION('ref_axis',(1.,0.,0.));
#2018=DIRECTION('',(-1.,0.,0.));
#2019=DIRECTION('',(0.,0.,1.));
#2020=DIRECTION('',(-1.,0.,0.));
#2021=DIRECTION('',(0.,0.,-1.));
#2022=DIRECTION('center_axis',(0.,0.,1.));
#2023=DIRECTION('ref_axis',(0.,-1.,0.));
#2024=DIRECTION('center_axis',(0.,0.,-1.));
#2025=DIRECTION('ref_axis',(0.,-1.,0.));
#2026=DIRECTION('',(0.,0.,1.));
#2027=DIRECTION('center_axis',(0.,0.,-1.));
#2028=DIRECTION('ref_axis',(0.,-1.,0.));
#2029=DIRECTION('center_axis',(0.,-1.,0.));
#2030=DIRECTION('ref_axis',(1.,0.,0.));
#2031=DIRECTION('',(-1.,0.,0.));
#2032=DIRECTION('',(0.,0.,1.));
#2033=DIRECTION('',(-1.,0.,0.));
#2034=DIRECTION('',(0.,0.,-1.));
#2035=DIRECTION('center_axis',(0.,0.,1.));
#2036=DIRECTION('ref_axis',(0.,-1.,0.));
#2037=DIRECTION('center_axis',(0.,0.,-1.));
#2038=DIRECTION('ref_axis',(0.,-1.,0.));
#2039=DIRECTION('',(0.,0.,1.));
#2040=DIRECTION('center_axis',(0.,0.,-1.));
#2041=DIRECTION('ref_axis',(0.,-1.,0.));
#2042=DIRECTION('center_axis',(0.,0.,1.));
#2043=DIRECTION('ref_axis',(-1.,0.,0.));
#2044=DIRECTION('center_axis',(0.,0.,-1.));
#2045=DIRECTION('ref_axis',(1.,0.,0.));
#2046=DIRECTION('center_axis',(0.,0.,-1.));
#2047=DIRECTION('ref_axis',(1.,0.,0.));
#2048=DIRECTION('center_axis',(0.,0.,1.));
#2049=DIRECTION('ref_axis',(1.,0.,0.));
#2050=DIRECTION('center_axis',(0.,0.,1.));
#2051=DIRECTION('ref_axis',(1.,0.,0.));
#2052=DIRECTION('center_axis',(0.,0.,-1.));
#2053=DIRECTION('ref_axis',(-1.,0.,0.));
#2054=DIRECTION('center_axis',(-1.22464679914735E-16,-1.,0.));
#2055=DIRECTION('ref_axis',(1.,-1.22464679914735E-16,0.));
#2056=DIRECTION('center_axis',(2.0619036418567E-11,0.917469867321449,-0.397805282213752));
#2057=DIRECTION('ref_axis',(-1.,2.24709140184132E-11,-6.66133814775094E-15));
#2058=DIRECTION('center_axis',(0.34131537073474,0.939948837809913,-1.59389731008032E-14));
#2059=DIRECTION('ref_axis',(-0.939948837809913,0.34131537073474,0.));
#2060=DIRECTION('center_axis',(0.,0.,-1.));
#2061=DIRECTION('ref_axis',(-1.,0.,0.));
#2062=DIRECTION('center_axis',(0.34131537073474,-0.939948837809913,-9.11812180233596E-15));
#2063=DIRECTION('ref_axis',(0.939948837809913,0.34131537073474,0.));
#2064=DIRECTION('center_axis',(0.,0.,-1.));
#2065=DIRECTION('ref_axis',(3.15162937659841E-16,-1.,0.));
#2066=DIRECTION('center_axis',(1.79109950726196E-11,-0.917469867321247,
0.397805282214217));
#2067=DIRECTION('ref_axis',(1.,1.95221616650088E-11,0.));
#2068=DIRECTION('center_axis',(-1.,0.,0.));
#2069=DIRECTION('ref_axis',(0.,1.,0.));
#2070=DIRECTION('',(0.,0.,-1.));
#2071=DIRECTION('center_axis',(0.,0.,-1.));
#2072=DIRECTION('ref_axis',(-1.,0.,0.));
#2073=DIRECTION('center_axis',(0.91753633249695,-2.05535681234398E-11,-0.397651956550004));
#2074=DIRECTION('ref_axis',(2.23998597448371E-11,1.,-2.22044604925031E-15));
#2075=DIRECTION('center_axis',(0.939893316906997,-0.341468231075109,0.));
#2076=DIRECTION('ref_axis',(0.341468231075109,0.939893316906997,0.));
#2077=DIRECTION('center_axis',(0.,0.,-1.));
#2078=DIRECTION('ref_axis',(-1.,0.,0.));
#2079=DIRECTION('center_axis',(-0.939893233245797,-0.341468461352965,3.02525557341068E-15));
#2080=DIRECTION('ref_axis',(0.341468461352965,-0.939893233245797,0.));
#2081=DIRECTION('center_axis',(0.,0.,-1.));
#2082=DIRECTION('ref_axis',(-0.999999999999992,-1.22502124383191E-7,0.));
#2083=DIRECTION('center_axis',(-0.917536217472841,-1.78191155643428E-11,
0.397652221954853));
#2084=DIRECTION('ref_axis',(1.94244620388417E-11,-1.,8.88178419700124E-15));
#2085=DIRECTION('center_axis',(0.,1.,0.));
#2086=DIRECTION('ref_axis',(1.,0.,0.));
#2087=DIRECTION('',(0.,0.,-1.));
#2088=DIRECTION('center_axis',(0.,0.,-1.));
#2089=DIRECTION('ref_axis',(0.,1.,0.));
#2090=DIRECTION('center_axis',(0.,0.,1.));
#2091=DIRECTION('ref_axis',(-1.,0.,0.));
#2092=DIRECTION('center_axis',(0.,0.,-1.));
#2093=DIRECTION('ref_axis',(1.,0.,0.));
#2094=DIRECTION('',(1.,0.,0.));
#2095=DIRECTION('center_axis',(0.,0.,1.));
#2096=DIRECTION('ref_axis',(-1.,0.,0.));
#2097=DIRECTION('center_axis',(0.,0.,-1.));
#2098=DIRECTION('ref_axis',(1.,0.,0.));
#2099=DIRECTION('',(1.,0.,0.));
#2100=DIRECTION('center_axis',(0.,0.,1.));
#2101=DIRECTION('ref_axis',(1.,0.,0.));
#2102=DIRECTION('',(0.,0.,1.));
#2103=DIRECTION('center_axis',(0.,0.,-1.));
#2104=DIRECTION('ref_axis',(-1.,0.,0.));
#2105=DIRECTION('',(0.,0.,-1.));
#2106=DIRECTION('center_axis',(0.,0.,-1.));
#2107=DIRECTION('ref_axis',(-1.,0.,0.));
#2108=DIRECTION('center_axis',(0.,0.,1.));
#2109=DIRECTION('ref_axis',(-1.,0.,0.));
#2110=DIRECTION('center_axis',(0.,0.,1.));
#2111=DIRECTION('ref_axis',(1.,0.,0.));
#2112=DIRECTION('center_axis',(0.,0.,-1.));
#2113=DIRECTION('ref_axis',(-1.,0.,0.));
#2114=DIRECTION('',(0.,0.,-1.));
#2115=DIRECTION('center_axis',(0.,0.,-1.));
#2116=DIRECTION('ref_axis',(-1.,0.,0.));
#2117=DIRECTION('center_axis',(0.,0.,1.));
#2118=DIRECTION('ref_axis',(-1.,0.,0.));
#2119=DIRECTION('center_axis',(0.,0.,1.));
#2120=DIRECTION('ref_axis',(1.,0.,0.));
#2121=DIRECTION('center_axis',(0.,1.,0.));
#2122=DIRECTION('ref_axis',(-1.,0.,0.));
#2123=DIRECTION('',(-1.,0.,0.));
#2124=DIRECTION('',(0.,0.,1.));
#2125=DIRECTION('',(-1.,0.,0.));
#2126=DIRECTION('',(0.,0.,1.));
#2127=DIRECTION('center_axis',(1.,0.,0.));
#2128=DIRECTION('ref_axis',(0.,1.,0.));
#2129=DIRECTION('',(0.,1.,0.));
#2130=DIRECTION('',(0.,0.,1.));
#2131=DIRECTION('',(0.,1.,0.));
#2132=DIRECTION('center_axis',(0.,0.,-1.));
#2133=DIRECTION('ref_axis',(1.,0.,0.));
#2134=DIRECTION('',(1.,0.,0.));
#2135=DIRECTION('center_axis',(0.,0.,-1.));
#2136=DIRECTION('ref_axis',(1.,0.,0.));
#2137=DIRECTION('center_axis',(0.,0.,1.));
#2138=DIRECTION('ref_axis',(1.,0.,0.));
#2139=DIRECTION('',(0.,0.,1.));
#2140=DIRECTION('center_axis',(0.,0.,1.));
#2141=DIRECTION('ref_axis',(1.,0.,0.));
#2142=DIRECTION('',(0.,0.,1.));
#2143=DIRECTION('center_axis',(0.,0.,1.));
#2144=DIRECTION('ref_axis',(1.,0.,0.));
#2145=DIRECTION('',(0.,0.,1.));
#2146=DIRECTION('center_axis',(0.,0.,1.));
#2147=DIRECTION('ref_axis',(1.,0.,0.));
#2148=DIRECTION('center_axis',(0.,0.,1.));
#2149=DIRECTION('ref_axis',(1.,0.,0.));
#2150=DIRECTION('center_axis',(0.,0.,1.));
#2151=DIRECTION('ref_axis',(1.,0.,0.));
#2152=DIRECTION('',(0.,0.,1.));
#2153=DIRECTION('center_axis',(0.,0.,1.));
#2154=DIRECTION('ref_axis',(1.,0.,0.));
#2155=DIRECTION('center_axis',(0.,0.,1.));
#2156=DIRECTION('ref_axis',(1.,0.,0.));
#2157=DIRECTION('',(0.,0.,1.));
#2158=DIRECTION('center_axis',(0.,0.,1.));
#2159=DIRECTION('ref_axis',(1.,0.,0.));
#2160=DIRECTION('',(0.,0.,-1.));
#2161=DIRECTION('center_axis',(0.,0.,1.));
#2162=DIRECTION('ref_axis',(1.,0.,0.));
#2163=DIRECTION('center_axis',(0.,1.,0.));
#2164=DIRECTION('ref_axis',(-1.,0.,0.));
#2165=DIRECTION('',(1.,0.,0.));
#2166=DIRECTION('center_axis',(0.,0.,1.));
#2167=DIRECTION('ref_axis',(1.,0.,0.));
#2168=DIRECTION('',(0.,0.,-1.));
#2169=DIRECTION('center_axis',(0.,0.,1.));
#2170=DIRECTION('ref_axis',(1.,0.,0.));
#2171=DIRECTION('center_axis',(0.,1.,0.));
#2172=DIRECTION('ref_axis',(-1.,0.,0.));
#2173=DIRECTION('',(1.,0.,0.));
#2174=DIRECTION('center_axis',(0.,0.,-1.));
#2175=DIRECTION('ref_axis',(-1.,0.,0.));
#2176=DIRECTION('center_axis',(-1.22464679914735E-16,-1.,0.));
#2177=DIRECTION('ref_axis',(1.,-1.22464679914735E-16,0.));
#2178=DIRECTION('center_axis',(0.,0.,1.));
#2179=DIRECTION('ref_axis',(1.,0.,0.));
#2180=DIRECTION('center_axis',(0.,0.,1.));
#2181=DIRECTION('ref_axis',(0.707152254670882,0.707061304777661,0.));
#2182=DIRECTION('center_axis',(0.,0.,1.));
#2183=DIRECTION('ref_axis',(1.,0.,0.));
#2184=DIRECTION('',(0.,0.,-1.));
#2185=DIRECTION('center_axis',(0.,0.,1.));
#2186=DIRECTION('ref_axis',(1.,0.,0.));
#2187=DIRECTION('center_axis',(0.,0.,-1.));
#2188=DIRECTION('ref_axis',(-1.,0.,0.));
#2189=DIRECTION('',(0.,0.,-1.));
#2190=DIRECTION('center_axis',(0.,0.,1.));
#2191=DIRECTION('ref_axis',(-1.,0.,0.));
#2192=DIRECTION('center_axis',(0.,0.,-1.));
#2193=DIRECTION('ref_axis',(-1.,0.,0.));
#2194=DIRECTION('',(0.,0.,-1.));
#2195=DIRECTION('center_axis',(0.,0.,1.));
#2196=DIRECTION('ref_axis',(-1.,0.,0.));
#2197=DIRECTION('center_axis',(0.,0.,-1.));
#2198=DIRECTION('ref_axis',(-1.,0.,0.));
#2199=DIRECTION('',(0.,0.,-1.));
#2200=DIRECTION('center_axis',(0.,0.,1.));
#2201=DIRECTION('ref_axis',(-1.,0.,0.));
#2202=DIRECTION('center_axis',(0.,0.,-1.));
#2203=DIRECTION('ref_axis',(-1.,0.,0.));
#2204=DIRECTION('',(0.,0.,-1.));
#2205=DIRECTION('center_axis',(0.,0.,1.));
#2206=DIRECTION('ref_axis',(-1.,0.,0.));
#2207=DIRECTION('center_axis',(0.,0.,1.));
#2208=DIRECTION('ref_axis',(1.,0.,0.));
#2209=CARTESIAN_POINT('',(0.,0.,0.));
#2210=CARTESIAN_POINT('Origin',(-12.5,44.9773046194174,4.));
#2211=CARTESIAN_POINT('',(-5.45460923883485,46.,4.));
#2212=CARTESIAN_POINT('',(-19.5453907611652,46.,4.));
#2213=CARTESIAN_POINT('Origin',(-12.5,46.,4.));
#2214=CARTESIAN_POINT('',(-5.45460923883485,49.8548624682099,4.));
#2215=CARTESIAN_POINT('',(-5.45460923883485,47.7441589816332,4.));
#2216=CARTESIAN_POINT('',(-5.45460923883485,49.9331260613766,4.));
#2217=CARTESIAN_POINT('',(-5.45460923883485,45.4886523097087,4.));
#2218=CARTESIAN_POINT('',(-4.87990239961539,50.4275134481229,4.));
#2219=CARTESIAN_POINT('Ctrl Pts',(-4.87990239961539,50.4275134481229,4.));
#2220=CARTESIAN_POINT('Ctrl Pts',(-4.92550086667923,50.434403828903,4.));
#2221=CARTESIAN_POINT('Ctrl Pts',(-4.9718341533777,50.4349527245431,4.));
#2222=CARTESIAN_POINT('Ctrl Pts',(-5.01758305667917,50.4291445068664,4.));
#2223=CARTESIAN_POINT('Ctrl Pts',(-5.06333195998064,50.4233362891896,4.));
#2224=CARTESIAN_POINT('Ctrl Pts',(-5.10805813151274,50.4112266103009,4.));
#2225=CARTESIAN_POINT('Ctrl Pts',(-5.15048812608559,50.3931602574201,4.));
#2226=CARTESIAN_POINT('Ctrl Pts',(-5.21039139817006,50.3676539225009,4.));
#2227=CARTESIAN_POINT('Ctrl Pts',(-5.26474000793732,50.3306910009567,4.));
#2228=CARTESIAN_POINT('Ctrl Pts',(-5.31047483511179,50.2843520248053,4.));
#2229=CARTESIAN_POINT('Ctrl Pts',(-5.35620966228627,50.2380130486539,4.));
#2230=CARTESIAN_POINT('Ctrl Pts',(-5.39245620711759,50.1831840696328,4.));
#2231=CARTESIAN_POINT('Ctrl Pts',(-5.41717426028506,50.1229512465622,4.));
#2232=CARTESIAN_POINT('Ctrl Pts',(-5.44189231345254,50.0627184234917,4.));
#2233=CARTESIAN_POINT('Ctrl Pts',(-5.45460923883485,49.9982334736077,4.));
#2234=CARTESIAN_POINT('Ctrl Pts',(-5.45460923883485,49.9331260613766,4.));
#2235=CARTESIAN_POINT('',(-20.1200976003846,50.4275134481229,4.));
#2236=CARTESIAN_POINT('Origin',(-12.5,0.,4.));
#2237=CARTESIAN_POINT('',(-19.5453907611652,49.9331260613766,4.));
#2238=CARTESIAN_POINT('Ctrl Pts',(-19.5453907611652,49.9331260613766,4.));
#2239=CARTESIAN_POINT('Ctrl Pts',(-19.5453907611652,49.9792421924574,4.));
#2240=CARTESIAN_POINT('Ctrl Pts',(-19.5517708538028,50.0251373900345,4.));
#2241=CARTESIAN_POINT('Ctrl Pts',(-19.5643493848473,50.0695049243657,4.));
#2242=CARTESIAN_POINT('Ctrl Pts',(-19.5769279158918,50.1138724586969,4.));
#2243=CARTESIAN_POINT('Ctrl Pts',(-19.5955843627031,50.1562872171553,4.));
#2244=CARTESIAN_POINT('Ctrl Pts',(-19.619787538246,50.1955415651884,4.));
#2245=CARTESIAN_POINT('Ctrl Pts',(-19.6539579270111,50.2509614141515,4.));
#2246=CARTESIAN_POINT('Ctrl Pts',(-19.6986263570919,50.29917718239,4.));
#2247=CARTESIAN_POINT('Ctrl Pts',(-19.7512785765008,50.3374749488883,4.));
#2248=CARTESIAN_POINT('Ctrl Pts',(-19.8039307959096,50.3757727153866,4.));
#2249=CARTESIAN_POINT('Ctrl Pts',(-19.8635600368161,50.4034201851014,4.));
#2250=CARTESIAN_POINT('Ctrl Pts',(-19.9268099480521,50.4188611648655,4.));
#2251=CARTESIAN_POINT('Ctrl Pts',(-19.9900598592881,50.4343021446297,4.));
#2252=CARTESIAN_POINT('Ctrl Pts',(-20.0557210336031,50.437241386078,4.));
#2253=CARTESIAN_POINT('Ctrl Pts',(-20.1200976003846,50.4275134481229,4.));
#2254=CARTESIAN_POINT('',(-19.5453907611652,49.8548624682109,4.));
#2255=CARTESIAN_POINT('',(-19.5453907611652,47.455215340397,4.));
#2256=CARTESIAN_POINT('',(-19.5453907611652,55.,4.));
#2257=CARTESIAN_POINT('',(-9.75,46.,4.));
#2258=CARTESIAN_POINT('Origin',(-12.5,46.,4.));
#2259=CARTESIAN_POINT('Origin',(-12.5,-45.5363227726559,4.));
#2260=CARTESIAN_POINT('',(-19.5,-45.0726455453119,4.));
#2261=CARTESIAN_POINT('',(-5.5,-45.0726455453119,4.));
#2262=CARTESIAN_POINT('Origin',(-12.5,-45.0726455453119,4.));
#2263=CARTESIAN_POINT('',(-19.5,-49.8617110964155,4.));
#2264=CARTESIAN_POINT('',(-19.5,-48.145316467227,4.));
#2265=CARTESIAN_POINT('',(-19.5,-49.9399639567351,4.));
#2266=CARTESIAN_POINT('',(-19.5,-45.3044841589839,4.));
#2267=CARTESIAN_POINT('',(-20.0742574257426,-50.4344190454156,4.));
#2268=CARTESIAN_POINT('Ctrl Pts',(-20.0742574257426,-50.4344190454156,4.));
#2269=CARTESIAN_POINT('Ctrl Pts',(-20.0287279774553,-50.4412566727405,4.));
#2270=CARTESIAN_POINT('Ctrl Pts',(-19.9824715181909,-50.4417731197984,4.));
#2271=CARTESIAN_POINT('Ctrl Pts',(-19.9368007560383,-50.4359537303824,4.));
#2272=CARTESIAN_POINT('Ctrl Pts',(-19.8911299938857,-50.4301343409664,4.));
#2273=CARTESIAN_POINT('Ctrl Pts',(-19.8464810835911,-50.418034690114,4.));
#2274=CARTESIAN_POINT('Ctrl Pts',(-19.8041211127493,-50.3999981527786,4.));
#2275=CARTESIAN_POINT('Ctrl Pts',(-19.7442178406648,-50.3744918178594,4.));
#2276=CARTESIAN_POINT('Ctrl Pts',(-19.6898692308975,-50.3375288963152,4.));
#2277=CARTESIAN_POINT('Ctrl Pts',(-19.6441344037231,-50.2911899201638,4.));
#2278=CARTESIAN_POINT('Ctrl Pts',(-19.5983995765486,-50.2448509440125,4.));
#2279=CARTESIAN_POINT('Ctrl Pts',(-19.5621530317173,-50.1900219649913,4.));
#2280=CARTESIAN_POINT('Ctrl Pts',(-19.5374349785498,-50.1297891419207,4.));
#2281=CARTESIAN_POINT('Ctrl Pts',(-19.5127169253823,-50.0695563188502,4.));
#2282=CARTESIAN_POINT('Ctrl Pts',(-19.5,-50.0050713689662,4.));
#2283=CARTESIAN_POINT('Ctrl Pts',(-19.5,-49.9399639567351,4.));
#2284=CARTESIAN_POINT('',(-4.92574257425743,-50.4344190454156,4.));
#2285=CARTESIAN_POINT('Origin',(-12.5,0.,4.));
#2286=CARTESIAN_POINT('',(-5.5,-49.9399639567351,4.));
#2287=CARTESIAN_POINT('Ctrl Pts',(-5.5,-49.9399639567351,4.));
#2288=CARTESIAN_POINT('Ctrl Pts',(-5.5,-49.9860039807227,4.));
#2289=CARTESIAN_POINT('Ctrl Pts',(-5.49364094857367,-50.031824164116,4.));
#2290=CARTESIAN_POINT('Ctrl Pts',(-5.48110330869587,-50.0761241798617,4.));
#2291=CARTESIAN_POINT('Ctrl Pts',(-5.46856566881807,-50.1204241956074,4.));
#2292=CARTESIAN_POINT('Ctrl Pts',(-5.44996917466625,-50.1627809795564,4.));
#2293=CARTESIAN_POINT('Ctrl Pts',(-5.42584157455245,-50.201992492171,4.));
#2294=CARTESIAN_POINT('Ctrl Pts',(-5.39172157480655,-50.2574433780501,4.));
#2295=CARTESIAN_POINT('Ctrl Pts',(-5.34709698979851,-50.3056997285708,4.));
#2296=CARTESIAN_POINT('Ctrl Pts',(-5.2944796036084,-50.3440453384624,4.));
#2297=CARTESIAN_POINT('Ctrl Pts',(-5.24186221741829,-50.382390948354,4.));
#2298=CARTESIAN_POINT('Ctrl Pts',(-5.18225813182745,-50.4100926077554,4.));
#2299=CARTESIAN_POINT('Ctrl Pts',(-5.11902228208663,-50.4255910733244,4.));
#2300=CARTESIAN_POINT('Ctrl Pts',(-5.05578643234581,-50.4410895388935,4.));
#2301=CARTESIAN_POINT('Ctrl Pts',(-4.99012795683446,-50.4440884630737,4.));
#2302=CARTESIAN_POINT('Ctrl Pts',(-4.92574257425743,-50.4344190454156,4.));
#2303=CARTESIAN_POINT('',(-5.5,-49.8617110964155,4.));
#2304=CARTESIAN_POINT('',(-5.5,-47.7381433646955,4.));
#2305=CARTESIAN_POINT('',(-5.5,-45.3044841589839,4.));
#2306=CARTESIAN_POINT('',(-9.75,-45.0726455453119,4.));
#2307=CARTESIAN_POINT('Origin',(-12.5,-45.0726455453119,4.));
#2308=CARTESIAN_POINT('Origin',(32.4805558943366,5.63509770845627E-6,4.));
#2309=CARTESIAN_POINT('',(33.5,-7.03888257622916,4.));
#2310=CARTESIAN_POINT('',(33.5,7.03889384642458,4.));
#2311=CARTESIAN_POINT('Origin',(33.5,5.63509770806679E-6,4.));
#2312=CARTESIAN_POINT('',(37.3558470288554,-7.03888257622916,4.));
#2313=CARTESIAN_POINT('',(35.2462382935799,-7.03888257622916,4.));
#2314=CARTESIAN_POINT('',(37.4341090788834,-7.03888257622916,4.));
#2315=CARTESIAN_POINT('',(32.9902779471683,-7.03888257622916,4.));
#2316=CARTESIAN_POINT('',(37.9285061984763,-7.61352497797401,4.));
#2317=CARTESIAN_POINT('Ctrl Pts',(37.9285061984763,-7.61352497797401,4.));
#2318=CARTESIAN_POINT('Ctrl Pts',(37.9353890068907,-7.5679364039834,4.));
#2319=CARTESIAN_POINT('Ctrl Pts',(37.9359332432871,-7.52161413244398,4.));
#2320=CARTESIAN_POINT('Ctrl Pts',(37.9301234194189,-7.47587643380503,4.));
#2321=CARTESIAN_POINT('Ctrl Pts',(37.9243135955507,-7.43013873516608,4.));
#2322=CARTESIAN_POINT('Ctrl Pts',(37.9122053525377,-7.38542364280382,4.));
#2323=CARTESIAN_POINT('Ctrl Pts',(37.894143274927,-7.34300368897842,4.));
#2324=CARTESIAN_POINT('Ctrl Pts',(37.8686369400077,-7.28310041689396,4.));
#2325=CARTESIAN_POINT('Ctrl Pts',(37.8316740184636,-7.2287518071267,4.));
#2326=CARTESIAN_POINT('Ctrl Pts',(37.7853350423122,-7.18301697995222,4.));
#2327=CARTESIAN_POINT('Ctrl Pts',(37.7389960661608,-7.13728215277774,4.));
#2328=CARTESIAN_POINT('Ctrl Pts',(37.6841670871396,-7.10103560794643,4.));
#2329=CARTESIAN_POINT('Ctrl Pts',(37.6239342640691,-7.07631755477895,4.));
#2330=CARTESIAN_POINT('Ctrl Pts',(37.5637014409985,-7.05159950161148,4.));
#2331=CARTESIAN_POINT('Ctrl Pts',(37.4992164911146,-7.03888257622916,4.));
#2332=CARTESIAN_POINT('Ctrl Pts',(37.4341090788834,-7.03888257622916,4.));
#2333=CARTESIAN_POINT('',(37.9285044800922,7.61353635975552,4.));
#2334=CARTESIAN_POINT('Origin',(-12.5,0.,4.));
#2335=CARTESIAN_POINT('',(37.4341073773462,7.03889384642458,4.));
#2336=CARTESIAN_POINT('Ctrl Pts',(37.4341073773462,7.03889384642458,4.));
#2337=CARTESIAN_POINT('Ctrl Pts',(37.4802126142803,7.03889384642458,4.));
#2338=CARTESIAN_POINT('Ctrl Pts',(37.5260970743741,7.04527092504282,4.));
#2339=CARTESIAN_POINT('Ctrl Pts',(37.5704549456503,7.05784359892691,4.));
#2340=CARTESIAN_POINT('Ctrl Pts',(37.6148128169264,7.070416272811,4.));
#2341=CARTESIAN_POINT('Ctrl Pts',(37.6572192803703,7.08906413241971,4.));
#2342=CARTESIAN_POINT('Ctrl Pts',(37.6964675032597,7.1132564839543,4.));
#2343=CARTESIAN_POINT('Ctrl Pts',(37.7518917976984,7.14741966169603,4.));
#2344=CARTESIAN_POINT('Ctrl Pts',(37.8001133773846,7.1920818179951,4.));
#2345=CARTESIAN_POINT('Ctrl Pts',(37.8384179941936,7.24472905399614,4.));
#2346=CARTESIAN_POINT('Ctrl Pts',(37.8767226110027,7.29737628999717,4.));
#2347=CARTESIAN_POINT('Ctrl Pts',(37.904377838906,7.3570019331579,4.));
#2348=CARTESIAN_POINT('Ctrl Pts',(37.919827048051,7.42024983481662,4.));
#2349=CARTESIAN_POINT('Ctrl Pts',(37.935276257196,7.48349773647533,4.));
#2350=CARTESIAN_POINT('Ctrl Pts',(37.938224041863,7.54915852780677,4.));
#2351=CARTESIAN_POINT('Ctrl Pts',(37.9285044800922,7.61353635975552,4.));
#2352=CARTESIAN_POINT('',(37.3558453246481,7.03889384642458,4.));
#2353=CARTESIAN_POINT('',(34.9573316358414,7.03889384642458,4.));
#2354=CARTESIAN_POINT('',(43.5,7.03889384642458,4.));
#2355=CARTESIAN_POINT('',(36.25,5.63509770840357E-6,4.));
#2356=CARTESIAN_POINT('Origin',(33.5,5.63509770806679E-6,4.));
#2357=CARTESIAN_POINT('Origin',(-58.5,-2.22044604925031E-15,4.));
#2358=CARTESIAN_POINT('',(-58.5,7.,4.));
#2359=CARTESIAN_POINT('',(-58.5,-7.,4.));
#2360=CARTESIAN_POINT('Origin',(-58.5,-3.52385540807196E-15,4.));
#2361=CARTESIAN_POINT('',(-62.3617110964203,7.,4.));
#2362=CARTESIAN_POINT('',(-60.877155080899,7.,4.));
#2363=CARTESIAN_POINT('',(-62.4399639567351,7.,4.));
#2364=CARTESIAN_POINT('',(-58.5,7.,4.));
#2365=CARTESIAN_POINT('',(-62.9344190454156,7.57425742574257,4.));
#2366=CARTESIAN_POINT('Ctrl Pts',(-62.9344190454156,7.57425742574257,4.));
#2367=CARTESIAN_POINT('Ctrl Pts',(-62.9412566727405,7.52872797745532,4.));
#2368=CARTESIAN_POINT('Ctrl Pts',(-62.9417731197984,7.48247151819094,4.));
#2369=CARTESIAN_POINT('Ctrl Pts',(-62.9359537303824,7.43680075603832,4.));
#2370=CARTESIAN_POINT('Ctrl Pts',(-62.9301343409664,7.3911299938857,4.));
#2371=CARTESIAN_POINT('Ctrl Pts',(-62.918034690114,7.34648108359115,4.));
#2372=CARTESIAN_POINT('Ctrl Pts',(-62.8999981527786,7.30412111274926,4.));
#2373=CARTESIAN_POINT('Ctrl Pts',(-62.8744918178594,7.24421784066479,4.));
#2374=CARTESIAN_POINT('Ctrl Pts',(-62.8375288963152,7.18986923089753,4.));
#2375=CARTESIAN_POINT('Ctrl Pts',(-62.7911899201638,7.14413440372305,4.));
#2376=CARTESIAN_POINT('Ctrl Pts',(-62.7448509440125,7.09839957654857,4.));
#2377=CARTESIAN_POINT('Ctrl Pts',(-62.6900219649913,7.06215303171726,4.));
#2378=CARTESIAN_POINT('Ctrl Pts',(-62.6297891419207,7.03743497854978,4.));
#2379=CARTESIAN_POINT('Ctrl Pts',(-62.5695563188502,7.01271692538231,4.));
#2380=CARTESIAN_POINT('Ctrl Pts',(-62.5050713689662,7.,4.));
#2381=CARTESIAN_POINT('Ctrl Pts',(-62.4399639567351,7.,4.));
#2382=CARTESIAN_POINT('',(-63.5,-6.2456986756515E-15,4.));
#2383=CARTESIAN_POINT('Origin',(-12.5,0.,4.));
#2384=CARTESIAN_POINT('',(-62.9344190454156,-7.57425742574258,4.));
#2385=CARTESIAN_POINT('Origin',(-12.5,0.,4.));
#2386=CARTESIAN_POINT('',(-62.4399639567351,-7.,4.));
#2387=CARTESIAN_POINT('Ctrl Pts',(-62.4399639567351,-7.,4.));
#2388=CARTESIAN_POINT('Ctrl Pts',(-62.4860039807227,-7.,4.));
#2389=CARTESIAN_POINT('Ctrl Pts',(-62.531824164116,-7.00635905142633,4.));
#2390=CARTESIAN_POINT('Ctrl Pts',(-62.5761241798617,-7.01889669130414,4.));
#2391=CARTESIAN_POINT('Ctrl Pts',(-62.6204241956074,-7.03143433118194,4.));
#2392=CARTESIAN_POINT('Ctrl Pts',(-62.6627809795564,-7.05003082533376,4.));
#2393=CARTESIAN_POINT('Ctrl Pts',(-62.701992492171,-7.07415842544756,4.));
#2394=CARTESIAN_POINT('Ctrl Pts',(-62.7574433780501,-7.10827842519346,4.));
#2395=CARTESIAN_POINT('Ctrl Pts',(-62.8056997285708,-7.1529030102015,4.));
#2396=CARTESIAN_POINT('Ctrl Pts',(-62.8440453384624,-7.2055203963916,4.));
#2397=CARTESIAN_POINT('Ctrl Pts',(-62.882390948354,-7.25813778258171,4.));
#2398=CARTESIAN_POINT('Ctrl Pts',(-62.9100926077554,-7.31774186817255,4.));
#2399=CARTESIAN_POINT('Ctrl Pts',(-62.9255910733244,-7.38097771791337,4.));
#2400=CARTESIAN_POINT('Ctrl Pts',(-62.9410895388935,-7.44421356765419,4.));
#2401=CARTESIAN_POINT('Ctrl Pts',(-62.9440884630737,-7.50987204316554,4.));
#2402=CARTESIAN_POINT('Ctrl Pts',(-62.9344190454156,-7.57425742574258,4.));
#2403=CARTESIAN_POINT('',(-62.3617110964203,-7.,4.));
#2404=CARTESIAN_POINT('',(-60.4699819783676,-7.,4.));
#2405=CARTESIAN_POINT('',(-58.5,-7.,4.));
#2406=CARTESIAN_POINT('',(-55.75,-3.33066907387547E-15,4.));
#2407=CARTESIAN_POINT('Origin',(-58.5,-3.52385540807196E-15,4.));
#2408=CARTESIAN_POINT('Ctrl Pts',(-5.45460923883485,49.9331260613766,3.));
#2409=CARTESIAN_POINT('Ctrl Pts',(-5.45460923883485,49.9331260613766,5.));
#2410=CARTESIAN_POINT('Ctrl Pts',(-5.45460923883485,49.9982334736077,3.));
#2411=CARTESIAN_POINT('Ctrl Pts',(-5.45460923883485,49.9982334736077,5.));
#2412=CARTESIAN_POINT('Ctrl Pts',(-5.44189231345254,50.0627184234917,3.));
#2413=CARTESIAN_POINT('Ctrl Pts',(-5.44189231345254,50.0627184234917,5.));
#2414=CARTESIAN_POINT('Ctrl Pts',(-5.39245620711759,50.1831840696328,3.));
#2415=CARTESIAN_POINT('Ctrl Pts',(-5.39245620711759,50.1831840696328,5.));
#2416=CARTESIAN_POINT('Ctrl Pts',(-5.35620966228627,50.2380130486539,3.));
#2417=CARTESIAN_POINT('Ctrl Pts',(-5.35620966228627,50.2380130486539,5.));
#2418=CARTESIAN_POINT('Ctrl Pts',(-5.26474000793732,50.3306910009567,3.));
#2419=CARTESIAN_POINT('Ctrl Pts',(-5.26474000793732,50.3306910009567,5.));
#2420=CARTESIAN_POINT('Ctrl Pts',(-5.21039139817006,50.3676539225009,3.));
#2421=CARTESIAN_POINT('Ctrl Pts',(-5.21039139817006,50.3676539225009,5.));
#2422=CARTESIAN_POINT('Ctrl Pts',(-5.10805813151274,50.4112266103009,3.));
#2423=CARTESIAN_POINT('Ctrl Pts',(-5.10805813151274,50.4112266103009,5.));
#2424=CARTESIAN_POINT('Ctrl Pts',(-5.06333195998064,50.4233362891896,3.));
#2425=CARTESIAN_POINT('Ctrl Pts',(-5.06333195998064,50.4233362891896,5.));
#2426=CARTESIAN_POINT('Ctrl Pts',(-4.9718341533777,50.4349527245431,3.));
#2427=CARTESIAN_POINT('Ctrl Pts',(-4.9718341533777,50.4349527245431,5.));
#2428=CARTESIAN_POINT('Ctrl Pts',(-4.92550086667923,50.434403828903,3.));
#2429=CARTESIAN_POINT('Ctrl Pts',(-4.92550086667923,50.434403828903,5.));
#2430=CARTESIAN_POINT('Ctrl Pts',(-4.87990239961539,50.4275134481229,3.));
#2431=CARTESIAN_POINT('Ctrl Pts',(-4.87990239961539,50.4275134481229,5.));
#2432=CARTESIAN_POINT('',(-5.45460923883485,49.9331260613766,3.));
#2433=CARTESIAN_POINT('',(-5.45460923883485,49.9331260613766,3.));
#2434=CARTESIAN_POINT('',(-4.87990239961539,50.4275134481229,3.));
#2435=CARTESIAN_POINT('Ctrl Pts',(-5.45460923883485,49.9331260613766,3.));
#2436=CARTESIAN_POINT('Ctrl Pts',(-5.45460923883485,49.9982334736077,3.));
#2437=CARTESIAN_POINT('Ctrl Pts',(-5.44189231345254,50.0627184234917,3.));
#2438=CARTESIAN_POINT('Ctrl Pts',(-5.39245620711759,50.1831840696328,3.));
#2439=CARTESIAN_POINT('Ctrl Pts',(-5.35620966228627,50.2380130486539,3.));
#2440=CARTESIAN_POINT('Ctrl Pts',(-5.26474000793732,50.3306910009567,3.));
#2441=CARTESIAN_POINT('Ctrl Pts',(-5.21039139817006,50.3676539225009,3.));
#2442=CARTESIAN_POINT('Ctrl Pts',(-5.10805813151274,50.4112266103009,3.));
#2443=CARTESIAN_POINT('Ctrl Pts',(-5.06333195998064,50.4233362891896,3.));
#2444=CARTESIAN_POINT('Ctrl Pts',(-4.9718341533777,50.4349527245431,3.));
#2445=CARTESIAN_POINT('Ctrl Pts',(-4.92550086667923,50.434403828903,3.));
#2446=CARTESIAN_POINT('Ctrl Pts',(-4.87990239961539,50.4275134481229,3.));
#2447=CARTESIAN_POINT('',(-4.87990239961539,50.4275134481229,3.));
#2448=CARTESIAN_POINT('Origin',(-5.45460923883485,46.,3.));
#2449=CARTESIAN_POINT('Ctrl Pts',(-5.45460923883485,49.9331260613766,3.));
#2450=CARTESIAN_POINT('Ctrl Pts',(-5.45460923883485,49.9331260613766,3.33459291664904));
#2451=CARTESIAN_POINT('Ctrl Pts',(-5.45460923883485,49.9064385298137,3.66923778925836));
#2452=CARTESIAN_POINT('Ctrl Pts',(-5.45460923883485,49.8541112233213,3.99988162820005));
#2453=CARTESIAN_POINT('Ctrl Pts',(-19.5,-49.9399639567351,3.));
#2454=CARTESIAN_POINT('Ctrl Pts',(-19.5,-49.9399639567351,5.));
#2455=CARTESIAN_POINT('Ctrl Pts',(-19.5,-50.0050713689662,3.));
#2456=CARTESIAN_POINT('Ctrl Pts',(-19.5,-50.0050713689662,5.));
#2457=CARTESIAN_POINT('Ctrl Pts',(-19.5127169253823,-50.0695563188502,3.));
#2458=CARTESIAN_POINT('Ctrl Pts',(-19.5127169253823,-50.0695563188502,5.));
#2459=CARTESIAN_POINT('Ctrl Pts',(-19.5621530317173,-50.1900219649913,3.));
#2460=CARTESIAN_POINT('Ctrl Pts',(-19.5621530317173,-50.1900219649913,5.));
#2461=CARTESIAN_POINT('Ctrl Pts',(-19.5983995765486,-50.2448509440125,3.));
#2462=CARTESIAN_POINT('Ctrl Pts',(-19.5983995765486,-50.2448509440125,5.));
#2463=CARTESIAN_POINT('Ctrl Pts',(-19.6898692308975,-50.3375288963152,3.));
#2464=CARTESIAN_POINT('Ctrl Pts',(-19.6898692308975,-50.3375288963152,5.));
#2465=CARTESIAN_POINT('Ctrl Pts',(-19.7442178406648,-50.3744918178594,3.));
#2466=CARTESIAN_POINT('Ctrl Pts',(-19.7442178406648,-50.3744918178594,5.));
#2467=CARTESIAN_POINT('Ctrl Pts',(-19.8464810835911,-50.418034690114,3.));
#2468=CARTESIAN_POINT('Ctrl Pts',(-19.8464810835911,-50.418034690114,5.));
#2469=CARTESIAN_POINT('Ctrl Pts',(-19.8911299938857,-50.4301343409664,3.));
#2470=CARTESIAN_POINT('Ctrl Pts',(-19.8911299938857,-50.4301343409664,5.));
#2471=CARTESIAN_POINT('Ctrl Pts',(-19.9824715181909,-50.4417731197984,3.));
#2472=CARTESIAN_POINT('Ctrl Pts',(-19.9824715181909,-50.4417731197984,5.));
#2473=CARTESIAN_POINT('Ctrl Pts',(-20.0287279774553,-50.4412566727405,3.));
#2474=CARTESIAN_POINT('Ctrl Pts',(-20.0287279774553,-50.4412566727405,5.));
#2475=CARTESIAN_POINT('Ctrl Pts',(-20.0742574257426,-50.4344190454156,3.));
#2476=CARTESIAN_POINT('Ctrl Pts',(-20.0742574257426,-50.4344190454156,5.));
#2477=CARTESIAN_POINT('',(-19.5,-49.9399639567351,3.));
#2478=CARTESIAN_POINT('',(-19.5,-49.9399639567351,3.));
#2479=CARTESIAN_POINT('',(-20.0742574257426,-50.4344190454156,3.));
#2480=CARTESIAN_POINT('Ctrl Pts',(-19.5,-49.9399639567351,3.));
#2481=CARTESIAN_POINT('Ctrl Pts',(-19.5,-50.0050713689662,3.));
#2482=CARTESIAN_POINT('Ctrl Pts',(-19.5127169253823,-50.0695563188502,3.));
#2483=CARTESIAN_POINT('Ctrl Pts',(-19.5621530317173,-50.1900219649913,3.));
#2484=CARTESIAN_POINT('Ctrl Pts',(-19.5983995765486,-50.2448509440125,3.));
#2485=CARTESIAN_POINT('Ctrl Pts',(-19.6898692308975,-50.3375288963152,3.));
#2486=CARTESIAN_POINT('Ctrl Pts',(-19.7442178406648,-50.3744918178594,3.));
#2487=CARTESIAN_POINT('Ctrl Pts',(-19.8464810835911,-50.418034690114,3.));
#2488=CARTESIAN_POINT('Ctrl Pts',(-19.8911299938857,-50.4301343409664,3.));
#2489=CARTESIAN_POINT('Ctrl Pts',(-19.9824715181909,-50.4417731197984,3.));
#2490=CARTESIAN_POINT('Ctrl Pts',(-20.0287279774553,-50.4412566727405,3.));
#2491=CARTESIAN_POINT('Ctrl Pts',(-20.0742574257426,-50.4344190454156,3.));
#2492=CARTESIAN_POINT('',(-20.0742574257426,-50.4344190454156,3.));
#2493=CARTESIAN_POINT('Origin',(-19.5,-45.0726455453119,3.));
#2494=CARTESIAN_POINT('Ctrl Pts',(-19.5000077292387,-49.9426777947332,3.));
#2495=CARTESIAN_POINT('Ctrl Pts',(-19.5000077292387,-49.9426777947332,3.33501999496351));
#2496=CARTESIAN_POINT('Ctrl Pts',(-19.5000076927114,-49.9151430196404,3.66957567724541));
#2497=CARTESIAN_POINT('Ctrl Pts',(-19.5000076310483,-49.8617110537528,3.99999999310261));
#2498=CARTESIAN_POINT('Ctrl Pts',(37.4341090788834,-7.03888257622916,3.));
#2499=CARTESIAN_POINT('Ctrl Pts',(37.4341090788834,-7.03888257622916,5.));
#2500=CARTESIAN_POINT('Ctrl Pts',(37.4992164911146,-7.03888257622916,3.));
#2501=CARTESIAN_POINT('Ctrl Pts',(37.4992164911146,-7.03888257622916,5.));
#2502=CARTESIAN_POINT('Ctrl Pts',(37.5637014409985,-7.05159950161148,3.));
#2503=CARTESIAN_POINT('Ctrl Pts',(37.5637014409985,-7.05159950161148,5.));
#2504=CARTESIAN_POINT('Ctrl Pts',(37.6841670871396,-7.10103560794643,3.));
#2505=CARTESIAN_POINT('Ctrl Pts',(37.6841670871396,-7.10103560794643,5.));
#2506=CARTESIAN_POINT('Ctrl Pts',(37.7389960661608,-7.13728215277774,3.));
#2507=CARTESIAN_POINT('Ctrl Pts',(37.7389960661608,-7.13728215277774,5.));
#2508=CARTESIAN_POINT('Ctrl Pts',(37.8316740184636,-7.2287518071267,3.));
#2509=CARTESIAN_POINT('Ctrl Pts',(37.8316740184636,-7.2287518071267,5.));
#2510=CARTESIAN_POINT('Ctrl Pts',(37.8686369400077,-7.28310041689396,3.));
#2511=CARTESIAN_POINT('Ctrl Pts',(37.8686369400077,-7.28310041689396,5.));
#2512=CARTESIAN_POINT('Ctrl Pts',(37.9122053525377,-7.38542364280382,3.));
#2513=CARTESIAN_POINT('Ctrl Pts',(37.9122053525377,-7.38542364280382,5.));
#2514=CARTESIAN_POINT('Ctrl Pts',(37.9243135955507,-7.43013873516608,3.));
#2515=CARTESIAN_POINT('Ctrl Pts',(37.9243135955507,-7.43013873516608,5.));
#2516=CARTESIAN_POINT('Ctrl Pts',(37.9359332432871,-7.52161413244398,3.));
#2517=CARTESIAN_POINT('Ctrl Pts',(37.9359332432871,-7.52161413244398,5.));
#2518=CARTESIAN_POINT('Ctrl Pts',(37.9353890068907,-7.5679364039834,3.));
#2519=CARTESIAN_POINT('Ctrl Pts',(37.9353890068907,-7.5679364039834,5.));
#2520=CARTESIAN_POINT('Ctrl Pts',(37.9285061984763,-7.61352497797401,3.));
#2521=CARTESIAN_POINT('Ctrl Pts',(37.9285061984763,-7.61352497797401,5.));
#2522=CARTESIAN_POINT('',(37.4341090788834,-7.03888257622916,3.));
#2523=CARTESIAN_POINT('',(37.4341090788834,-7.03888257622916,3.));
#2524=CARTESIAN_POINT('',(37.9285061984763,-7.61352497797401,3.));
#2525=CARTESIAN_POINT('Ctrl Pts',(37.4341090788834,-7.03888257622916,3.));
#2526=CARTESIAN_POINT('Ctrl Pts',(37.4992164911146,-7.03888257622916,3.));
#2527=CARTESIAN_POINT('Ctrl Pts',(37.5637014409985,-7.05159950161148,3.));
#2528=CARTESIAN_POINT('Ctrl Pts',(37.6841670871396,-7.10103560794643,3.));
#2529=CARTESIAN_POINT('Ctrl Pts',(37.7389960661608,-7.13728215277774,3.));
#2530=CARTESIAN_POINT('Ctrl Pts',(37.8316740184636,-7.2287518071267,3.));
#2531=CARTESIAN_POINT('Ctrl Pts',(37.8686369400077,-7.28310041689396,3.));
#2532=CARTESIAN_POINT('Ctrl Pts',(37.9122053525377,-7.38542364280382,3.));
#2533=CARTESIAN_POINT('Ctrl Pts',(37.9243135955507,-7.43013873516608,3.));
#2534=CARTESIAN_POINT('Ctrl Pts',(37.9359332432871,-7.52161413244398,3.));
#2535=CARTESIAN_POINT('Ctrl Pts',(37.9353890068907,-7.5679364039834,3.));
#2536=CARTESIAN_POINT('Ctrl Pts',(37.9285061984763,-7.61352497797401,3.));
#2537=CARTESIAN_POINT('',(37.9285061984763,-7.61352497797401,3.));
#2538=CARTESIAN_POINT('Origin',(33.5,-7.03888257622916,3.));
#2539=CARTESIAN_POINT('Ctrl Pts',(37.4341090788834,-7.03888257622916,3.));
#2540=CARTESIAN_POINT('Ctrl Pts',(37.4341090788834,-7.03888257622916,3.33459182765783));
#2541=CARTESIAN_POINT('Ctrl Pts',(37.407424568828,-7.03888257622916,3.66923727872007));
#2542=CARTESIAN_POINT('Ctrl Pts',(37.3551018927838,-7.03888257622916,3.99988259309576));
#2543=CARTESIAN_POINT('Ctrl Pts',(-62.4399639567351,7.,3.));
#2544=CARTESIAN_POINT('Ctrl Pts',(-62.4399639567351,7.,5.));
#2545=CARTESIAN_POINT('Ctrl Pts',(-62.5050713689662,7.,3.));
#2546=CARTESIAN_POINT('Ctrl Pts',(-62.5050713689662,7.,5.));
#2547=CARTESIAN_POINT('Ctrl Pts',(-62.5695563188502,7.01271692538231,3.));
#2548=CARTESIAN_POINT('Ctrl Pts',(-62.5695563188502,7.01271692538231,5.));
#2549=CARTESIAN_POINT('Ctrl Pts',(-62.6900219649913,7.06215303171726,3.));
#2550=CARTESIAN_POINT('Ctrl Pts',(-62.6900219649913,7.06215303171726,5.));
#2551=CARTESIAN_POINT('Ctrl Pts',(-62.7448509440125,7.09839957654857,3.));
#2552=CARTESIAN_POINT('Ctrl Pts',(-62.7448509440125,7.09839957654857,5.));
#2553=CARTESIAN_POINT('Ctrl Pts',(-62.8375288963152,7.18986923089753,3.));
#2554=CARTESIAN_POINT('Ctrl Pts',(-62.8375288963152,7.18986923089753,5.));
#2555=CARTESIAN_POINT('Ctrl Pts',(-62.8744918178594,7.24421784066479,3.));
#2556=CARTESIAN_POINT('Ctrl Pts',(-62.8744918178594,7.24421784066479,5.));
#2557=CARTESIAN_POINT('Ctrl Pts',(-62.918034690114,7.34648108359115,3.));
#2558=CARTESIAN_POINT('Ctrl Pts',(-62.918034690114,7.34648108359115,5.));
#2559=CARTESIAN_POINT('Ctrl Pts',(-62.9301343409664,7.3911299938857,3.));
#2560=CARTESIAN_POINT('Ctrl Pts',(-62.9301343409664,7.3911299938857,5.));
#2561=CARTESIAN_POINT('Ctrl Pts',(-62.9417731197984,7.48247151819094,3.));
#2562=CARTESIAN_POINT('Ctrl Pts',(-62.9417731197984,7.48247151819094,5.));
#2563=CARTESIAN_POINT('Ctrl Pts',(-62.9412566727405,7.52872797745532,3.));
#2564=CARTESIAN_POINT('Ctrl Pts',(-62.9412566727405,7.52872797745532,5.));
#2565=CARTESIAN_POINT('Ctrl Pts',(-62.9344190454156,7.57425742574257,3.));
#2566=CARTESIAN_POINT('Ctrl Pts',(-62.9344190454156,7.57425742574257,5.));
#2567=CARTESIAN_POINT('',(-62.4399639567351,7.,3.));
#2568=CARTESIAN_POINT('',(-62.4399639567351,7.,3.));
#2569=CARTESIAN_POINT('',(-62.9344190454156,7.57425742574257,3.));
#2570=CARTESIAN_POINT('Ctrl Pts',(-62.4399639567351,7.,3.));
#2571=CARTESIAN_POINT('Ctrl Pts',(-62.5050713689662,7.,3.));
#2572=CARTESIAN_POINT('Ctrl Pts',(-62.5695563188502,7.01271692538231,3.));
#2573=CARTESIAN_POINT('Ctrl Pts',(-62.6900219649913,7.06215303171726,3.));
#2574=CARTESIAN_POINT('Ctrl Pts',(-62.7448509440125,7.09839957654857,3.));
#2575=CARTESIAN_POINT('Ctrl Pts',(-62.8375288963152,7.18986923089753,3.));
#2576=CARTESIAN_POINT('Ctrl Pts',(-62.8744918178594,7.24421784066479,3.));
#2577=CARTESIAN_POINT('Ctrl Pts',(-62.918034690114,7.34648108359115,3.));
#2578=CARTESIAN_POINT('Ctrl Pts',(-62.9301343409664,7.3911299938857,3.));
#2579=CARTESIAN_POINT('Ctrl Pts',(-62.9417731197984,7.48247151819094,3.));
#2580=CARTESIAN_POINT('Ctrl Pts',(-62.9412566727405,7.52872797745532,3.));
#2581=CARTESIAN_POINT('Ctrl Pts',(-62.9344190454156,7.57425742574257,3.));
#2582=CARTESIAN_POINT('',(-62.9344190454156,7.57425742574257,3.));
#2583=CARTESIAN_POINT('Origin',(-58.5,7.,3.));
#2584=CARTESIAN_POINT('Ctrl Pts',(-62.4399639567351,7.,3.));
#2585=CARTESIAN_POINT('Ctrl Pts',(-62.4399639567351,7.,3.33459321987468));
#2586=CARTESIAN_POINT('Ctrl Pts',(-62.4132770365914,7.,3.66923705786125));
#2587=CARTESIAN_POINT('Ctrl Pts',(-62.3609522296846,7.,3.99988032865662));
#2588=CARTESIAN_POINT('Origin',(-62.4399639567351,-7.,3.));
#2589=CARTESIAN_POINT('',(-62.4399639567351,-7.,3.));
#2590=CARTESIAN_POINT('',(-62.4399639567351,-7.,3.));
#2591=CARTESIAN_POINT('Ctrl Pts',(-62.361711079466,-7.00000415906424,3.99999999728001));
#2592=CARTESIAN_POINT('Ctrl Pts',(-62.4147392048157,-7.00000417147981,3.66949105437517));
#2593=CARTESIAN_POINT('Ctrl Pts',(-62.4419860002242,-7.00000417864532,3.33490591827952));
#2594=CARTESIAN_POINT('Ctrl Pts',(-62.4419860002242,-7.00000417864532,3.));
#2595=CARTESIAN_POINT('Ctrl Pts',(-62.9344190454156,-7.57425742574258,3.));
#2596=CARTESIAN_POINT('Ctrl Pts',(-62.9344190454156,-7.57425742574258,5.));
#2597=CARTESIAN_POINT('Ctrl Pts',(-62.9440884630737,-7.50987204316554,3.));
#2598=CARTESIAN_POINT('Ctrl Pts',(-62.9440884630737,-7.50987204316554,5.));
#2599=CARTESIAN_POINT('Ctrl Pts',(-62.9410895388935,-7.44421356765419,3.));
#2600=CARTESIAN_POINT('Ctrl Pts',(-62.9410895388935,-7.44421356765419,5.));
#2601=CARTESIAN_POINT('Ctrl Pts',(-62.9100926077554,-7.31774186817255,3.));
#2602=CARTESIAN_POINT('Ctrl Pts',(-62.9100926077554,-7.31774186817255,5.));
#2603=CARTESIAN_POINT('Ctrl Pts',(-62.882390948354,-7.25813778258171,3.));
#2604=CARTESIAN_POINT('Ctrl Pts',(-62.882390948354,-7.25813778258171,5.));
#2605=CARTESIAN_POINT('Ctrl Pts',(-62.8056997285708,-7.1529030102015,3.));
#2606=CARTESIAN_POINT('Ctrl Pts',(-62.8056997285708,-7.1529030102015,5.));
#2607=CARTESIAN_POINT('Ctrl Pts',(-62.7574433780501,-7.10827842519346,3.));
#2608=CARTESIAN_POINT('Ctrl Pts',(-62.7574433780501,-7.10827842519346,5.));
#2609=CARTESIAN_POINT('Ctrl Pts',(-62.6627809795564,-7.05003082533376,3.));
#2610=CARTESIAN_POINT('Ctrl Pts',(-62.6627809795564,-7.05003082533376,5.));
#2611=CARTESIAN_POINT('Ctrl Pts',(-62.6204241956074,-7.03143433118194,3.));
#2612=CARTESIAN_POINT('Ctrl Pts',(-62.6204241956074,-7.03143433118194,5.));
#2613=CARTESIAN_POINT('Ctrl Pts',(-62.531824164116,-7.00635905142633,3.));
#2614=CARTESIAN_POINT('Ctrl Pts',(-62.531824164116,-7.00635905142633,5.));
#2615=CARTESIAN_POINT('Ctrl Pts',(-62.4860039807227,-7.,3.));
#2616=CARTESIAN_POINT('Ctrl Pts',(-62.4860039807227,-7.,5.));
#2617=CARTESIAN_POINT('Ctrl Pts',(-62.4399639567351,-7.,3.));
#2618=CARTESIAN_POINT('Ctrl Pts',(-62.4399639567351,-7.,5.));
#2619=CARTESIAN_POINT('',(-62.9344190454156,-7.57425742574258,3.));
#2620=CARTESIAN_POINT('',(-62.9344190454156,-7.57425742574258,3.));
#2621=CARTESIAN_POINT('Ctrl Pts',(-62.9344190454156,-7.57425742574258,3.));
#2622=CARTESIAN_POINT('Ctrl Pts',(-62.9440884630737,-7.50987204316554,3.));
#2623=CARTESIAN_POINT('Ctrl Pts',(-62.9410895388935,-7.44421356765419,3.));
#2624=CARTESIAN_POINT('Ctrl Pts',(-62.9100926077554,-7.31774186817255,3.));
#2625=CARTESIAN_POINT('Ctrl Pts',(-62.882390948354,-7.25813778258171,3.));
#2626=CARTESIAN_POINT('Ctrl Pts',(-62.8056997285708,-7.1529030102015,3.));
#2627=CARTESIAN_POINT('Ctrl Pts',(-62.7574433780501,-7.10827842519346,3.));
#2628=CARTESIAN_POINT('Ctrl Pts',(-62.6627809795564,-7.05003082533376,3.));
#2629=CARTESIAN_POINT('Ctrl Pts',(-62.6204241956074,-7.03143433118194,3.));
#2630=CARTESIAN_POINT('Ctrl Pts',(-62.531824164116,-7.00635905142633,3.));
#2631=CARTESIAN_POINT('Ctrl Pts',(-62.4860039807227,-7.,3.));
#2632=CARTESIAN_POINT('Ctrl Pts',(-62.4399639567351,-7.,3.));
#2633=CARTESIAN_POINT('Origin',(-63.2543101617981,7.,10.));
#2634=CARTESIAN_POINT('',(-58.4999999999916,7.,8.9541120581933));
#2635=CARTESIAN_POINT('',(-58.5,7.,5.));
#2636=CARTESIAN_POINT('',(-62.1210634970794,7.,5.));
#2637=CARTESIAN_POINT('Ctrl Pts',(-62.1203349614757,7.,4.99976140017124));
#2638=CARTESIAN_POINT('Ctrl Pts',(-61.9955717645533,7.,5.38225347104003));
#2639=CARTESIAN_POINT('Ctrl Pts',(-61.2616670704409,7.,7.07992833952929));
#2640=CARTESIAN_POINT('Ctrl Pts',(-59.8215861586748,7.,8.38291029224303));
#2641=CARTESIAN_POINT('Ctrl Pts',(-58.4999999999861,7.,8.95411205819157));
#2642=CARTESIAN_POINT('Ctrl Pts',(-62.3609522296846,7.,3.99988032865662));
#2643=CARTESIAN_POINT('Ctrl Pts',(-62.3073124514323,7.,4.33883297415146));
#2644=CARTESIAN_POINT('Ctrl Pts',(-62.2267299862973,7.,4.67358144984941));
#2645=CARTESIAN_POINT('Ctrl Pts',(-62.1203349614757,7.,4.99976140017124));
#2646=CARTESIAN_POINT('Origin',(-58.5,-3.52385540807196E-15,10.));
#2647=CARTESIAN_POINT('',(-58.499999999989,-7.,8.95411205819505));
#2648=CARTESIAN_POINT('',(-58.5,-7.,5.));
#2649=CARTESIAN_POINT('',(-56.1032608695652,-6.5769021233893,9.5));
#2650=CARTESIAN_POINT('Ctrl Pts',(-56.1032608695652,-6.5769021233893,9.5));
#2651=CARTESIAN_POINT('Ctrl Pts',(-56.8913521709864,-6.86409649317539,9.5));
#2652=CARTESIAN_POINT('Ctrl Pts',(-57.73004819543,-6.99999999999775,9.31066237320948));
#2653=CARTESIAN_POINT('Ctrl Pts',(-58.4999999999795,-7.,8.95411205819506));
#2654=CARTESIAN_POINT('',(-56.1032608695652,6.5769021233893,9.5));
#2655=CARTESIAN_POINT('Origin',(-58.5,-3.52385540807196E-15,9.5));
#2656=CARTESIAN_POINT('Ctrl Pts',(-58.4999999999833,7.,8.9541120581933));
#2657=CARTESIAN_POINT('Ctrl Pts',(-57.7300474832658,6.99999999999816,9.31066270300007));
#2658=CARTESIAN_POINT('Ctrl Pts',(-56.8913528999329,6.86409675881632,9.5));
#2659=CARTESIAN_POINT('Ctrl Pts',(-56.1032608695653,6.57690212338931,9.5));
#2660=CARTESIAN_POINT('Origin',(-58.5,-7.,10.));
#2661=CARTESIAN_POINT('',(-62.1210634970794,-7.,5.));
#2662=CARTESIAN_POINT('Ctrl Pts',(-58.4999999999781,-7.,8.95411205819505));
#2663=CARTESIAN_POINT('Ctrl Pts',(-59.4911896185872,-7.,8.52571073391127));
#2664=CARTESIAN_POINT('Ctrl Pts',(-61.0022474419253,-7.,7.3732013230842));
#2665=CARTESIAN_POINT('Ctrl Pts',(-61.8797597152113,-7.,5.72253649216054));
#2666=CARTESIAN_POINT('Ctrl Pts',(-62.1170873688067,-7.,4.99869989795138));
#2667=CARTESIAN_POINT('Ctrl Pts',(-62.1210633523964,-7.00001782696069,4.99999995256338));
#2668=CARTESIAN_POINT('Ctrl Pts',(-62.2280348949688,-7.00001789543383,4.67375949156829));
#2669=CARTESIAN_POINT('Ctrl Pts',(-62.309494062844,-7.00001795096284,4.33919086167576));
#2670=CARTESIAN_POINT('Ctrl Pts',(-62.3638623492831,-7.00001798910918,4.00033866348627));
#2671=CARTESIAN_POINT('Origin',(37.4341073773462,7.03889384642458,3.));
#2672=CARTESIAN_POINT('',(37.4341073773462,7.03889384642458,3.));
#2673=CARTESIAN_POINT('',(37.4341073773462,7.03889384642458,3.));
#2674=CARTESIAN_POINT('Ctrl Pts',(37.3551001895264,7.03889384642458,3.99988259324138));
#2675=CARTESIAN_POINT('Ctrl Pts',(37.4074228667298,7.03889384642458,3.66923727989042));
#2676=CARTESIAN_POINT('Ctrl Pts',(37.4341073773462,7.03889384642458,3.33459182888213));
#2677=CARTESIAN_POINT('Ctrl Pts',(37.4341073773462,7.03889384642458,3.));
#2678=CARTESIAN_POINT('Ctrl Pts',(37.9285044800922,7.61353635975552,3.));
#2679=CARTESIAN_POINT('Ctrl Pts',(37.9285044800922,7.61353635975552,5.));
#2680=CARTESIAN_POINT('Ctrl Pts',(37.938224041863,7.54915852780677,3.));
#2681=CARTESIAN_POINT('Ctrl Pts',(37.938224041863,7.54915852780677,5.));
#2682=CARTESIAN_POINT('Ctrl Pts',(37.935276257196,7.48349773647533,3.));
#2683=CARTESIAN_POINT('Ctrl Pts',(37.935276257196,7.48349773647533,5.));
#2684=CARTESIAN_POINT('Ctrl Pts',(37.904377838906,7.3570019331579,3.));
#2685=CARTESIAN_POINT('Ctrl Pts',(37.904377838906,7.3570019331579,5.));
#2686=CARTESIAN_POINT('Ctrl Pts',(37.8767226110027,7.29737628999717,3.));
#2687=CARTESIAN_POINT('Ctrl Pts',(37.8767226110027,7.29737628999717,5.));
#2688=CARTESIAN_POINT('Ctrl Pts',(37.8001133773846,7.1920818179951,3.));
#2689=CARTESIAN_POINT('Ctrl Pts',(37.8001133773846,7.1920818179951,5.));
#2690=CARTESIAN_POINT('Ctrl Pts',(37.7518917976984,7.14741966169603,3.));
#2691=CARTESIAN_POINT('Ctrl Pts',(37.7518917976984,7.14741966169603,5.));
#2692=CARTESIAN_POINT('Ctrl Pts',(37.6572192803703,7.08906413241971,3.));
#2693=CARTESIAN_POINT('Ctrl Pts',(37.6572192803703,7.08906413241971,5.));
#2694=CARTESIAN_POINT('Ctrl Pts',(37.6148128169264,7.070416272811,3.));
#2695=CARTESIAN_POINT('Ctrl Pts',(37.6148128169264,7.070416272811,5.));
#2696=CARTESIAN_POINT('Ctrl Pts',(37.5260970743741,7.04527092504282,3.));
#2697=CARTESIAN_POINT('Ctrl Pts',(37.5260970743741,7.04527092504282,5.));
#2698=CARTESIAN_POINT('Ctrl Pts',(37.4802126142803,7.03889384642458,3.));
#2699=CARTESIAN_POINT('Ctrl Pts',(37.4802126142803,7.03889384642458,5.));
#2700=CARTESIAN_POINT('Ctrl Pts',(37.4341073773462,7.03889384642458,3.));
#2701=CARTESIAN_POINT('Ctrl Pts',(37.4341073773462,7.03889384642458,5.));
#2702=CARTESIAN_POINT('',(37.9285044800922,7.61353635975552,3.));
#2703=CARTESIAN_POINT('',(37.9285044800922,7.61353635975552,3.));
#2704=CARTESIAN_POINT('Ctrl Pts',(37.9285044800922,7.61353635975552,3.));
#2705=CARTESIAN_POINT('Ctrl Pts',(37.938224041863,7.54915852780677,3.));
#2706=CARTESIAN_POINT('Ctrl Pts',(37.935276257196,7.48349773647533,3.));
#2707=CARTESIAN_POINT('Ctrl Pts',(37.904377838906,7.3570019331579,3.));
#2708=CARTESIAN_POINT('Ctrl Pts',(37.8767226110027,7.29737628999717,3.));
#2709=CARTESIAN_POINT('Ctrl Pts',(37.8001133773846,7.1920818179951,3.));
#2710=CARTESIAN_POINT('Ctrl Pts',(37.7518917976984,7.14741966169603,3.));
#2711=CARTESIAN_POINT('Ctrl Pts',(37.6572192803703,7.08906413241971,3.));
#2712=CARTESIAN_POINT('Ctrl Pts',(37.6148128169264,7.070416272811,3.));
#2713=CARTESIAN_POINT('Ctrl Pts',(37.5260970743741,7.04527092504282,3.));
#2714=CARTESIAN_POINT('Ctrl Pts',(37.4802126142803,7.03889384642458,3.));
#2715=CARTESIAN_POINT('Ctrl Pts',(37.4341073773462,7.03889384642458,3.));
#2716=CARTESIAN_POINT('Origin',(38.0119206928232,-7.03888257622916,10.));
#2717=CARTESIAN_POINT('',(33.4999999999888,-7.03888257622916,8.95136118842656));
#2718=CARTESIAN_POINT('',(33.5,-7.03888257622916,5.));
#2719=CARTESIAN_POINT('',(37.1151709871399,-7.03888257622916,5.));
#2720=CARTESIAN_POINT('Ctrl Pts',(37.1144851260345,-7.03888257622916,4.9997755050546));
#2721=CARTESIAN_POINT('Ctrl Pts',(36.9900111059951,-7.03888257622917,5.38137517408048));
#2722=CARTESIAN_POINT('Ctrl Pts',(36.2573275997071,-7.03888257622916,7.07714619678071));
#2723=CARTESIAN_POINT('Ctrl Pts',(34.8198655126845,-7.03888257622916,8.37934340022568));
#2724=CARTESIAN_POINT('Ctrl Pts',(33.4999999999776,-7.03888257622916,8.95136118842656));
#2725=CARTESIAN_POINT('Ctrl Pts',(37.3551018927838,-7.03888257622916,3.99988259309576));
#2726=CARTESIAN_POINT('Ctrl Pts',(37.3014639167703,-7.03888257622916,4.33883974862074));
#2727=CARTESIAN_POINT('Ctrl Pts',(37.2208825764926,-7.03888257622916,4.67359312685918));
#2728=CARTESIAN_POINT('Ctrl Pts',(37.1144851260345,-7.03888257622916,4.9997755050546));
#2729=CARTESIAN_POINT('Origin',(-5.5,-49.9399639567351,3.));
#2730=CARTESIAN_POINT('',(-5.5,-49.9399639567351,3.));
#2731=CARTESIAN_POINT('',(-5.5,-49.9399639567351,3.));
#2732=CARTESIAN_POINT('Ctrl Pts',(-5.49999253934427,-49.8617110557156,3.99999999341954));
#2733=CARTESIAN_POINT('Ctrl Pts',(-5.49999252135617,-49.9151388950859,3.66957396080198));
#2734=CARTESIAN_POINT('Ctrl Pts',(-5.49999251135742,-49.9426710852318,3.33501795283129));
#2735=CARTESIAN_POINT('Ctrl Pts',(-5.49999251135742,-49.9426710852318,3.));
#2736=CARTESIAN_POINT('Ctrl Pts',(-4.92574257425743,-50.4344190454156,3.));
#2737=CARTESIAN_POINT('Ctrl Pts',(-4.92574257425743,-50.4344190454156,5.));
#2738=CARTESIAN_POINT('Ctrl Pts',(-4.99012795683446,-50.4440884630737,3.));
#2739=CARTESIAN_POINT('Ctrl Pts',(-4.99012795683446,-50.4440884630737,5.));
#2740=CARTESIAN_POINT('Ctrl Pts',(-5.05578643234581,-50.4410895388935,3.));
#2741=CARTESIAN_POINT('Ctrl Pts',(-5.05578643234581,-50.4410895388935,5.));
#2742=CARTESIAN_POINT('Ctrl Pts',(-5.18225813182745,-50.4100926077554,3.));
#2743=CARTESIAN_POINT('Ctrl Pts',(-5.18225813182745,-50.4100926077554,5.));
#2744=CARTESIAN_POINT('Ctrl Pts',(-5.24186221741829,-50.382390948354,3.));
#2745=CARTESIAN_POINT('Ctrl Pts',(-5.24186221741829,-50.382390948354,5.));
#2746=CARTESIAN_POINT('Ctrl Pts',(-5.34709698979851,-50.3056997285708,3.));
#2747=CARTESIAN_POINT('Ctrl Pts',(-5.34709698979851,-50.3056997285708,5.));
#2748=CARTESIAN_POINT('Ctrl Pts',(-5.39172157480655,-50.2574433780501,3.));
#2749=CARTESIAN_POINT('Ctrl Pts',(-5.39172157480655,-50.2574433780501,5.));
#2750=CARTESIAN_POINT('Ctrl Pts',(-5.44996917466625,-50.1627809795564,3.));
#2751=CARTESIAN_POINT('Ctrl Pts',(-5.44996917466625,-50.1627809795564,5.));
#2752=CARTESIAN_POINT('Ctrl Pts',(-5.46856566881807,-50.1204241956074,3.));
#2753=CARTESIAN_POINT('Ctrl Pts',(-5.46856566881807,-50.1204241956074,5.));
#2754=CARTESIAN_POINT('Ctrl Pts',(-5.49364094857367,-50.031824164116,3.));
#2755=CARTESIAN_POINT('Ctrl Pts',(-5.49364094857367,-50.031824164116,5.));
#2756=CARTESIAN_POINT('Ctrl Pts',(-5.5,-49.9860039807227,3.));
#2757=CARTESIAN_POINT('Ctrl Pts',(-5.5,-49.9860039807227,5.));
#2758=CARTESIAN_POINT('Ctrl Pts',(-5.5,-49.9399639567351,3.));
#2759=CARTESIAN_POINT('Ctrl Pts',(-5.5,-49.9399639567351,5.));
#2760=CARTESIAN_POINT('',(-4.92574257425743,-50.4344190454156,3.));
#2761=CARTESIAN_POINT('',(-4.92574257425743,-50.4344190454156,3.));
#2762=CARTESIAN_POINT('Ctrl Pts',(-4.92574257425743,-50.4344190454156,3.));
#2763=CARTESIAN_POINT('Ctrl Pts',(-4.99012795683446,-50.4440884630737,3.));
#2764=CARTESIAN_POINT('Ctrl Pts',(-5.05578643234581,-50.4410895388935,3.));
#2765=CARTESIAN_POINT('Ctrl Pts',(-5.18225813182745,-50.4100926077554,3.));
#2766=CARTESIAN_POINT('Ctrl Pts',(-5.24186221741829,-50.382390948354,3.));
#2767=CARTESIAN_POINT('Ctrl Pts',(-5.34709698979851,-50.3056997285708,3.));
#2768=CARTESIAN_POINT('Ctrl Pts',(-5.39172157480655,-50.2574433780501,3.));
#2769=CARTESIAN_POINT('Ctrl Pts',(-5.44996917466625,-50.1627809795564,3.));
#2770=CARTESIAN_POINT('Ctrl Pts',(-5.46856566881807,-50.1204241956074,3.));
#2771=CARTESIAN_POINT('Ctrl Pts',(-5.49364094857367,-50.031824164116,3.));
#2772=CARTESIAN_POINT('Ctrl Pts',(-5.5,-49.9860039807227,3.));
#2773=CARTESIAN_POINT('Ctrl Pts',(-5.5,-49.9399639567351,3.));
#2774=CARTESIAN_POINT('Origin',(-19.5,-50.7543101617981,10.));
#2775=CARTESIAN_POINT('',(-19.5,-45.0726455453101,9.27581531336403));
#2776=CARTESIAN_POINT('',(-19.5,-45.0726455453119,5.));
#2777=CARTESIAN_POINT('',(-19.5,-49.6210634971389,5.));
#2778=CARTESIAN_POINT('Ctrl Pts',(-19.5,-49.6150500021504,4.99803314105929));
#2779=CARTESIAN_POINT('Ctrl Pts',(-19.5,-49.3182707094231,5.89898223465729));
#2780=CARTESIAN_POINT('Ctrl Pts',(-19.5,-48.1955692968413,7.8138038411016));
#2781=CARTESIAN_POINT('Ctrl Pts',(-19.5,-46.2517996726045,8.96214963706028));
#2782=CARTESIAN_POINT('Ctrl Pts',(-19.5,-45.072645545309,9.27581531336377));
#2783=CARTESIAN_POINT('Ctrl Pts',(-19.5000421281021,-49.8653061228756,4.00056629367433));
#2784=CARTESIAN_POINT('Ctrl Pts',(-19.5000419501376,-49.8105166730652,4.33936904252811));
#2785=CARTESIAN_POINT('Ctrl Pts',(-19.5000416950936,-49.7285143278581,4.67382991458948));
#2786=CARTESIAN_POINT('Ctrl Pts',(-19.5000413918842,-49.621062978635,4.99999982922594));
#2787=CARTESIAN_POINT('Origin',(-12.5,-45.0726455453119,10.));
#2788=CARTESIAN_POINT('',(-5.5,-45.0726455453094,9.2758153133643));
#2789=CARTESIAN_POINT('',(-5.5,-45.0726455453119,5.));
#2790=CARTESIAN_POINT('',(-5.6787081952469,-43.5010291435114,9.5));
#2791=CARTESIAN_POINT('Ctrl Pts',(-5.6787081952469,-43.5010291435114,9.5));
#2792=CARTESIAN_POINT('Ctrl Pts',(-5.55871060280425,-44.0218550861406,9.5));
#2793=CARTESIAN_POINT('Ctrl Pts',(-5.50000000000034,-44.5561366744451,9.4230253531825));
#2794=CARTESIAN_POINT('Ctrl Pts',(-5.5,-45.0726455453073,9.27581531336431));
#2795=CARTESIAN_POINT('',(-19.3212918047531,-43.5010291435114,9.5));
#2796=CARTESIAN_POINT('Origin',(-12.5,-45.0726455453119,9.5));
#2797=CARTESIAN_POINT('Ctrl Pts',(-19.5,-45.0726455453083,9.27581531336402));
#2798=CARTESIAN_POINT('Ctrl Pts',(-19.4999999999997,-44.5561367501861,9.4230253315957));
#2799=CARTESIAN_POINT('Ctrl Pts',(-19.4412893795995,-44.0218550097676,9.5));
#2800=CARTESIAN_POINT('Ctrl Pts',(-19.3212918047531,-43.5010291435114,9.5));
#2801=CARTESIAN_POINT('Origin',(-5.5,-45.0726455453119,10.));
#2802=CARTESIAN_POINT('',(-5.5,-49.621063497139,5.));
#2803=CARTESIAN_POINT('Ctrl Pts',(-5.5,-45.072645545307,9.2758153133643));
#2804=CARTESIAN_POINT('Ctrl Pts',(-5.5,-46.251799663862,8.96214963938624));
#2805=CARTESIAN_POINT('Ctrl Pts',(-5.5,-48.1956458418231,7.81387462824016));
#2806=CARTESIAN_POINT('Ctrl Pts',(-5.5,-49.3183095095658,5.8990100822185));
#2807=CARTESIAN_POINT('Ctrl Pts',(-5.5,-49.6150736774945,4.99804212699674));
#2808=CARTESIAN_POINT('Ctrl Pts',(-5.49995944775409,-49.6210630008116,4.99999983652171));
#2809=CARTESIAN_POINT('Ctrl Pts',(-5.49995931164172,-49.7285073710089,4.67382795952368));
#2810=CARTESIAN_POINT('Ctrl Pts',(-5.49995920449924,-49.8105034159026,4.33936564605308));
#2811=CARTESIAN_POINT('Ctrl Pts',(-5.49995913186822,-49.8652883787582,4.00056299878744));
#2812=CARTESIAN_POINT('Origin',(-19.5453907611652,49.9331260613766,3.));
#2813=CARTESIAN_POINT('',(-19.5453907611652,49.9331260613766,3.));
#2814=CARTESIAN_POINT('',(-19.5453907611652,49.9331260613766,3.));
#2815=CARTESIAN_POINT('Ctrl Pts',(-19.5453949060814,49.8548624513427,3.99999999729356));
#2816=CARTESIAN_POINT('Ctrl Pts',(-19.5453949185432,49.9078954729096,3.66949161642188));
#2817=CARTESIAN_POINT('Ctrl Pts',(-19.5453949257377,49.9351446793503,3.33490619454918));
#2818=CARTESIAN_POINT('Ctrl Pts',(-19.5453949257377,49.9351446793503,3.));
#2819=CARTESIAN_POINT('Ctrl Pts',(-20.1200976003846,50.4275134481229,3.));
#2820=CARTESIAN_POINT('Ctrl Pts',(-20.1200976003846,50.4275134481229,5.));
#2821=CARTESIAN_POINT('Ctrl Pts',(-20.0557210336031,50.437241386078,3.));
#2822=CARTESIAN_POINT('Ctrl Pts',(-20.0557210336031,50.437241386078,5.));
#2823=CARTESIAN_POINT('Ctrl Pts',(-19.9900598592881,50.4343021446297,3.));
#2824=CARTESIAN_POINT('Ctrl Pts',(-19.9900598592881,50.4343021446297,5.));
#2825=CARTESIAN_POINT('Ctrl Pts',(-19.8635600368161,50.4034201851014,3.));
#2826=CARTESIAN_POINT('Ctrl Pts',(-19.8635600368161,50.4034201851014,5.));
#2827=CARTESIAN_POINT('Ctrl Pts',(-19.8039307959096,50.3757727153866,3.));
#2828=CARTESIAN_POINT('Ctrl Pts',(-19.8039307959096,50.3757727153866,5.));
#2829=CARTESIAN_POINT('Ctrl Pts',(-19.6986263570919,50.29917718239,3.));
#2830=CARTESIAN_POINT('Ctrl Pts',(-19.6986263570919,50.29917718239,5.));
#2831=CARTESIAN_POINT('Ctrl Pts',(-19.6539579270111,50.2509614141515,3.));
#2832=CARTESIAN_POINT('Ctrl Pts',(-19.6539579270111,50.2509614141515,5.));
#2833=CARTESIAN_POINT('Ctrl Pts',(-19.5955843627031,50.1562872171553,3.));
#2834=CARTESIAN_POINT('Ctrl Pts',(-19.5955843627031,50.1562872171553,5.));
#2835=CARTESIAN_POINT('Ctrl Pts',(-19.5769279158918,50.1138724586969,3.));
#2836=CARTESIAN_POINT('Ctrl Pts',(-19.5769279158918,50.1138724586969,5.));
#2837=CARTESIAN_POINT('Ctrl Pts',(-19.5517708538028,50.0251373900345,3.));
#2838=CARTESIAN_POINT('Ctrl Pts',(-19.5517708538028,50.0251373900345,5.));
#2839=CARTESIAN_POINT('Ctrl Pts',(-19.5453907611652,49.9792421924574,3.));
#2840=CARTESIAN_POINT('Ctrl Pts',(-19.5453907611652,49.9792421924574,5.));
#2841=CARTESIAN_POINT('Ctrl Pts',(-19.5453907611652,49.9331260613766,3.));
#2842=CARTESIAN_POINT('Ctrl Pts',(-19.5453907611652,49.9331260613766,5.));
#2843=CARTESIAN_POINT('',(-20.1200976003846,50.4275134481229,3.));
#2844=CARTESIAN_POINT('',(-20.1200976003846,50.4275134481229,3.));
#2845=CARTESIAN_POINT('Ctrl Pts',(-20.1200976003846,50.4275134481229,3.));
#2846=CARTESIAN_POINT('Ctrl Pts',(-20.0557210336031,50.437241386078,3.));
#2847=CARTESIAN_POINT('Ctrl Pts',(-19.9900598592881,50.4343021446297,3.));
#2848=CARTESIAN_POINT('Ctrl Pts',(-19.8635600368161,50.4034201851014,3.));
#2849=CARTESIAN_POINT('Ctrl Pts',(-19.8039307959096,50.3757727153866,3.));
#2850=CARTESIAN_POINT('Ctrl Pts',(-19.6986263570919,50.29917718239,3.));
#2851=CARTESIAN_POINT('Ctrl Pts',(-19.6539579270111,50.2509614141515,3.));
#2852=CARTESIAN_POINT('Ctrl Pts',(-19.5955843627031,50.1562872171553,3.));
#2853=CARTESIAN_POINT('Ctrl Pts',(-19.5769279158918,50.1138724586969,3.));
#2854=CARTESIAN_POINT('Ctrl Pts',(-19.5517708538028,50.0251373900345,3.));
#2855=CARTESIAN_POINT('Ctrl Pts',(-19.5453907611652,49.9792421924574,3.));
#2856=CARTESIAN_POINT('Ctrl Pts',(-19.5453907611652,49.9331260613766,3.));
#2857=CARTESIAN_POINT('Origin',(-5.45460923883485,50.511013343849,10.));
#2858=CARTESIAN_POINT('',(-5.45460923883485,45.9999999999888,8.95089862024642));
#2859=CARTESIAN_POINT('',(-5.45460923883485,46.,5.));
#2860=CARTESIAN_POINT('',(-5.45460923883485,49.6141816504377,5.));
#2861=CARTESIAN_POINT('Ctrl Pts',(-5.45460923883485,49.6134763009562,4.99976912149325));
#2862=CARTESIAN_POINT('Ctrl Pts',(-5.45460923883485,49.489044692955,5.38121184520328));
#2863=CARTESIAN_POINT('Ctrl Pts',(-5.45460923883485,48.7565399136889,7.07664232055114));
#2864=CARTESIAN_POINT('Ctrl Pts',(-5.45460923883485,47.3195765322682,8.3787441184739));
#2865=CARTESIAN_POINT('Ctrl Pts',(-5.45460923883485,45.9999999999775,8.95089862024642));
#2866=CARTESIAN_POINT('Ctrl Pts',(-5.45460923883485,49.8541112233213,3.99988162820005));
#2867=CARTESIAN_POINT('Ctrl Pts',(-5.45460923883485,49.8004684392363,4.33883765804906));
#2868=CARTESIAN_POINT('Ctrl Pts',(-5.45460923883485,49.7198805385332,4.67358895836891));
#2869=CARTESIAN_POINT('Ctrl Pts',(-5.45460923883485,49.6134763009562,4.99976912149325));
#2870=CARTESIAN_POINT('Ctrl Pts',(-58.4999999999781,-7.,8.95411205819505));
#2871=CARTESIAN_POINT('Ctrl Pts',(-59.4911896185872,-7.,8.52571073391127));
#2872=CARTESIAN_POINT('Ctrl Pts',(-61.5584955171288,-7.,6.94894148899642));
#2873=CARTESIAN_POINT('Ctrl Pts',(-62.4399639567351,-7.,4.43975095649836));
#2874=CARTESIAN_POINT('Ctrl Pts',(-62.4399639567351,-7.,3.));
#2875=CARTESIAN_POINT('Ctrl Pts',(-58.5308963353918,-7.,9.02559672731087));
#2876=CARTESIAN_POINT('Ctrl Pts',(-59.5341804986321,-6.99999573268478,8.59315889029782));
#2877=CARTESIAN_POINT('Ctrl Pts',(-61.6281288491592,-6.99999398979083,6.99910715813185));
#2878=CARTESIAN_POINT('Ctrl Pts',(-62.5218621770381,-7.,4.4581053900456));
#2879=CARTESIAN_POINT('Ctrl Pts',(-62.5218621770381,-7.,3.));
#2880=CARTESIAN_POINT('Ctrl Pts',(-58.592556195697,-7.03714031658726,9.1682587826198));
#2881=CARTESIAN_POINT('Ctrl Pts',(-59.6199855751499,-7.0381963906097,8.72775063090801));
#2882=CARTESIAN_POINT('Ctrl Pts',(-61.7670797167063,-7.04030108999616,7.09919680099287));
#2883=CARTESIAN_POINT('Ctrl Pts',(-62.6852409486734,-7.04114142288524,4.49474425658785));
#2884=CARTESIAN_POINT('Ctrl Pts',(-62.6852409486734,-7.04114142288524,3.));
#2885=CARTESIAN_POINT('Ctrl Pts',(-58.6776712022096,-7.21766330397847,9.36518887144278));
#2886=CARTESIAN_POINT('Ctrl Pts',(-59.7377348379177,-7.22349074350991,8.91210560051704));
#2887=CARTESIAN_POINT('Ctrl Pts',(-61.955063797651,-7.2350337193829,7.23369870378362));
#2888=CARTESIAN_POINT('Ctrl Pts',(-62.9045535710204,-7.23960504288309,4.5438093904167));
#2889=CARTESIAN_POINT('Ctrl Pts',(-62.9045535710204,-7.23960504288309,3.));
#2890=CARTESIAN_POINT('Ctrl Pts',(-58.7009471346474,-7.41570527520991,9.41904225911462));
#2891=CARTESIAN_POINT('Ctrl Pts',(-59.7688634049738,-7.42568211899319,8.95974168112171));
#2892=CARTESIAN_POINT('Ctrl Pts',(-61.9995474191747,-7.44519381095496,7.2636649797942));
#2893=CARTESIAN_POINT('Ctrl Pts',(-62.9526636984534,-7.4527724503945,4.55477173370786));
#2894=CARTESIAN_POINT('Ctrl Pts',(-62.9526636984534,-7.4527724503945,3.));
#2895=CARTESIAN_POINT('Ctrl Pts',(-58.697955563271,-7.53227536358039,9.41212067805621));
#2896=CARTESIAN_POINT('Ctrl Pts',(-59.7635266316706,-7.54370731723498,8.95076540575063));
#2897=CARTESIAN_POINT('Ctrl Pts',(-61.9863952261218,-7.565808181296,7.25270621891923));
#2898=CARTESIAN_POINT('Ctrl Pts',(-62.9344190454156,-7.57425742574258,4.55050103007515));
#2899=CARTESIAN_POINT('Ctrl Pts',(-62.9344190454156,-7.57425742574258,3.));
#2900=CARTESIAN_POINT('',(-58.697955563271,-7.53227536358039,9.41212067805621));
#2901=CARTESIAN_POINT('Ctrl Pts',(-62.9344190454156,-7.57425742574258,3.));
#2902=CARTESIAN_POINT('Ctrl Pts',(-62.9344190454156,-7.57425742574258,4.55050103007515));
#2903=CARTESIAN_POINT('Ctrl Pts',(-61.9863952261218,-7.565808181296,7.25270621891923));
#2904=CARTESIAN_POINT('Ctrl Pts',(-59.7635266316706,-7.54370731723498,8.95076540575063));
#2905=CARTESIAN_POINT('Ctrl Pts',(-58.697955563271,-7.53227536358039,9.41212067805621));
#2906=CARTESIAN_POINT('Origin',(-58.4999999999781,-7.5,8.95411205819505));
#2907=CARTESIAN_POINT('Ctrl Pts',(-56.1032608695652,-6.5769021233893,9.5));
#2908=CARTESIAN_POINT('Ctrl Pts',(-56.8913521709864,-6.86409649317539,9.5));
#2909=CARTESIAN_POINT('Ctrl Pts',(-57.73004819543,-6.99999999999775,9.31066237320948));
#2910=CARTESIAN_POINT('Ctrl Pts',(-58.4999999999795,-7.,8.95411205819506));
#2911=CARTESIAN_POINT('Ctrl Pts',(-56.1032608695652,-6.5769021233893,9.63089969389957));
#2912=CARTESIAN_POINT('Ctrl Pts',(-56.9076470578432,-6.8701082720936,9.6287568256111));
#2913=CARTESIAN_POINT('Ctrl Pts',(-57.7659615691275,-7.00615294302926,9.43790666499252));
#2914=CARTESIAN_POINT('Ctrl Pts',(-58.5540685869536,-7.00000000000016,9.07921022914765));
#2915=CARTESIAN_POINT('Ctrl Pts',(-56.0661272093317,-6.67880075963948,9.89154613519111));
#2916=CARTESIAN_POINT('Ctrl Pts',(-56.9167740428199,-6.98482803215446,9.88531030467492));
#2917=CARTESIAN_POINT('Ctrl Pts',(-57.8243321413348,-7.12620985632964,9.69145696552034));
#2918=CARTESIAN_POINT('Ctrl Pts',(-58.6616396959418,-7.11808162009997,9.32809686989246));
#2919=CARTESIAN_POINT('Ctrl Pts',(-55.9768841343243,-6.92369306438008,10.));
#2920=CARTESIAN_POINT('Ctrl Pts',(-56.8729389942504,-7.2389322214494,9.99659139224246));
#2921=CARTESIAN_POINT('Ctrl Pts',(-57.824781597153,-7.39183410283635,9.796357645444));
#2922=CARTESIAN_POINT('Ctrl Pts',(-58.7014457298771,-7.39627692714826,9.42019585595754));
#2923=CARTESIAN_POINT('Ctrl Pts',(-55.9320652173913,-7.04668084648853,10.));
#2924=CARTESIAN_POINT('Ctrl Pts',(-56.8434772336275,-7.36526420551054,10.));
#2925=CARTESIAN_POINT('Ctrl Pts',(-57.8111009282085,-7.52276076489276,9.79609794037944));
#2926=CARTESIAN_POINT('Ctrl Pts',(-58.697955563271,-7.5322753635804,9.41212067805621));
#2927=CARTESIAN_POINT('',(-55.9320652173913,-7.04668084648853,10.));
#2928=CARTESIAN_POINT('Ctrl Pts',(-58.697955563271,-7.5322753635804,9.41212067805621));
#2929=CARTESIAN_POINT('Ctrl Pts',(-57.8111009282085,-7.52276076489276,9.79609794037944));
#2930=CARTESIAN_POINT('Ctrl Pts',(-56.8434772336275,-7.36526420551054,10.));
#2931=CARTESIAN_POINT('Ctrl Pts',(-55.9320652173913,-7.04668084648853,10.));
#2932=CARTESIAN_POINT('Origin',(-55.9320652173913,-7.04668084648853,9.5));
#2933=CARTESIAN_POINT('Origin',(-58.5,-3.52385540807196E-15,9.5));
#2934=CARTESIAN_POINT('',(-55.9320652173913,7.04668084648856,10.));
#2935=CARTESIAN_POINT('Origin',(-55.9320652173913,7.04668084648854,9.5));
#2936=CARTESIAN_POINT('Origin',(-58.5,-3.52385540807196E-15,10.));
#2937=CARTESIAN_POINT('Ctrl Pts',(-58.4999999999833,7.,8.9541120581933));
#2938=CARTESIAN_POINT('Ctrl Pts',(-57.7300474832658,6.99999999999816,9.31066270300007));
#2939=CARTESIAN_POINT('Ctrl Pts',(-56.8913528999329,6.86409675881632,9.5));
#2940=CARTESIAN_POINT('Ctrl Pts',(-56.1032608695653,6.57690212338931,9.5));
#2941=CARTESIAN_POINT('Ctrl Pts',(-58.5540685869575,7.00000000000013,9.07921022914589));
#2942=CARTESIAN_POINT('Ctrl Pts',(-57.7659608401706,7.00615294872084,9.43790699676819));
#2943=CARTESIAN_POINT('Ctrl Pts',(-56.9076478018617,6.87010854329516,9.62875682362904));
#2944=CARTESIAN_POINT('Ctrl Pts',(-56.1032608695653,6.57690212338931,9.63089969389958));
#2945=CARTESIAN_POINT('Ctrl Pts',(-58.6616396959459,7.11808162009992,9.32809686989067));
#2946=CARTESIAN_POINT('Ctrl Pts',(-57.8243313668699,7.12620986384828,9.6914573016097));
#2947=CARTESIAN_POINT('Ctrl Pts',(-56.9167748296275,6.98482831521501,9.88531029890707));
#2948=CARTESIAN_POINT('Ctrl Pts',(-56.0661272093318,6.6788007596395,9.89154613519112));
#2949=CARTESIAN_POINT('Ctrl Pts',(-58.7014457298814,7.39627692714827,9.42019585595569));
#2950=CARTESIAN_POINT('Ctrl Pts',(-57.8247807862854,7.39183409872742,9.79635799337428));
#2951=CARTESIAN_POINT('Ctrl Pts',(-56.8729398230583,7.23893251303052,9.99659138908966));
#2952=CARTESIAN_POINT('Ctrl Pts',(-55.9768841343243,6.9236930643801,10.));
#2953=CARTESIAN_POINT('Ctrl Pts',(-58.6979555632754,7.53227536358043,9.41212067805432));
#2954=CARTESIAN_POINT('Ctrl Pts',(-57.8111001079152,7.52276075609271,9.79609829553863));
#2955=CARTESIAN_POINT('Ctrl Pts',(-56.8434780766399,7.36526450018488,9.99999999999999));
#2956=CARTESIAN_POINT('Ctrl Pts',(-55.9320652173913,7.04668084648854,10.));
#2957=CARTESIAN_POINT('',(-58.6979555632754,7.53227536358043,9.41212067805432));
#2958=CARTESIAN_POINT('Ctrl Pts',(-55.9320652173913,7.04668084648854,10.));
#2959=CARTESIAN_POINT('Ctrl Pts',(-56.8434780766399,7.36526450018488,9.99999999999999));
#2960=CARTESIAN_POINT('Ctrl Pts',(-57.8111001079152,7.52276075609271,9.79609829553863));
#2961=CARTESIAN_POINT('Ctrl Pts',(-58.6979555632754,7.53227536358043,9.41212067805432));
#2962=CARTESIAN_POINT('Origin',(-58.4999999999821,7.5,8.9541120581933));
#2963=CARTESIAN_POINT('Ctrl Pts',(-58.6979555632797,7.53227536358048,9.41212067805245));
#2964=CARTESIAN_POINT('Ctrl Pts',(-60.1187169883963,7.54751796845952,8.79698031472331));
#2965=CARTESIAN_POINT('Ctrl Pts',(-62.2369216223753,7.56799273234907,6.87757731427784));
#2966=CARTESIAN_POINT('Ctrl Pts',(-62.9344190454156,7.57425742574257,4.16287577249756));
#2967=CARTESIAN_POINT('Ctrl Pts',(-62.9344190454156,7.57425742574257,3.));
#2968=CARTESIAN_POINT('Ctrl Pts',(-58.6999499441973,7.45456197133348,9.41673506542474));
#2969=CARTESIAN_POINT('Ctrl Pts',(-60.1227153419213,7.46850695267986,8.80342465478205));
#2970=CARTESIAN_POINT('Ctrl Pts',(-62.2465521992532,7.48743489859264,6.88441717692525));
#2971=CARTESIAN_POINT('Ctrl Pts',(-62.9465821474408,7.49326744217719,4.16493837017266));
#2972=CARTESIAN_POINT('Ctrl Pts',(-62.9465821474408,7.49326744217719,3.));
#2973=CARTESIAN_POINT('Ctrl Pts',(-58.689225869042,7.297071807646,9.39192283595558));
#2974=CARTESIAN_POINT('Ctrl Pts',(-60.1080207186524,7.30721042354908,8.7842417670046));
#2975=CARTESIAN_POINT('Ctrl Pts',(-62.2297990797414,7.32122202508966,6.8752118179083));
#2976=CARTESIAN_POINT('Ctrl Pts',(-62.930161151556,7.32559039703039,4.16217899736349));
#2977=CARTESIAN_POINT('Ctrl Pts',(-62.930161151556,7.32559039703039,3.));
#2978=CARTESIAN_POINT('Ctrl Pts',(-58.6232490455398,7.07132958048924,9.23927264834627));
#2979=CARTESIAN_POINT('Ctrl Pts',(-60.00911241779,7.07410752000908,8.6465463601828));
#2980=CARTESIAN_POINT('Ctrl Pts',(-62.0820737698597,7.0780059853023,6.7834974570661));
#2981=CARTESIAN_POINT('Ctrl Pts',(-62.7664696402508,7.07923511459736,4.13466998720618));
#2982=CARTESIAN_POINT('Ctrl Pts',(-62.7664696402508,7.07923511459736,3.));
#2983=CARTESIAN_POINT('Ctrl Pts',(-58.5463445031069,7.,9.06133906186526));
#2984=CARTESIAN_POINT('Ctrl Pts',(-59.8921475853006,6.9999515709753,8.48206554692204));
#2985=CARTESIAN_POINT('Ctrl Pts',(-61.9007798380356,6.99997958013265,6.66947368042076));
#2986=CARTESIAN_POINT('Ctrl Pts',(-62.5628112871896,7.,4.10048773154155));
#2987=CARTESIAN_POINT('Ctrl Pts',(-62.5628112871896,7.,3.));
#2988=CARTESIAN_POINT('Ctrl Pts',(-58.4999999999861,7.,8.95411205819157));
#2989=CARTESIAN_POINT('Ctrl Pts',(-59.8215861586748,7.,8.38291029224303));
#2990=CARTESIAN_POINT('Ctrl Pts',(-61.791421746915,7.,6.60060750611515));
#2991=CARTESIAN_POINT('Ctrl Pts',(-62.4399639567351,7.,4.07981321731916));
#2992=CARTESIAN_POINT('Ctrl Pts',(-62.4399639567351,7.,3.));
#2993=CARTESIAN_POINT('Ctrl Pts',(-58.6979555632797,7.53227536358048,9.41212067805245));
#2994=CARTESIAN_POINT('Ctrl Pts',(-60.1187169883963,7.54751796845952,8.79698031472331));
#2995=CARTESIAN_POINT('Ctrl Pts',(-62.2369216223753,7.56799273234907,6.87757731427784));
#2996=CARTESIAN_POINT('Ctrl Pts',(-62.9344190454156,7.57425742574257,4.16287577249756));
#2997=CARTESIAN_POINT('Ctrl Pts',(-62.9344190454156,7.57425742574257,3.));
#2998=CARTESIAN_POINT('Origin',(-12.5,0.,3.));
#2999=CARTESIAN_POINT('',(-19.5922812767788,43.4246421550144,10.));
#3000=CARTESIAN_POINT('Origin',(-12.5,0.,10.));
#3001=CARTESIAN_POINT('',(-20.0779475707655,46.1984805411514,9.40866005257112));
#3002=CARTESIAN_POINT('Ctrl Pts',(-20.0779475707655,46.1984805411514,9.40866005257112));
#3003=CARTESIAN_POINT('Ctrl Pts',(-20.0683567155909,45.3094949213803,9.7947969834431));
#3004=CARTESIAN_POINT('Ctrl Pts',(-19.9109027787592,44.3390919365945,10.));
#3005=CARTESIAN_POINT('Ctrl Pts',(-19.5922812767788,43.4246421550144,10.));
#3006=CARTESIAN_POINT('Ctrl Pts',(-20.1200976003846,50.4275134481229,3.));
#3007=CARTESIAN_POINT('Ctrl Pts',(-20.1200976003846,50.4275134481229,4.54892361027588));
#3008=CARTESIAN_POINT('Ctrl Pts',(-20.111614461568,49.4813512768379,7.24839140673839));
#3009=CARTESIAN_POINT('Ctrl Pts',(-20.0894258096942,47.2624095823508,8.94653526056308));
#3010=CARTESIAN_POINT('Ctrl Pts',(-20.0779475707655,46.1984805411559,9.40866005256921));
#3011=CARTESIAN_POINT('Origin',(-12.5,0.,3.));
#3012=CARTESIAN_POINT('Origin',(-12.5,0.,10.));
#3013=CARTESIAN_POINT('',(-19.808526933664,-43.3887708290971,10.));
#3014=CARTESIAN_POINT('Origin',(-12.5,0.,10.));
#3015=CARTESIAN_POINT('',(-5.19147306633597,-43.3887708290971,10.));
#3016=CARTESIAN_POINT('Origin',(-12.5,-45.0726455453119,10.));
#3017=CARTESIAN_POINT('',(30.9257091782052,-7.08574501163736,10.));
#3018=CARTESIAN_POINT('Origin',(-12.5,0.,10.));
#3019=CARTESIAN_POINT('',(30.9257074421663,7.08575565112039,10.));
#3020=CARTESIAN_POINT('Origin',(33.5,5.63509770806679E-6,10.));
#3021=CARTESIAN_POINT('',(-5.40771872322117,43.4246421550144,10.));
#3022=CARTESIAN_POINT('Origin',(-12.5,0.,10.));
#3023=CARTESIAN_POINT('Origin',(-12.5,46.,10.));
#3024=CARTESIAN_POINT('',(18.4,-10.25,10.));
#3025=CARTESIAN_POINT('Origin',(16.5,-10.25,10.));
#3026=CARTESIAN_POINT('',(18.4,10.25,10.));
#3027=CARTESIAN_POINT('Origin',(16.5,10.25,10.));
#3028=CARTESIAN_POINT('',(14.,3.24531401774049E-15,10.));
#3029=CARTESIAN_POINT('Origin',(-12.5,0.,10.));
#3030=CARTESIAN_POINT('Origin',(-12.5,0.,3.));
#3031=CARTESIAN_POINT('Origin',(-12.5,0.,3.));
#3032=CARTESIAN_POINT('',(-20.0213683721075,-45.2010627535589,9.75857033746895));
#3033=CARTESIAN_POINT('Ctrl Pts',(-20.0213683721075,-45.2010627535599,9.75857033746868));
#3034=CARTESIAN_POINT('Ctrl Pts',(-20.0355107663469,-46.4685677777724,9.42077653221875));
#3035=CARTESIAN_POINT('Ctrl Pts',(-20.0634251588572,-49.211815934197,7.79750018741831));
#3036=CARTESIAN_POINT('Ctrl Pts',(-20.0742574257426,-50.4344190454156,4.75204792506756));
#3037=CARTESIAN_POINT('Ctrl Pts',(-20.0742574257426,-50.4344190454156,3.));
#3038=CARTESIAN_POINT('Ctrl Pts',(-19.808526933664,-43.3887708290971,10.));
#3039=CARTESIAN_POINT('Ctrl Pts',(-19.9443995822238,-43.9901593602714,10.));
#3040=CARTESIAN_POINT('Ctrl Pts',(-20.0147310436677,-44.6061955053407,9.91710420325691));
#3041=CARTESIAN_POINT('Ctrl Pts',(-20.0213683721075,-45.2010627535589,9.75857033746895));
#3042=CARTESIAN_POINT('Ctrl Pts',(-5.5,-45.072645545307,9.2758153133643));
#3043=CARTESIAN_POINT('Ctrl Pts',(-5.5,-46.251799663862,8.96214963938624));
#3044=CARTESIAN_POINT('Ctrl Pts',(-5.5,-48.8033034466223,7.45491719074591));
#3045=CARTESIAN_POINT('Ctrl Pts',(-5.5,-49.9399639567351,4.62690156320854));
#3046=CARTESIAN_POINT('Ctrl Pts',(-5.5,-49.9399639567351,3.));
#3047=CARTESIAN_POINT('Ctrl Pts',(-5.5,-45.092397599453,9.35006862805067));
#3048=CARTESIAN_POINT('Ctrl Pts',(-5.50000513913431,-46.2855187853111,9.03408520319589));
#3049=CARTESIAN_POINT('Ctrl Pts',(-5.50000665779623,-48.8693324209597,7.51140912324796));
#3050=CARTESIAN_POINT('Ctrl Pts',(-5.5,-50.0218621770381,4.64764185617034));
#3051=CARTESIAN_POINT('Ctrl Pts',(-5.5,-50.0218621770381,3.));
#3052=CARTESIAN_POINT('Ctrl Pts',(-5.46386259312231,-45.1318216913887,9.49827445429463));
#3053=CARTESIAN_POINT('Ctrl Pts',(-5.46257615155341,-46.3528299884613,9.17764965882797));
#3054=CARTESIAN_POINT('Ctrl Pts',(-5.4599412791278,-49.0011009362993,7.62412841782051));
#3055=CARTESIAN_POINT('Ctrl Pts',(-5.45886120730383,-50.1852463524055,4.68904334229732));
#3056=CARTESIAN_POINT('Ctrl Pts',(-5.45886120730383,-50.1852463524055,3.));
#3057=CARTESIAN_POINT('Ctrl Pts',(-5.28786800135426,-45.186618791986,9.70427157866826));
#3058=CARTESIAN_POINT('Ctrl Pts',(-5.28074629172702,-46.4458244028527,9.37536067520965));
#3059=CARTESIAN_POINT('Ctrl Pts',(-5.26626979287405,-49.1799585769584,7.77571953974474));
#3060=CARTESIAN_POINT('Ctrl Pts',(-5.26039817389141,-50.4045647393588,4.7444863635816));
#3061=CARTESIAN_POINT('Ctrl Pts',(-5.26039817389141,-50.4045647393588,3.));
#3062=CARTESIAN_POINT('Ctrl Pts',(-5.09377962100834,-45.2023289612864,9.76333035484455));
#3063=CARTESIAN_POINT('Ctrl Pts',(-5.08151294054864,-46.4716900171467,9.42855474037893));
#3064=CARTESIAN_POINT('Ctrl Pts',(-5.05695582566735,-49.2234346870987,7.80976737283664));
#3065=CARTESIAN_POINT('Ctrl Pts',(-5.04722754960551,-50.4526636984534,4.7568736819274));
#3066=CARTESIAN_POINT('Ctrl Pts',(-5.04722754960551,-50.4526636984534,3.));
#3067=CARTESIAN_POINT('Ctrl Pts',(-4.97863162789253,-45.2010627535577,9.75857033746925));
#3068=CARTESIAN_POINT('Ctrl Pts',(-4.96448923375799,-46.468567768375,9.42077653472359));
#3069=CARTESIAN_POINT('Ctrl Pts',(-4.93657393377406,-49.2119191553658,7.79760312849558));
#3070=CARTESIAN_POINT('Ctrl Pts',(-4.92574257425743,-50.4344190454156,4.7520478373015));
#3071=CARTESIAN_POINT('Ctrl Pts',(-4.92574257425743,-50.4344190454156,3.));
#3072=CARTESIAN_POINT('',(-4.97863162789253,-45.2010627535577,9.75857033746925));
#3073=CARTESIAN_POINT('Ctrl Pts',(-4.92574257425743,-50.4344190454156,3.));
#3074=CARTESIAN_POINT('Ctrl Pts',(-4.92574257425743,-50.4344190454156,4.7520478373015));
#3075=CARTESIAN_POINT('Ctrl Pts',(-4.93657393377406,-49.2119191553658,7.79760312849558));
#3076=CARTESIAN_POINT('Ctrl Pts',(-4.96448923375799,-46.468567768375,9.42077653472359));
#3077=CARTESIAN_POINT('Ctrl Pts',(-4.97863162789253,-45.2010627535577,9.75857033746925));
#3078=CARTESIAN_POINT('Origin',(-5.,-45.072645545307,9.2758153133643));
#3079=CARTESIAN_POINT('Ctrl Pts',(-5.6787081952469,-43.5010291435114,9.5));
#3080=CARTESIAN_POINT('Ctrl Pts',(-5.55871060280425,-44.0218550861406,9.5));
#3081=CARTESIAN_POINT('Ctrl Pts',(-5.50000000000034,-44.5561366744451,9.4230253531825));
#3082=CARTESIAN_POINT('Ctrl Pts',(-5.5,-45.0726455453073,9.27581531336431));
#3083=CARTESIAN_POINT('Ctrl Pts',(-5.6787081952469,-43.5010291435114,9.63089969389957));
#3084=CARTESIAN_POINT('Ctrl Pts',(-5.55613001727917,-44.0329922516881,9.63045909753233));
#3085=CARTESIAN_POINT('Ctrl Pts',(-5.49734905472289,-44.5792839170668,9.55321703837735));
#3086=CARTESIAN_POINT('Ctrl Pts',(-5.49999999999998,-45.1072116400629,9.40575861406543));
#3087=CARTESIAN_POINT('Ctrl Pts',(-5.57304301014661,-43.4766840278418,9.89156653653394));
#3088=CARTESIAN_POINT('Ctrl Pts',(-5.44421618996137,-44.0392417931509,9.89028438387576));
#3089=CARTESIAN_POINT('Ctrl Pts',(-5.38250439478905,-44.6167628281447,9.81254650636706));
#3090=CARTESIAN_POINT('Ctrl Pts',(-5.38524917086929,-45.1760081735184,9.6643833935564));
#3091=CARTESIAN_POINT('Ctrl Pts',(-5.31903092479909,-43.4181599870861,10.));
#3092=CARTESIAN_POINT('Ctrl Pts',(-5.18496163250275,-44.0097835110616,9.99929915422081));
#3093=CARTESIAN_POINT('Ctrl Pts',(-5.11698926505159,-44.6158760659262,9.91840671603876));
#3094=CARTESIAN_POINT('Ctrl Pts',(-5.11297095319429,-45.2025399959079,9.76412369107374));
#3095=CARTESIAN_POINT('Ctrl Pts',(-5.19147306633597,-43.3887708290971,10.));
#3096=CARTESIAN_POINT('Ctrl Pts',(-5.0556003978521,-43.9901594484579,10.));
#3097=CARTESIAN_POINT('Ctrl Pts',(-4.98526895730566,-44.6061954181094,9.91710422650421));
#3098=CARTESIAN_POINT('Ctrl Pts',(-4.97863162789253,-45.2010627535577,9.75857033746925));
#3099=CARTESIAN_POINT('Ctrl Pts',(-4.97863162789253,-45.2010627535577,9.75857033746925));
#3100=CARTESIAN_POINT('Ctrl Pts',(-4.98526895730566,-44.6061954181094,9.91710422650421));
#3101=CARTESIAN_POINT('Ctrl Pts',(-5.0556003978521,-43.9901594484579,10.));
#3102=CARTESIAN_POINT('Ctrl Pts',(-5.19147306633597,-43.3887708290971,10.));
#3103=CARTESIAN_POINT('Origin',(-5.19147306633597,-43.3887708290971,9.5));
#3104=CARTESIAN_POINT('Origin',(-12.5,-45.0726455453119,9.5));
#3105=CARTESIAN_POINT('Origin',(-19.808526933664,-43.3887708290971,9.5));
#3106=CARTESIAN_POINT('Ctrl Pts',(-19.5,-45.0726455453083,9.27581531336402));
#3107=CARTESIAN_POINT('Ctrl Pts',(-19.4999999999997,-44.5561367501861,9.4230253315957));
#3108=CARTESIAN_POINT('Ctrl Pts',(-19.4412893795995,-44.0218550097676,9.5));
#3109=CARTESIAN_POINT('Ctrl Pts',(-19.3212918047531,-43.5010291435114,9.5));
#3110=CARTESIAN_POINT('Ctrl Pts',(-19.5,-45.1072116400639,9.40575861406515));
#3111=CARTESIAN_POINT('Ctrl Pts',(-19.5026509448885,-44.5792839944821,9.55321701675413));
#3112=CARTESIAN_POINT('Ctrl Pts',(-19.4438699647462,-44.032992173682,9.63045909759694));
#3113=CARTESIAN_POINT('Ctrl Pts',(-19.3212918047531,-43.5010291435114,9.63089969389958));
#3114=CARTESIAN_POINT('Ctrl Pts',(-19.6147721321924,-45.1760024578928,9.66436190696923));
#3115=CARTESIAN_POINT('Ctrl Pts',(-19.6175169078702,-44.6167571945257,9.81252499805363));
#3116=CARTESIAN_POINT('Ctrl Pts',(-19.5558029609135,-44.0392372939704,9.89026471207727));
#3117=CARTESIAN_POINT('Ctrl Pts',(-19.4269761596192,-43.4766796111537,9.89154686454744));
#3118=CARTESIAN_POINT('Ctrl Pts',(-19.8870290468057,-45.202539995909,9.76412369107344));
#3119=CARTESIAN_POINT('Ctrl Pts',(-19.8830107355377,-44.6158761519546,9.91840669341481));
#3120=CARTESIAN_POINT('Ctrl Pts',(-19.8150383478376,-44.0097834243071,9.99929915432358));
#3121=CARTESIAN_POINT('Ctrl Pts',(-19.6809690752009,-43.4181599870861,10.));
#3122=CARTESIAN_POINT('Ctrl Pts',(-20.0213683721075,-45.2010627535589,9.75857033746895));
#3123=CARTESIAN_POINT('Ctrl Pts',(-20.0147310436677,-44.6061955053407,9.91710420325691));
#3124=CARTESIAN_POINT('Ctrl Pts',(-19.9443995822238,-43.9901593602714,10.));
#3125=CARTESIAN_POINT('Ctrl Pts',(-19.808526933664,-43.3887708290971,10.));
#3126=CARTESIAN_POINT('Origin',(-20.,-45.0726455453081,9.27581531336402));
#3127=CARTESIAN_POINT('Ctrl Pts',(-20.0213683721075,-45.2010627535599,9.75857033746868));
#3128=CARTESIAN_POINT('Ctrl Pts',(-20.0355107663469,-46.4685677777724,9.42077653221875));
#3129=CARTESIAN_POINT('Ctrl Pts',(-20.0634251588572,-49.211815934197,7.79750018741831));
#3130=CARTESIAN_POINT('Ctrl Pts',(-20.0742574257426,-50.4344190454156,4.75204792506756));
#3131=CARTESIAN_POINT('Ctrl Pts',(-20.0742574257426,-50.4344190454156,3.));
#3132=CARTESIAN_POINT('Ctrl Pts',(-19.9446030433636,-45.2019068920456,9.76174368238555));
#3133=CARTESIAN_POINT('Ctrl Pts',(-19.9574917667492,-46.4705847934104,9.42595274789627));
#3134=CARTESIAN_POINT('Ctrl Pts',(-19.9831658482438,-49.219402659414,7.80554782323979));
#3135=CARTESIAN_POINT('Ctrl Pts',(-19.9932674421772,-50.4465821474408,4.7551555398811));
#3136=CARTESIAN_POINT('Ctrl Pts',(-19.9932674421772,-50.4465821474408,3.));
#3137=CARTESIAN_POINT('Ctrl Pts',(-19.7898429740368,-45.1943097598324,9.73318400728669));
#3138=CARTESIAN_POINT('Ctrl Pts',(-19.7991584957753,-46.4585751622697,9.40188835879033));
#3139=CARTESIAN_POINT('Ctrl Pts',(-19.8179993573256,-49.2021951668336,7.79357079721644));
#3140=CARTESIAN_POINT('Ctrl Pts',(-19.825590400084,-50.4301611494722,4.75099812812729));
#3141=CARTESIAN_POINT('Ctrl Pts',(-19.825590400084,-50.4301611494722,3.));
#3142=CARTESIAN_POINT('Ctrl Pts',(-19.5693598110354,-45.1514498755405,9.57206210815576));
#3143=CARTESIAN_POINT('Ctrl Pts',(-19.5718945286431,-46.386292346102,9.24909413296872));
#3144=CARTESIAN_POINT('Ctrl Pts',(-19.5770965610847,-49.0664814607509,7.68002629277288));
#3145=CARTESIAN_POINT('Ctrl Pts',(-19.579235121052,-50.2664696372845,4.70955165094834));
#3146=CARTESIAN_POINT('Ctrl Pts',(-19.579235121052,-50.2664696372845,3.));
#3147=CARTESIAN_POINT('Ctrl Pts',(-19.5,-45.1022736265281,9.38719528539331));
#3148=CARTESIAN_POINT('Ctrl Pts',(-19.4999568626127,-46.3023999952987,9.07005820978758));
#3149=CARTESIAN_POINT('Ctrl Pts',(-19.4999404461615,-48.9022825642041,7.53958438581561));
#3150=CARTESIAN_POINT('Ctrl Pts',(-19.5,-50.0628112871896,4.65805092186985));
#3151=CARTESIAN_POINT('Ctrl Pts',(-19.5,-50.0628112871896,3.));
#3152=CARTESIAN_POINT('Ctrl Pts',(-19.5,-45.072645545309,9.27581531336377));
#3153=CARTESIAN_POINT('Ctrl Pts',(-19.5,-46.2517996726045,8.96214963706028));
#3154=CARTESIAN_POINT('Ctrl Pts',(-19.5,-48.8032074954486,7.45482160260271));
#3155=CARTESIAN_POINT('Ctrl Pts',(-19.5,-49.9399639567351,4.62690164470559));
#3156=CARTESIAN_POINT('Ctrl Pts',(-19.5,-49.9399639567351,3.));
#3157=CARTESIAN_POINT('Origin',(-12.5,0.,3.));
#3158=CARTESIAN_POINT('Origin',(-12.5,0.,3.));
#3159=CARTESIAN_POINT('',(33.698405089856,-7.57139893873178,9.40915820292091));
#3160=CARTESIAN_POINT('Ctrl Pts',(33.698405089856,-7.57139893873178,9.40915820292092));
#3161=CARTESIAN_POINT('Ctrl Pts',(35.1172919580049,-7.58669444190024,8.79313904639685));
#3162=CARTESIAN_POINT('Ctrl Pts',(37.2322903356885,-7.60723929335919,6.8742770282741));
#3163=CARTESIAN_POINT('Ctrl Pts',(37.9285061984763,-7.61352497797401,4.16186282067588));
#3164=CARTESIAN_POINT('Ctrl Pts',(37.9285061984763,-7.61352497797401,3.));
#3165=CARTESIAN_POINT('Ctrl Pts',(30.9257091782052,-7.08574501163736,10.));
#3166=CARTESIAN_POINT('Ctrl Pts',(31.8397208953928,-7.40435907203012,10.));
#3167=CARTESIAN_POINT('Ctrl Pts',(32.8097274701875,-7.56181905491157,9.79498349313907));
#3168=CARTESIAN_POINT('Ctrl Pts',(33.698405089856,-7.57139893873178,9.40915820292092));
#3169=CARTESIAN_POINT('Origin',(-12.5,0.,22.));
#3170=CARTESIAN_POINT('',(10.8,-2.85342704201333E-15,22.));
#3171=CARTESIAN_POINT('Origin',(-12.5,0.,22.));
#3172=CARTESIAN_POINT('',(-33.7896693613893,-3.00000004470348,22.));
#3173=CARTESIAN_POINT('Origin',(-12.5,0.,22.));
#3174=CARTESIAN_POINT('Origin',(-12.5,0.,28.));
#3175=CARTESIAN_POINT('',(-33.7896693613893,-3.00000004470348,28.));
#3176=CARTESIAN_POINT('Origin',(-12.5,0.,28.));
#3177=CARTESIAN_POINT('',(6.10000000000001,-2.27784304641408E-15,28.));
#3178=CARTESIAN_POINT('Origin',(-12.5,0.,28.));
#3179=CARTESIAN_POINT('Origin',(-12.5,0.,10.));
#3180=CARTESIAN_POINT('',(11.,2.87791997799628E-15,21.8));
#3181=CARTESIAN_POINT('Origin',(-12.5,0.,21.8));
#3182=CARTESIAN_POINT('',(11.,-2.87791997799628E-15,13.));
#3183=CARTESIAN_POINT('',(11.,2.87791997799628E-15,10.));
#3184=CARTESIAN_POINT('Origin',(-12.5,0.,13.));
#3185=CARTESIAN_POINT('Origin',(-12.5,0.,27.));
#3186=CARTESIAN_POINT('',(6.10000000000001,-2.27784304641408E-15,17.));
#3187=CARTESIAN_POINT('',(6.10000000000001,-2.27784304641408E-15,27.));
#3188=CARTESIAN_POINT('Origin',(-12.5,0.,17.));
#3189=CARTESIAN_POINT('Origin',(-12.5,0.,27.));
#3190=CARTESIAN_POINT('',(-33.7896693613893,-3.00000004470348,27.));
#3191=CARTESIAN_POINT('Origin',(-4.21,10.25,2.));
#3192=CARTESIAN_POINT('',(-2.31,10.25,2.));
#3193=CARTESIAN_POINT('Origin',(-4.21,10.25,2.));
#3194=CARTESIAN_POINT('',(-2.31,10.25,1.));
#3195=CARTESIAN_POINT('',(-2.31,10.25,2.));
#3196=CARTESIAN_POINT('Origin',(-4.21,10.25,1.));
#3197=CARTESIAN_POINT('Origin',(-4.21,10.25,1.));
#3198=CARTESIAN_POINT('',(-5.46,10.25,1.));
#3199=CARTESIAN_POINT('Origin',(-4.21,10.25,1.));
#3200=CARTESIAN_POINT('Origin',(-4.21,-10.25,2.));
#3201=CARTESIAN_POINT('',(-2.31,-10.25,2.));
#3202=CARTESIAN_POINT('Origin',(-4.21,-10.25,2.));
#3203=CARTESIAN_POINT('',(-2.31,-10.25,1.));
#3204=CARTESIAN_POINT('',(-2.31,-10.25,2.));
#3205=CARTESIAN_POINT('Origin',(-4.21,-10.25,1.));
#3206=CARTESIAN_POINT('Origin',(-4.21,-10.25,1.));
#3207=CARTESIAN_POINT('',(-5.46,-10.25,1.));
#3208=CARTESIAN_POINT('Origin',(-4.21,-10.25,1.));
#3209=CARTESIAN_POINT('Origin',(-4.21,-12.75,0.));
#3210=CARTESIAN_POINT('',(0.973678042761745,-12.75,2.));
#3211=CARTESIAN_POINT('',(-4.21,-12.75,2.));
#3212=CARTESIAN_POINT('',(-2.69412842844356,-12.75,2.));
#3213=CARTESIAN_POINT('',(-4.21,-12.75,0.));
#3214=CARTESIAN_POINT('',(-4.21,-12.75,0.));
#3215=CARTESIAN_POINT('',(0.973678042761745,-12.75,0.));
#3216=CARTESIAN_POINT('',(7.00000010430813,-12.75,0.));
#3217=CARTESIAN_POINT('',(0.973678042761745,-12.75,0.));
#3218=CARTESIAN_POINT('Origin',(-4.21,-10.25,0.));
#3219=CARTESIAN_POINT('',(-4.21,-7.75,2.));
#3220=CARTESIAN_POINT('Origin',(-4.21,-10.25,2.));
#3221=CARTESIAN_POINT('',(-4.21,-7.75,0.));
#3222=CARTESIAN_POINT('',(-4.21,-7.75,0.));
#3223=CARTESIAN_POINT('Origin',(-4.21,-10.25,0.));
#3224=CARTESIAN_POINT('Origin',(-4.21,7.75,0.));
#3225=CARTESIAN_POINT('',(4.35348628622577,7.75,2.));
#3226=CARTESIAN_POINT('',(-4.21,7.75,2.));
#3227=CARTESIAN_POINT('',(-2.69412842844356,7.75,2.));
#3228=CARTESIAN_POINT('',(-4.21,7.75,0.));
#3229=CARTESIAN_POINT('',(-4.21,7.75,0.));
#3230=CARTESIAN_POINT('',(4.35348628622577,7.75,0.));
#3231=CARTESIAN_POINT('',(7.00000010430813,7.75,0.));
#3232=CARTESIAN_POINT('',(4.35348628622577,7.75,0.));
#3233=CARTESIAN_POINT('Origin',(-4.21,10.25,0.));
#3234=CARTESIAN_POINT('',(-4.21,12.75,2.));
#3235=CARTESIAN_POINT('Origin',(-4.21,10.25,2.));
#3236=CARTESIAN_POINT('',(-4.21,12.75,0.));
#3237=CARTESIAN_POINT('',(-4.21,12.75,0.));
#3238=CARTESIAN_POINT('Origin',(-4.21,10.25,0.));
#3239=CARTESIAN_POINT('Origin',(-12.5,0.,17.));
#3240=CARTESIAN_POINT('',(-30.,-9.91469307088396E-15,17.));
#3241=CARTESIAN_POINT('Origin',(-12.5,0.,17.));
#3242=CARTESIAN_POINT('Origin',(-12.5,0.,10.));
#3243=CARTESIAN_POINT('',(-31.05,2.27171981241834E-15,10.));
#3244=CARTESIAN_POINT('Origin',(-12.5,0.,10.));
#3245=CARTESIAN_POINT('',(-30.,2.14313189850787E-15,10.));
#3246=CARTESIAN_POINT('Origin',(-12.5,0.,10.));
#3247=CARTESIAN_POINT('Origin',(-12.5,0.,21.8));
#3248=CARTESIAN_POINT('Origin',(10.8,-2.85342704201333E-15,21.8));
#3249=CARTESIAN_POINT('Ctrl Pts',(-5.45460923883485,49.9331260613766,3.));
#3250=CARTESIAN_POINT('Ctrl Pts',(-5.45460923883485,49.9331260613766,4.07871466462074));
#3251=CARTESIAN_POINT('Ctrl Pts',(-5.45460923883485,49.2858867732777,6.59697561052412));
#3252=CARTESIAN_POINT('Ctrl Pts',(-5.45460923883485,47.3195765322682,8.3787441184739));
#3253=CARTESIAN_POINT('Ctrl Pts',(-5.45460923883485,45.9999999999775,8.95089862024642));
#3254=CARTESIAN_POINT('Ctrl Pts',(-5.45460923883485,50.0150675659049,3.));
#3255=CARTESIAN_POINT('Ctrl Pts',(-5.45460923883485,50.0150675659049,4.09247564839521));
#3256=CARTESIAN_POINT('Ctrl Pts',(-5.45461149399054,49.3588362499066,6.64284316133445));
#3257=CARTESIAN_POINT('Ctrl Pts',(-5.45461495557519,47.3666754211249,8.4448279722071));
#3258=CARTESIAN_POINT('Ctrl Pts',(-5.45460923883485,46.0309900931336,9.0223719714752));
#3259=CARTESIAN_POINT('Ctrl Pts',(-5.41342625959833,50.1785373846237,3.));
#3260=CARTESIAN_POINT('Ctrl Pts',(-5.41342625959833,50.1785373846237,4.11994504814729));
#3261=CARTESIAN_POINT('Ctrl Pts',(-5.41404978882839,49.504386335792,6.73437240238854));
#3262=CARTESIAN_POINT('Ctrl Pts',(-5.41603099431861,47.4606830263359,8.57669569966518));
#3263=CARTESIAN_POINT('Ctrl Pts',(-5.4174453636574,46.0928386521921,9.16501509817729));
#3264=CARTESIAN_POINT('Ctrl Pts',(-5.21476649256591,50.3979022618963,3.));
#3265=CARTESIAN_POINT('Ctrl Pts',(-5.21476649256591,50.3979022618963,4.15671919278584));
#3266=CARTESIAN_POINT('Ctrl Pts',(-5.21816005391765,49.7008019974579,6.85707712965957));
#3267=CARTESIAN_POINT('Ctrl Pts',(-5.22900180091148,47.5894929883159,8.75676999552458));
#3268=CARTESIAN_POINT('Ctrl Pts',(-5.2368056627667,46.1781982413248,9.36188239586806));
#3269=CARTESIAN_POINT('Ctrl Pts',(-5.0014349384849,50.4458782205355,3.));
#3270=CARTESIAN_POINT('Ctrl Pts',(-5.0014349384849,50.4458782205355,4.16491339213043));
#3271=CARTESIAN_POINT('Ctrl Pts',(-5.00707294090726,49.7460216303765,6.88414279687039));
#3272=CARTESIAN_POINT('Ctrl Pts',(-5.02529999027965,47.6232284235122,8.80222158749935));
#3273=CARTESIAN_POINT('Ctrl Pts',(-5.03865845151115,46.2015073568341,9.41564088543541));
#3274=CARTESIAN_POINT('Ctrl Pts',(-4.87990239961539,50.4275134481229,3.));
#3275=CARTESIAN_POINT('Ctrl Pts',(-4.87990239961539,50.4275134481229,4.1616927157454));
#3276=CARTESIAN_POINT('Ctrl Pts',(-4.88619204016738,49.7314287282487,6.8736660421029));
#3277=CARTESIAN_POINT('Ctrl Pts',(-4.90674811073286,47.6170525895929,8.79249366604876));
#3278=CARTESIAN_POINT('Ctrl Pts',(-4.9220524292346,46.198480541147,9.40866005257307));
#3279=CARTESIAN_POINT('',(-4.9220524292346,46.198480541147,9.40866005257307));
#3280=CARTESIAN_POINT('Origin',(-4.95460923883485,45.9999999999775,8.95089862024642));
#3281=CARTESIAN_POINT('Ctrl Pts',(-4.9220524292346,46.198480541147,9.40866005257307));
#3282=CARTESIAN_POINT('Ctrl Pts',(-4.90674811073286,47.6170525895929,8.79249366604876));
#3283=CARTESIAN_POINT('Ctrl Pts',(-4.88619204016738,49.7314287282487,6.8736660421029));
#3284=CARTESIAN_POINT('Ctrl Pts',(-4.87990239961539,50.4275134481229,4.1616927157454));
#3285=CARTESIAN_POINT('Ctrl Pts',(-4.87990239961539,50.4275134481229,3.));
#3286=CARTESIAN_POINT('Ctrl Pts',(-5.45460923883485,45.999999999979,8.95089862024642));
#3287=CARTESIAN_POINT('Ctrl Pts',(-5.45460923883715,45.2278524126214,9.30945355599983));
#3288=CARTESIAN_POINT('Ctrl Pts',(-5.59044028573514,44.3863658505092,9.5));
#3289=CARTESIAN_POINT('Ctrl Pts',(-5.87769314212613,43.5952998403818,9.5));
#3290=CARTESIAN_POINT('Ctrl Pts',(-5.45460923883468,46.0542326630022,9.07597698489668));
#3291=CARTESIAN_POINT('Ctrl Pts',(-5.44845921549148,45.2638798114601,9.43671148196629));
#3292=CARTESIAN_POINT('Ctrl Pts',(-5.58442510650463,44.4027300232379,9.62877438869661));
#3293=CARTESIAN_POINT('Ctrl Pts',(-5.87769314212613,43.5952998403818,9.63089969389957));
#3294=CARTESIAN_POINT('Ctrl Pts',(-5.33646341684731,46.1621386843286,9.32484377349043));
#3295=CARTESIAN_POINT('Ctrl Pts',(-5.32836708579817,45.3225263210098,9.69030919984854));
#3296=CARTESIAN_POINT('Ctrl Pts',(-5.46967439729064,44.4120685230994,9.88538088438456));
#3297=CARTESIAN_POINT('Ctrl Pts',(-5.77577035916421,43.5582895148687,9.89156560563509));
#3298=CARTESIAN_POINT('Ctrl Pts',(-5.05809278855715,46.2020118261156,9.41680435757898));
#3299=CARTESIAN_POINT('Ctrl Pts',(-5.06260570620749,45.3231384053302,9.7951158045577));
#3300=CARTESIAN_POINT('Ctrl Pts',(-5.21546300592609,44.3684593524257,9.99661932940961));
#3301=CARTESIAN_POINT('Ctrl Pts',(-5.53075773837175,43.4693202325668,10.));
#3302=CARTESIAN_POINT('Ctrl Pts',(-4.92205242923459,46.198480541147,9.40866005257307));
#3303=CARTESIAN_POINT('Ctrl Pts',(-4.93164326339137,45.3094968695757,9.79479613723051));
#3304=CARTESIAN_POINT('Ctrl Pts',(-5.08909791949545,44.3390899325904,10.));
#3305=CARTESIAN_POINT('Ctrl Pts',(-5.40771872322117,43.4246421550144,10.));
#3306=CARTESIAN_POINT('',(-5.87769314212613,43.5952998403818,9.5));
#3307=CARTESIAN_POINT('Origin',(-5.40771872322117,43.4246421550144,9.5));
#3308=CARTESIAN_POINT('Ctrl Pts',(-5.40771872322117,43.4246421550144,10.));
#3309=CARTESIAN_POINT('Ctrl Pts',(-5.08909791949545,44.3390899325904,10.));
#3310=CARTESIAN_POINT('Ctrl Pts',(-4.93164326339137,45.3094968695757,9.79479613723051));
#3311=CARTESIAN_POINT('Ctrl Pts',(-4.92205242923459,46.198480541147,9.40866005257307));
#3312=CARTESIAN_POINT('Ctrl Pts',(-5.45460923883485,45.999999999979,8.95089862024642));
#3313=CARTESIAN_POINT('Ctrl Pts',(-5.45460923883715,45.2278524126214,9.30945355599983));
#3314=CARTESIAN_POINT('Ctrl Pts',(-5.59044028573514,44.3863658505092,9.5));
#3315=CARTESIAN_POINT('Ctrl Pts',(-5.87769314212613,43.5952998403818,9.5));
#3316=CARTESIAN_POINT('Origin',(-12.5,46.,9.5));
#3317=CARTESIAN_POINT('',(-19.1223068578739,43.5952998403818,9.5));
#3318=CARTESIAN_POINT('Origin',(-19.5922812767788,43.4246421550144,9.5));
#3319=CARTESIAN_POINT('Origin',(-12.5,46.,9.5));
#3320=CARTESIAN_POINT('Ctrl Pts',(-19.1223068578739,43.5952998403818,9.5));
#3321=CARTESIAN_POINT('Ctrl Pts',(-19.4095603437769,44.3863675841232,9.49999999999999));
#3322=CARTESIAN_POINT('Ctrl Pts',(-19.5453907611633,45.2278507204711,9.30945434176843));
#3323=CARTESIAN_POINT('Ctrl Pts',(-19.5453907611652,45.9999999999829,8.95089862024461));
#3324=CARTESIAN_POINT('Ctrl Pts',(-19.1223068578739,43.5952998403818,9.63089969389957));
#3325=CARTESIAN_POINT('Ctrl Pts',(-19.4155755361896,44.4027317927139,9.62877438403902));
#3326=CARTESIAN_POINT('Ctrl Pts',(-19.5515407979867,45.2638780794131,9.43671227251143));
#3327=CARTESIAN_POINT('Ctrl Pts',(-19.5453907611653,46.0542326630062,9.07597698489485));
#3328=CARTESIAN_POINT('Ctrl Pts',(-19.2242479860202,43.558282853343,9.89154608841921));
#3329=CARTESIAN_POINT('Ctrl Pts',(-19.5303446187003,44.4120637326227,9.88536135361491));
#3330=CARTESIAN_POINT('Ctrl Pts',(-19.6716549337982,45.3225151388283,9.69028845461462));
#3331=CARTESIAN_POINT('Ctrl Pts',(-19.6635585850055,46.1621293421502,9.3248222273416));
#3332=CARTESIAN_POINT('Ctrl Pts',(-19.4692422616283,43.4693202325668,10.));
#3333=CARTESIAN_POINT('Ctrl Pts',(-19.7845376850395,44.368461322881,9.99661932200089));
#3334=CARTESIAN_POINT('Ctrl Pts',(-19.937394283903,45.3231364792913,9.7951166336227));
#3335=CARTESIAN_POINT('Ctrl Pts',(-19.9419072114429,46.2020118261201,9.41680435757707));
#3336=CARTESIAN_POINT('Ctrl Pts',(-19.5922812767788,43.4246421550144,10.));
#3337=CARTESIAN_POINT('Ctrl Pts',(-19.9109027787592,44.3390919365945,10.));
#3338=CARTESIAN_POINT('Ctrl Pts',(-20.0683567155909,45.3094949213803,9.7947969834431));
#3339=CARTESIAN_POINT('Ctrl Pts',(-20.0779475707655,46.1984805411514,9.40866005257112));
#3340=CARTESIAN_POINT('',(-19.5453907611652,45.9999999999915,8.95089862024461));
#3341=CARTESIAN_POINT('Origin',(-20.0453907611652,45.9999999999817,8.95089862024461));
#3342=CARTESIAN_POINT('Ctrl Pts',(-19.1223068578739,43.5952998403818,9.5));
#3343=CARTESIAN_POINT('Ctrl Pts',(-19.4095603437769,44.3863675841232,9.49999999999999));
#3344=CARTESIAN_POINT('Ctrl Pts',(-19.5453907611633,45.2278507204711,9.30945434176843));
#3345=CARTESIAN_POINT('Ctrl Pts',(-19.5453907611652,45.9999999999829,8.95089862024461));
#3346=CARTESIAN_POINT('Ctrl Pts',(-19.5453907611652,45.9999999999858,8.95089862024284));
#3347=CARTESIAN_POINT('Ctrl Pts',(-19.5453907611652,46.9896824037251,8.52178274195148));
#3348=CARTESIAN_POINT('Ctrl Pts',(-19.5453907611652,49.0533743930097,6.94493487768564));
#3349=CARTESIAN_POINT('Ctrl Pts',(-19.5453907611652,49.9331260613766,4.4382862095419));
#3350=CARTESIAN_POINT('Ctrl Pts',(-19.5453907611652,49.9331260613766,3.));
#3351=CARTESIAN_POINT('Ctrl Pts',(-19.5453907611652,46.030990093142,9.02237197147157));
#3352=CARTESIAN_POINT('Ctrl Pts',(-19.5453864736099,47.0327540937119,8.58921397004005));
#3353=CARTESIAN_POINT('Ctrl Pts',(-19.5453847196756,49.1230611301698,6.99508225828));
#3354=CARTESIAN_POINT('Ctrl Pts',(-19.5453907611652,50.0150675659049,4.45663418778089));
#3355=CARTESIAN_POINT('Ctrl Pts',(-19.5453907611652,50.0150675659049,3.));
#3356=CARTESIAN_POINT('Ctrl Pts',(-19.5825571034148,46.0928369046624,9.16501106777533));
#3357=CARTESIAN_POINT('Ctrl Pts',(-19.5836178804237,47.1187201899568,8.72377151687384));
#3358=CARTESIAN_POINT('Ctrl Pts',(-19.5857320725746,49.2621180324594,7.09513501835756));
#3359=CARTESIAN_POINT('Ctrl Pts',(-19.5865763905411,50.1785319311587,4.49326005386358));
#3360=CARTESIAN_POINT('Ctrl Pts',(-19.5865763905411,50.1785319311587,3.));
#3361=CARTESIAN_POINT('Ctrl Pts',(-19.7631976179423,46.1781946282666,9.36187406294274));
#3362=CARTESIAN_POINT('Ctrl Pts',(-19.7690505143605,47.2366656933454,8.90803976061014));
#3363=CARTESIAN_POINT('Ctrl Pts',(-19.7806443300627,49.4501937465478,7.22954620616306));
#3364=CARTESIAN_POINT('Ctrl Pts',(-19.7852367450484,50.3978909905502,4.54229224637568));
#3365=CARTESIAN_POINT('Ctrl Pts',(-19.7852367450484,50.3978909905502,3.));
#3366=CARTESIAN_POINT('Ctrl Pts',(-19.9613415484889,46.201507356843,9.41564088543156));
#3367=CARTESIAN_POINT('Ctrl Pts',(-19.9713603944583,47.2677981617228,8.95557640987604));
#3368=CARTESIAN_POINT('Ctrl Pts',(-19.9909537979393,49.4945987974483,7.25941295656867));
#3369=CARTESIAN_POINT('Ctrl Pts',(-19.9985650615151,50.4458782205355,4.55321784542621));
#3370=CARTESIAN_POINT('Ctrl Pts',(-19.9985650615151,50.4458782205355,3.));
#3371=CARTESIAN_POINT('Ctrl Pts',(-20.0779475707655,46.1984805411559,9.40866005256921));
#3372=CARTESIAN_POINT('Ctrl Pts',(-20.0894258096942,47.2624095823508,8.94653526056308));
#3373=CARTESIAN_POINT('Ctrl Pts',(-20.111614461568,49.4813512768379,7.24839140673839));
#3374=CARTESIAN_POINT('Ctrl Pts',(-20.1200976003846,50.4275134481229,4.54892361027588));
#3375=CARTESIAN_POINT('Ctrl Pts',(-20.1200976003846,50.4275134481229,3.));
#3376=CARTESIAN_POINT('',(-19.5453907611652,49.6141816504367,5.));
#3377=CARTESIAN_POINT('Ctrl Pts',(-19.5453907611652,45.9999999999858,8.95089862024284));
#3378=CARTESIAN_POINT('Ctrl Pts',(-19.5453907611652,46.9896824037251,8.52178274195148));
#3379=CARTESIAN_POINT('Ctrl Pts',(-19.5453907611652,48.4975302577351,7.36965021414254));
#3380=CARTESIAN_POINT('Ctrl Pts',(-19.5453907611652,49.3733227800716,5.72113662294533));
#3381=CARTESIAN_POINT('Ctrl Pts',(-19.5453907611652,49.6102165384004,4.99870332312038));
#3382=CARTESIAN_POINT('Ctrl Pts',(-19.5454084894957,49.6141815069528,4.99999995295131));
#3383=CARTESIAN_POINT('Ctrl Pts',(-19.5454085580496,49.7211644979434,4.67376071975946));
#3384=CARTESIAN_POINT('Ctrl Pts',(-19.5454086136611,49.8026320620776,4.33919134734292));
#3385=CARTESIAN_POINT('Ctrl Pts',(-19.5454086518691,49.8570057359608,4.00033745182358));
#3386=CARTESIAN_POINT('Origin',(-19.5453907611652,46.,10.));
#3387=CARTESIAN_POINT('',(-19.5453907611652,46.,10.));
#3388=CARTESIAN_POINT('Origin',(-12.5,46.,10.));
#3389=CARTESIAN_POINT('Ctrl Pts',(37.4341090788834,-7.03888257622916,3.));
#3390=CARTESIAN_POINT('Ctrl Pts',(37.4341090788834,-7.03888257622916,4.07887261919904));
#3391=CARTESIAN_POINT('Ctrl Pts',(36.7867493150197,-7.03888257622916,6.59754295482594));
#3392=CARTESIAN_POINT('Ctrl Pts',(34.8198655126845,-7.03888257622916,8.37934340022568));
#3393=CARTESIAN_POINT('Ctrl Pts',(33.4999999999776,-7.03888257622916,8.95136118842656));
#3394=CARTESIAN_POINT('Ctrl Pts',(37.5160443769004,-7.03888257622916,3.));
#3395=CARTESIAN_POINT('Ctrl Pts',(37.5160443769004,-7.03888257622916,4.09263430300012));
#3396=CARTESIAN_POINT('Ctrl Pts',(36.8596922563812,-7.03888047291185,6.64341337025139));
#3397=CARTESIAN_POINT('Ctrl Pts',(34.8669534059413,-7.03887686334919,8.44542996813717));
#3398=CARTESIAN_POINT('Ctrl Pts',(33.5309766136049,-7.03888257622916,9.02283617551683));
#3399=CARTESIAN_POINT('Ctrl Pts',(37.6795069473416,-7.08005673070854,3.));
#3400=CARTESIAN_POINT('Ctrl Pts',(37.6795069473416,-7.08005673070854,4.12010511244532));
#3401=CARTESIAN_POINT('Ctrl Pts',(37.0052329201908,-7.07943373659905,6.73494902608715));
#3402=CARTESIAN_POINT('Ctrl Pts',(34.9609407172254,-7.07745387542534,8.57730688795894));
#3403=CARTESIAN_POINT('Ctrl Pts',(33.5927999040251,-7.07604040261044,9.16548633533868));
#3404=CARTESIAN_POINT('Ctrl Pts',(37.8988707126028,-7.2786877602958,3.));
#3405=CARTESIAN_POINT('Ctrl Pts',(37.8988707126028,-7.2786877602958,4.15688281502928));
#3406=CARTESIAN_POINT('Ctrl Pts',(37.2016451717425,-7.27529672423995,6.85767186964323));
#3407=CARTESIAN_POINT('Ctrl Pts',(35.089726475986,-7.26446147617963,8.75739871374976));
#3408=CARTESIAN_POINT('Ctrl Pts',(33.6781263784465,-7.25666246627842,9.36236739958653));
#3409=CARTESIAN_POINT('Ctrl Pts',(37.9468537407713,-7.49199925197633,3.));
#3410=CARTESIAN_POINT('Ctrl Pts',(37.9468537407713,-7.49199925197633,4.16508096874314));
#3411=CARTESIAN_POINT('Ctrl Pts',(37.2468653150752,-7.4863648834019,6.88473877896351));
#3412=CARTESIAN_POINT('Ctrl Pts',(35.1234595478772,-7.4681485368104,8.80285739091928));
#3413=CARTESIAN_POINT('Ctrl Pts',(33.7014268302494,-7.4547980781964,9.41613052269121));
#3414=CARTESIAN_POINT('Ctrl Pts',(37.9285061984763,-7.61352497797401,3.));
#3415=CARTESIAN_POINT('Ctrl Pts',(37.9285061984763,-7.61352497797401,4.16186282067588));
#3416=CARTESIAN_POINT('Ctrl Pts',(37.2322903356885,-7.60723929335919,6.8742770282741));
#3417=CARTESIAN_POINT('Ctrl Pts',(35.1172919580049,-7.58669444190024,8.79313904639685));
#3418=CARTESIAN_POINT('Ctrl Pts',(33.698405089856,-7.57139893873178,9.40915820292092));
#3419=CARTESIAN_POINT('Origin',(33.4999999999776,-7.53888257622917,8.95136118842656));
#3420=CARTESIAN_POINT('Ctrl Pts',(33.4999999999791,-7.03888257622916,8.95136118842657));
#3421=CARTESIAN_POINT('Ctrl Pts',(32.728167752915,-7.03888257622687,9.30962752934341));
#3422=CARTESIAN_POINT('Ctrl Pts',(31.8870822527628,-6.90304168378236,9.5));
#3423=CARTESIAN_POINT('Ctrl Pts',(31.0964432937428,-6.61579835318386,9.5));
#3424=CARTESIAN_POINT('Ctrl Pts',(33.5542090738268,-7.03888257622933,9.07644241583444));
#3425=CARTESIAN_POINT('Ctrl Pts',(32.7641787648005,-7.04503299265579,9.43688351470319));
#3426=CARTESIAN_POINT('Ctrl Pts',(31.903436491066,-6.90905635670991,9.62877187926785));
#3427=CARTESIAN_POINT('Ctrl Pts',(31.0964432937428,-6.61579835318386,9.63089969389957));
#3428=CARTESIAN_POINT('Ctrl Pts',(33.6620768855176,-7.15699574029999,9.32533503337007));
#3429=CARTESIAN_POINT('Ctrl Pts',(32.8227956273997,-7.1650966081077,9.69049739778838));
#3430=CARTESIAN_POINT('Ctrl Pts',(31.9127518543964,-7.02378309073602,9.88539157222274));
#3431=CARTESIAN_POINT('Ctrl Pts',(31.0594225360525,-6.71769820673798,9.89158359600912));
#3432=CARTESIAN_POINT('Ctrl Pts',(33.7019304536487,-7.4353646014406,9.4172925759861));
#3433=CARTESIAN_POINT('Ctrl Pts',(32.8233745547554,-7.43086173789538,9.7952945649434));
#3434=CARTESIAN_POINT('Ctrl Pts',(31.8691034322367,-7.27799869956396,9.99661533772313));
#3435=CARTESIAN_POINT('Ctrl Pts',(30.9704072651294,-6.96271326415597,10.));
#3436=CARTESIAN_POINT('Ctrl Pts',(33.698405089856,-7.57139893873178,9.40915820292092));
#3437=CARTESIAN_POINT('Ctrl Pts',(32.8097274701875,-7.56181905491157,9.79498349313907));
#3438=CARTESIAN_POINT('Ctrl Pts',(31.8397208953928,-7.40435907203012,10.));
#3439=CARTESIAN_POINT('Ctrl Pts',(30.9257091782052,-7.08574501163736,10.));
#3440=CARTESIAN_POINT('',(31.0964432937428,-6.61579835318386,9.5));
#3441=CARTESIAN_POINT('Origin',(30.9257091782052,-7.08574501163736,9.5));
#3442=CARTESIAN_POINT('Ctrl Pts',(33.4999999999791,-7.03888257622916,8.95136118842657));
#3443=CARTESIAN_POINT('Ctrl Pts',(32.728167752915,-7.03888257622687,9.30962752934341));
#3444=CARTESIAN_POINT('Ctrl Pts',(31.8870822527628,-6.90304168378236,9.5));
#3445=CARTESIAN_POINT('Ctrl Pts',(31.0964432937428,-6.61579835318386,9.5));
#3446=CARTESIAN_POINT('Origin',(33.5,5.63509770806679E-6,9.5));
#3447=CARTESIAN_POINT('',(31.0964416728428,6.61580903449747,9.5));
#3448=CARTESIAN_POINT('Origin',(30.9257074421663,7.08575565112038,9.5));
#3449=CARTESIAN_POINT('Origin',(33.5,5.63509770806679E-6,9.5));
#3450=CARTESIAN_POINT('Ctrl Pts',(31.0964416728428,6.61580903449748,9.5));
#3451=CARTESIAN_POINT('Ctrl Pts',(31.8870828723465,6.90305339835404,9.5));
#3452=CARTESIAN_POINT('Ctrl Pts',(32.7281655937857,7.03889384642271,9.30962801509271));
#3453=CARTESIAN_POINT('Ctrl Pts',(33.499999999983,7.03889384642458,8.95136038792548));
#3454=CARTESIAN_POINT('Ctrl Pts',(31.0964416728428,6.61580903449748,9.63089969389958));
#3455=CARTESIAN_POINT('Ctrl Pts',(31.9034371569757,6.90906809286797,9.62877187304872));
#3456=CARTESIAN_POINT('Ctrl Pts',(32.7641765933179,7.04504428477086,9.43688400302217));
#3457=CARTESIAN_POINT('Ctrl Pts',(33.5542091146616,7.03889384642471,9.07644161038256));
#3458=CARTESIAN_POINT('Ctrl Pts',(31.0594208901792,6.71770887900186,9.8915835959873));
#3459=CARTESIAN_POINT('Ctrl Pts',(31.9127526276201,7.02379486668698,9.88539155410303));
#3460=CARTESIAN_POINT('Ctrl Pts',(32.8227933926467,7.1651079261844,9.69049789226516));
#3461=CARTESIAN_POINT('Ctrl Pts',(33.6620770073853,7.15700703194469,9.32533421757214));
#3462=CARTESIAN_POINT('Ctrl Pts',(30.9704055592338,6.96272391459023,10.));
#3463=CARTESIAN_POINT('Ctrl Pts',(31.869104275781,7.27801049169152,9.99661532783053));
#3464=CARTESIAN_POINT('Ctrl Pts',(32.8233722351409,7.4308730458498,9.79529507706775));
#3465=CARTESIAN_POINT('Ctrl Pts',(33.7019305945062,7.43537593122603,9.41729173110124));
#3466=CARTESIAN_POINT('Ctrl Pts',(30.9257074421663,7.08575565112038,10.));
#3467=CARTESIAN_POINT('Ctrl Pts',(31.8397217527422,7.40437086668766,10.));
#3468=CARTESIAN_POINT('Ctrl Pts',(32.8097251193111,7.56183035512612,9.79498401625361));
#3469=CARTESIAN_POINT('Ctrl Pts',(33.6984052204673,7.57141027894235,9.40915734084283));
#3470=CARTESIAN_POINT('',(33.4999999999915,7.03889384642458,8.95136038792549));
#3471=CARTESIAN_POINT('',(33.6984052204673,7.57141027894235,9.40915734084282));
#3472=CARTESIAN_POINT('Origin',(33.4999999999818,7.53889384642458,8.95136038792548));
#3473=CARTESIAN_POINT('Ctrl Pts',(33.6984052204673,7.57141027894235,9.40915734084283));
#3474=CARTESIAN_POINT('Ctrl Pts',(32.8097251193111,7.56183035512612,9.79498401625361));
#3475=CARTESIAN_POINT('Ctrl Pts',(31.8397217527422,7.40437086668766,10.));
#3476=CARTESIAN_POINT('Ctrl Pts',(30.9257074421663,7.08575565112038,10.));
#3477=CARTESIAN_POINT('Ctrl Pts',(31.0964416728428,6.61580903449748,9.5));
#3478=CARTESIAN_POINT('Ctrl Pts',(31.8870828723465,6.90305339835404,9.5));
#3479=CARTESIAN_POINT('Ctrl Pts',(32.7281655937857,7.03889384642271,9.30962801509271));
#3480=CARTESIAN_POINT('Ctrl Pts',(33.499999999983,7.03889384642458,8.95136038792548));
#3481=CARTESIAN_POINT('Ctrl Pts',(33.4999999999859,7.03889384642458,8.95136038792371));
#3482=CARTESIAN_POINT('Ctrl Pts',(34.8198650096935,7.03889384642458,8.37934236422589));
#3483=CARTESIAN_POINT('Ctrl Pts',(36.786747924818,7.03889384642458,6.59754203374575));
#3484=CARTESIAN_POINT('Ctrl Pts',(37.4341073773462,7.03889384642458,4.0788723523738));
#3485=CARTESIAN_POINT('Ctrl Pts',(37.4341073773462,7.03889384642458,3.));
#3486=CARTESIAN_POINT('Ctrl Pts',(33.5309766369451,7.03889384642458,9.02283537218493));
#3487=CARTESIAN_POINT('Ctrl Pts',(34.8669529219489,7.03888813353793,8.44542892745416));
#3488=CARTESIAN_POINT('Ctrl Pts',(36.8596908787698,7.03889174310423,6.64341244499057));
#3489=CARTESIAN_POINT('Ctrl Pts',(37.5160426861108,7.03889384642458,4.09263403504823));
#3490=CARTESIAN_POINT('Ctrl Pts',(37.5160426861108,7.03889384642458,3.));
#3491=CARTESIAN_POINT('Ctrl Pts',(33.5927999738915,7.07605167928176,9.16548552626822));
#3492=CARTESIAN_POINT('Ctrl Pts',(34.9609402710809,7.0774651536469,8.57730583782445));
#3493=CARTESIAN_POINT('Ctrl Pts',(37.0052315675522,7.07944501704431,6.73494809240071));
#3494=CARTESIAN_POINT('Ctrl Pts',(37.6795052778083,7.08006801188341,4.12010484222309));
#3495=CARTESIAN_POINT('Ctrl Pts',(37.6795052778083,7.08006801188341,3.));
#3496=CARTESIAN_POINT('Ctrl Pts',(33.6781265087093,7.25667377219098,9.36236657378756));
#3497=CARTESIAN_POINT('Ctrl Pts',(35.0897260747208,7.26447279048194,8.75739764040845));
#3498=CARTESIAN_POINT('Ctrl Pts',(37.2016438388572,7.27530805041464,6.85767091509495));
#3499=CARTESIAN_POINT('Ctrl Pts',(37.8988690545937,7.27869909032943,4.15688253887446));
#3500=CARTESIAN_POINT('Ctrl Pts',(37.8988690545937,7.27869909032943,3.));
#3501=CARTESIAN_POINT('Ctrl Pts',(33.7014269696476,7.45480940947119,9.41612967534825));
#3502=CARTESIAN_POINT('Ctrl Pts',(35.1234591448181,7.46815988192268,8.80285629180381));
#3503=CARTESIAN_POINT('Ctrl Pts',(37.2468639596789,7.48637624739008,6.88473780152154));
#3504=CARTESIAN_POINT('Ctrl Pts',(37.9468520522224,7.49201062195804,4.16508068579141));
#3505=CARTESIAN_POINT('Ctrl Pts',(37.9468520522224,7.49201062195804,3.));
#3506=CARTESIAN_POINT('Ctrl Pts',(33.6984052204717,7.5714102789424,9.40915734084092));
#3507=CARTESIAN_POINT('Ctrl Pts',(35.1172915406834,7.58670579735334,8.79313793070479));
#3508=CARTESIAN_POINT('Ctrl Pts',(37.2322889549649,7.60725066890543,6.87427603634159));
#3509=CARTESIAN_POINT('Ctrl Pts',(37.9285044800922,7.61353635975552,4.16186253332563));
#3510=CARTESIAN_POINT('Ctrl Pts',(37.9285044800922,7.61353635975552,3.));
#3511=CARTESIAN_POINT('Ctrl Pts',(37.9285044800922,7.61353635975552,3.));
#3512=CARTESIAN_POINT('Ctrl Pts',(37.9285044800922,7.61353635975552,4.16186253332563));
#3513=CARTESIAN_POINT('Ctrl Pts',(37.2322889549649,7.60725066890543,6.87427603634159));
#3514=CARTESIAN_POINT('Ctrl Pts',(35.1172915406834,7.58670579735334,8.79313793070479));
#3515=CARTESIAN_POINT('Ctrl Pts',(33.6984052204717,7.5714102789424,9.40915734084092));
#3516=CARTESIAN_POINT('',(37.1151692746638,7.03889384642458,5.));
#3517=CARTESIAN_POINT('Ctrl Pts',(33.4999999999859,7.03889384642458,8.95136038792371));
#3518=CARTESIAN_POINT('Ctrl Pts',(34.8198650096935,7.03889384642458,8.37934236422589));
#3519=CARTESIAN_POINT('Ctrl Pts',(36.2573263137217,7.03889384642458,7.07714536669503));
#3520=CARTESIAN_POINT('Ctrl Pts',(36.9900094765787,7.03889384642458,5.38137491167846));
#3521=CARTESIAN_POINT('Ctrl Pts',(37.1144834152388,7.03889384642458,4.99977550559677));
#3522=CARTESIAN_POINT('Ctrl Pts',(37.1144834152388,7.03889384642458,4.99977550559677));
#3523=CARTESIAN_POINT('Ctrl Pts',(37.2208808691961,7.03889384642458,4.67359312817854));
#3524=CARTESIAN_POINT('Ctrl Pts',(37.3014622119806,7.03889384642458,4.33883974989031));
#3525=CARTESIAN_POINT('Ctrl Pts',(37.3551001895264,7.03889384642458,3.99988259324138));
#3526=CARTESIAN_POINT('Origin',(33.5,7.03889384642458,10.));
#3527=CARTESIAN_POINT('',(33.5,7.03889384642458,10.));
#3528=CARTESIAN_POINT('Origin',(33.5,5.63509770806679E-6,10.));
#3529=CARTESIAN_POINT('Origin',(-4.21,10.25,2.));
#3530=CARTESIAN_POINT('',(0.973678042761745,12.75,2.));
#3531=CARTESIAN_POINT('Origin',(-12.5,0.,2.));
#3532=CARTESIAN_POINT('',(-0.102289407062687,12.75,2.));
#3533=CARTESIAN_POINT('Origin',(-4.21,-10.25,2.));
#3534=CARTESIAN_POINT('',(4.35348628622577,-7.75,2.));
#3535=CARTESIAN_POINT('Origin',(-12.5,0.,2.));
#3536=CARTESIAN_POINT('',(1.58761471466932,-7.75,2.));
#3537=CARTESIAN_POINT('Origin',(-12.5,0.,10.));
#3538=CARTESIAN_POINT('',(-30.,-2.14313189850787E-15,10.));
#3539=CARTESIAN_POINT('Origin',(16.5,-10.25,10.));
#3540=CARTESIAN_POINT('',(18.4,-10.25,2.));
#3541=CARTESIAN_POINT('',(18.4,-10.25,10.));
#3542=CARTESIAN_POINT('Origin',(16.5,-10.25,2.));
#3543=CARTESIAN_POINT('Origin',(16.5,-10.25,2.));
#3544=CARTESIAN_POINT('',(15.25,-10.25,2.));
#3545=CARTESIAN_POINT('Origin',(16.5,-10.25,2.));
#3546=CARTESIAN_POINT('Origin',(16.5,10.25,10.));
#3547=CARTESIAN_POINT('',(18.4,10.25,2.));
#3548=CARTESIAN_POINT('',(18.4,10.25,10.));
#3549=CARTESIAN_POINT('Origin',(16.5,10.25,2.));
#3550=CARTESIAN_POINT('Origin',(16.5,10.25,2.));
#3551=CARTESIAN_POINT('',(15.25,10.25,2.));
#3552=CARTESIAN_POINT('Origin',(16.5,10.25,2.));
#3553=CARTESIAN_POINT('Origin',(22.61,7.5,0.));
#3554=CARTESIAN_POINT('',(22.61,7.5,0.));
#3555=CARTESIAN_POINT('',(4.46621643148525,7.5,0.));
#3556=CARTESIAN_POINT('',(5.055,7.5,0.));
#3557=CARTESIAN_POINT('',(22.61,7.5,1.8));
#3558=CARTESIAN_POINT('',(22.61,7.5,0.));
#3559=CARTESIAN_POINT('',(4.46621643148525,7.5,1.8));
#3560=CARTESIAN_POINT('',(22.61,7.5,1.8));
#3561=CARTESIAN_POINT('',(4.46621643148525,7.5,0.));
#3562=CARTESIAN_POINT('Origin',(22.61,-7.75,0.));
#3563=CARTESIAN_POINT('',(22.61,-7.75,0.));
#3564=CARTESIAN_POINT('',(22.61,-3.875,0.));
#3565=CARTESIAN_POINT('',(22.61,-7.75,1.8));
#3566=CARTESIAN_POINT('',(22.61,-7.75,0.));
#3567=CARTESIAN_POINT('',(22.61,-7.75,1.8));
#3568=CARTESIAN_POINT('Origin',(13.4817431431129,-0.125000000000001,1.8));
#3569=CARTESIAN_POINT('',(4.35348628622577,-7.75,1.8));
#3570=CARTESIAN_POINT('',(-4.21,-7.75,1.8));
#3571=CARTESIAN_POINT('Origin',(-12.5,0.,1.8));
#3572=CARTESIAN_POINT('Origin',(-12.5,0.,0.));
#3573=CARTESIAN_POINT('',(4.35348628622577,-7.75,0.));
#3574=CARTESIAN_POINT('',(-31.05,-2.27171981241834E-15,0.));
#3575=CARTESIAN_POINT('Origin',(-12.5,0.,0.));
#3576=CARTESIAN_POINT('',(-31.05,-2.27171981241834E-15,0.));
#3577=CARTESIAN_POINT('',(0.973678042761745,12.75,0.));
#3578=CARTESIAN_POINT('Origin',(-12.5,0.,0.));
#3579=CARTESIAN_POINT('',(0.973678042761745,12.75,0.));
#3580=CARTESIAN_POINT('Origin',(-12.5,0.,0.));
#3581=CARTESIAN_POINT('Origin',(16.5,-10.25,0.));
#3582=CARTESIAN_POINT('',(15.25,-10.25,0.));
#3583=CARTESIAN_POINT('Origin',(16.5,-10.25,0.));
#3584=CARTESIAN_POINT('',(15.25,-10.25,0.));
#3585=CARTESIAN_POINT('Origin',(16.5,10.25,0.));
#3586=CARTESIAN_POINT('',(15.25,10.25,0.));
#3587=CARTESIAN_POINT('Origin',(16.5,10.25,0.));
#3588=CARTESIAN_POINT('',(15.25,10.25,0.));
#3589=CARTESIAN_POINT('Origin',(-4.21,-10.25,0.));
#3590=CARTESIAN_POINT('',(-5.46,-10.25,0.));
#3591=CARTESIAN_POINT('',(-5.46,-10.25,0.));
#3592=CARTESIAN_POINT('Origin',(-4.21,-10.25,0.));
#3593=CARTESIAN_POINT('Origin',(4.35348628622577,-7.75,0.));
#3594=CARTESIAN_POINT('',(-4.07325685688712,-7.75,0.));
#3595=CARTESIAN_POINT('Origin',(-4.21,10.25,0.));
#3596=CARTESIAN_POINT('',(-5.46,10.25,0.));
#3597=CARTESIAN_POINT('',(-5.46,10.25,0.));
#3598=CARTESIAN_POINT('Origin',(-4.21,10.25,0.));
#3599=CARTESIAN_POINT('Origin',(0.973678042761745,12.75,0.));
#3600=CARTESIAN_POINT('',(-4.21,12.75,0.));
#3601=CARTESIAN_POINT('Origin',(-12.5,0.,13.));
#3602=CARTESIAN_POINT('Origin',(14.,-3.24531401774049E-15,13.));
#3603=CARTESIAN_POINT('Origin',(-12.5,0.,3.));
#3604=CARTESIAN_POINT('Origin',(-12.5,0.,3.));
#3605=CARTESIAN_POINT('Origin',(-12.5,0.,0.));
#3606=CARTESIAN_POINT('',(-63.5,-6.2456986756515E-15,0.));
#3607=CARTESIAN_POINT('',(-63.5,-6.2456986756515E-15,0.));
#3608=CARTESIAN_POINT('Origin',(-12.5,0.,0.));
#3609=CARTESIAN_POINT('Origin',(-12.5,46.,10.));
#3610=CARTESIAN_POINT('',(-9.75,46.,0.));
#3611=CARTESIAN_POINT('',(-9.75,46.,10.));
#3612=CARTESIAN_POINT('Origin',(-12.5,46.,0.));
#3613=CARTESIAN_POINT('Origin',(33.5,5.63509770806679E-6,10.));
#3614=CARTESIAN_POINT('',(36.25,5.63509770840357E-6,0.));
#3615=CARTESIAN_POINT('',(36.25,5.63509770773001E-6,10.));
#3616=CARTESIAN_POINT('Origin',(33.5,5.63509770806679E-6,0.));
#3617=CARTESIAN_POINT('Origin',(-58.5,-3.52385540807196E-15,10.));
#3618=CARTESIAN_POINT('',(-55.75,-3.18707753830644E-15,0.));
#3619=CARTESIAN_POINT('',(-55.75,-3.86063327783748E-15,10.));
#3620=CARTESIAN_POINT('Origin',(-58.5,-3.52385540807196E-15,0.));
#3621=CARTESIAN_POINT('Origin',(-12.5,-45.0726455453119,10.));
#3622=CARTESIAN_POINT('',(-9.75,-45.0726455453119,0.));
#3623=CARTESIAN_POINT('',(-9.75,-45.0726455453119,10.));
#3624=CARTESIAN_POINT('Origin',(-12.5,-45.0726455453119,0.));
#3625=CARTESIAN_POINT('Origin',(-12.5,0.,0.));
#3626=UNCERTAINTY_MEASURE_WITH_UNIT(LENGTH_MEASURE(0.01),#3630,
'DISTANCE_ACCURACY_VALUE',
'Maximum model space distance between geometric entities at asserted c
onnectivities');
#3627=UNCERTAINTY_MEASURE_WITH_UNIT(LENGTH_MEASURE(0.01),#3630,
'DISTANCE_ACCURACY_VALUE',
'Maximum model space distance between geometric entities at asserted c
onnectivities');
#3628=(
GEOMETRIC_REPRESENTATION_CONTEXT(3)
GLOBAL_UNCERTAINTY_ASSIGNED_CONTEXT((#3626))
GLOBAL_UNIT_ASSIGNED_CONTEXT((#3630,#3632,#3633))
REPRESENTATION_CONTEXT('','3D')
);
#3629=(
GEOMETRIC_REPRESENTATION_CONTEXT(3)
GLOBAL_UNCERTAINTY_ASSIGNED_CONTEXT((#3627))
GLOBAL_UNIT_ASSIGNED_CONTEXT((#3630,#3632,#3633))
REPRESENTATION_CONTEXT('','3D')
);
#3630=(
LENGTH_UNIT()
NAMED_UNIT(*)
SI_UNIT(.MILLI.,.METRE.)
);
#3631=(
LENGTH_UNIT()
NAMED_UNIT(*)
SI_UNIT($,.METRE.)
);
#3632=(
NAMED_UNIT(*)
PLANE_ANGLE_UNIT()
SI_UNIT($,.RADIAN.)
);
#3633=(
NAMED_UNIT(*)
SI_UNIT($,.STERADIAN.)
SOLID_ANGLE_UNIT()
);
#3634=SHAPE_DEFINITION_REPRESENTATION(#3635,#3636);
#3635=PRODUCT_DEFINITION_SHAPE('',$,#3638);
#3636=SHAPE_REPRESENTATION('',(#1638),#3628);
#3637=PRODUCT_DEFINITION_CONTEXT('part definition',#3642,'design');
#3638=PRODUCT_DEFINITION('2026-03-16-22-06-31-793','base_top',#3639,#3637);
#3639=PRODUCT_DEFINITION_FORMATION('',$,#3644);
#3640=PRODUCT_RELATED_PRODUCT_CATEGORY('base_top','base_top',(#3644));
#3641=APPLICATION_PROTOCOL_DEFINITION('international standard',
'automotive_design',2009,#3642);
#3642=APPLICATION_CONTEXT(
'Core Data for Automotive Mechanical Design Process');
#3643=PRODUCT_CONTEXT('part definition',#3642,'mechanical');
#3644=PRODUCT('2026-03-16-22-06-31-793','base_top',$,(#3643));
#3645=PRESENTATION_STYLE_ASSIGNMENT((#3646));
#3646=SURFACE_STYLE_USAGE(.BOTH.,#3647);
#3647=SURFACE_SIDE_STYLE('',(#3648));
#3648=SURFACE_STYLE_FILL_AREA(#3649);
#3649=FILL_AREA_STYLE('\X2\AC15CCA0\X0\ - \X2\C0C8D2F4\X0\',(#3650));
#3650=FILL_AREA_STYLE_COLOUR('\X2\AC15CCA0\X0\ - \X2\C0C8D2F4\X0\',#3651);
#3651=COLOUR_RGB('\X2\AC15CCA0\X0\ - \X2\C0C8D2F4\X0\',0.627450980392157,
0.627450980392157,0.627450980392157);
ENDSEC;
END-ISO-10303-21;
