ISO-10303-21;
HEADER;
/* Generated by software containing ST-Developer
 * from STEP Tools, Inc. (www.steptools.com) 
 */

FILE_DESCRIPTION(
/* description */ (''),
/* implementation_level */ '2;1');

FILE_NAME(
/* name */ 'base_link.step',
/* time_stamp */ '2026-06-11T21:50:10+09:00',
/* author */ (''),
/* organization */ (''),
/* preprocessor_version */ 'ST-DEVELOPER v20.1',
/* originating_system */ 'Autodesk Translation Framework v15.8.0.0',
/* authorisation */ '');

FILE_SCHEMA (('AUTOMOTIVE_DESIGN { 1 0 10303 214 3 1 1 }'));
ENDSEC;

DATA;
#10=MECHANICAL_DESIGN_GEOMETRIC_PRESENTATION_REPRESENTATION('',(#13),#3848);
#11=SHAPE_REPRESENTATION_RELATIONSHIP('SRR','None',#3855,#12);
#12=ADVANCED_BREP_SHAPE_REPRESENTATION('',(#14),#3847);
#13=STYLED_ITEM('',(#3864),#14);
#14=MANIFOLD_SOLID_BREP('\X2\BCF8CCB4\X0\2',#2129);
#15=TOROIDAL_SURFACE('',#2307,50.,1.);
#16=TOROIDAL_SURFACE('',#2341,5.30660556815657,1.);
#17=TOROIDAL_SURFACE('',#2344,4.22589930534494,1.);
#18=TOROIDAL_SURFACE('',#2346,4.34123144535567,1.);
#19=TOROIDAL_SURFACE('',#2349,5.25176744659621,1.);
#20=B_SPLINE_SURFACE_WITH_KNOTS('',3,3,((#3544,#3545,#3546,#3547,#3548),
(#3549,#3550,#3551,#3552,#3553),(#3554,#3555,#3556,#3557,#3558),(#3559,
#3560,#3561,#3562,#3563),(#3564,#3565,#3566,#3567,#3568),(#3569,#3570,#3571,
#3572,#3573)),.UNSPECIFIED.,.F.,.F.,.F.,(4,1,1,4),(4,1,4),(0.,0.285714285714286,
0.571428571428571,1.),(0.,0.135503296915938,0.316174359470522),
 .UNSPECIFIED.);
#21=B_SPLINE_SURFACE_WITH_KNOTS('',3,3,((#3585,#3586,#3587,#3588,#3589),
(#3590,#3591,#3592,#3593,#3594),(#3595,#3596,#3597,#3598,#3599),(#3600,
#3601,#3602,#3603,#3604),(#3605,#3606,#3607,#3608,#3609)),.UNSPECIFIED.,
 .F.,.F.,.F.,(4,1,4),(4,1,4),(0.,0.571428571428571,1.),(0.,0.134779923267723,
0.314486487624687),.UNSPECIFIED.);
#22=B_SPLINE_CURVE_WITH_KNOTS('',3,(#3270,#3271,#3272,#3273,#3274),
 .UNSPECIFIED.,.F.,.F.,(4,1,4),(0.,0.135503296915938,0.316174359470522),
 .UNSPECIFIED.);
#23=B_SPLINE_CURVE_WITH_KNOTS('',3,(#3278,#3279,#3280,#3281,#3282),
 .UNSPECIFIED.,.F.,.F.,(4,1,4),(0.,0.134779923267723,0.314486487624687),
 .UNSPECIFIED.);
#24=B_SPLINE_CURVE_WITH_KNOTS('',3,(#3575,#3576,#3577,#3578,#3579),
 .UNSPECIFIED.,.F.,.F.,(4,1,4),(-0.316174359470522,-0.135503296915938,0.),
 .UNSPECIFIED.);
#25=B_SPLINE_CURVE_WITH_KNOTS('',3,(#3611,#3612,#3613,#3614,#3615),
 .UNSPECIFIED.,.F.,.F.,(4,1,4),(-0.314486487624687,-0.134779923267723,0.),
 .UNSPECIFIED.);
#26=B_SPLINE_CURVE_WITH_KNOTS('',3,(#3679,#3680,#3681,#3682,#3683,#3684,
#3685,#3686,#3687,#3688,#3689,#3690,#3691,#3692),.UNSPECIFIED.,.F.,.F.,
(4,2,2,2,2,2,4),(-0.158361428235067,-0.157846809374549,-0.13733522167758,
-0.116833407233741,-0.0774527640940444,-0.0385892260822785,0.),
 .UNSPECIFIED.);
#27=B_SPLINE_CURVE_WITH_KNOTS('',3,(#3706,#3707,#3708,#3709,#3710,#3711,
#3712,#3713,#3714,#3715,#3716,#3717,#3718,#3719),.UNSPECIFIED.,.F.,.F.,
(4,2,2,2,2,2,4),(-0.31648041190412,-0.315974199359487,-0.295424098974021,
-0.274901528214379,-0.235557858341992,-0.196664954288,-0.157987099679748),
 .UNSPECIFIED.);
#28=CYLINDRICAL_SURFACE('',#2196,51.);
#29=CYLINDRICAL_SURFACE('',#2199,2.);
#30=CYLINDRICAL_SURFACE('',#2201,47.9451679571025);
#31=CYLINDRICAL_SURFACE('',#2206,1.);
#32=CYLINDRICAL_SURFACE('',#2251,2.00000000000001);
#33=CYLINDRICAL_SURFACE('',#2252,47.9451679571025);
#34=CYLINDRICAL_SURFACE('',#2254,1.);
#35=CYLINDRICAL_SURFACE('',#2258,1.);
#36=CYLINDRICAL_SURFACE('',#2261,2.00000000000001);
#37=CYLINDRICAL_SURFACE('',#2267,48.);
#38=CYLINDRICAL_SURFACE('',#2268,1.99999999999999);
#39=CYLINDRICAL_SURFACE('',#2276,48.);
#40=CYLINDRICAL_SURFACE('',#2277,2.);
#41=CYLINDRICAL_SURFACE('',#2278,48.0025947949934);
#42=CYLINDRICAL_SURFACE('',#2279,2.00000000000001);
#43=CYLINDRICAL_SURFACE('',#2281,2.00000000000001);
#44=CYLINDRICAL_SURFACE('',#2288,48.);
#45=CYLINDRICAL_SURFACE('',#2289,2.00000000000002);
#46=CYLINDRICAL_SURFACE('',#2290,48.001283558792);
#47=CYLINDRICAL_SURFACE('',#2292,3.);
#48=CYLINDRICAL_SURFACE('',#2299,3.);
#49=CYLINDRICAL_SURFACE('',#2301,48.0114428148175);
#50=CYLINDRICAL_SURFACE('',#2302,47.9451679571025);
#51=CYLINDRICAL_SURFACE('',#2303,47.9451679571025);
#52=CYLINDRICAL_SURFACE('',#2304,1.);
#53=CYLINDRICAL_SURFACE('',#2311,1.);
#54=CYLINDRICAL_SURFACE('',#2313,1.);
#55=CYLINDRICAL_SURFACE('',#2320,1.);
#56=CYLINDRICAL_SURFACE('',#2323,1.);
#57=CYLINDRICAL_SURFACE('',#2339,1.);
#58=CYLINDRICAL_SURFACE('',#2351,1.);
#59=CYLINDRICAL_SURFACE('',#2353,3.34123144535567);
#60=CYLINDRICAL_SURFACE('',#2354,6.25176744659621);
#61=CYLINDRICAL_SURFACE('',#2356,5.22589930534494);
#62=CYLINDRICAL_SURFACE('',#2357,4.30660556815657);
#63=CYLINDRICAL_SURFACE('',#2360,2.);
#64=CYLINDRICAL_SURFACE('',#2361,2.);
#65=CYLINDRICAL_SURFACE('',#2362,2.);
#66=CYLINDRICAL_SURFACE('',#2363,2.);
#67=CYLINDRICAL_SURFACE('',#2364,1.99999999999999);
#68=CYLINDRICAL_SURFACE('',#2365,48.0016195033152);
#69=CYLINDRICAL_SURFACE('',#2366,2.00000000000001);
#70=CYLINDRICAL_SURFACE('',#2367,6.5);
#71=CYLINDRICAL_SURFACE('',#2368,2.);
#72=CYLINDRICAL_SURFACE('',#2369,48.0014276948572);
#73=CYLINDRICAL_SURFACE('',#2370,2.);
#74=CYLINDRICAL_SURFACE('',#2371,48.);
#75=CYLINDRICAL_SURFACE('',#2372,1.50000000000001);
#76=CYLINDRICAL_SURFACE('',#2373,6.5);
#77=CYLINDRICAL_SURFACE('',#2374,1.50000000000001);
#78=CYLINDRICAL_SURFACE('',#2375,1.05);
#79=CYLINDRICAL_SURFACE('',#2377,1.05);
#80=CYLINDRICAL_SURFACE('',#2379,1.05);
#81=CYLINDRICAL_SURFACE('',#2381,6.49999991059325);
#82=CYLINDRICAL_SURFACE('',#2383,1.05);
#83=CYLINDRICAL_SURFACE('',#2385,1.5);
#84=CYLINDRICAL_SURFACE('',#2387,6.5);
#85=CYLINDRICAL_SURFACE('',#2389,1.50000000000001);
#86=CYLINDRICAL_SURFACE('',#2391,48.);
#87=CYLINDRICAL_SURFACE('',#2393,48.);
#88=CYLINDRICAL_SURFACE('',#2395,1.50000000000002);
#89=CYLINDRICAL_SURFACE('',#2397,6.5);
#90=CYLINDRICAL_SURFACE('',#2399,1.50000000000001);
#91=CYLINDRICAL_SURFACE('',#2401,48.);
#92=CYLINDRICAL_SURFACE('',#2403,48.);
#93=CYLINDRICAL_SURFACE('',#2408,3.);
#94=CYLINDRICAL_SURFACE('',#2409,3.00000000000001);
#95=CYLINDRICAL_SURFACE('',#2410,2.75);
#96=CYLINDRICAL_SURFACE('',#2411,2.75);
#97=CYLINDRICAL_SURFACE('',#2412,48.0051667860327);
#98=CYLINDRICAL_SURFACE('',#2413,2.00000000000001);
#99=CYLINDRICAL_SURFACE('',#2414,2.75);
#100=CYLINDRICAL_SURFACE('',#2415,48.001415819145);
#101=CYLINDRICAL_SURFACE('',#2416,2.75);
#102=FACE_BOUND('',#238,.T.);
#103=FACE_BOUND('',#239,.T.);
#104=FACE_BOUND('',#240,.T.);
#105=FACE_BOUND('',#241,.T.);
#106=FACE_BOUND('',#242,.T.);
#107=FACE_BOUND('',#243,.T.);
#108=FACE_BOUND('',#244,.T.);
#109=FACE_BOUND('',#245,.T.);
#110=FACE_BOUND('',#246,.T.);
#111=FACE_BOUND('',#253,.T.);
#112=FACE_BOUND('',#254,.T.);
#113=FACE_BOUND('',#255,.T.);
#114=FACE_BOUND('',#256,.T.);
#115=FACE_BOUND('',#257,.T.);
#116=FACE_BOUND('',#306,.T.);
#117=FACE_BOUND('',#308,.T.);
#118=FACE_BOUND('',#310,.T.);
#119=FACE_BOUND('',#312,.T.);
#120=FACE_BOUND('',#357,.T.);
#121=FACE_BOUND('',#358,.T.);
#122=FACE_BOUND('',#359,.T.);
#123=FACE_BOUND('',#360,.T.);
#124=FACE_BOUND('',#361,.T.);
#125=FACE_BOUND('',#362,.T.);
#126=FACE_OUTER_BOUND('',#237,.T.);
#127=FACE_OUTER_BOUND('',#247,.T.);
#128=FACE_OUTER_BOUND('',#248,.T.);
#129=FACE_OUTER_BOUND('',#249,.T.);
#130=FACE_OUTER_BOUND('',#250,.T.);
#131=FACE_OUTER_BOUND('',#251,.T.);
#132=FACE_OUTER_BOUND('',#252,.T.);
#133=FACE_OUTER_BOUND('',#258,.T.);
#134=FACE_OUTER_BOUND('',#259,.T.);
#135=FACE_OUTER_BOUND('',#260,.T.);
#136=FACE_OUTER_BOUND('',#261,.T.);
#137=FACE_OUTER_BOUND('',#262,.T.);
#138=FACE_OUTER_BOUND('',#263,.T.);
#139=FACE_OUTER_BOUND('',#264,.T.);
#140=FACE_OUTER_BOUND('',#265,.T.);
#141=FACE_OUTER_BOUND('',#266,.T.);
#142=FACE_OUTER_BOUND('',#267,.T.);
#143=FACE_OUTER_BOUND('',#268,.T.);
#144=FACE_OUTER_BOUND('',#269,.T.);
#145=FACE_OUTER_BOUND('',#270,.T.);
#146=FACE_OUTER_BOUND('',#271,.T.);
#147=FACE_OUTER_BOUND('',#272,.T.);
#148=FACE_OUTER_BOUND('',#273,.T.);
#149=FACE_OUTER_BOUND('',#274,.T.);
#150=FACE_OUTER_BOUND('',#275,.T.);
#151=FACE_OUTER_BOUND('',#276,.T.);
#152=FACE_OUTER_BOUND('',#277,.T.);
#153=FACE_OUTER_BOUND('',#278,.T.);
#154=FACE_OUTER_BOUND('',#279,.T.);
#155=FACE_OUTER_BOUND('',#280,.T.);
#156=FACE_OUTER_BOUND('',#281,.T.);
#157=FACE_OUTER_BOUND('',#282,.T.);
#158=FACE_OUTER_BOUND('',#283,.T.);
#159=FACE_OUTER_BOUND('',#284,.T.);
#160=FACE_OUTER_BOUND('',#285,.T.);
#161=FACE_OUTER_BOUND('',#286,.T.);
#162=FACE_OUTER_BOUND('',#287,.T.);
#163=FACE_OUTER_BOUND('',#288,.T.);
#164=FACE_OUTER_BOUND('',#289,.T.);
#165=FACE_OUTER_BOUND('',#290,.T.);
#166=FACE_OUTER_BOUND('',#291,.T.);
#167=FACE_OUTER_BOUND('',#292,.T.);
#168=FACE_OUTER_BOUND('',#293,.T.);
#169=FACE_OUTER_BOUND('',#294,.T.);
#170=FACE_OUTER_BOUND('',#295,.T.);
#171=FACE_OUTER_BOUND('',#296,.T.);
#172=FACE_OUTER_BOUND('',#297,.T.);
#173=FACE_OUTER_BOUND('',#298,.T.);
#174=FACE_OUTER_BOUND('',#299,.T.);
#175=FACE_OUTER_BOUND('',#300,.T.);
#176=FACE_OUTER_BOUND('',#301,.T.);
#177=FACE_OUTER_BOUND('',#302,.T.);
#178=FACE_OUTER_BOUND('',#303,.T.);
#179=FACE_OUTER_BOUND('',#304,.T.);
#180=FACE_OUTER_BOUND('',#305,.T.);
#181=FACE_OUTER_BOUND('',#307,.T.);
#182=FACE_OUTER_BOUND('',#309,.T.);
#183=FACE_OUTER_BOUND('',#311,.T.);
#184=FACE_OUTER_BOUND('',#313,.T.);
#185=FACE_OUTER_BOUND('',#314,.T.);
#186=FACE_OUTER_BOUND('',#315,.T.);
#187=FACE_OUTER_BOUND('',#316,.T.);
#188=FACE_OUTER_BOUND('',#317,.T.);
#189=FACE_OUTER_BOUND('',#318,.T.);
#190=FACE_OUTER_BOUND('',#319,.T.);
#191=FACE_OUTER_BOUND('',#320,.T.);
#192=FACE_OUTER_BOUND('',#321,.T.);
#193=FACE_OUTER_BOUND('',#322,.T.);
#194=FACE_OUTER_BOUND('',#323,.T.);
#195=FACE_OUTER_BOUND('',#324,.T.);
#196=FACE_OUTER_BOUND('',#325,.T.);
#197=FACE_OUTER_BOUND('',#326,.T.);
#198=FACE_OUTER_BOUND('',#327,.T.);
#199=FACE_OUTER_BOUND('',#328,.T.);
#200=FACE_OUTER_BOUND('',#329,.T.);
#201=FACE_OUTER_BOUND('',#330,.T.);
#202=FACE_OUTER_BOUND('',#331,.T.);
#203=FACE_OUTER_BOUND('',#332,.T.);
#204=FACE_OUTER_BOUND('',#333,.T.);
#205=FACE_OUTER_BOUND('',#334,.T.);
#206=FACE_OUTER_BOUND('',#335,.T.);
#207=FACE_OUTER_BOUND('',#336,.T.);
#208=FACE_OUTER_BOUND('',#337,.T.);
#209=FACE_OUTER_BOUND('',#338,.T.);
#210=FACE_OUTER_BOUND('',#339,.T.);
#211=FACE_OUTER_BOUND('',#340,.T.);
#212=FACE_OUTER_BOUND('',#341,.T.);
#213=FACE_OUTER_BOUND('',#342,.T.);
#214=FACE_OUTER_BOUND('',#343,.T.);
#215=FACE_OUTER_BOUND('',#344,.T.);
#216=FACE_OUTER_BOUND('',#345,.T.);
#217=FACE_OUTER_BOUND('',#346,.T.);
#218=FACE_OUTER_BOUND('',#347,.T.);
#219=FACE_OUTER_BOUND('',#348,.T.);
#220=FACE_OUTER_BOUND('',#349,.T.);
#221=FACE_OUTER_BOUND('',#350,.T.);
#222=FACE_OUTER_BOUND('',#351,.T.);
#223=FACE_OUTER_BOUND('',#352,.T.);
#224=FACE_OUTER_BOUND('',#353,.T.);
#225=FACE_OUTER_BOUND('',#354,.T.);
#226=FACE_OUTER_BOUND('',#355,.T.);
#227=FACE_OUTER_BOUND('',#356,.T.);
#228=FACE_OUTER_BOUND('',#363,.T.);
#229=FACE_OUTER_BOUND('',#364,.T.);
#230=FACE_OUTER_BOUND('',#365,.T.);
#231=FACE_OUTER_BOUND('',#366,.T.);
#232=FACE_OUTER_BOUND('',#367,.T.);
#233=FACE_OUTER_BOUND('',#368,.T.);
#234=FACE_OUTER_BOUND('',#369,.T.);
#235=FACE_OUTER_BOUND('',#370,.T.);
#236=FACE_OUTER_BOUND('',#371,.T.);
#237=EDGE_LOOP('',(#1354,#1355,#1356,#1357,#1358,#1359,#1360,#1361,#1362,
#1363,#1364,#1365,#1366,#1367,#1368,#1369,#1370,#1371,#1372,#1373,#1374,
#1375,#1376,#1377,#1378,#1379,#1380,#1381,#1382,#1383,#1384,#1385,#1386,
#1387,#1388,#1389,#1390,#1391,#1392,#1393,#1394,#1395,#1396,#1397,#1398,
#1399,#1400,#1401,#1402,#1403,#1404,#1405,#1406,#1407,#1408,#1409,#1410,
#1411,#1412,#1413,#1414,#1415,#1416,#1417,#1418));
#238=EDGE_LOOP('',(#1419));
#239=EDGE_LOOP('',(#1420));
#240=EDGE_LOOP('',(#1421));
#241=EDGE_LOOP('',(#1422));
#242=EDGE_LOOP('',(#1423));
#243=EDGE_LOOP('',(#1424));
#244=EDGE_LOOP('',(#1425));
#245=EDGE_LOOP('',(#1426));
#246=EDGE_LOOP('',(#1427));
#247=EDGE_LOOP('',(#1428,#1429,#1430,#1431,#1432,#1433,#1434,#1435,#1436,
#1437));
#248=EDGE_LOOP('',(#1438,#1439,#1440,#1441));
#249=EDGE_LOOP('',(#1442,#1443,#1444,#1445));
#250=EDGE_LOOP('',(#1446,#1447,#1448,#1449,#1450,#1451,#1452,#1453,#1454,
#1455));
#251=EDGE_LOOP('',(#1456,#1457,#1458,#1459));
#252=EDGE_LOOP('',(#1460));
#253=EDGE_LOOP('',(#1461,#1462,#1463,#1464,#1465,#1466,#1467,#1468,#1469,
#1470,#1471,#1472,#1473,#1474,#1475,#1476,#1477,#1478,#1479,#1480,#1481,
#1482,#1483,#1484,#1485,#1486,#1487,#1488,#1489,#1490,#1491,#1492,#1493,
#1494,#1495,#1496,#1497,#1498,#1499,#1500));
#254=EDGE_LOOP('',(#1501));
#255=EDGE_LOOP('',(#1502));
#256=EDGE_LOOP('',(#1503));
#257=EDGE_LOOP('',(#1504));
#258=EDGE_LOOP('',(#1505,#1506,#1507,#1508));
#259=EDGE_LOOP('',(#1509,#1510,#1511,#1512));
#260=EDGE_LOOP('',(#1513,#1514,#1515,#1516));
#261=EDGE_LOOP('',(#1517,#1518,#1519,#1520));
#262=EDGE_LOOP('',(#1521,#1522,#1523,#1524));
#263=EDGE_LOOP('',(#1525,#1526,#1527,#1528));
#264=EDGE_LOOP('',(#1529,#1530,#1531,#1532,#1533,#1534));
#265=EDGE_LOOP('',(#1535,#1536,#1537,#1538,#1539));
#266=EDGE_LOOP('',(#1540,#1541,#1542,#1543));
#267=EDGE_LOOP('',(#1544,#1545,#1546,#1547));
#268=EDGE_LOOP('',(#1548,#1549,#1550,#1551,#1552,#1553));
#269=EDGE_LOOP('',(#1554,#1555,#1556,#1557));
#270=EDGE_LOOP('',(#1558,#1559,#1560,#1561));
#271=EDGE_LOOP('',(#1562,#1563,#1564,#1565));
#272=EDGE_LOOP('',(#1566,#1567,#1568,#1569,#1570,#1571));
#273=EDGE_LOOP('',(#1572,#1573,#1574,#1575));
#274=EDGE_LOOP('',(#1576,#1577,#1578,#1579));
#275=EDGE_LOOP('',(#1580,#1581,#1582,#1583));
#276=EDGE_LOOP('',(#1584,#1585,#1586,#1587,#1588));
#277=EDGE_LOOP('',(#1589,#1590,#1591,#1592));
#278=EDGE_LOOP('',(#1593,#1594,#1595,#1596));
#279=EDGE_LOOP('',(#1597,#1598,#1599,#1600,#1601,#1602));
#280=EDGE_LOOP('',(#1603,#1604,#1605,#1606,#1607,#1608));
#281=EDGE_LOOP('',(#1609,#1610,#1611,#1612));
#282=EDGE_LOOP('',(#1613,#1614,#1615,#1616,#1617,#1618));
#283=EDGE_LOOP('',(#1619,#1620,#1621,#1622,#1623,#1624,#1625,#1626,#1627,
#1628));
#284=EDGE_LOOP('',(#1629,#1630,#1631,#1632));
#285=EDGE_LOOP('',(#1633,#1634,#1635,#1636,#1637,#1638,#1639,#1640,#1641,
#1642));
#286=EDGE_LOOP('',(#1643,#1644,#1645,#1646,#1647,#1648,#1649,#1650,#1651,
#1652));
#287=EDGE_LOOP('',(#1653,#1654,#1655,#1656,#1657,#1658));
#288=EDGE_LOOP('',(#1659,#1660,#1661,#1662));
#289=EDGE_LOOP('',(#1663,#1664,#1665,#1666,#1667,#1668));
#290=EDGE_LOOP('',(#1669,#1670,#1671,#1672));
#291=EDGE_LOOP('',(#1673,#1674,#1675,#1676));
#292=EDGE_LOOP('',(#1677,#1678,#1679,#1680));
#293=EDGE_LOOP('',(#1681,#1682,#1683,#1684));
#294=EDGE_LOOP('',(#1685,#1686,#1687,#1688));
#295=EDGE_LOOP('',(#1689,#1690,#1691,#1692));
#296=EDGE_LOOP('',(#1693,#1694,#1695,#1696));
#297=EDGE_LOOP('',(#1697,#1698,#1699,#1700));
#298=EDGE_LOOP('',(#1701,#1702,#1703,#1704,#1705,#1706,#1707,#1708,#1709,
#1710));
#299=EDGE_LOOP('',(#1711,#1712,#1713,#1714));
#300=EDGE_LOOP('',(#1715,#1716,#1717,#1718));
#301=EDGE_LOOP('',(#1719,#1720,#1721,#1722));
#302=EDGE_LOOP('',(#1723,#1724,#1725,#1726));
#303=EDGE_LOOP('',(#1727,#1728,#1729,#1730));
#304=EDGE_LOOP('',(#1731,#1732,#1733,#1734));
#305=EDGE_LOOP('',(#1735));
#306=EDGE_LOOP('',(#1736));
#307=EDGE_LOOP('',(#1737));
#308=EDGE_LOOP('',(#1738));
#309=EDGE_LOOP('',(#1739));
#310=EDGE_LOOP('',(#1740));
#311=EDGE_LOOP('',(#1741));
#312=EDGE_LOOP('',(#1742));
#313=EDGE_LOOP('',(#1743,#1744,#1745,#1746));
#314=EDGE_LOOP('',(#1747,#1748,#1749,#1750));
#315=EDGE_LOOP('',(#1751,#1752,#1753,#1754));
#316=EDGE_LOOP('',(#1755,#1756,#1757,#1758));
#317=EDGE_LOOP('',(#1759,#1760,#1761,#1762));
#318=EDGE_LOOP('',(#1763,#1764,#1765,#1766));
#319=EDGE_LOOP('',(#1767,#1768,#1769,#1770));
#320=EDGE_LOOP('',(#1771,#1772,#1773,#1774));
#321=EDGE_LOOP('',(#1775,#1776,#1777,#1778));
#322=EDGE_LOOP('',(#1779,#1780,#1781,#1782));
#323=EDGE_LOOP('',(#1783,#1784,#1785,#1786));
#324=EDGE_LOOP('',(#1787,#1788,#1789,#1790));
#325=EDGE_LOOP('',(#1791,#1792,#1793,#1794,#1795,#1796,#1797,#1798,#1799,
#1800));
#326=EDGE_LOOP('',(#1801,#1802,#1803,#1804));
#327=EDGE_LOOP('',(#1805,#1806,#1807,#1808));
#328=EDGE_LOOP('',(#1809,#1810,#1811,#1812));
#329=EDGE_LOOP('',(#1813,#1814,#1815,#1816));
#330=EDGE_LOOP('',(#1817,#1818,#1819,#1820));
#331=EDGE_LOOP('',(#1821,#1822,#1823,#1824));
#332=EDGE_LOOP('',(#1825,#1826,#1827,#1828));
#333=EDGE_LOOP('',(#1829,#1830,#1831,#1832));
#334=EDGE_LOOP('',(#1833,#1834,#1835,#1836));
#335=EDGE_LOOP('',(#1837,#1838,#1839,#1840,#1841,#1842));
#336=EDGE_LOOP('',(#1843,#1844,#1845,#1846));
#337=EDGE_LOOP('',(#1847,#1848,#1849,#1850));
#338=EDGE_LOOP('',(#1851,#1852,#1853,#1854));
#339=EDGE_LOOP('',(#1855,#1856,#1857,#1858));
#340=EDGE_LOOP('',(#1859,#1860,#1861,#1862));
#341=EDGE_LOOP('',(#1863,#1864,#1865,#1866));
#342=EDGE_LOOP('',(#1867,#1868,#1869,#1870));
#343=EDGE_LOOP('',(#1871,#1872,#1873,#1874));
#344=EDGE_LOOP('',(#1875,#1876,#1877,#1878));
#345=EDGE_LOOP('',(#1879,#1880,#1881,#1882));
#346=EDGE_LOOP('',(#1883,#1884,#1885,#1886));
#347=EDGE_LOOP('',(#1887,#1888,#1889,#1890));
#348=EDGE_LOOP('',(#1891,#1892,#1893,#1894));
#349=EDGE_LOOP('',(#1895,#1896,#1897,#1898));
#350=EDGE_LOOP('',(#1899,#1900,#1901,#1902));
#351=EDGE_LOOP('',(#1903,#1904,#1905,#1906));
#352=EDGE_LOOP('',(#1907,#1908,#1909,#1910));
#353=EDGE_LOOP('',(#1911,#1912,#1913,#1914));
#354=EDGE_LOOP('',(#1915,#1916,#1917,#1918));
#355=EDGE_LOOP('',(#1919,#1920,#1921,#1922));
#356=EDGE_LOOP('',(#1923,#1924,#1925,#1926,#1927,#1928,#1929,#1930,#1931,
#1932,#1933,#1934,#1935,#1936,#1937,#1938));
#357=EDGE_LOOP('',(#1939));
#358=EDGE_LOOP('',(#1940));
#359=EDGE_LOOP('',(#1941));
#360=EDGE_LOOP('',(#1942,#1943,#1944,#1945));
#361=EDGE_LOOP('',(#1946));
#362=EDGE_LOOP('',(#1947));
#363=EDGE_LOOP('',(#1948,#1949,#1950,#1951,#1952,#1953));
#364=EDGE_LOOP('',(#1954,#1955,#1956,#1957,#1958,#1959));
#365=EDGE_LOOP('',(#1960,#1961,#1962,#1963));
#366=EDGE_LOOP('',(#1964,#1965,#1966,#1967));
#367=EDGE_LOOP('',(#1968,#1969,#1970,#1971));
#368=EDGE_LOOP('',(#1972,#1973,#1974,#1975));
#369=EDGE_LOOP('',(#1976,#1977,#1978,#1979));
#370=EDGE_LOOP('',(#1980,#1981,#1982,#1983));
#371=EDGE_LOOP('',(#1984,#1985,#1986,#1987));
#372=LINE('',#3121,#518);
#373=LINE('',#3127,#519);
#374=LINE('',#3129,#520);
#375=LINE('',#3131,#521);
#376=LINE('',#3133,#522);
#377=LINE('',#3135,#523);
#378=LINE('',#3165,#524);
#379=LINE('',#3171,#525);
#380=LINE('',#3173,#526);
#381=LINE('',#3175,#527);
#382=LINE('',#3177,#528);
#383=LINE('',#3179,#529);
#384=LINE('',#3181,#530);
#385=LINE('',#3183,#531);
#386=LINE('',#3189,#532);
#387=LINE('',#3205,#533);
#388=LINE('',#3227,#534);
#389=LINE('',#3229,#535);
#390=LINE('',#3231,#536);
#391=LINE('',#3233,#537);
#392=LINE('',#3235,#538);
#393=LINE('',#3241,#539);
#394=LINE('',#3266,#540);
#395=LINE('',#3268,#541);
#396=LINE('',#3283,#542);
#397=LINE('',#3286,#543);
#398=LINE('',#3289,#544);
#399=LINE('',#3292,#545);
#400=LINE('',#3298,#546);
#401=LINE('',#3300,#547);
#402=LINE('',#3302,#548);
#403=LINE('',#3303,#549);
#404=LINE('',#3305,#550);
#405=LINE('',#3308,#551);
#406=LINE('',#3311,#552);
#407=LINE('',#3314,#553);
#408=LINE('',#3400,#554);
#409=LINE('',#3401,#555);
#410=LINE('',#3403,#556);
#411=LINE('',#3407,#557);
#412=LINE('',#3408,#558);
#413=LINE('',#3409,#559);
#414=LINE('',#3413,#560);
#415=LINE('',#3419,#561);
#416=LINE('',#3420,#562);
#417=LINE('',#3421,#563);
#418=LINE('',#3426,#564);
#419=LINE('',#3429,#565);
#420=LINE('',#3431,#566);
#421=LINE('',#3434,#567);
#422=LINE('',#3442,#568);
#423=LINE('',#3444,#569);
#424=LINE('',#3445,#570);
#425=LINE('',#3448,#571);
#426=LINE('',#3450,#572);
#427=LINE('',#3456,#573);
#428=LINE('',#3463,#574);
#429=LINE('',#3464,#575);
#430=LINE('',#3466,#576);
#431=LINE('',#3468,#577);
#432=LINE('',#3470,#578);
#433=LINE('',#3473,#579);
#434=LINE('',#3476,#580);
#435=LINE('',#3478,#581);
#436=LINE('',#3486,#582);
#437=LINE('',#3489,#583);
#438=LINE('',#3490,#584);
#439=LINE('',#3493,#585);
#440=LINE('',#3494,#586);
#441=LINE('',#3496,#587);
#442=LINE('',#3499,#588);
#443=LINE('',#3500,#589);
#444=LINE('',#3504,#590);
#445=LINE('',#3507,#591);
#446=LINE('',#3509,#592);
#447=LINE('',#3510,#593);
#448=LINE('',#3511,#594);
#449=LINE('',#3513,#595);
#450=LINE('',#3517,#596);
#451=LINE('',#3518,#597);
#452=LINE('',#3520,#598);
#453=LINE('',#3522,#599);
#454=LINE('',#3523,#600);
#455=LINE('',#3527,#601);
#456=LINE('',#3528,#602);
#457=LINE('',#3529,#603);
#458=LINE('',#3530,#604);
#459=LINE('',#3533,#605);
#460=LINE('',#3536,#606);
#461=LINE('',#3538,#607);
#462=LINE('',#3542,#608);
#463=LINE('',#3618,#609);
#464=LINE('',#3621,#610);
#465=LINE('',#3622,#611);
#466=LINE('',#3625,#612);
#467=LINE('',#3629,#613);
#468=LINE('',#3635,#614);
#469=LINE('',#3637,#615);
#470=LINE('',#3639,#616);
#471=LINE('',#3645,#617);
#472=LINE('',#3648,#618);
#473=LINE('',#3650,#619);
#474=LINE('',#3677,#620);
#475=LINE('',#3723,#621);
#476=LINE('',#3725,#622);
#477=LINE('',#3727,#623);
#478=LINE('',#3729,#624);
#479=LINE('',#3731,#625);
#480=LINE('',#3733,#626);
#481=LINE('',#3735,#627);
#482=LINE('',#3737,#628);
#483=LINE('',#3739,#629);
#484=LINE('',#3741,#630);
#485=LINE('',#3743,#631);
#486=LINE('',#3745,#632);
#487=LINE('',#3747,#633);
#488=LINE('',#3749,#634);
#489=LINE('',#3751,#635);
#490=LINE('',#3753,#636);
#491=LINE('',#3755,#637);
#492=LINE('',#3758,#638);
#493=LINE('',#3760,#639);
#494=LINE('',#3762,#640);
#495=LINE('',#3764,#641);
#496=LINE('',#3769,#642);
#497=LINE('',#3773,#643);
#498=LINE('',#3777,#644);
#499=LINE('',#3781,#645);
#500=LINE('',#3785,#646);
#501=LINE('',#3788,#647);
#502=LINE('',#3791,#648);
#503=LINE('',#3794,#649);
#504=LINE('',#3798,#650);
#505=LINE('',#3802,#651);
#506=LINE('',#3806,#652);
#507=LINE('',#3810,#653);
#508=LINE('',#3814,#654);
#509=LINE('',#3818,#655);
#510=LINE('',#3825,#656);
#511=LINE('',#3830,#657);
#512=LINE('',#3832,#658);
#513=LINE('',#3834,#659);
#514=LINE('',#3836,#660);
#515=LINE('',#3838,#661);
#516=LINE('',#3841,#662);
#517=LINE('',#3844,#663);
#518=VECTOR('',#2425,10.);
#519=VECTOR('',#2430,10.);
#520=VECTOR('',#2431,10.);
#521=VECTOR('',#2432,10.);
#522=VECTOR('',#2433,10.);
#523=VECTOR('',#2434,10.);
#524=VECTOR('',#2463,10.);
#525=VECTOR('',#2468,10.);
#526=VECTOR('',#2469,10.);
#527=VECTOR('',#2470,10.);
#528=VECTOR('',#2471,10.);
#529=VECTOR('',#2472,10.);
#530=VECTOR('',#2473,10.);
#531=VECTOR('',#2474,10.);
#532=VECTOR('',#2479,10.);
#533=VECTOR('',#2494,10.);
#534=VECTOR('',#2515,10.);
#535=VECTOR('',#2516,10.);
#536=VECTOR('',#2517,10.);
#537=VECTOR('',#2518,10.);
#538=VECTOR('',#2519,10.);
#539=VECTOR('',#2524,10.);
#540=VECTOR('',#2551,51.);
#541=VECTOR('',#2552,10.);
#542=VECTOR('',#2555,10.);
#543=VECTOR('',#2558,10.);
#544=VECTOR('',#2561,10.);
#545=VECTOR('',#2564,10.);
#546=VECTOR('',#2571,10.);
#547=VECTOR('',#2572,10.);
#548=VECTOR('',#2573,10.);
#549=VECTOR('',#2574,10.);
#550=VECTOR('',#2575,10.);
#551=VECTOR('',#2578,10.);
#552=VECTOR('',#2581,10.);
#553=VECTOR('',#2584,10.);
#554=VECTOR('',#2673,10.);
#555=VECTOR('',#2674,10.);
#556=VECTOR('',#2677,10.);
#557=VECTOR('',#2680,10.);
#558=VECTOR('',#2681,10.);
#559=VECTOR('',#2682,10.);
#560=VECTOR('',#2685,10.);
#561=VECTOR('',#2692,10.);
#562=VECTOR('',#2693,10.);
#563=VECTOR('',#2694,10.);
#564=VECTOR('',#2699,10.);
#565=VECTOR('',#2704,10.);
#566=VECTOR('',#2705,10.);
#567=VECTOR('',#2708,10.);
#568=VECTOR('',#2717,10.);
#569=VECTOR('',#2720,10.);
#570=VECTOR('',#2721,10.);
#571=VECTOR('',#2724,10.);
#572=VECTOR('',#2725,10.);
#573=VECTOR('',#2732,10.);
#574=VECTOR('',#2741,10.);
#575=VECTOR('',#2742,10.);
#576=VECTOR('',#2745,10.);
#577=VECTOR('',#2748,10.);
#578=VECTOR('',#2751,10.);
#579=VECTOR('',#2756,10.);
#580=VECTOR('',#2759,10.);
#581=VECTOR('',#2760,10.);
#582=VECTOR('',#2769,10.);
#583=VECTOR('',#2774,10.);
#584=VECTOR('',#2775,10.);
#585=VECTOR('',#2780,10.);
#586=VECTOR('',#2781,10.);
#587=VECTOR('',#2784,10.);
#588=VECTOR('',#2787,10.);
#589=VECTOR('',#2788,10.);
#590=VECTOR('',#2793,10.);
#591=VECTOR('',#2796,10.);
#592=VECTOR('',#2797,10.);
#593=VECTOR('',#2798,10.);
#594=VECTOR('',#2799,10.);
#595=VECTOR('',#2800,10.);
#596=VECTOR('',#2805,10.);
#597=VECTOR('',#2806,10.);
#598=VECTOR('',#2809,10.);
#599=VECTOR('',#2810,10.);
#600=VECTOR('',#2811,10.);
#601=VECTOR('',#2814,10.);
#602=VECTOR('',#2815,10.);
#603=VECTOR('',#2816,10.);
#604=VECTOR('',#2817,10.);
#605=VECTOR('',#2820,10.);
#606=VECTOR('',#2825,10.);
#607=VECTOR('',#2828,10.);
#608=VECTOR('',#2833,10.);
#609=VECTOR('',#2848,10.);
#610=VECTOR('',#2851,10.);
#611=VECTOR('',#2852,10.);
#612=VECTOR('',#2855,10.);
#613=VECTOR('',#2860,10.);
#614=VECTOR('',#2865,10.);
#615=VECTOR('',#2866,10.);
#616=VECTOR('',#2867,10.);
#617=VECTOR('',#2874,10.);
#618=VECTOR('',#2879,10.);
#619=VECTOR('',#2882,10.);
#620=VECTOR('',#2915,10.);
#621=VECTOR('',#2942,10.);
#622=VECTOR('',#2945,10.);
#623=VECTOR('',#2948,10.);
#624=VECTOR('',#2951,10.);
#625=VECTOR('',#2954,10.);
#626=VECTOR('',#2957,10.);
#627=VECTOR('',#2960,10.);
#628=VECTOR('',#2963,10.);
#629=VECTOR('',#2966,2.);
#630=VECTOR('',#2969,2.);
#631=VECTOR('',#2972,2.);
#632=VECTOR('',#2975,2.);
#633=VECTOR('',#2978,10.);
#634=VECTOR('',#2981,10.);
#635=VECTOR('',#2984,10.);
#636=VECTOR('',#2987,10.);
#637=VECTOR('',#2990,10.);
#638=VECTOR('',#2995,10.);
#639=VECTOR('',#2998,10.);
#640=VECTOR('',#3001,10.);
#641=VECTOR('',#3004,10.);
#642=VECTOR('',#3011,1.05);
#643=VECTOR('',#3016,1.05);
#644=VECTOR('',#3021,1.05);
#645=VECTOR('',#3026,6.49999991059325);
#646=VECTOR('',#3031,1.05);
#647=VECTOR('',#3034,10.);
#648=VECTOR('',#3037,10.);
#649=VECTOR('',#3040,10.);
#650=VECTOR('',#3045,10.);
#651=VECTOR('',#3050,10.);
#652=VECTOR('',#3055,10.);
#653=VECTOR('',#3060,10.);
#654=VECTOR('',#3065,10.);
#655=VECTOR('',#3070,10.);
#656=VECTOR('',#3081,10.);
#657=VECTOR('',#3090,10.);
#658=VECTOR('',#3093,10.);
#659=VECTOR('',#3096,2.75);
#660=VECTOR('',#3099,2.75);
#661=VECTOR('',#3102,10.);
#662=VECTOR('',#3107,2.75);
#663=VECTOR('',#3112,2.75);
#664=CIRCLE('',#2144,51.);
#665=CIRCLE('',#2145,1.);
#666=CIRCLE('',#2146,3.34123144535567);
#667=CIRCLE('',#2147,6.25176744659621);
#668=CIRCLE('',#2148,3.);
#669=CIRCLE('',#2149,48.0051667860327);
#670=CIRCLE('',#2150,2.00000000000001);
#671=CIRCLE('',#2151,47.9451679571025);
#672=CIRCLE('',#2152,2.00000000000001);
#673=CIRCLE('',#2153,48.0114428148175);
#674=CIRCLE('',#2154,1.50000000000001);
#675=CIRCLE('',#2155,6.5);
#676=CIRCLE('',#2156,1.50000000000001);
#677=CIRCLE('',#2157,48.);
#678=CIRCLE('',#2158,2.);
#679=CIRCLE('',#2159,47.9451679571025);
#680=CIRCLE('',#2160,2.);
#681=CIRCLE('',#2161,48.);
#682=CIRCLE('',#2162,48.0025947949934);
#683=CIRCLE('',#2163,3.);
#684=CIRCLE('',#2164,3.);
#685=CIRCLE('',#2165,48.001283558792);
#686=CIRCLE('',#2166,48.);
#687=CIRCLE('',#2167,2.00000000000001);
#688=CIRCLE('',#2168,2.00000000000002);
#689=CIRCLE('',#2169,47.9451679571025);
#690=CIRCLE('',#2170,2.00000000000001);
#691=CIRCLE('',#2171,2.00000000000001);
#692=CIRCLE('',#2172,48.);
#693=CIRCLE('',#2173,48.0014276948572);
#694=CIRCLE('',#2174,2.);
#695=CIRCLE('',#2175,6.5);
#696=CIRCLE('',#2176,2.00000000000001);
#697=CIRCLE('',#2177,48.0016195033152);
#698=CIRCLE('',#2178,1.99999999999999);
#699=CIRCLE('',#2179,47.9451679571025);
#700=CIRCLE('',#2180,2.);
#701=CIRCLE('',#2181,48.001415819145);
#702=CIRCLE('',#2182,3.00000000000001);
#703=CIRCLE('',#2183,4.30660556815657);
#704=CIRCLE('',#2184,5.22589930534494);
#705=CIRCLE('',#2185,1.);
#706=CIRCLE('',#2186,51.);
#707=CIRCLE('',#2187,2.);
#708=CIRCLE('',#2188,2.75);
#709=CIRCLE('',#2189,2.);
#710=CIRCLE('',#2190,2.);
#711=CIRCLE('',#2191,6.49999991059325);
#712=CIRCLE('',#2192,2.75);
#713=CIRCLE('',#2193,2.75);
#714=CIRCLE('',#2194,2.);
#715=CIRCLE('',#2195,2.75);
#716=CIRCLE('',#2197,51.);
#717=CIRCLE('',#2198,51.);
#718=CIRCLE('',#2200,2.);
#719=CIRCLE('',#2202,47.9451679571025);
#720=CIRCLE('',#2204,1.);
#721=CIRCLE('',#2205,1.);
#722=CIRCLE('',#2207,1.);
#723=CIRCLE('',#2209,47.9451679571025);
#724=CIRCLE('',#2210,2.00000000000001);
#725=CIRCLE('',#2211,48.0051667860327);
#726=CIRCLE('',#2212,3.);
#727=CIRCLE('',#2213,48.);
#728=CIRCLE('',#2214,1.50000000000001);
#729=CIRCLE('',#2215,6.5);
#730=CIRCLE('',#2216,1.5);
#731=CIRCLE('',#2217,48.);
#732=CIRCLE('',#2218,3.00000000000001);
#733=CIRCLE('',#2219,48.001415819145);
#734=CIRCLE('',#2220,1.99999999999999);
#735=CIRCLE('',#2221,48.0016195033152);
#736=CIRCLE('',#2222,2.00000000000001);
#737=CIRCLE('',#2223,6.5);
#738=CIRCLE('',#2224,2.);
#739=CIRCLE('',#2225,48.0014276948572);
#740=CIRCLE('',#2226,2.00000000000001);
#741=CIRCLE('',#2227,47.9451679571025);
#742=CIRCLE('',#2228,2.00000000000002);
#743=CIRCLE('',#2229,48.001283558792);
#744=CIRCLE('',#2230,3.);
#745=CIRCLE('',#2231,48.);
#746=CIRCLE('',#2232,1.50000000000001);
#747=CIRCLE('',#2233,6.5);
#748=CIRCLE('',#2234,1.50000000000002);
#749=CIRCLE('',#2235,48.);
#750=CIRCLE('',#2236,3.);
#751=CIRCLE('',#2237,48.0025947949934);
#752=CIRCLE('',#2238,1.99999999999999);
#753=CIRCLE('',#2239,47.9451679571025);
#754=CIRCLE('',#2240,2.);
#755=CIRCLE('',#2241,48.);
#756=CIRCLE('',#2242,1.50000000000001);
#757=CIRCLE('',#2243,6.5);
#758=CIRCLE('',#2244,1.50000000000001);
#759=CIRCLE('',#2245,48.0114428148175);
#760=CIRCLE('',#2246,2.00000000000001);
#761=CIRCLE('',#2247,2.75);
#762=CIRCLE('',#2248,2.75);
#763=CIRCLE('',#2249,2.75);
#764=CIRCLE('',#2250,2.75);
#765=CIRCLE('',#2255,1.00000072976811);
#766=CIRCLE('',#2256,1.);
#767=CIRCLE('',#2259,1.);
#768=CIRCLE('',#2260,1.00000072976811);
#769=CIRCLE('',#2262,2.00000000000001);
#770=CIRCLE('',#2264,48.);
#771=CIRCLE('',#2265,2.00000000000001);
#772=CIRCLE('',#2266,48.0014276948572);
#773=CIRCLE('',#2269,1.99999999999999);
#774=CIRCLE('',#2271,48.0025947949934);
#775=CIRCLE('',#2272,48.);
#776=CIRCLE('',#2273,2.);
#777=CIRCLE('',#2274,47.9451679571025);
#778=CIRCLE('',#2282,2.00000000000001);
#779=CIRCLE('',#2284,2.00000000000002);
#780=CIRCLE('',#2285,48.);
#781=CIRCLE('',#2286,48.001283558792);
#782=CIRCLE('',#2293,3.);
#783=CIRCLE('',#2295,1.);
#784=CIRCLE('',#2300,3.);
#785=CIRCLE('',#2305,1.);
#786=CIRCLE('',#2306,0.999999999999996);
#787=CIRCLE('',#2308,1.);
#788=CIRCLE('',#2309,50.);
#789=CIRCLE('',#2310,1.);
#790=CIRCLE('',#2314,1.);
#791=CIRCLE('',#2316,4.22589930534494);
#792=CIRCLE('',#2317,5.30660556815657);
#793=CIRCLE('',#2318,5.25176744659621);
#794=CIRCLE('',#2319,4.34123144535567);
#795=CIRCLE('',#2321,1.);
#796=CIRCLE('',#2328,2.);
#797=CIRCLE('',#2329,1.05);
#798=CIRCLE('',#2331,2.);
#799=CIRCLE('',#2332,1.05);
#800=CIRCLE('',#2334,2.);
#801=CIRCLE('',#2335,1.05);
#802=CIRCLE('',#2337,2.);
#803=CIRCLE('',#2338,1.05);
#804=CIRCLE('',#2340,1.);
#805=CIRCLE('',#2342,1.);
#806=CIRCLE('',#2343,4.30660556815657);
#807=CIRCLE('',#2345,5.22589930534494);
#808=CIRCLE('',#2347,1.);
#809=CIRCLE('',#2348,3.34123144535567);
#810=CIRCLE('',#2350,6.2517674465962);
#811=CIRCLE('',#2352,1.);
#812=CIRCLE('',#2376,1.05);
#813=CIRCLE('',#2378,1.05);
#814=CIRCLE('',#2380,1.05);
#815=CIRCLE('',#2382,6.49999991059325);
#816=CIRCLE('',#2384,1.05);
#817=CIRCLE('',#2386,1.5);
#818=CIRCLE('',#2388,6.5);
#819=CIRCLE('',#2390,1.50000000000001);
#820=CIRCLE('',#2392,48.);
#821=CIRCLE('',#2394,48.);
#822=CIRCLE('',#2396,1.50000000000002);
#823=CIRCLE('',#2398,6.5);
#824=CIRCLE('',#2400,1.50000000000001);
#825=CIRCLE('',#2402,48.);
#826=CIRCLE('',#2404,48.);
#827=CIRCLE('',#2406,3.);
#828=CIRCLE('',#2407,3.00000000000001);
#829=VERTEX_POINT('',#3115);
#830=VERTEX_POINT('',#3116);
#831=VERTEX_POINT('',#3118);
#832=VERTEX_POINT('',#3120);
#833=VERTEX_POINT('',#3122);
#834=VERTEX_POINT('',#3124);
#835=VERTEX_POINT('',#3126);
#836=VERTEX_POINT('',#3128);
#837=VERTEX_POINT('',#3130);
#838=VERTEX_POINT('',#3132);
#839=VERTEX_POINT('',#3134);
#840=VERTEX_POINT('',#3136);
#841=VERTEX_POINT('',#3138);
#842=VERTEX_POINT('',#3140);
#843=VERTEX_POINT('',#3142);
#844=VERTEX_POINT('',#3144);
#845=VERTEX_POINT('',#3146);
#846=VERTEX_POINT('',#3148);
#847=VERTEX_POINT('',#3150);
#848=VERTEX_POINT('',#3152);
#849=VERTEX_POINT('',#3154);
#850=VERTEX_POINT('',#3156);
#851=VERTEX_POINT('',#3158);
#852=VERTEX_POINT('',#3160);
#853=VERTEX_POINT('',#3162);
#854=VERTEX_POINT('',#3164);
#855=VERTEX_POINT('',#3166);
#856=VERTEX_POINT('',#3168);
#857=VERTEX_POINT('',#3170);
#858=VERTEX_POINT('',#3172);
#859=VERTEX_POINT('',#3174);
#860=VERTEX_POINT('',#3176);
#861=VERTEX_POINT('',#3178);
#862=VERTEX_POINT('',#3180);
#863=VERTEX_POINT('',#3182);
#864=VERTEX_POINT('',#3184);
#865=VERTEX_POINT('',#3186);
#866=VERTEX_POINT('',#3188);
#867=VERTEX_POINT('',#3190);
#868=VERTEX_POINT('',#3192);
#869=VERTEX_POINT('',#3194);
#870=VERTEX_POINT('',#3196);
#871=VERTEX_POINT('',#3198);
#872=VERTEX_POINT('',#3200);
#873=VERTEX_POINT('',#3202);
#874=VERTEX_POINT('',#3204);
#875=VERTEX_POINT('',#3206);
#876=VERTEX_POINT('',#3208);
#877=VERTEX_POINT('',#3210);
#878=VERTEX_POINT('',#3212);
#879=VERTEX_POINT('',#3214);
#880=VERTEX_POINT('',#3216);
#881=VERTEX_POINT('',#3218);
#882=VERTEX_POINT('',#3220);
#883=VERTEX_POINT('',#3222);
#884=VERTEX_POINT('',#3224);
#885=VERTEX_POINT('',#3226);
#886=VERTEX_POINT('',#3228);
#887=VERTEX_POINT('',#3230);
#888=VERTEX_POINT('',#3232);
#889=VERTEX_POINT('',#3234);
#890=VERTEX_POINT('',#3236);
#891=VERTEX_POINT('',#3238);
#892=VERTEX_POINT('',#3240);
#893=VERTEX_POINT('',#3242);
#894=VERTEX_POINT('',#3245);
#895=VERTEX_POINT('',#3247);
#896=VERTEX_POINT('',#3249);
#897=VERTEX_POINT('',#3251);
#898=VERTEX_POINT('',#3253);
#899=VERTEX_POINT('',#3255);
#900=VERTEX_POINT('',#3257);
#901=VERTEX_POINT('',#3259);
#902=VERTEX_POINT('',#3261);
#903=VERTEX_POINT('',#3264);
#904=VERTEX_POINT('',#3267);
#905=VERTEX_POINT('',#3269);
#906=VERTEX_POINT('',#3275);
#907=VERTEX_POINT('',#3277);
#908=VERTEX_POINT('',#3285);
#909=VERTEX_POINT('',#3287);
#910=VERTEX_POINT('',#3291);
#911=VERTEX_POINT('',#3295);
#912=VERTEX_POINT('',#3296);
#913=VERTEX_POINT('',#3299);
#914=VERTEX_POINT('',#3301);
#915=VERTEX_POINT('',#3304);
#916=VERTEX_POINT('',#3306);
#917=VERTEX_POINT('',#3310);
#918=VERTEX_POINT('',#3312);
#919=VERTEX_POINT('',#3316);
#920=VERTEX_POINT('',#3317);
#921=VERTEX_POINT('',#3319);
#922=VERTEX_POINT('',#3321);
#923=VERTEX_POINT('',#3323);
#924=VERTEX_POINT('',#3325);
#925=VERTEX_POINT('',#3327);
#926=VERTEX_POINT('',#3329);
#927=VERTEX_POINT('',#3331);
#928=VERTEX_POINT('',#3333);
#929=VERTEX_POINT('',#3335);
#930=VERTEX_POINT('',#3338);
#931=VERTEX_POINT('',#3340);
#932=VERTEX_POINT('',#3342);
#933=VERTEX_POINT('',#3344);
#934=VERTEX_POINT('',#3346);
#935=VERTEX_POINT('',#3348);
#936=VERTEX_POINT('',#3350);
#937=VERTEX_POINT('',#3352);
#938=VERTEX_POINT('',#3354);
#939=VERTEX_POINT('',#3356);
#940=VERTEX_POINT('',#3358);
#941=VERTEX_POINT('',#3360);
#942=VERTEX_POINT('',#3362);
#943=VERTEX_POINT('',#3364);
#944=VERTEX_POINT('',#3366);
#945=VERTEX_POINT('',#3368);
#946=VERTEX_POINT('',#3370);
#947=VERTEX_POINT('',#3372);
#948=VERTEX_POINT('',#3374);
#949=VERTEX_POINT('',#3376);
#950=VERTEX_POINT('',#3378);
#951=VERTEX_POINT('',#3380);
#952=VERTEX_POINT('',#3382);
#953=VERTEX_POINT('',#3384);
#954=VERTEX_POINT('',#3386);
#955=VERTEX_POINT('',#3388);
#956=VERTEX_POINT('',#3391);
#957=VERTEX_POINT('',#3393);
#958=VERTEX_POINT('',#3395);
#959=VERTEX_POINT('',#3397);
#960=VERTEX_POINT('',#3405);
#961=VERTEX_POINT('',#3406);
#962=VERTEX_POINT('',#3411);
#963=VERTEX_POINT('',#3412);
#964=VERTEX_POINT('',#3417);
#965=VERTEX_POINT('',#3418);
#966=VERTEX_POINT('',#3423);
#967=VERTEX_POINT('',#3425);
#968=VERTEX_POINT('',#3430);
#969=VERTEX_POINT('',#3432);
#970=VERTEX_POINT('',#3436);
#971=VERTEX_POINT('',#3437);
#972=VERTEX_POINT('',#3440);
#973=VERTEX_POINT('',#3447);
#974=VERTEX_POINT('',#3449);
#975=VERTEX_POINT('',#3453);
#976=VERTEX_POINT('',#3455);
#977=VERTEX_POINT('',#3457);
#978=VERTEX_POINT('',#3459);
#979=VERTEX_POINT('',#3475);
#980=VERTEX_POINT('',#3477);
#981=VERTEX_POINT('',#3481);
#982=VERTEX_POINT('',#3483);
#983=VERTEX_POINT('',#3485);
#984=VERTEX_POINT('',#3498);
#985=VERTEX_POINT('',#3502);
#986=VERTEX_POINT('',#3506);
#987=VERTEX_POINT('',#3508);
#988=VERTEX_POINT('',#3512);
#989=VERTEX_POINT('',#3516);
#990=VERTEX_POINT('',#3521);
#991=VERTEX_POINT('',#3525);
#992=VERTEX_POINT('',#3526);
#993=VERTEX_POINT('',#3532);
#994=VERTEX_POINT('',#3541);
#995=VERTEX_POINT('',#3574);
#996=VERTEX_POINT('',#3582);
#997=VERTEX_POINT('',#3610);
#998=VERTEX_POINT('',#3620);
#999=VERTEX_POINT('',#3624);
#1000=VERTEX_POINT('',#3628);
#1001=VERTEX_POINT('',#3630);
#1002=VERTEX_POINT('',#3632);
#1003=VERTEX_POINT('',#3634);
#1004=VERTEX_POINT('',#3636);
#1005=VERTEX_POINT('',#3638);
#1006=VERTEX_POINT('',#3640);
#1007=VERTEX_POINT('',#3644);
#1008=VERTEX_POINT('',#3655);
#1009=VERTEX_POINT('',#3657);
#1010=VERTEX_POINT('',#3660);
#1011=VERTEX_POINT('',#3662);
#1012=VERTEX_POINT('',#3665);
#1013=VERTEX_POINT('',#3667);
#1014=VERTEX_POINT('',#3670);
#1015=VERTEX_POINT('',#3672);
#1016=VERTEX_POINT('',#3675);
#1017=VERTEX_POINT('',#3676);
#1018=VERTEX_POINT('',#3694);
#1019=VERTEX_POINT('',#3700);
#1020=VERTEX_POINT('',#3704);
#1021=VERTEX_POINT('',#3721);
#1022=VERTEX_POINT('',#3767);
#1023=VERTEX_POINT('',#3771);
#1024=VERTEX_POINT('',#3775);
#1025=VERTEX_POINT('',#3779);
#1026=VERTEX_POINT('',#3783);
#1027=VERTEX_POINT('',#3787);
#1028=VERTEX_POINT('',#3789);
#1029=VERTEX_POINT('',#3793);
#1030=VERTEX_POINT('',#3797);
#1031=VERTEX_POINT('',#3801);
#1032=VERTEX_POINT('',#3805);
#1033=VERTEX_POINT('',#3809);
#1034=VERTEX_POINT('',#3813);
#1035=VERTEX_POINT('',#3817);
#1036=VERTEX_POINT('',#3823);
#1037=EDGE_CURVE('',#829,#830,#664,.T.);
#1038=EDGE_CURVE('',#831,#829,#665,.T.);
#1039=EDGE_CURVE('',#831,#832,#372,.T.);
#1040=EDGE_CURVE('',#832,#833,#666,.T.);
#1041=EDGE_CURVE('',#833,#834,#667,.T.);
#1042=EDGE_CURVE('',#834,#835,#373,.T.);
#1043=EDGE_CURVE('',#836,#835,#374,.T.);
#1044=EDGE_CURVE('',#837,#836,#375,.T.);
#1045=EDGE_CURVE('',#837,#838,#376,.T.);
#1046=EDGE_CURVE('',#839,#838,#377,.T.);
#1047=EDGE_CURVE('',#840,#839,#668,.T.);
#1048=EDGE_CURVE('',#841,#840,#669,.T.);
#1049=EDGE_CURVE('',#841,#842,#670,.T.);
#1050=EDGE_CURVE('',#843,#842,#671,.T.);
#1051=EDGE_CURVE('',#843,#844,#672,.T.);
#1052=EDGE_CURVE('',#844,#845,#673,.T.);
#1053=EDGE_CURVE('',#846,#845,#674,.T.);
#1054=EDGE_CURVE('',#847,#846,#675,.T.);
#1055=EDGE_CURVE('',#848,#847,#676,.T.);
#1056=EDGE_CURVE('',#849,#848,#677,.T.);
#1057=EDGE_CURVE('',#849,#850,#678,.T.);
#1058=EDGE_CURVE('',#851,#850,#679,.T.);
#1059=EDGE_CURVE('',#851,#852,#680,.T.);
#1060=EDGE_CURVE('',#852,#853,#681,.T.);
#1061=EDGE_CURVE('',#853,#854,#378,.T.);
#1062=EDGE_CURVE('',#854,#855,#682,.T.);
#1063=EDGE_CURVE('',#855,#856,#683,.T.);
#1064=EDGE_CURVE('',#856,#857,#379,.T.);
#1065=EDGE_CURVE('',#857,#858,#380,.T.);
#1066=EDGE_CURVE('',#858,#859,#381,.T.);
#1067=EDGE_CURVE('',#859,#860,#382,.T.);
#1068=EDGE_CURVE('',#860,#861,#383,.T.);
#1069=EDGE_CURVE('',#861,#862,#384,.T.);
#1070=EDGE_CURVE('',#862,#863,#385,.T.);
#1071=EDGE_CURVE('',#863,#864,#684,.T.);
#1072=EDGE_CURVE('',#864,#865,#685,.T.);
#1073=EDGE_CURVE('',#865,#866,#386,.T.);
#1074=EDGE_CURVE('',#866,#867,#686,.T.);
#1075=EDGE_CURVE('',#867,#868,#687,.T.);
#1076=EDGE_CURVE('',#868,#869,#688,.T.);
#1077=EDGE_CURVE('',#870,#869,#689,.T.);
#1078=EDGE_CURVE('',#870,#871,#690,.T.);
#1079=EDGE_CURVE('',#871,#872,#691,.T.);
#1080=EDGE_CURVE('',#872,#873,#692,.T.);
#1081=EDGE_CURVE('',#873,#874,#387,.T.);
#1082=EDGE_CURVE('',#874,#875,#693,.T.);
#1083=EDGE_CURVE('',#875,#876,#694,.T.);
#1084=EDGE_CURVE('',#876,#877,#695,.T.);
#1085=EDGE_CURVE('',#877,#878,#696,.T.);
#1086=EDGE_CURVE('',#878,#879,#697,.T.);
#1087=EDGE_CURVE('',#879,#880,#698,.T.);
#1088=EDGE_CURVE('',#881,#880,#699,.T.);
#1089=EDGE_CURVE('',#881,#882,#700,.T.);
#1090=EDGE_CURVE('',#883,#882,#701,.T.);
#1091=EDGE_CURVE('',#884,#883,#702,.T.);
#1092=EDGE_CURVE('',#885,#884,#388,.T.);
#1093=EDGE_CURVE('',#885,#886,#389,.T.);
#1094=EDGE_CURVE('',#887,#886,#390,.T.);
#1095=EDGE_CURVE('',#888,#887,#391,.T.);
#1096=EDGE_CURVE('',#888,#889,#392,.T.);
#1097=EDGE_CURVE('',#889,#890,#703,.T.);
#1098=EDGE_CURVE('',#890,#891,#704,.T.);
#1099=EDGE_CURVE('',#891,#892,#393,.T.);
#1100=EDGE_CURVE('',#893,#892,#705,.T.);
#1101=EDGE_CURVE('',#830,#893,#706,.T.);
#1102=EDGE_CURVE('',#894,#894,#707,.T.);
#1103=EDGE_CURVE('',#895,#895,#708,.T.);
#1104=EDGE_CURVE('',#896,#896,#709,.T.);
#1105=EDGE_CURVE('',#897,#897,#710,.T.);
#1106=EDGE_CURVE('',#898,#898,#711,.T.);
#1107=EDGE_CURVE('',#899,#899,#712,.T.);
#1108=EDGE_CURVE('',#900,#900,#713,.T.);
#1109=EDGE_CURVE('',#901,#901,#714,.T.);
#1110=EDGE_CURVE('',#902,#902,#715,.T.);
#1111=EDGE_CURVE('',#903,#903,#716,.T.);
#1112=EDGE_CURVE('',#903,#830,#394,.T.);
#1113=EDGE_CURVE('',#904,#893,#395,.T.);
#1114=EDGE_CURVE('',#905,#904,#22,.T.);
#1115=EDGE_CURVE('',#906,#905,#717,.T.);
#1116=EDGE_CURVE('',#907,#906,#23,.T.);
#1117=EDGE_CURVE('',#829,#907,#396,.T.);
#1118=EDGE_CURVE('',#881,#908,#397,.T.);
#1119=EDGE_CURVE('',#909,#908,#718,.T.);
#1120=EDGE_CURVE('',#909,#882,#398,.T.);
#1121=EDGE_CURVE('',#910,#880,#399,.T.);
#1122=EDGE_CURVE('',#908,#910,#719,.T.);
#1123=EDGE_CURVE('',#911,#912,#720,.T.);
#1124=EDGE_CURVE('',#911,#885,#400,.T.);
#1125=EDGE_CURVE('',#913,#884,#401,.T.);
#1126=EDGE_CURVE('',#913,#914,#402,.T.);
#1127=EDGE_CURVE('',#914,#863,#403,.T.);
#1128=EDGE_CURVE('',#915,#862,#404,.T.);
#1129=EDGE_CURVE('',#916,#915,#721,.T.);
#1130=EDGE_CURVE('',#916,#912,#405,.T.);
#1131=EDGE_CURVE('',#912,#917,#406,.T.);
#1132=EDGE_CURVE('',#917,#918,#722,.T.);
#1133=EDGE_CURVE('',#918,#911,#407,.T.);
#1134=EDGE_CURVE('',#919,#920,#723,.T.);
#1135=EDGE_CURVE('',#920,#921,#724,.T.);
#1136=EDGE_CURVE('',#921,#922,#725,.T.);
#1137=EDGE_CURVE('',#922,#923,#726,.T.);
#1138=EDGE_CURVE('',#923,#924,#727,.T.);
#1139=EDGE_CURVE('',#924,#925,#728,.T.);
#1140=EDGE_CURVE('',#925,#926,#729,.T.);
#1141=EDGE_CURVE('',#926,#927,#730,.T.);
#1142=EDGE_CURVE('',#927,#928,#731,.T.);
#1143=EDGE_CURVE('',#928,#929,#732,.T.);
#1144=EDGE_CURVE('',#929,#909,#733,.T.);
#1145=EDGE_CURVE('',#910,#930,#734,.T.);
#1146=EDGE_CURVE('',#930,#931,#735,.T.);
#1147=EDGE_CURVE('',#931,#932,#736,.T.);
#1148=EDGE_CURVE('',#932,#933,#737,.T.);
#1149=EDGE_CURVE('',#933,#934,#738,.T.);
#1150=EDGE_CURVE('',#934,#935,#739,.T.);
#1151=EDGE_CURVE('',#935,#936,#740,.T.);
#1152=EDGE_CURVE('',#936,#937,#741,.T.);
#1153=EDGE_CURVE('',#937,#938,#742,.T.);
#1154=EDGE_CURVE('',#938,#939,#743,.T.);
#1155=EDGE_CURVE('',#939,#940,#744,.T.);
#1156=EDGE_CURVE('',#940,#941,#745,.T.);
#1157=EDGE_CURVE('',#941,#942,#746,.T.);
#1158=EDGE_CURVE('',#942,#943,#747,.T.);
#1159=EDGE_CURVE('',#943,#944,#748,.T.);
#1160=EDGE_CURVE('',#944,#945,#749,.T.);
#1161=EDGE_CURVE('',#945,#946,#750,.T.);
#1162=EDGE_CURVE('',#946,#947,#751,.T.);
#1163=EDGE_CURVE('',#947,#948,#752,.T.);
#1164=EDGE_CURVE('',#948,#949,#753,.T.);
#1165=EDGE_CURVE('',#949,#950,#754,.T.);
#1166=EDGE_CURVE('',#950,#951,#755,.T.);
#1167=EDGE_CURVE('',#951,#952,#756,.T.);
#1168=EDGE_CURVE('',#952,#953,#757,.T.);
#1169=EDGE_CURVE('',#953,#954,#758,.T.);
#1170=EDGE_CURVE('',#954,#955,#759,.T.);
#1171=EDGE_CURVE('',#955,#919,#760,.T.);
#1172=EDGE_CURVE('',#956,#956,#761,.T.);
#1173=EDGE_CURVE('',#957,#957,#762,.T.);
#1174=EDGE_CURVE('',#958,#958,#763,.T.);
#1175=EDGE_CURVE('',#959,#959,#764,.T.);
#1176=EDGE_CURVE('',#843,#919,#408,.T.);
#1177=EDGE_CURVE('',#955,#844,#409,.T.);
#1178=EDGE_CURVE('',#920,#842,#410,.T.);
#1179=EDGE_CURVE('',#960,#961,#411,.T.);
#1180=EDGE_CURVE('',#960,#858,#412,.T.);
#1181=EDGE_CURVE('',#961,#857,#413,.T.);
#1182=EDGE_CURVE('',#962,#963,#414,.T.);
#1183=EDGE_CURVE('',#963,#960,#765,.T.);
#1184=EDGE_CURVE('',#961,#962,#766,.T.);
#1185=EDGE_CURVE('',#964,#965,#415,.T.);
#1186=EDGE_CURVE('',#963,#964,#416,.T.);
#1187=EDGE_CURVE('',#965,#962,#417,.T.);
#1188=EDGE_CURVE('',#965,#966,#767,.T.);
#1189=EDGE_CURVE('',#966,#967,#418,.T.);
#1190=EDGE_CURVE('',#967,#964,#768,.T.);
#1191=EDGE_CURVE('',#870,#936,#419,.T.);
#1192=EDGE_CURVE('',#935,#968,#420,.T.);
#1193=EDGE_CURVE('',#968,#969,#769,.T.);
#1194=EDGE_CURVE('',#969,#871,#421,.T.);
#1195=EDGE_CURVE('',#970,#971,#770,.T.);
#1196=EDGE_CURVE('',#971,#969,#771,.T.);
#1197=EDGE_CURVE('',#972,#968,#772,.T.);
#1198=EDGE_CURVE('',#972,#970,#422,.T.);
#1199=EDGE_CURVE('',#971,#872,#423,.T.);
#1200=EDGE_CURVE('',#970,#873,#424,.T.);
#1201=EDGE_CURVE('',#973,#948,#425,.T.);
#1202=EDGE_CURVE('',#947,#974,#426,.T.);
#1203=EDGE_CURVE('',#974,#973,#773,.T.);
#1204=EDGE_CURVE('',#975,#974,#774,.T.);
#1205=EDGE_CURVE('',#975,#976,#427,.T.);
#1206=EDGE_CURVE('',#976,#977,#775,.T.);
#1207=EDGE_CURVE('',#977,#978,#776,.T.);
#1208=EDGE_CURVE('',#973,#978,#777,.T.);
#1209=EDGE_CURVE('',#854,#975,#428,.T.);
#1210=EDGE_CURVE('',#976,#853,#429,.T.);
#1211=EDGE_CURVE('',#977,#852,#430,.T.);
#1212=EDGE_CURVE('',#978,#851,#431,.T.);
#1213=EDGE_CURVE('',#946,#855,#432,.T.);
#1214=EDGE_CURVE('',#874,#972,#433,.T.);
#1215=EDGE_CURVE('',#868,#979,#434,.T.);
#1216=EDGE_CURVE('',#980,#867,#435,.T.);
#1217=EDGE_CURVE('',#979,#980,#778,.T.);
#1218=EDGE_CURVE('',#979,#981,#779,.T.);
#1219=EDGE_CURVE('',#980,#982,#780,.T.);
#1220=EDGE_CURVE('',#982,#983,#436,.T.);
#1221=EDGE_CURVE('',#981,#983,#781,.T.);
#1222=EDGE_CURVE('',#983,#865,#437,.T.);
#1223=EDGE_CURVE('',#982,#866,#438,.T.);
#1224=EDGE_CURVE('',#937,#869,#439,.T.);
#1225=EDGE_CURVE('',#938,#981,#440,.T.);
#1226=EDGE_CURVE('',#939,#864,#441,.T.);
#1227=EDGE_CURVE('',#984,#861,#442,.T.);
#1228=EDGE_CURVE('',#915,#984,#443,.T.);
#1229=EDGE_CURVE('',#914,#985,#782,.T.);
#1230=EDGE_CURVE('',#985,#940,#444,.T.);
#1231=EDGE_CURVE('',#986,#860,#445,.T.);
#1232=EDGE_CURVE('',#987,#986,#446,.T.);
#1233=EDGE_CURVE('',#987,#887,#447,.T.);
#1234=EDGE_CURVE('',#886,#918,#448,.T.);
#1235=EDGE_CURVE('',#917,#988,#449,.T.);
#1236=EDGE_CURVE('',#984,#988,#783,.T.);
#1237=EDGE_CURVE('',#989,#859,#450,.T.);
#1238=EDGE_CURVE('',#986,#989,#451,.T.);
#1239=EDGE_CURVE('',#967,#837,#452,.T.);
#1240=EDGE_CURVE('',#990,#836,#453,.T.);
#1241=EDGE_CURVE('',#989,#990,#454,.T.);
#1242=EDGE_CURVE('',#991,#992,#455,.T.);
#1243=EDGE_CURVE('',#992,#839,#456,.T.);
#1244=EDGE_CURVE('',#838,#966,#457,.T.);
#1245=EDGE_CURVE('',#991,#856,#458,.T.);
#1246=EDGE_CURVE('',#945,#993,#459,.T.);
#1247=EDGE_CURVE('',#993,#991,#784,.T.);
#1248=EDGE_CURVE('',#954,#845,#460,.T.);
#1249=EDGE_CURVE('',#949,#850,#461,.T.);
#1250=EDGE_CURVE('',#892,#994,#462,.T.);
#1251=EDGE_CURVE('',#994,#904,#785,.T.);
#1252=EDGE_CURVE('',#994,#995,#24,.T.);
#1253=EDGE_CURVE('',#995,#905,#786,.T.);
#1254=EDGE_CURVE('',#996,#906,#787,.T.);
#1255=EDGE_CURVE('',#995,#996,#788,.T.);
#1256=EDGE_CURVE('',#996,#997,#25,.T.);
#1257=EDGE_CURVE('',#997,#907,#789,.T.);
#1258=EDGE_CURVE('',#997,#831,#463,.T.);
#1259=EDGE_CURVE('',#998,#997,#464,.T.);
#1260=EDGE_CURVE('',#832,#998,#465,.T.);
#1261=EDGE_CURVE('',#996,#999,#466,.T.);
#1262=EDGE_CURVE('',#999,#998,#790,.T.);
#1263=EDGE_CURVE('',#1000,#995,#467,.T.);
#1264=EDGE_CURVE('',#1001,#1000,#791,.T.);
#1265=EDGE_CURVE('',#1002,#1001,#792,.T.);
#1266=EDGE_CURVE('',#1003,#1002,#468,.T.);
#1267=EDGE_CURVE('',#1004,#1003,#469,.T.);
#1268=EDGE_CURVE('',#1005,#1004,#470,.T.);
#1269=EDGE_CURVE('',#1006,#1005,#793,.T.);
#1270=EDGE_CURVE('',#999,#1006,#794,.T.);
#1271=EDGE_CURVE('',#994,#1007,#471,.T.);
#1272=EDGE_CURVE('',#1000,#1007,#795,.T.);
#1273=EDGE_CURVE('',#891,#1007,#472,.T.);
#1274=EDGE_CURVE('',#988,#916,#473,.T.);
#1275=EDGE_CURVE('',#1008,#1008,#796,.T.);
#1276=EDGE_CURVE('',#1009,#1009,#797,.T.);
#1277=EDGE_CURVE('',#1010,#1010,#798,.T.);
#1278=EDGE_CURVE('',#1011,#1011,#799,.T.);
#1279=EDGE_CURVE('',#1012,#1012,#800,.T.);
#1280=EDGE_CURVE('',#1013,#1013,#801,.T.);
#1281=EDGE_CURVE('',#1014,#1014,#802,.T.);
#1282=EDGE_CURVE('',#1015,#1015,#803,.T.);
#1283=EDGE_CURVE('',#1016,#1017,#474,.T.);
#1284=EDGE_CURVE('',#1017,#1003,#804,.T.);
#1285=EDGE_CURVE('',#1002,#1016,#26,.T.);
#1286=EDGE_CURVE('',#1001,#1018,#805,.T.);
#1287=EDGE_CURVE('',#1018,#1016,#806,.T.);
#1288=EDGE_CURVE('',#1007,#1018,#807,.T.);
#1289=EDGE_CURVE('',#1006,#1019,#808,.T.);
#1290=EDGE_CURVE('',#1019,#998,#809,.T.);
#1291=EDGE_CURVE('',#1020,#1019,#810,.T.);
#1292=EDGE_CURVE('',#1005,#1020,#27,.T.);
#1293=EDGE_CURVE('',#1004,#1021,#811,.T.);
#1294=EDGE_CURVE('',#1021,#1020,#475,.T.);
#1295=EDGE_CURVE('',#833,#1019,#476,.T.);
#1296=EDGE_CURVE('',#834,#1020,#477,.T.);
#1297=EDGE_CURVE('',#835,#1021,#478,.T.);
#1298=EDGE_CURVE('',#890,#1018,#479,.T.);
#1299=EDGE_CURVE('',#889,#1016,#480,.T.);
#1300=EDGE_CURVE('',#1017,#888,#481,.T.);
#1301=EDGE_CURVE('',#990,#987,#482,.T.);
#1302=EDGE_CURVE('',#894,#1012,#483,.T.);
#1303=EDGE_CURVE('',#896,#1010,#484,.T.);
#1304=EDGE_CURVE('',#897,#1014,#485,.T.);
#1305=EDGE_CURVE('',#901,#1008,#486,.T.);
#1306=EDGE_CURVE('',#930,#879,#487,.T.);
#1307=EDGE_CURVE('',#931,#878,#488,.T.);
#1308=EDGE_CURVE('',#932,#877,#489,.T.);
#1309=EDGE_CURVE('',#933,#876,#490,.T.);
#1310=EDGE_CURVE('',#934,#875,#491,.T.);
#1311=EDGE_CURVE('',#950,#849,#492,.T.);
#1312=EDGE_CURVE('',#951,#848,#493,.T.);
#1313=EDGE_CURVE('',#952,#847,#494,.T.);
#1314=EDGE_CURVE('',#953,#846,#495,.T.);
#1315=EDGE_CURVE('',#1022,#1022,#812,.T.);
#1316=EDGE_CURVE('',#1022,#1015,#496,.T.);
#1317=EDGE_CURVE('',#1023,#1023,#813,.T.);
#1318=EDGE_CURVE('',#1023,#1011,#497,.T.);
#1319=EDGE_CURVE('',#1024,#1024,#814,.T.);
#1320=EDGE_CURVE('',#1024,#1009,#498,.T.);
#1321=EDGE_CURVE('',#1025,#1025,#815,.T.);
#1322=EDGE_CURVE('',#1025,#898,#499,.T.);
#1323=EDGE_CURVE('',#1026,#1026,#816,.T.);
#1324=EDGE_CURVE('',#1026,#1013,#500,.T.);
#1325=EDGE_CURVE('',#926,#1027,#501,.T.);
#1326=EDGE_CURVE('',#1027,#1028,#817,.T.);
#1327=EDGE_CURVE('',#927,#1028,#502,.T.);
#1328=EDGE_CURVE('',#925,#1029,#503,.T.);
#1329=EDGE_CURVE('',#1029,#1027,#818,.T.);
#1330=EDGE_CURVE('',#924,#1030,#504,.T.);
#1331=EDGE_CURVE('',#1030,#1029,#819,.T.);
#1332=EDGE_CURVE('',#1031,#923,#505,.T.);
#1333=EDGE_CURVE('',#1031,#1030,#820,.T.);
#1334=EDGE_CURVE('',#944,#1032,#506,.T.);
#1335=EDGE_CURVE('',#1032,#993,#821,.T.);
#1336=EDGE_CURVE('',#943,#1033,#507,.T.);
#1337=EDGE_CURVE('',#1033,#1032,#822,.T.);
#1338=EDGE_CURVE('',#942,#1034,#508,.T.);
#1339=EDGE_CURVE('',#1034,#1033,#823,.T.);
#1340=EDGE_CURVE('',#941,#1035,#509,.T.);
#1341=EDGE_CURVE('',#1035,#1034,#824,.T.);
#1342=EDGE_CURVE('',#985,#1035,#825,.T.);
#1343=EDGE_CURVE('',#1028,#1036,#826,.T.);
#1344=EDGE_CURVE('',#928,#1036,#510,.T.);
#1345=EDGE_CURVE('',#992,#1031,#827,.T.);
#1346=EDGE_CURVE('',#1036,#913,#828,.T.);
#1347=EDGE_CURVE('',#922,#840,#511,.T.);
#1348=EDGE_CURVE('',#929,#883,#512,.T.);
#1349=EDGE_CURVE('',#956,#899,#513,.T.);
#1350=EDGE_CURVE('',#957,#900,#514,.T.);
#1351=EDGE_CURVE('',#921,#841,#515,.T.);
#1352=EDGE_CURVE('',#959,#902,#516,.T.);
#1353=EDGE_CURVE('',#958,#895,#517,.T.);
#1354=ORIENTED_EDGE('',*,*,#1037,.F.);
#1355=ORIENTED_EDGE('',*,*,#1038,.F.);
#1356=ORIENTED_EDGE('',*,*,#1039,.T.);
#1357=ORIENTED_EDGE('',*,*,#1040,.T.);
#1358=ORIENTED_EDGE('',*,*,#1041,.T.);
#1359=ORIENTED_EDGE('',*,*,#1042,.T.);
#1360=ORIENTED_EDGE('',*,*,#1043,.F.);
#1361=ORIENTED_EDGE('',*,*,#1044,.F.);
#1362=ORIENTED_EDGE('',*,*,#1045,.T.);
#1363=ORIENTED_EDGE('',*,*,#1046,.F.);
#1364=ORIENTED_EDGE('',*,*,#1047,.F.);
#1365=ORIENTED_EDGE('',*,*,#1048,.F.);
#1366=ORIENTED_EDGE('',*,*,#1049,.T.);
#1367=ORIENTED_EDGE('',*,*,#1050,.F.);
#1368=ORIENTED_EDGE('',*,*,#1051,.T.);
#1369=ORIENTED_EDGE('',*,*,#1052,.T.);
#1370=ORIENTED_EDGE('',*,*,#1053,.F.);
#1371=ORIENTED_EDGE('',*,*,#1054,.F.);
#1372=ORIENTED_EDGE('',*,*,#1055,.F.);
#1373=ORIENTED_EDGE('',*,*,#1056,.F.);
#1374=ORIENTED_EDGE('',*,*,#1057,.T.);
#1375=ORIENTED_EDGE('',*,*,#1058,.F.);
#1376=ORIENTED_EDGE('',*,*,#1059,.T.);
#1377=ORIENTED_EDGE('',*,*,#1060,.T.);
#1378=ORIENTED_EDGE('',*,*,#1061,.T.);
#1379=ORIENTED_EDGE('',*,*,#1062,.T.);
#1380=ORIENTED_EDGE('',*,*,#1063,.T.);
#1381=ORIENTED_EDGE('',*,*,#1064,.T.);
#1382=ORIENTED_EDGE('',*,*,#1065,.T.);
#1383=ORIENTED_EDGE('',*,*,#1066,.T.);
#1384=ORIENTED_EDGE('',*,*,#1067,.T.);
#1385=ORIENTED_EDGE('',*,*,#1068,.T.);
#1386=ORIENTED_EDGE('',*,*,#1069,.T.);
#1387=ORIENTED_EDGE('',*,*,#1070,.T.);
#1388=ORIENTED_EDGE('',*,*,#1071,.T.);
#1389=ORIENTED_EDGE('',*,*,#1072,.T.);
#1390=ORIENTED_EDGE('',*,*,#1073,.T.);
#1391=ORIENTED_EDGE('',*,*,#1074,.T.);
#1392=ORIENTED_EDGE('',*,*,#1075,.T.);
#1393=ORIENTED_EDGE('',*,*,#1076,.T.);
#1394=ORIENTED_EDGE('',*,*,#1077,.F.);
#1395=ORIENTED_EDGE('',*,*,#1078,.T.);
#1396=ORIENTED_EDGE('',*,*,#1079,.T.);
#1397=ORIENTED_EDGE('',*,*,#1080,.T.);
#1398=ORIENTED_EDGE('',*,*,#1081,.T.);
#1399=ORIENTED_EDGE('',*,*,#1082,.T.);
#1400=ORIENTED_EDGE('',*,*,#1083,.T.);
#1401=ORIENTED_EDGE('',*,*,#1084,.T.);
#1402=ORIENTED_EDGE('',*,*,#1085,.T.);
#1403=ORIENTED_EDGE('',*,*,#1086,.T.);
#1404=ORIENTED_EDGE('',*,*,#1087,.T.);
#1405=ORIENTED_EDGE('',*,*,#1088,.F.);
#1406=ORIENTED_EDGE('',*,*,#1089,.T.);
#1407=ORIENTED_EDGE('',*,*,#1090,.F.);
#1408=ORIENTED_EDGE('',*,*,#1091,.F.);
#1409=ORIENTED_EDGE('',*,*,#1092,.F.);
#1410=ORIENTED_EDGE('',*,*,#1093,.T.);
#1411=ORIENTED_EDGE('',*,*,#1094,.F.);
#1412=ORIENTED_EDGE('',*,*,#1095,.F.);
#1413=ORIENTED_EDGE('',*,*,#1096,.T.);
#1414=ORIENTED_EDGE('',*,*,#1097,.T.);
#1415=ORIENTED_EDGE('',*,*,#1098,.T.);
#1416=ORIENTED_EDGE('',*,*,#1099,.T.);
#1417=ORIENTED_EDGE('',*,*,#1100,.F.);
#1418=ORIENTED_EDGE('',*,*,#1101,.F.);
#1419=ORIENTED_EDGE('',*,*,#1102,.T.);
#1420=ORIENTED_EDGE('',*,*,#1103,.F.);
#1421=ORIENTED_EDGE('',*,*,#1104,.T.);
#1422=ORIENTED_EDGE('',*,*,#1105,.T.);
#1423=ORIENTED_EDGE('',*,*,#1106,.T.);
#1424=ORIENTED_EDGE('',*,*,#1107,.T.);
#1425=ORIENTED_EDGE('',*,*,#1108,.T.);
#1426=ORIENTED_EDGE('',*,*,#1109,.T.);
#1427=ORIENTED_EDGE('',*,*,#1110,.F.);
#1428=ORIENTED_EDGE('',*,*,#1111,.F.);
#1429=ORIENTED_EDGE('',*,*,#1112,.T.);
#1430=ORIENTED_EDGE('',*,*,#1101,.T.);
#1431=ORIENTED_EDGE('',*,*,#1113,.F.);
#1432=ORIENTED_EDGE('',*,*,#1114,.F.);
#1433=ORIENTED_EDGE('',*,*,#1115,.F.);
#1434=ORIENTED_EDGE('',*,*,#1116,.F.);
#1435=ORIENTED_EDGE('',*,*,#1117,.F.);
#1436=ORIENTED_EDGE('',*,*,#1037,.T.);
#1437=ORIENTED_EDGE('',*,*,#1112,.F.);
#1438=ORIENTED_EDGE('',*,*,#1118,.T.);
#1439=ORIENTED_EDGE('',*,*,#1119,.F.);
#1440=ORIENTED_EDGE('',*,*,#1120,.T.);
#1441=ORIENTED_EDGE('',*,*,#1089,.F.);
#1442=ORIENTED_EDGE('',*,*,#1118,.F.);
#1443=ORIENTED_EDGE('',*,*,#1088,.T.);
#1444=ORIENTED_EDGE('',*,*,#1121,.F.);
#1445=ORIENTED_EDGE('',*,*,#1122,.F.);
#1446=ORIENTED_EDGE('',*,*,#1123,.F.);
#1447=ORIENTED_EDGE('',*,*,#1124,.T.);
#1448=ORIENTED_EDGE('',*,*,#1092,.T.);
#1449=ORIENTED_EDGE('',*,*,#1125,.F.);
#1450=ORIENTED_EDGE('',*,*,#1126,.T.);
#1451=ORIENTED_EDGE('',*,*,#1127,.T.);
#1452=ORIENTED_EDGE('',*,*,#1070,.F.);
#1453=ORIENTED_EDGE('',*,*,#1128,.F.);
#1454=ORIENTED_EDGE('',*,*,#1129,.F.);
#1455=ORIENTED_EDGE('',*,*,#1130,.T.);
#1456=ORIENTED_EDGE('',*,*,#1131,.T.);
#1457=ORIENTED_EDGE('',*,*,#1132,.T.);
#1458=ORIENTED_EDGE('',*,*,#1133,.T.);
#1459=ORIENTED_EDGE('',*,*,#1123,.T.);
#1460=ORIENTED_EDGE('',*,*,#1111,.T.);
#1461=ORIENTED_EDGE('',*,*,#1134,.T.);
#1462=ORIENTED_EDGE('',*,*,#1135,.T.);
#1463=ORIENTED_EDGE('',*,*,#1136,.T.);
#1464=ORIENTED_EDGE('',*,*,#1137,.T.);
#1465=ORIENTED_EDGE('',*,*,#1138,.T.);
#1466=ORIENTED_EDGE('',*,*,#1139,.T.);
#1467=ORIENTED_EDGE('',*,*,#1140,.T.);
#1468=ORIENTED_EDGE('',*,*,#1141,.T.);
#1469=ORIENTED_EDGE('',*,*,#1142,.T.);
#1470=ORIENTED_EDGE('',*,*,#1143,.T.);
#1471=ORIENTED_EDGE('',*,*,#1144,.T.);
#1472=ORIENTED_EDGE('',*,*,#1119,.T.);
#1473=ORIENTED_EDGE('',*,*,#1122,.T.);
#1474=ORIENTED_EDGE('',*,*,#1145,.T.);
#1475=ORIENTED_EDGE('',*,*,#1146,.T.);
#1476=ORIENTED_EDGE('',*,*,#1147,.T.);
#1477=ORIENTED_EDGE('',*,*,#1148,.T.);
#1478=ORIENTED_EDGE('',*,*,#1149,.T.);
#1479=ORIENTED_EDGE('',*,*,#1150,.T.);
#1480=ORIENTED_EDGE('',*,*,#1151,.T.);
#1481=ORIENTED_EDGE('',*,*,#1152,.T.);
#1482=ORIENTED_EDGE('',*,*,#1153,.T.);
#1483=ORIENTED_EDGE('',*,*,#1154,.T.);
#1484=ORIENTED_EDGE('',*,*,#1155,.T.);
#1485=ORIENTED_EDGE('',*,*,#1156,.T.);
#1486=ORIENTED_EDGE('',*,*,#1157,.T.);
#1487=ORIENTED_EDGE('',*,*,#1158,.T.);
#1488=ORIENTED_EDGE('',*,*,#1159,.T.);
#1489=ORIENTED_EDGE('',*,*,#1160,.T.);
#1490=ORIENTED_EDGE('',*,*,#1161,.T.);
#1491=ORIENTED_EDGE('',*,*,#1162,.T.);
#1492=ORIENTED_EDGE('',*,*,#1163,.T.);
#1493=ORIENTED_EDGE('',*,*,#1164,.T.);
#1494=ORIENTED_EDGE('',*,*,#1165,.T.);
#1495=ORIENTED_EDGE('',*,*,#1166,.T.);
#1496=ORIENTED_EDGE('',*,*,#1167,.T.);
#1497=ORIENTED_EDGE('',*,*,#1168,.T.);
#1498=ORIENTED_EDGE('',*,*,#1169,.T.);
#1499=ORIENTED_EDGE('',*,*,#1170,.T.);
#1500=ORIENTED_EDGE('',*,*,#1171,.T.);
#1501=ORIENTED_EDGE('',*,*,#1172,.T.);
#1502=ORIENTED_EDGE('',*,*,#1173,.T.);
#1503=ORIENTED_EDGE('',*,*,#1174,.T.);
#1504=ORIENTED_EDGE('',*,*,#1175,.T.);
#1505=ORIENTED_EDGE('',*,*,#1176,.T.);
#1506=ORIENTED_EDGE('',*,*,#1171,.F.);
#1507=ORIENTED_EDGE('',*,*,#1177,.T.);
#1508=ORIENTED_EDGE('',*,*,#1051,.F.);
#1509=ORIENTED_EDGE('',*,*,#1050,.T.);
#1510=ORIENTED_EDGE('',*,*,#1178,.F.);
#1511=ORIENTED_EDGE('',*,*,#1134,.F.);
#1512=ORIENTED_EDGE('',*,*,#1176,.F.);
#1513=ORIENTED_EDGE('',*,*,#1179,.F.);
#1514=ORIENTED_EDGE('',*,*,#1180,.T.);
#1515=ORIENTED_EDGE('',*,*,#1065,.F.);
#1516=ORIENTED_EDGE('',*,*,#1181,.F.);
#1517=ORIENTED_EDGE('',*,*,#1182,.T.);
#1518=ORIENTED_EDGE('',*,*,#1183,.T.);
#1519=ORIENTED_EDGE('',*,*,#1179,.T.);
#1520=ORIENTED_EDGE('',*,*,#1184,.T.);
#1521=ORIENTED_EDGE('',*,*,#1185,.F.);
#1522=ORIENTED_EDGE('',*,*,#1186,.F.);
#1523=ORIENTED_EDGE('',*,*,#1182,.F.);
#1524=ORIENTED_EDGE('',*,*,#1187,.F.);
#1525=ORIENTED_EDGE('',*,*,#1188,.T.);
#1526=ORIENTED_EDGE('',*,*,#1189,.T.);
#1527=ORIENTED_EDGE('',*,*,#1190,.T.);
#1528=ORIENTED_EDGE('',*,*,#1185,.T.);
#1529=ORIENTED_EDGE('',*,*,#1191,.T.);
#1530=ORIENTED_EDGE('',*,*,#1151,.F.);
#1531=ORIENTED_EDGE('',*,*,#1192,.T.);
#1532=ORIENTED_EDGE('',*,*,#1193,.T.);
#1533=ORIENTED_EDGE('',*,*,#1194,.T.);
#1534=ORIENTED_EDGE('',*,*,#1078,.F.);
#1535=ORIENTED_EDGE('',*,*,#1195,.T.);
#1536=ORIENTED_EDGE('',*,*,#1196,.T.);
#1537=ORIENTED_EDGE('',*,*,#1193,.F.);
#1538=ORIENTED_EDGE('',*,*,#1197,.F.);
#1539=ORIENTED_EDGE('',*,*,#1198,.T.);
#1540=ORIENTED_EDGE('',*,*,#1080,.F.);
#1541=ORIENTED_EDGE('',*,*,#1199,.F.);
#1542=ORIENTED_EDGE('',*,*,#1195,.F.);
#1543=ORIENTED_EDGE('',*,*,#1200,.T.);
#1544=ORIENTED_EDGE('',*,*,#1201,.T.);
#1545=ORIENTED_EDGE('',*,*,#1163,.F.);
#1546=ORIENTED_EDGE('',*,*,#1202,.T.);
#1547=ORIENTED_EDGE('',*,*,#1203,.T.);
#1548=ORIENTED_EDGE('',*,*,#1204,.F.);
#1549=ORIENTED_EDGE('',*,*,#1205,.T.);
#1550=ORIENTED_EDGE('',*,*,#1206,.T.);
#1551=ORIENTED_EDGE('',*,*,#1207,.T.);
#1552=ORIENTED_EDGE('',*,*,#1208,.F.);
#1553=ORIENTED_EDGE('',*,*,#1203,.F.);
#1554=ORIENTED_EDGE('',*,*,#1209,.F.);
#1555=ORIENTED_EDGE('',*,*,#1061,.F.);
#1556=ORIENTED_EDGE('',*,*,#1210,.F.);
#1557=ORIENTED_EDGE('',*,*,#1205,.F.);
#1558=ORIENTED_EDGE('',*,*,#1206,.F.);
#1559=ORIENTED_EDGE('',*,*,#1210,.T.);
#1560=ORIENTED_EDGE('',*,*,#1060,.F.);
#1561=ORIENTED_EDGE('',*,*,#1211,.F.);
#1562=ORIENTED_EDGE('',*,*,#1212,.F.);
#1563=ORIENTED_EDGE('',*,*,#1207,.F.);
#1564=ORIENTED_EDGE('',*,*,#1211,.T.);
#1565=ORIENTED_EDGE('',*,*,#1059,.F.);
#1566=ORIENTED_EDGE('',*,*,#1209,.T.);
#1567=ORIENTED_EDGE('',*,*,#1204,.T.);
#1568=ORIENTED_EDGE('',*,*,#1202,.F.);
#1569=ORIENTED_EDGE('',*,*,#1162,.F.);
#1570=ORIENTED_EDGE('',*,*,#1213,.T.);
#1571=ORIENTED_EDGE('',*,*,#1062,.F.);
#1572=ORIENTED_EDGE('',*,*,#1194,.F.);
#1573=ORIENTED_EDGE('',*,*,#1196,.F.);
#1574=ORIENTED_EDGE('',*,*,#1199,.T.);
#1575=ORIENTED_EDGE('',*,*,#1079,.F.);
#1576=ORIENTED_EDGE('',*,*,#1214,.F.);
#1577=ORIENTED_EDGE('',*,*,#1081,.F.);
#1578=ORIENTED_EDGE('',*,*,#1200,.F.);
#1579=ORIENTED_EDGE('',*,*,#1198,.F.);
#1580=ORIENTED_EDGE('',*,*,#1215,.F.);
#1581=ORIENTED_EDGE('',*,*,#1075,.F.);
#1582=ORIENTED_EDGE('',*,*,#1216,.F.);
#1583=ORIENTED_EDGE('',*,*,#1217,.F.);
#1584=ORIENTED_EDGE('',*,*,#1218,.F.);
#1585=ORIENTED_EDGE('',*,*,#1217,.T.);
#1586=ORIENTED_EDGE('',*,*,#1219,.T.);
#1587=ORIENTED_EDGE('',*,*,#1220,.T.);
#1588=ORIENTED_EDGE('',*,*,#1221,.F.);
#1589=ORIENTED_EDGE('',*,*,#1222,.F.);
#1590=ORIENTED_EDGE('',*,*,#1220,.F.);
#1591=ORIENTED_EDGE('',*,*,#1223,.T.);
#1592=ORIENTED_EDGE('',*,*,#1073,.F.);
#1593=ORIENTED_EDGE('',*,*,#1219,.F.);
#1594=ORIENTED_EDGE('',*,*,#1216,.T.);
#1595=ORIENTED_EDGE('',*,*,#1074,.F.);
#1596=ORIENTED_EDGE('',*,*,#1223,.F.);
#1597=ORIENTED_EDGE('',*,*,#1224,.T.);
#1598=ORIENTED_EDGE('',*,*,#1076,.F.);
#1599=ORIENTED_EDGE('',*,*,#1215,.T.);
#1600=ORIENTED_EDGE('',*,*,#1218,.T.);
#1601=ORIENTED_EDGE('',*,*,#1225,.F.);
#1602=ORIENTED_EDGE('',*,*,#1153,.F.);
#1603=ORIENTED_EDGE('',*,*,#1221,.T.);
#1604=ORIENTED_EDGE('',*,*,#1222,.T.);
#1605=ORIENTED_EDGE('',*,*,#1072,.F.);
#1606=ORIENTED_EDGE('',*,*,#1226,.F.);
#1607=ORIENTED_EDGE('',*,*,#1154,.F.);
#1608=ORIENTED_EDGE('',*,*,#1225,.T.);
#1609=ORIENTED_EDGE('',*,*,#1069,.F.);
#1610=ORIENTED_EDGE('',*,*,#1227,.F.);
#1611=ORIENTED_EDGE('',*,*,#1228,.F.);
#1612=ORIENTED_EDGE('',*,*,#1128,.T.);
#1613=ORIENTED_EDGE('',*,*,#1127,.F.);
#1614=ORIENTED_EDGE('',*,*,#1229,.T.);
#1615=ORIENTED_EDGE('',*,*,#1230,.T.);
#1616=ORIENTED_EDGE('',*,*,#1155,.F.);
#1617=ORIENTED_EDGE('',*,*,#1226,.T.);
#1618=ORIENTED_EDGE('',*,*,#1071,.F.);
#1619=ORIENTED_EDGE('',*,*,#1227,.T.);
#1620=ORIENTED_EDGE('',*,*,#1068,.F.);
#1621=ORIENTED_EDGE('',*,*,#1231,.F.);
#1622=ORIENTED_EDGE('',*,*,#1232,.F.);
#1623=ORIENTED_EDGE('',*,*,#1233,.T.);
#1624=ORIENTED_EDGE('',*,*,#1094,.T.);
#1625=ORIENTED_EDGE('',*,*,#1234,.T.);
#1626=ORIENTED_EDGE('',*,*,#1132,.F.);
#1627=ORIENTED_EDGE('',*,*,#1235,.T.);
#1628=ORIENTED_EDGE('',*,*,#1236,.F.);
#1629=ORIENTED_EDGE('',*,*,#1237,.F.);
#1630=ORIENTED_EDGE('',*,*,#1238,.F.);
#1631=ORIENTED_EDGE('',*,*,#1231,.T.);
#1632=ORIENTED_EDGE('',*,*,#1067,.F.);
#1633=ORIENTED_EDGE('',*,*,#1237,.T.);
#1634=ORIENTED_EDGE('',*,*,#1066,.F.);
#1635=ORIENTED_EDGE('',*,*,#1180,.F.);
#1636=ORIENTED_EDGE('',*,*,#1183,.F.);
#1637=ORIENTED_EDGE('',*,*,#1186,.T.);
#1638=ORIENTED_EDGE('',*,*,#1190,.F.);
#1639=ORIENTED_EDGE('',*,*,#1239,.T.);
#1640=ORIENTED_EDGE('',*,*,#1044,.T.);
#1641=ORIENTED_EDGE('',*,*,#1240,.F.);
#1642=ORIENTED_EDGE('',*,*,#1241,.F.);
#1643=ORIENTED_EDGE('',*,*,#1242,.T.);
#1644=ORIENTED_EDGE('',*,*,#1243,.T.);
#1645=ORIENTED_EDGE('',*,*,#1046,.T.);
#1646=ORIENTED_EDGE('',*,*,#1244,.T.);
#1647=ORIENTED_EDGE('',*,*,#1188,.F.);
#1648=ORIENTED_EDGE('',*,*,#1187,.T.);
#1649=ORIENTED_EDGE('',*,*,#1184,.F.);
#1650=ORIENTED_EDGE('',*,*,#1181,.T.);
#1651=ORIENTED_EDGE('',*,*,#1064,.F.);
#1652=ORIENTED_EDGE('',*,*,#1245,.F.);
#1653=ORIENTED_EDGE('',*,*,#1213,.F.);
#1654=ORIENTED_EDGE('',*,*,#1161,.F.);
#1655=ORIENTED_EDGE('',*,*,#1246,.T.);
#1656=ORIENTED_EDGE('',*,*,#1247,.T.);
#1657=ORIENTED_EDGE('',*,*,#1245,.T.);
#1658=ORIENTED_EDGE('',*,*,#1063,.F.);
#1659=ORIENTED_EDGE('',*,*,#1177,.F.);
#1660=ORIENTED_EDGE('',*,*,#1170,.F.);
#1661=ORIENTED_EDGE('',*,*,#1248,.T.);
#1662=ORIENTED_EDGE('',*,*,#1052,.F.);
#1663=ORIENTED_EDGE('',*,*,#1164,.F.);
#1664=ORIENTED_EDGE('',*,*,#1201,.F.);
#1665=ORIENTED_EDGE('',*,*,#1208,.T.);
#1666=ORIENTED_EDGE('',*,*,#1212,.T.);
#1667=ORIENTED_EDGE('',*,*,#1058,.T.);
#1668=ORIENTED_EDGE('',*,*,#1249,.F.);
#1669=ORIENTED_EDGE('',*,*,#1152,.F.);
#1670=ORIENTED_EDGE('',*,*,#1191,.F.);
#1671=ORIENTED_EDGE('',*,*,#1077,.T.);
#1672=ORIENTED_EDGE('',*,*,#1224,.F.);
#1673=ORIENTED_EDGE('',*,*,#1100,.T.);
#1674=ORIENTED_EDGE('',*,*,#1250,.T.);
#1675=ORIENTED_EDGE('',*,*,#1251,.T.);
#1676=ORIENTED_EDGE('',*,*,#1113,.T.);
#1677=ORIENTED_EDGE('',*,*,#1251,.F.);
#1678=ORIENTED_EDGE('',*,*,#1252,.T.);
#1679=ORIENTED_EDGE('',*,*,#1253,.T.);
#1680=ORIENTED_EDGE('',*,*,#1114,.T.);
#1681=ORIENTED_EDGE('',*,*,#1254,.T.);
#1682=ORIENTED_EDGE('',*,*,#1115,.T.);
#1683=ORIENTED_EDGE('',*,*,#1253,.F.);
#1684=ORIENTED_EDGE('',*,*,#1255,.T.);
#1685=ORIENTED_EDGE('',*,*,#1254,.F.);
#1686=ORIENTED_EDGE('',*,*,#1256,.T.);
#1687=ORIENTED_EDGE('',*,*,#1257,.T.);
#1688=ORIENTED_EDGE('',*,*,#1116,.T.);
#1689=ORIENTED_EDGE('',*,*,#1038,.T.);
#1690=ORIENTED_EDGE('',*,*,#1117,.T.);
#1691=ORIENTED_EDGE('',*,*,#1257,.F.);
#1692=ORIENTED_EDGE('',*,*,#1258,.T.);
#1693=ORIENTED_EDGE('',*,*,#1258,.F.);
#1694=ORIENTED_EDGE('',*,*,#1259,.F.);
#1695=ORIENTED_EDGE('',*,*,#1260,.F.);
#1696=ORIENTED_EDGE('',*,*,#1039,.F.);
#1697=ORIENTED_EDGE('',*,*,#1256,.F.);
#1698=ORIENTED_EDGE('',*,*,#1261,.T.);
#1699=ORIENTED_EDGE('',*,*,#1262,.T.);
#1700=ORIENTED_EDGE('',*,*,#1259,.T.);
#1701=ORIENTED_EDGE('',*,*,#1255,.F.);
#1702=ORIENTED_EDGE('',*,*,#1263,.F.);
#1703=ORIENTED_EDGE('',*,*,#1264,.F.);
#1704=ORIENTED_EDGE('',*,*,#1265,.F.);
#1705=ORIENTED_EDGE('',*,*,#1266,.F.);
#1706=ORIENTED_EDGE('',*,*,#1267,.F.);
#1707=ORIENTED_EDGE('',*,*,#1268,.F.);
#1708=ORIENTED_EDGE('',*,*,#1269,.F.);
#1709=ORIENTED_EDGE('',*,*,#1270,.F.);
#1710=ORIENTED_EDGE('',*,*,#1261,.F.);
#1711=ORIENTED_EDGE('',*,*,#1252,.F.);
#1712=ORIENTED_EDGE('',*,*,#1271,.T.);
#1713=ORIENTED_EDGE('',*,*,#1272,.F.);
#1714=ORIENTED_EDGE('',*,*,#1263,.T.);
#1715=ORIENTED_EDGE('',*,*,#1250,.F.);
#1716=ORIENTED_EDGE('',*,*,#1099,.F.);
#1717=ORIENTED_EDGE('',*,*,#1273,.T.);
#1718=ORIENTED_EDGE('',*,*,#1271,.F.);
#1719=ORIENTED_EDGE('',*,*,#1228,.T.);
#1720=ORIENTED_EDGE('',*,*,#1236,.T.);
#1721=ORIENTED_EDGE('',*,*,#1274,.T.);
#1722=ORIENTED_EDGE('',*,*,#1129,.T.);
#1723=ORIENTED_EDGE('',*,*,#1274,.F.);
#1724=ORIENTED_EDGE('',*,*,#1235,.F.);
#1725=ORIENTED_EDGE('',*,*,#1131,.F.);
#1726=ORIENTED_EDGE('',*,*,#1130,.F.);
#1727=ORIENTED_EDGE('',*,*,#1133,.F.);
#1728=ORIENTED_EDGE('',*,*,#1234,.F.);
#1729=ORIENTED_EDGE('',*,*,#1093,.F.);
#1730=ORIENTED_EDGE('',*,*,#1124,.F.);
#1731=ORIENTED_EDGE('',*,*,#1189,.F.);
#1732=ORIENTED_EDGE('',*,*,#1244,.F.);
#1733=ORIENTED_EDGE('',*,*,#1045,.F.);
#1734=ORIENTED_EDGE('',*,*,#1239,.F.);
#1735=ORIENTED_EDGE('',*,*,#1275,.F.);
#1736=ORIENTED_EDGE('',*,*,#1276,.F.);
#1737=ORIENTED_EDGE('',*,*,#1277,.F.);
#1738=ORIENTED_EDGE('',*,*,#1278,.F.);
#1739=ORIENTED_EDGE('',*,*,#1279,.F.);
#1740=ORIENTED_EDGE('',*,*,#1280,.F.);
#1741=ORIENTED_EDGE('',*,*,#1281,.F.);
#1742=ORIENTED_EDGE('',*,*,#1282,.F.);
#1743=ORIENTED_EDGE('',*,*,#1283,.T.);
#1744=ORIENTED_EDGE('',*,*,#1284,.T.);
#1745=ORIENTED_EDGE('',*,*,#1266,.T.);
#1746=ORIENTED_EDGE('',*,*,#1285,.T.);
#1747=ORIENTED_EDGE('',*,*,#1265,.T.);
#1748=ORIENTED_EDGE('',*,*,#1286,.T.);
#1749=ORIENTED_EDGE('',*,*,#1287,.T.);
#1750=ORIENTED_EDGE('',*,*,#1285,.F.);
#1751=ORIENTED_EDGE('',*,*,#1272,.T.);
#1752=ORIENTED_EDGE('',*,*,#1288,.T.);
#1753=ORIENTED_EDGE('',*,*,#1286,.F.);
#1754=ORIENTED_EDGE('',*,*,#1264,.T.);
#1755=ORIENTED_EDGE('',*,*,#1289,.T.);
#1756=ORIENTED_EDGE('',*,*,#1290,.T.);
#1757=ORIENTED_EDGE('',*,*,#1262,.F.);
#1758=ORIENTED_EDGE('',*,*,#1270,.T.);
#1759=ORIENTED_EDGE('',*,*,#1291,.T.);
#1760=ORIENTED_EDGE('',*,*,#1289,.F.);
#1761=ORIENTED_EDGE('',*,*,#1269,.T.);
#1762=ORIENTED_EDGE('',*,*,#1292,.T.);
#1763=ORIENTED_EDGE('',*,*,#1268,.T.);
#1764=ORIENTED_EDGE('',*,*,#1293,.T.);
#1765=ORIENTED_EDGE('',*,*,#1294,.T.);
#1766=ORIENTED_EDGE('',*,*,#1292,.F.);
#1767=ORIENTED_EDGE('',*,*,#1290,.F.);
#1768=ORIENTED_EDGE('',*,*,#1295,.F.);
#1769=ORIENTED_EDGE('',*,*,#1040,.F.);
#1770=ORIENTED_EDGE('',*,*,#1260,.T.);
#1771=ORIENTED_EDGE('',*,*,#1291,.F.);
#1772=ORIENTED_EDGE('',*,*,#1296,.F.);
#1773=ORIENTED_EDGE('',*,*,#1041,.F.);
#1774=ORIENTED_EDGE('',*,*,#1295,.T.);
#1775=ORIENTED_EDGE('',*,*,#1294,.F.);
#1776=ORIENTED_EDGE('',*,*,#1297,.F.);
#1777=ORIENTED_EDGE('',*,*,#1042,.F.);
#1778=ORIENTED_EDGE('',*,*,#1296,.T.);
#1779=ORIENTED_EDGE('',*,*,#1288,.F.);
#1780=ORIENTED_EDGE('',*,*,#1273,.F.);
#1781=ORIENTED_EDGE('',*,*,#1098,.F.);
#1782=ORIENTED_EDGE('',*,*,#1298,.T.);
#1783=ORIENTED_EDGE('',*,*,#1287,.F.);
#1784=ORIENTED_EDGE('',*,*,#1298,.F.);
#1785=ORIENTED_EDGE('',*,*,#1097,.F.);
#1786=ORIENTED_EDGE('',*,*,#1299,.T.);
#1787=ORIENTED_EDGE('',*,*,#1283,.F.);
#1788=ORIENTED_EDGE('',*,*,#1299,.F.);
#1789=ORIENTED_EDGE('',*,*,#1096,.F.);
#1790=ORIENTED_EDGE('',*,*,#1300,.F.);
#1791=ORIENTED_EDGE('',*,*,#1297,.T.);
#1792=ORIENTED_EDGE('',*,*,#1293,.F.);
#1793=ORIENTED_EDGE('',*,*,#1267,.T.);
#1794=ORIENTED_EDGE('',*,*,#1284,.F.);
#1795=ORIENTED_EDGE('',*,*,#1300,.T.);
#1796=ORIENTED_EDGE('',*,*,#1095,.T.);
#1797=ORIENTED_EDGE('',*,*,#1233,.F.);
#1798=ORIENTED_EDGE('',*,*,#1301,.F.);
#1799=ORIENTED_EDGE('',*,*,#1240,.T.);
#1800=ORIENTED_EDGE('',*,*,#1043,.T.);
#1801=ORIENTED_EDGE('',*,*,#1102,.F.);
#1802=ORIENTED_EDGE('',*,*,#1302,.T.);
#1803=ORIENTED_EDGE('',*,*,#1279,.T.);
#1804=ORIENTED_EDGE('',*,*,#1302,.F.);
#1805=ORIENTED_EDGE('',*,*,#1104,.F.);
#1806=ORIENTED_EDGE('',*,*,#1303,.T.);
#1807=ORIENTED_EDGE('',*,*,#1277,.T.);
#1808=ORIENTED_EDGE('',*,*,#1303,.F.);
#1809=ORIENTED_EDGE('',*,*,#1105,.F.);
#1810=ORIENTED_EDGE('',*,*,#1304,.T.);
#1811=ORIENTED_EDGE('',*,*,#1281,.T.);
#1812=ORIENTED_EDGE('',*,*,#1304,.F.);
#1813=ORIENTED_EDGE('',*,*,#1109,.F.);
#1814=ORIENTED_EDGE('',*,*,#1305,.T.);
#1815=ORIENTED_EDGE('',*,*,#1275,.T.);
#1816=ORIENTED_EDGE('',*,*,#1305,.F.);
#1817=ORIENTED_EDGE('',*,*,#1121,.T.);
#1818=ORIENTED_EDGE('',*,*,#1087,.F.);
#1819=ORIENTED_EDGE('',*,*,#1306,.F.);
#1820=ORIENTED_EDGE('',*,*,#1145,.F.);
#1821=ORIENTED_EDGE('',*,*,#1307,.F.);
#1822=ORIENTED_EDGE('',*,*,#1146,.F.);
#1823=ORIENTED_EDGE('',*,*,#1306,.T.);
#1824=ORIENTED_EDGE('',*,*,#1086,.F.);
#1825=ORIENTED_EDGE('',*,*,#1308,.F.);
#1826=ORIENTED_EDGE('',*,*,#1147,.F.);
#1827=ORIENTED_EDGE('',*,*,#1307,.T.);
#1828=ORIENTED_EDGE('',*,*,#1085,.F.);
#1829=ORIENTED_EDGE('',*,*,#1309,.F.);
#1830=ORIENTED_EDGE('',*,*,#1148,.F.);
#1831=ORIENTED_EDGE('',*,*,#1308,.T.);
#1832=ORIENTED_EDGE('',*,*,#1084,.F.);
#1833=ORIENTED_EDGE('',*,*,#1310,.F.);
#1834=ORIENTED_EDGE('',*,*,#1149,.F.);
#1835=ORIENTED_EDGE('',*,*,#1309,.T.);
#1836=ORIENTED_EDGE('',*,*,#1083,.F.);
#1837=ORIENTED_EDGE('',*,*,#1197,.T.);
#1838=ORIENTED_EDGE('',*,*,#1192,.F.);
#1839=ORIENTED_EDGE('',*,*,#1150,.F.);
#1840=ORIENTED_EDGE('',*,*,#1310,.T.);
#1841=ORIENTED_EDGE('',*,*,#1082,.F.);
#1842=ORIENTED_EDGE('',*,*,#1214,.T.);
#1843=ORIENTED_EDGE('',*,*,#1249,.T.);
#1844=ORIENTED_EDGE('',*,*,#1057,.F.);
#1845=ORIENTED_EDGE('',*,*,#1311,.F.);
#1846=ORIENTED_EDGE('',*,*,#1165,.F.);
#1847=ORIENTED_EDGE('',*,*,#1056,.T.);
#1848=ORIENTED_EDGE('',*,*,#1312,.F.);
#1849=ORIENTED_EDGE('',*,*,#1166,.F.);
#1850=ORIENTED_EDGE('',*,*,#1311,.T.);
#1851=ORIENTED_EDGE('',*,*,#1055,.T.);
#1852=ORIENTED_EDGE('',*,*,#1313,.F.);
#1853=ORIENTED_EDGE('',*,*,#1167,.F.);
#1854=ORIENTED_EDGE('',*,*,#1312,.T.);
#1855=ORIENTED_EDGE('',*,*,#1054,.T.);
#1856=ORIENTED_EDGE('',*,*,#1314,.F.);
#1857=ORIENTED_EDGE('',*,*,#1168,.F.);
#1858=ORIENTED_EDGE('',*,*,#1313,.T.);
#1859=ORIENTED_EDGE('',*,*,#1053,.T.);
#1860=ORIENTED_EDGE('',*,*,#1248,.F.);
#1861=ORIENTED_EDGE('',*,*,#1169,.F.);
#1862=ORIENTED_EDGE('',*,*,#1314,.T.);
#1863=ORIENTED_EDGE('',*,*,#1315,.F.);
#1864=ORIENTED_EDGE('',*,*,#1316,.T.);
#1865=ORIENTED_EDGE('',*,*,#1282,.T.);
#1866=ORIENTED_EDGE('',*,*,#1316,.F.);
#1867=ORIENTED_EDGE('',*,*,#1317,.F.);
#1868=ORIENTED_EDGE('',*,*,#1318,.T.);
#1869=ORIENTED_EDGE('',*,*,#1278,.T.);
#1870=ORIENTED_EDGE('',*,*,#1318,.F.);
#1871=ORIENTED_EDGE('',*,*,#1319,.F.);
#1872=ORIENTED_EDGE('',*,*,#1320,.T.);
#1873=ORIENTED_EDGE('',*,*,#1276,.T.);
#1874=ORIENTED_EDGE('',*,*,#1320,.F.);
#1875=ORIENTED_EDGE('',*,*,#1321,.F.);
#1876=ORIENTED_EDGE('',*,*,#1322,.T.);
#1877=ORIENTED_EDGE('',*,*,#1106,.F.);
#1878=ORIENTED_EDGE('',*,*,#1322,.F.);
#1879=ORIENTED_EDGE('',*,*,#1323,.F.);
#1880=ORIENTED_EDGE('',*,*,#1324,.T.);
#1881=ORIENTED_EDGE('',*,*,#1280,.T.);
#1882=ORIENTED_EDGE('',*,*,#1324,.F.);
#1883=ORIENTED_EDGE('',*,*,#1141,.F.);
#1884=ORIENTED_EDGE('',*,*,#1325,.T.);
#1885=ORIENTED_EDGE('',*,*,#1326,.T.);
#1886=ORIENTED_EDGE('',*,*,#1327,.F.);
#1887=ORIENTED_EDGE('',*,*,#1140,.F.);
#1888=ORIENTED_EDGE('',*,*,#1328,.T.);
#1889=ORIENTED_EDGE('',*,*,#1329,.T.);
#1890=ORIENTED_EDGE('',*,*,#1325,.F.);
#1891=ORIENTED_EDGE('',*,*,#1139,.F.);
#1892=ORIENTED_EDGE('',*,*,#1330,.T.);
#1893=ORIENTED_EDGE('',*,*,#1331,.T.);
#1894=ORIENTED_EDGE('',*,*,#1328,.F.);
#1895=ORIENTED_EDGE('',*,*,#1138,.F.);
#1896=ORIENTED_EDGE('',*,*,#1332,.F.);
#1897=ORIENTED_EDGE('',*,*,#1333,.T.);
#1898=ORIENTED_EDGE('',*,*,#1330,.F.);
#1899=ORIENTED_EDGE('',*,*,#1160,.F.);
#1900=ORIENTED_EDGE('',*,*,#1334,.T.);
#1901=ORIENTED_EDGE('',*,*,#1335,.T.);
#1902=ORIENTED_EDGE('',*,*,#1246,.F.);
#1903=ORIENTED_EDGE('',*,*,#1159,.F.);
#1904=ORIENTED_EDGE('',*,*,#1336,.T.);
#1905=ORIENTED_EDGE('',*,*,#1337,.T.);
#1906=ORIENTED_EDGE('',*,*,#1334,.F.);
#1907=ORIENTED_EDGE('',*,*,#1158,.F.);
#1908=ORIENTED_EDGE('',*,*,#1338,.T.);
#1909=ORIENTED_EDGE('',*,*,#1339,.T.);
#1910=ORIENTED_EDGE('',*,*,#1336,.F.);
#1911=ORIENTED_EDGE('',*,*,#1157,.F.);
#1912=ORIENTED_EDGE('',*,*,#1340,.T.);
#1913=ORIENTED_EDGE('',*,*,#1341,.T.);
#1914=ORIENTED_EDGE('',*,*,#1338,.F.);
#1915=ORIENTED_EDGE('',*,*,#1156,.F.);
#1916=ORIENTED_EDGE('',*,*,#1230,.F.);
#1917=ORIENTED_EDGE('',*,*,#1342,.T.);
#1918=ORIENTED_EDGE('',*,*,#1340,.F.);
#1919=ORIENTED_EDGE('',*,*,#1142,.F.);
#1920=ORIENTED_EDGE('',*,*,#1327,.T.);
#1921=ORIENTED_EDGE('',*,*,#1343,.T.);
#1922=ORIENTED_EDGE('',*,*,#1344,.F.);
#1923=ORIENTED_EDGE('',*,*,#1343,.F.);
#1924=ORIENTED_EDGE('',*,*,#1326,.F.);
#1925=ORIENTED_EDGE('',*,*,#1329,.F.);
#1926=ORIENTED_EDGE('',*,*,#1331,.F.);
#1927=ORIENTED_EDGE('',*,*,#1333,.F.);
#1928=ORIENTED_EDGE('',*,*,#1345,.F.);
#1929=ORIENTED_EDGE('',*,*,#1242,.F.);
#1930=ORIENTED_EDGE('',*,*,#1247,.F.);
#1931=ORIENTED_EDGE('',*,*,#1335,.F.);
#1932=ORIENTED_EDGE('',*,*,#1337,.F.);
#1933=ORIENTED_EDGE('',*,*,#1339,.F.);
#1934=ORIENTED_EDGE('',*,*,#1341,.F.);
#1935=ORIENTED_EDGE('',*,*,#1342,.F.);
#1936=ORIENTED_EDGE('',*,*,#1229,.F.);
#1937=ORIENTED_EDGE('',*,*,#1126,.F.);
#1938=ORIENTED_EDGE('',*,*,#1346,.F.);
#1939=ORIENTED_EDGE('',*,*,#1315,.T.);
#1940=ORIENTED_EDGE('',*,*,#1317,.T.);
#1941=ORIENTED_EDGE('',*,*,#1319,.T.);
#1942=ORIENTED_EDGE('',*,*,#1232,.T.);
#1943=ORIENTED_EDGE('',*,*,#1238,.T.);
#1944=ORIENTED_EDGE('',*,*,#1241,.T.);
#1945=ORIENTED_EDGE('',*,*,#1301,.T.);
#1946=ORIENTED_EDGE('',*,*,#1321,.T.);
#1947=ORIENTED_EDGE('',*,*,#1323,.T.);
#1948=ORIENTED_EDGE('',*,*,#1047,.T.);
#1949=ORIENTED_EDGE('',*,*,#1243,.F.);
#1950=ORIENTED_EDGE('',*,*,#1345,.T.);
#1951=ORIENTED_EDGE('',*,*,#1332,.T.);
#1952=ORIENTED_EDGE('',*,*,#1137,.F.);
#1953=ORIENTED_EDGE('',*,*,#1347,.T.);
#1954=ORIENTED_EDGE('',*,*,#1091,.T.);
#1955=ORIENTED_EDGE('',*,*,#1348,.F.);
#1956=ORIENTED_EDGE('',*,*,#1143,.F.);
#1957=ORIENTED_EDGE('',*,*,#1344,.T.);
#1958=ORIENTED_EDGE('',*,*,#1346,.T.);
#1959=ORIENTED_EDGE('',*,*,#1125,.T.);
#1960=ORIENTED_EDGE('',*,*,#1172,.F.);
#1961=ORIENTED_EDGE('',*,*,#1349,.T.);
#1962=ORIENTED_EDGE('',*,*,#1107,.F.);
#1963=ORIENTED_EDGE('',*,*,#1349,.F.);
#1964=ORIENTED_EDGE('',*,*,#1173,.F.);
#1965=ORIENTED_EDGE('',*,*,#1350,.T.);
#1966=ORIENTED_EDGE('',*,*,#1108,.F.);
#1967=ORIENTED_EDGE('',*,*,#1350,.F.);
#1968=ORIENTED_EDGE('',*,*,#1048,.T.);
#1969=ORIENTED_EDGE('',*,*,#1347,.F.);
#1970=ORIENTED_EDGE('',*,*,#1136,.F.);
#1971=ORIENTED_EDGE('',*,*,#1351,.T.);
#1972=ORIENTED_EDGE('',*,*,#1178,.T.);
#1973=ORIENTED_EDGE('',*,*,#1049,.F.);
#1974=ORIENTED_EDGE('',*,*,#1351,.F.);
#1975=ORIENTED_EDGE('',*,*,#1135,.F.);
#1976=ORIENTED_EDGE('',*,*,#1175,.F.);
#1977=ORIENTED_EDGE('',*,*,#1352,.T.);
#1978=ORIENTED_EDGE('',*,*,#1110,.T.);
#1979=ORIENTED_EDGE('',*,*,#1352,.F.);
#1980=ORIENTED_EDGE('',*,*,#1120,.F.);
#1981=ORIENTED_EDGE('',*,*,#1144,.F.);
#1982=ORIENTED_EDGE('',*,*,#1348,.T.);
#1983=ORIENTED_EDGE('',*,*,#1090,.T.);
#1984=ORIENTED_EDGE('',*,*,#1174,.F.);
#1985=ORIENTED_EDGE('',*,*,#1353,.T.);
#1986=ORIENTED_EDGE('',*,*,#1103,.T.);
#1987=ORIENTED_EDGE('',*,*,#1353,.F.);
#1988=PLANE('',#2143);
#1989=PLANE('',#2203);
#1990=PLANE('',#2208);
#1991=PLANE('',#2253);
#1992=PLANE('',#2257);
#1993=PLANE('',#2263);
#1994=PLANE('',#2270);
#1995=PLANE('',#2275);
#1996=PLANE('',#2280);
#1997=PLANE('',#2283);
#1998=PLANE('',#2287);
#1999=PLANE('',#2291);
#2000=PLANE('',#2294);
#2001=PLANE('',#2296);
#2002=PLANE('',#2297);
#2003=PLANE('',#2298);
#2004=PLANE('',#2312);
#2005=PLANE('',#2315);
#2006=PLANE('',#2322);
#2007=PLANE('',#2324);
#2008=PLANE('',#2325);
#2009=PLANE('',#2326);
#2010=PLANE('',#2327);
#2011=PLANE('',#2330);
#2012=PLANE('',#2333);
#2013=PLANE('',#2336);
#2014=PLANE('',#2355);
#2015=PLANE('',#2358);
#2016=PLANE('',#2359);
#2017=PLANE('',#2405);
#2018=ADVANCED_FACE('',(#126,#102,#103,#104,#105,#106,#107,#108,#109,#110),
#1988,.F.);
#2019=ADVANCED_FACE('',(#127),#28,.T.);
#2020=ADVANCED_FACE('',(#128),#29,.F.);
#2021=ADVANCED_FACE('',(#129),#30,.F.);
#2022=ADVANCED_FACE('',(#130),#1989,.F.);
#2023=ADVANCED_FACE('',(#131),#31,.F.);
#2024=ADVANCED_FACE('',(#132,#111,#112,#113,#114,#115),#1990,.T.);
#2025=ADVANCED_FACE('',(#133),#32,.F.);
#2026=ADVANCED_FACE('',(#134),#33,.F.);
#2027=ADVANCED_FACE('',(#135),#1991,.T.);
#2028=ADVANCED_FACE('',(#136),#34,.F.);
#2029=ADVANCED_FACE('',(#137),#1992,.F.);
#2030=ADVANCED_FACE('',(#138),#35,.F.);
#2031=ADVANCED_FACE('',(#139),#36,.F.);
#2032=ADVANCED_FACE('',(#140),#1993,.F.);
#2033=ADVANCED_FACE('',(#141),#37,.F.);
#2034=ADVANCED_FACE('',(#142),#38,.F.);
#2035=ADVANCED_FACE('',(#143),#1994,.F.);
#2036=ADVANCED_FACE('',(#144),#1995,.T.);
#2037=ADVANCED_FACE('',(#145),#39,.F.);
#2038=ADVANCED_FACE('',(#146),#40,.F.);
#2039=ADVANCED_FACE('',(#147),#41,.F.);
#2040=ADVANCED_FACE('',(#148),#42,.F.);
#2041=ADVANCED_FACE('',(#149),#1996,.T.);
#2042=ADVANCED_FACE('',(#150),#43,.F.);
#2043=ADVANCED_FACE('',(#151),#1997,.F.);
#2044=ADVANCED_FACE('',(#152),#1998,.T.);
#2045=ADVANCED_FACE('',(#153),#44,.F.);
#2046=ADVANCED_FACE('',(#154),#45,.F.);
#2047=ADVANCED_FACE('',(#155),#46,.F.);
#2048=ADVANCED_FACE('',(#156),#1999,.T.);
#2049=ADVANCED_FACE('',(#157),#47,.F.);
#2050=ADVANCED_FACE('',(#158),#2000,.F.);
#2051=ADVANCED_FACE('',(#159),#2001,.F.);
#2052=ADVANCED_FACE('',(#160),#2002,.F.);
#2053=ADVANCED_FACE('',(#161),#2003,.F.);
#2054=ADVANCED_FACE('',(#162),#48,.F.);
#2055=ADVANCED_FACE('',(#163),#49,.F.);
#2056=ADVANCED_FACE('',(#164),#50,.F.);
#2057=ADVANCED_FACE('',(#165),#51,.F.);
#2058=ADVANCED_FACE('',(#166),#52,.T.);
#2059=ADVANCED_FACE('',(#167),#20,.F.);
#2060=ADVANCED_FACE('',(#168),#15,.T.);
#2061=ADVANCED_FACE('',(#169),#21,.F.);
#2062=ADVANCED_FACE('',(#170),#53,.T.);
#2063=ADVANCED_FACE('',(#171),#2004,.F.);
#2064=ADVANCED_FACE('',(#172),#54,.F.);
#2065=ADVANCED_FACE('',(#173),#2005,.T.);
#2066=ADVANCED_FACE('',(#174),#55,.F.);
#2067=ADVANCED_FACE('',(#175),#2006,.F.);
#2068=ADVANCED_FACE('',(#176),#56,.F.);
#2069=ADVANCED_FACE('',(#177),#2007,.F.);
#2070=ADVANCED_FACE('',(#178),#2008,.F.);
#2071=ADVANCED_FACE('',(#179),#2009,.F.);
#2072=ADVANCED_FACE('',(#180,#116),#2010,.T.);
#2073=ADVANCED_FACE('',(#181,#117),#2011,.T.);
#2074=ADVANCED_FACE('',(#182,#118),#2012,.T.);
#2075=ADVANCED_FACE('',(#183,#119),#2013,.T.);
#2076=ADVANCED_FACE('',(#184),#57,.F.);
#2077=ADVANCED_FACE('',(#185),#16,.F.);
#2078=ADVANCED_FACE('',(#186),#17,.F.);
#2079=ADVANCED_FACE('',(#187),#18,.F.);
#2080=ADVANCED_FACE('',(#188),#19,.F.);
#2081=ADVANCED_FACE('',(#189),#58,.F.);
#2082=ADVANCED_FACE('',(#190),#59,.T.);
#2083=ADVANCED_FACE('',(#191),#60,.F.);
#2084=ADVANCED_FACE('',(#192),#2014,.F.);
#2085=ADVANCED_FACE('',(#193),#61,.F.);
#2086=ADVANCED_FACE('',(#194),#62,.T.);
#2087=ADVANCED_FACE('',(#195),#2015,.F.);
#2088=ADVANCED_FACE('',(#196),#2016,.F.);
#2089=ADVANCED_FACE('',(#197),#63,.F.);
#2090=ADVANCED_FACE('',(#198),#64,.F.);
#2091=ADVANCED_FACE('',(#199),#65,.F.);
#2092=ADVANCED_FACE('',(#200),#66,.F.);
#2093=ADVANCED_FACE('',(#201),#67,.F.);
#2094=ADVANCED_FACE('',(#202),#68,.F.);
#2095=ADVANCED_FACE('',(#203),#69,.F.);
#2096=ADVANCED_FACE('',(#204),#70,.T.);
#2097=ADVANCED_FACE('',(#205),#71,.F.);
#2098=ADVANCED_FACE('',(#206),#72,.F.);
#2099=ADVANCED_FACE('',(#207),#73,.F.);
#2100=ADVANCED_FACE('',(#208),#74,.F.);
#2101=ADVANCED_FACE('',(#209),#75,.F.);
#2102=ADVANCED_FACE('',(#210),#76,.T.);
#2103=ADVANCED_FACE('',(#211),#77,.F.);
#2104=ADVANCED_FACE('',(#212),#78,.F.);
#2105=ADVANCED_FACE('',(#213),#79,.F.);
#2106=ADVANCED_FACE('',(#214),#80,.F.);
#2107=ADVANCED_FACE('',(#215),#81,.F.);
#2108=ADVANCED_FACE('',(#216),#82,.F.);
#2109=ADVANCED_FACE('',(#217),#83,.F.);
#2110=ADVANCED_FACE('',(#218),#84,.T.);
#2111=ADVANCED_FACE('',(#219),#85,.F.);
#2112=ADVANCED_FACE('',(#220),#86,.F.);
#2113=ADVANCED_FACE('',(#221),#87,.F.);
#2114=ADVANCED_FACE('',(#222),#88,.F.);
#2115=ADVANCED_FACE('',(#223),#89,.T.);
#2116=ADVANCED_FACE('',(#224),#90,.F.);
#2117=ADVANCED_FACE('',(#225),#91,.F.);
#2118=ADVANCED_FACE('',(#226),#92,.F.);
#2119=ADVANCED_FACE('',(#227,#120,#121,#122,#123,#124,#125),#2017,.T.);
#2120=ADVANCED_FACE('',(#228),#93,.F.);
#2121=ADVANCED_FACE('',(#229),#94,.F.);
#2122=ADVANCED_FACE('',(#230),#95,.F.);
#2123=ADVANCED_FACE('',(#231),#96,.F.);
#2124=ADVANCED_FACE('',(#232),#97,.F.);
#2125=ADVANCED_FACE('',(#233),#98,.F.);
#2126=ADVANCED_FACE('',(#234),#99,.F.);
#2127=ADVANCED_FACE('',(#235),#100,.F.);
#2128=ADVANCED_FACE('',(#236),#101,.F.);
#2129=CLOSED_SHELL('',(#2018,#2019,#2020,#2021,#2022,#2023,#2024,#2025,
#2026,#2027,#2028,#2029,#2030,#2031,#2032,#2033,#2034,#2035,#2036,#2037,
#2038,#2039,#2040,#2041,#2042,#2043,#2044,#2045,#2046,#2047,#2048,#2049,
#2050,#2051,#2052,#2053,#2054,#2055,#2056,#2057,#2058,#2059,#2060,#2061,
#2062,#2063,#2064,#2065,#2066,#2067,#2068,#2069,#2070,#2071,#2072,#2073,
#2074,#2075,#2076,#2077,#2078,#2079,#2080,#2081,#2082,#2083,#2084,#2085,
#2086,#2087,#2088,#2089,#2090,#2091,#2092,#2093,#2094,#2095,#2096,#2097,
#2098,#2099,#2100,#2101,#2102,#2103,#2104,#2105,#2106,#2107,#2108,#2109,
#2110,#2111,#2112,#2113,#2114,#2115,#2116,#2117,#2118,#2119,#2120,#2121,
#2122,#2123,#2124,#2125,#2126,#2127,#2128));
#2130=DERIVED_UNIT_ELEMENT(#2132,1.);
#2131=DERIVED_UNIT_ELEMENT(#3850,-3.);
#2132=(
MASS_UNIT()
NAMED_UNIT(*)
SI_UNIT(.KILO.,.GRAM.)
);
#2133=DERIVED_UNIT((#2130,#2131));
#2134=MEASURE_REPRESENTATION_ITEM('density measure',
POSITIVE_RATIO_MEASURE(7850.),#2133);
#2135=PROPERTY_DEFINITION_REPRESENTATION(#2140,#2137);
#2136=PROPERTY_DEFINITION_REPRESENTATION(#2141,#2138);
#2137=REPRESENTATION('material name',(#2139),#3847);
#2138=REPRESENTATION('density',(#2134),#3847);
#2139=DESCRIPTIVE_REPRESENTATION_ITEM('\X2\AC15CCA0\X0\','\X2\AC15CCA0\X0\');
#2140=PROPERTY_DEFINITION('material property','material name',#3857);
#2141=PROPERTY_DEFINITION('material property','density of part',#3857);
#2142=AXIS2_PLACEMENT_3D('',#3113,#2417,#2418);
#2143=AXIS2_PLACEMENT_3D('',#3114,#2419,#2420);
#2144=AXIS2_PLACEMENT_3D('',#3117,#2421,#2422);
#2145=AXIS2_PLACEMENT_3D('',#3119,#2423,#2424);
#2146=AXIS2_PLACEMENT_3D('',#3123,#2426,#2427);
#2147=AXIS2_PLACEMENT_3D('',#3125,#2428,#2429);
#2148=AXIS2_PLACEMENT_3D('',#3137,#2435,#2436);
#2149=AXIS2_PLACEMENT_3D('',#3139,#2437,#2438);
#2150=AXIS2_PLACEMENT_3D('',#3141,#2439,#2440);
#2151=AXIS2_PLACEMENT_3D('',#3143,#2441,#2442);
#2152=AXIS2_PLACEMENT_3D('',#3145,#2443,#2444);
#2153=AXIS2_PLACEMENT_3D('',#3147,#2445,#2446);
#2154=AXIS2_PLACEMENT_3D('',#3149,#2447,#2448);
#2155=AXIS2_PLACEMENT_3D('',#3151,#2449,#2450);
#2156=AXIS2_PLACEMENT_3D('',#3153,#2451,#2452);
#2157=AXIS2_PLACEMENT_3D('',#3155,#2453,#2454);
#2158=AXIS2_PLACEMENT_3D('',#3157,#2455,#2456);
#2159=AXIS2_PLACEMENT_3D('',#3159,#2457,#2458);
#2160=AXIS2_PLACEMENT_3D('',#3161,#2459,#2460);
#2161=AXIS2_PLACEMENT_3D('',#3163,#2461,#2462);
#2162=AXIS2_PLACEMENT_3D('',#3167,#2464,#2465);
#2163=AXIS2_PLACEMENT_3D('',#3169,#2466,#2467);
#2164=AXIS2_PLACEMENT_3D('',#3185,#2475,#2476);
#2165=AXIS2_PLACEMENT_3D('',#3187,#2477,#2478);
#2166=AXIS2_PLACEMENT_3D('',#3191,#2480,#2481);
#2167=AXIS2_PLACEMENT_3D('',#3193,#2482,#2483);
#2168=AXIS2_PLACEMENT_3D('',#3195,#2484,#2485);
#2169=AXIS2_PLACEMENT_3D('',#3197,#2486,#2487);
#2170=AXIS2_PLACEMENT_3D('',#3199,#2488,#2489);
#2171=AXIS2_PLACEMENT_3D('',#3201,#2490,#2491);
#2172=AXIS2_PLACEMENT_3D('',#3203,#2492,#2493);
#2173=AXIS2_PLACEMENT_3D('',#3207,#2495,#2496);
#2174=AXIS2_PLACEMENT_3D('',#3209,#2497,#2498);
#2175=AXIS2_PLACEMENT_3D('',#3211,#2499,#2500);
#2176=AXIS2_PLACEMENT_3D('',#3213,#2501,#2502);
#2177=AXIS2_PLACEMENT_3D('',#3215,#2503,#2504);
#2178=AXIS2_PLACEMENT_3D('',#3217,#2505,#2506);
#2179=AXIS2_PLACEMENT_3D('',#3219,#2507,#2508);
#2180=AXIS2_PLACEMENT_3D('',#3221,#2509,#2510);
#2181=AXIS2_PLACEMENT_3D('',#3223,#2511,#2512);
#2182=AXIS2_PLACEMENT_3D('',#3225,#2513,#2514);
#2183=AXIS2_PLACEMENT_3D('',#3237,#2520,#2521);
#2184=AXIS2_PLACEMENT_3D('',#3239,#2522,#2523);
#2185=AXIS2_PLACEMENT_3D('',#3243,#2525,#2526);
#2186=AXIS2_PLACEMENT_3D('',#3244,#2527,#2528);
#2187=AXIS2_PLACEMENT_3D('',#3246,#2529,#2530);
#2188=AXIS2_PLACEMENT_3D('',#3248,#2531,#2532);
#2189=AXIS2_PLACEMENT_3D('',#3250,#2533,#2534);
#2190=AXIS2_PLACEMENT_3D('',#3252,#2535,#2536);
#2191=AXIS2_PLACEMENT_3D('',#3254,#2537,#2538);
#2192=AXIS2_PLACEMENT_3D('',#3256,#2539,#2540);
#2193=AXIS2_PLACEMENT_3D('',#3258,#2541,#2542);
#2194=AXIS2_PLACEMENT_3D('',#3260,#2543,#2544);
#2195=AXIS2_PLACEMENT_3D('',#3262,#2545,#2546);
#2196=AXIS2_PLACEMENT_3D('',#3263,#2547,#2548);
#2197=AXIS2_PLACEMENT_3D('',#3265,#2549,#2550);
#2198=AXIS2_PLACEMENT_3D('',#3276,#2553,#2554);
#2199=AXIS2_PLACEMENT_3D('',#3284,#2556,#2557);
#2200=AXIS2_PLACEMENT_3D('',#3288,#2559,#2560);
#2201=AXIS2_PLACEMENT_3D('',#3290,#2562,#2563);
#2202=AXIS2_PLACEMENT_3D('',#3293,#2565,#2566);
#2203=AXIS2_PLACEMENT_3D('',#3294,#2567,#2568);
#2204=AXIS2_PLACEMENT_3D('',#3297,#2569,#2570);
#2205=AXIS2_PLACEMENT_3D('',#3307,#2576,#2577);
#2206=AXIS2_PLACEMENT_3D('',#3309,#2579,#2580);
#2207=AXIS2_PLACEMENT_3D('',#3313,#2582,#2583);
#2208=AXIS2_PLACEMENT_3D('',#3315,#2585,#2586);
#2209=AXIS2_PLACEMENT_3D('',#3318,#2587,#2588);
#2210=AXIS2_PLACEMENT_3D('',#3320,#2589,#2590);
#2211=AXIS2_PLACEMENT_3D('',#3322,#2591,#2592);
#2212=AXIS2_PLACEMENT_3D('',#3324,#2593,#2594);
#2213=AXIS2_PLACEMENT_3D('',#3326,#2595,#2596);
#2214=AXIS2_PLACEMENT_3D('',#3328,#2597,#2598);
#2215=AXIS2_PLACEMENT_3D('',#3330,#2599,#2600);
#2216=AXIS2_PLACEMENT_3D('',#3332,#2601,#2602);
#2217=AXIS2_PLACEMENT_3D('',#3334,#2603,#2604);
#2218=AXIS2_PLACEMENT_3D('',#3336,#2605,#2606);
#2219=AXIS2_PLACEMENT_3D('',#3337,#2607,#2608);
#2220=AXIS2_PLACEMENT_3D('',#3339,#2609,#2610);
#2221=AXIS2_PLACEMENT_3D('',#3341,#2611,#2612);
#2222=AXIS2_PLACEMENT_3D('',#3343,#2613,#2614);
#2223=AXIS2_PLACEMENT_3D('',#3345,#2615,#2616);
#2224=AXIS2_PLACEMENT_3D('',#3347,#2617,#2618);
#2225=AXIS2_PLACEMENT_3D('',#3349,#2619,#2620);
#2226=AXIS2_PLACEMENT_3D('',#3351,#2621,#2622);
#2227=AXIS2_PLACEMENT_3D('',#3353,#2623,#2624);
#2228=AXIS2_PLACEMENT_3D('',#3355,#2625,#2626);
#2229=AXIS2_PLACEMENT_3D('',#3357,#2627,#2628);
#2230=AXIS2_PLACEMENT_3D('',#3359,#2629,#2630);
#2231=AXIS2_PLACEMENT_3D('',#3361,#2631,#2632);
#2232=AXIS2_PLACEMENT_3D('',#3363,#2633,#2634);
#2233=AXIS2_PLACEMENT_3D('',#3365,#2635,#2636);
#2234=AXIS2_PLACEMENT_3D('',#3367,#2637,#2638);
#2235=AXIS2_PLACEMENT_3D('',#3369,#2639,#2640);
#2236=AXIS2_PLACEMENT_3D('',#3371,#2641,#2642);
#2237=AXIS2_PLACEMENT_3D('',#3373,#2643,#2644);
#2238=AXIS2_PLACEMENT_3D('',#3375,#2645,#2646);
#2239=AXIS2_PLACEMENT_3D('',#3377,#2647,#2648);
#2240=AXIS2_PLACEMENT_3D('',#3379,#2649,#2650);
#2241=AXIS2_PLACEMENT_3D('',#3381,#2651,#2652);
#2242=AXIS2_PLACEMENT_3D('',#3383,#2653,#2654);
#2243=AXIS2_PLACEMENT_3D('',#3385,#2655,#2656);
#2244=AXIS2_PLACEMENT_3D('',#3387,#2657,#2658);
#2245=AXIS2_PLACEMENT_3D('',#3389,#2659,#2660);
#2246=AXIS2_PLACEMENT_3D('',#3390,#2661,#2662);
#2247=AXIS2_PLACEMENT_3D('',#3392,#2663,#2664);
#2248=AXIS2_PLACEMENT_3D('',#3394,#2665,#2666);
#2249=AXIS2_PLACEMENT_3D('',#3396,#2667,#2668);
#2250=AXIS2_PLACEMENT_3D('',#3398,#2669,#2670);
#2251=AXIS2_PLACEMENT_3D('',#3399,#2671,#2672);
#2252=AXIS2_PLACEMENT_3D('',#3402,#2675,#2676);
#2253=AXIS2_PLACEMENT_3D('',#3404,#2678,#2679);
#2254=AXIS2_PLACEMENT_3D('',#3410,#2683,#2684);
#2255=AXIS2_PLACEMENT_3D('',#3414,#2686,#2687);
#2256=AXIS2_PLACEMENT_3D('',#3415,#2688,#2689);
#2257=AXIS2_PLACEMENT_3D('',#3416,#2690,#2691);
#2258=AXIS2_PLACEMENT_3D('',#3422,#2695,#2696);
#2259=AXIS2_PLACEMENT_3D('',#3424,#2697,#2698);
#2260=AXIS2_PLACEMENT_3D('',#3427,#2700,#2701);
#2261=AXIS2_PLACEMENT_3D('',#3428,#2702,#2703);
#2262=AXIS2_PLACEMENT_3D('',#3433,#2706,#2707);
#2263=AXIS2_PLACEMENT_3D('',#3435,#2709,#2710);
#2264=AXIS2_PLACEMENT_3D('',#3438,#2711,#2712);
#2265=AXIS2_PLACEMENT_3D('',#3439,#2713,#2714);
#2266=AXIS2_PLACEMENT_3D('',#3441,#2715,#2716);
#2267=AXIS2_PLACEMENT_3D('',#3443,#2718,#2719);
#2268=AXIS2_PLACEMENT_3D('',#3446,#2722,#2723);
#2269=AXIS2_PLACEMENT_3D('',#3451,#2726,#2727);
#2270=AXIS2_PLACEMENT_3D('',#3452,#2728,#2729);
#2271=AXIS2_PLACEMENT_3D('',#3454,#2730,#2731);
#2272=AXIS2_PLACEMENT_3D('',#3458,#2733,#2734);
#2273=AXIS2_PLACEMENT_3D('',#3460,#2735,#2736);
#2274=AXIS2_PLACEMENT_3D('',#3461,#2737,#2738);
#2275=AXIS2_PLACEMENT_3D('',#3462,#2739,#2740);
#2276=AXIS2_PLACEMENT_3D('',#3465,#2743,#2744);
#2277=AXIS2_PLACEMENT_3D('',#3467,#2746,#2747);
#2278=AXIS2_PLACEMENT_3D('',#3469,#2749,#2750);
#2279=AXIS2_PLACEMENT_3D('',#3471,#2752,#2753);
#2280=AXIS2_PLACEMENT_3D('',#3472,#2754,#2755);
#2281=AXIS2_PLACEMENT_3D('',#3474,#2757,#2758);
#2282=AXIS2_PLACEMENT_3D('',#3479,#2761,#2762);
#2283=AXIS2_PLACEMENT_3D('',#3480,#2763,#2764);
#2284=AXIS2_PLACEMENT_3D('',#3482,#2765,#2766);
#2285=AXIS2_PLACEMENT_3D('',#3484,#2767,#2768);
#2286=AXIS2_PLACEMENT_3D('',#3487,#2770,#2771);
#2287=AXIS2_PLACEMENT_3D('',#3488,#2772,#2773);
#2288=AXIS2_PLACEMENT_3D('',#3491,#2776,#2777);
#2289=AXIS2_PLACEMENT_3D('',#3492,#2778,#2779);
#2290=AXIS2_PLACEMENT_3D('',#3495,#2782,#2783);
#2291=AXIS2_PLACEMENT_3D('',#3497,#2785,#2786);
#2292=AXIS2_PLACEMENT_3D('',#3501,#2789,#2790);
#2293=AXIS2_PLACEMENT_3D('',#3503,#2791,#2792);
#2294=AXIS2_PLACEMENT_3D('',#3505,#2794,#2795);
#2295=AXIS2_PLACEMENT_3D('',#3514,#2801,#2802);
#2296=AXIS2_PLACEMENT_3D('',#3515,#2803,#2804);
#2297=AXIS2_PLACEMENT_3D('',#3519,#2807,#2808);
#2298=AXIS2_PLACEMENT_3D('',#3524,#2812,#2813);
#2299=AXIS2_PLACEMENT_3D('',#3531,#2818,#2819);
#2300=AXIS2_PLACEMENT_3D('',#3534,#2821,#2822);
#2301=AXIS2_PLACEMENT_3D('',#3535,#2823,#2824);
#2302=AXIS2_PLACEMENT_3D('',#3537,#2826,#2827);
#2303=AXIS2_PLACEMENT_3D('',#3539,#2829,#2830);
#2304=AXIS2_PLACEMENT_3D('',#3540,#2831,#2832);
#2305=AXIS2_PLACEMENT_3D('',#3543,#2834,#2835);
#2306=AXIS2_PLACEMENT_3D('',#3580,#2836,#2837);
#2307=AXIS2_PLACEMENT_3D('',#3581,#2838,#2839);
#2308=AXIS2_PLACEMENT_3D('',#3583,#2840,#2841);
#2309=AXIS2_PLACEMENT_3D('',#3584,#2842,#2843);
#2310=AXIS2_PLACEMENT_3D('',#3616,#2844,#2845);
#2311=AXIS2_PLACEMENT_3D('',#3617,#2846,#2847);
#2312=AXIS2_PLACEMENT_3D('',#3619,#2849,#2850);
#2313=AXIS2_PLACEMENT_3D('',#3623,#2853,#2854);
#2314=AXIS2_PLACEMENT_3D('',#3626,#2856,#2857);
#2315=AXIS2_PLACEMENT_3D('',#3627,#2858,#2859);
#2316=AXIS2_PLACEMENT_3D('',#3631,#2861,#2862);
#2317=AXIS2_PLACEMENT_3D('',#3633,#2863,#2864);
#2318=AXIS2_PLACEMENT_3D('',#3641,#2868,#2869);
#2319=AXIS2_PLACEMENT_3D('',#3642,#2870,#2871);
#2320=AXIS2_PLACEMENT_3D('',#3643,#2872,#2873);
#2321=AXIS2_PLACEMENT_3D('',#3646,#2875,#2876);
#2322=AXIS2_PLACEMENT_3D('',#3647,#2877,#2878);
#2323=AXIS2_PLACEMENT_3D('',#3649,#2880,#2881);
#2324=AXIS2_PLACEMENT_3D('',#3651,#2883,#2884);
#2325=AXIS2_PLACEMENT_3D('',#3652,#2885,#2886);
#2326=AXIS2_PLACEMENT_3D('',#3653,#2887,#2888);
#2327=AXIS2_PLACEMENT_3D('',#3654,#2889,#2890);
#2328=AXIS2_PLACEMENT_3D('',#3656,#2891,#2892);
#2329=AXIS2_PLACEMENT_3D('',#3658,#2893,#2894);
#2330=AXIS2_PLACEMENT_3D('',#3659,#2895,#2896);
#2331=AXIS2_PLACEMENT_3D('',#3661,#2897,#2898);
#2332=AXIS2_PLACEMENT_3D('',#3663,#2899,#2900);
#2333=AXIS2_PLACEMENT_3D('',#3664,#2901,#2902);
#2334=AXIS2_PLACEMENT_3D('',#3666,#2903,#2904);
#2335=AXIS2_PLACEMENT_3D('',#3668,#2905,#2906);
#2336=AXIS2_PLACEMENT_3D('',#3669,#2907,#2908);
#2337=AXIS2_PLACEMENT_3D('',#3671,#2909,#2910);
#2338=AXIS2_PLACEMENT_3D('',#3673,#2911,#2912);
#2339=AXIS2_PLACEMENT_3D('',#3674,#2913,#2914);
#2340=AXIS2_PLACEMENT_3D('',#3678,#2916,#2917);
#2341=AXIS2_PLACEMENT_3D('',#3693,#2918,#2919);
#2342=AXIS2_PLACEMENT_3D('',#3695,#2920,#2921);
#2343=AXIS2_PLACEMENT_3D('',#3696,#2922,#2923);
#2344=AXIS2_PLACEMENT_3D('',#3697,#2924,#2925);
#2345=AXIS2_PLACEMENT_3D('',#3698,#2926,#2927);
#2346=AXIS2_PLACEMENT_3D('',#3699,#2928,#2929);
#2347=AXIS2_PLACEMENT_3D('',#3701,#2930,#2931);
#2348=AXIS2_PLACEMENT_3D('',#3702,#2932,#2933);
#2349=AXIS2_PLACEMENT_3D('',#3703,#2934,#2935);
#2350=AXIS2_PLACEMENT_3D('',#3705,#2936,#2937);
#2351=AXIS2_PLACEMENT_3D('',#3720,#2938,#2939);
#2352=AXIS2_PLACEMENT_3D('',#3722,#2940,#2941);
#2353=AXIS2_PLACEMENT_3D('',#3724,#2943,#2944);
#2354=AXIS2_PLACEMENT_3D('',#3726,#2946,#2947);
#2355=AXIS2_PLACEMENT_3D('',#3728,#2949,#2950);
#2356=AXIS2_PLACEMENT_3D('',#3730,#2952,#2953);
#2357=AXIS2_PLACEMENT_3D('',#3732,#2955,#2956);
#2358=AXIS2_PLACEMENT_3D('',#3734,#2958,#2959);
#2359=AXIS2_PLACEMENT_3D('',#3736,#2961,#2962);
#2360=AXIS2_PLACEMENT_3D('',#3738,#2964,#2965);
#2361=AXIS2_PLACEMENT_3D('',#3740,#2967,#2968);
#2362=AXIS2_PLACEMENT_3D('',#3742,#2970,#2971);
#2363=AXIS2_PLACEMENT_3D('',#3744,#2973,#2974);
#2364=AXIS2_PLACEMENT_3D('',#3746,#2976,#2977);
#2365=AXIS2_PLACEMENT_3D('',#3748,#2979,#2980);
#2366=AXIS2_PLACEMENT_3D('',#3750,#2982,#2983);
#2367=AXIS2_PLACEMENT_3D('',#3752,#2985,#2986);
#2368=AXIS2_PLACEMENT_3D('',#3754,#2988,#2989);
#2369=AXIS2_PLACEMENT_3D('',#3756,#2991,#2992);
#2370=AXIS2_PLACEMENT_3D('',#3757,#2993,#2994);
#2371=AXIS2_PLACEMENT_3D('',#3759,#2996,#2997);
#2372=AXIS2_PLACEMENT_3D('',#3761,#2999,#3000);
#2373=AXIS2_PLACEMENT_3D('',#3763,#3002,#3003);
#2374=AXIS2_PLACEMENT_3D('',#3765,#3005,#3006);
#2375=AXIS2_PLACEMENT_3D('',#3766,#3007,#3008);
#2376=AXIS2_PLACEMENT_3D('',#3768,#3009,#3010);
#2377=AXIS2_PLACEMENT_3D('',#3770,#3012,#3013);
#2378=AXIS2_PLACEMENT_3D('',#3772,#3014,#3015);
#2379=AXIS2_PLACEMENT_3D('',#3774,#3017,#3018);
#2380=AXIS2_PLACEMENT_3D('',#3776,#3019,#3020);
#2381=AXIS2_PLACEMENT_3D('',#3778,#3022,#3023);
#2382=AXIS2_PLACEMENT_3D('',#3780,#3024,#3025);
#2383=AXIS2_PLACEMENT_3D('',#3782,#3027,#3028);
#2384=AXIS2_PLACEMENT_3D('',#3784,#3029,#3030);
#2385=AXIS2_PLACEMENT_3D('',#3786,#3032,#3033);
#2386=AXIS2_PLACEMENT_3D('',#3790,#3035,#3036);
#2387=AXIS2_PLACEMENT_3D('',#3792,#3038,#3039);
#2388=AXIS2_PLACEMENT_3D('',#3795,#3041,#3042);
#2389=AXIS2_PLACEMENT_3D('',#3796,#3043,#3044);
#2390=AXIS2_PLACEMENT_3D('',#3799,#3046,#3047);
#2391=AXIS2_PLACEMENT_3D('',#3800,#3048,#3049);
#2392=AXIS2_PLACEMENT_3D('',#3803,#3051,#3052);
#2393=AXIS2_PLACEMENT_3D('',#3804,#3053,#3054);
#2394=AXIS2_PLACEMENT_3D('',#3807,#3056,#3057);
#2395=AXIS2_PLACEMENT_3D('',#3808,#3058,#3059);
#2396=AXIS2_PLACEMENT_3D('',#3811,#3061,#3062);
#2397=AXIS2_PLACEMENT_3D('',#3812,#3063,#3064);
#2398=AXIS2_PLACEMENT_3D('',#3815,#3066,#3067);
#2399=AXIS2_PLACEMENT_3D('',#3816,#3068,#3069);
#2400=AXIS2_PLACEMENT_3D('',#3819,#3071,#3072);
#2401=AXIS2_PLACEMENT_3D('',#3820,#3073,#3074);
#2402=AXIS2_PLACEMENT_3D('',#3821,#3075,#3076);
#2403=AXIS2_PLACEMENT_3D('',#3822,#3077,#3078);
#2404=AXIS2_PLACEMENT_3D('',#3824,#3079,#3080);
#2405=AXIS2_PLACEMENT_3D('',#3826,#3082,#3083);
#2406=AXIS2_PLACEMENT_3D('',#3827,#3084,#3085);
#2407=AXIS2_PLACEMENT_3D('',#3828,#3086,#3087);
#2408=AXIS2_PLACEMENT_3D('',#3829,#3088,#3089);
#2409=AXIS2_PLACEMENT_3D('',#3831,#3091,#3092);
#2410=AXIS2_PLACEMENT_3D('',#3833,#3094,#3095);
#2411=AXIS2_PLACEMENT_3D('',#3835,#3097,#3098);
#2412=AXIS2_PLACEMENT_3D('',#3837,#3100,#3101);
#2413=AXIS2_PLACEMENT_3D('',#3839,#3103,#3104);
#2414=AXIS2_PLACEMENT_3D('',#3840,#3105,#3106);
#2415=AXIS2_PLACEMENT_3D('',#3842,#3108,#3109);
#2416=AXIS2_PLACEMENT_3D('',#3843,#3110,#3111);
#2417=DIRECTION('axis',(0.,0.,1.));
#2418=DIRECTION('refdir',(1.,0.,0.));
#2419=DIRECTION('center_axis',(0.,0.,1.));
#2420=DIRECTION('ref_axis',(1.,0.,0.));
#2421=DIRECTION('center_axis',(0.,0.,1.));
#2422=DIRECTION('ref_axis',(1.,0.,0.));
#2423=DIRECTION('center_axis',(0.,0.,1.));
#2424=DIRECTION('ref_axis',(0.692216222565631,-0.721690169821489,0.));
#2425=DIRECTION('',(-1.,-3.46735326214499E-16,0.));
#2426=DIRECTION('center_axis',(0.,0.,-1.));
#2427=DIRECTION('ref_axis',(0.,-1.,0.));
#2428=DIRECTION('center_axis',(0.,0.,1.));
#2429=DIRECTION('ref_axis',(0.292997031222622,0.956113350861042,0.));
#2430=DIRECTION('',(-1.,4.47258406746977E-17,0.));
#2431=DIRECTION('',(0.,-1.,0.));
#2432=DIRECTION('',(0.999999270232421,0.00120811200854908,0.));
#2433=DIRECTION('',(0.,1.,0.));
#2434=DIRECTION('',(-1.,0.,0.));
#2435=DIRECTION('center_axis',(0.,0.,-1.));
#2436=DIRECTION('ref_axis',(0.,-1.,0.));
#2437=DIRECTION('center_axis',(0.,0.,-1.));
#2438=DIRECTION('ref_axis',(0.916523770561247,0.399980222006282,0.));
#2439=DIRECTION('center_axis',(0.,0.,1.));
#2440=DIRECTION('ref_axis',(0.787461475247137,0.616363873861539,0.));
#2441=DIRECTION('center_axis',(0.,0.,-1.));
#2442=DIRECTION('ref_axis',(-1.,0.,0.));
#2443=DIRECTION('center_axis',(0.,0.,1.));
#2444=DIRECTION('ref_axis',(0.704872239082785,-0.709334284079391,0.));
#2445=DIRECTION('center_axis',(0.,0.,1.));
#2446=DIRECTION('ref_axis',(0.618049526354505,0.78613916259971,0.));
#2447=DIRECTION('center_axis',(0.,0.,-1.));
#2448=DIRECTION('ref_axis',(0.171956477725873,0.985104547633454,0.));
#2449=DIRECTION('center_axis',(0.,0.,1.));
#2450=DIRECTION('ref_axis',(-0.999709146527595,-0.0241168478260885,0.));
#2451=DIRECTION('center_axis',(0.,0.,-1.));
#2452=DIRECTION('ref_axis',(0.999709146527595,0.0241168478260906,0.));
#2453=DIRECTION('center_axis',(0.,0.,-1.));
#2454=DIRECTION('ref_axis',(-0.171992971445608,0.985098176718093,0.));
#2455=DIRECTION('center_axis',(0.,0.,1.));
#2456=DIRECTION('ref_axis',(-0.616284404529602,0.787523671221122,0.));
#2457=DIRECTION('center_axis',(0.,0.,-1.));
#2458=DIRECTION('ref_axis',(-1.,0.,0.));
#2459=DIRECTION('center_axis',(0.,0.,1.));
#2460=DIRECTION('ref_axis',(0.707106781186551,0.707106781186544,0.));
#2461=DIRECTION('center_axis',(0.,0.,1.));
#2462=DIRECTION('ref_axis',(-0.786579619759619,0.617488867736749,0.));
#2463=DIRECTION('',(-0.707106781186549,0.707106781186546,0.));
#2464=DIRECTION('center_axis',(0.,0.,1.));
#2465=DIRECTION('ref_axis',(-0.786292816717681,0.617854033229674,0.));
#2466=DIRECTION('center_axis',(0.,0.,1.));
#2467=DIRECTION('ref_axis',(-0.916513794020729,0.400003081700291,0.));
#2468=DIRECTION('',(1.,0.,0.));
#2469=DIRECTION('',(0.,-1.,0.));
#2470=DIRECTION('',(-0.999999270232421,-0.00120811200854908,0.));
#2471=DIRECTION('',(2.84840749107155E-16,-1.,0.));
#2472=DIRECTION('',(1.,0.,0.));
#2473=DIRECTION('',(0.,-1.,0.));
#2474=DIRECTION('',(-1.,0.,0.));
#2475=DIRECTION('center_axis',(0.,0.,1.));
#2476=DIRECTION('ref_axis',(-5.92118946466751E-15,1.,0.));
#2477=DIRECTION('center_axis',(0.,0.,1.));
#2478=DIRECTION('ref_axis',(-0.916515879898521,-0.399998302363698,0.));
#2479=DIRECTION('',(0.707106781186545,0.70710678118655,0.));
#2480=DIRECTION('center_axis',(0.,0.,1.));
#2481=DIRECTION('ref_axis',(-0.916515136823368,-0.400000004967054,0.));
#2482=DIRECTION('center_axis',(0.,0.,1.));
#2483=DIRECTION('ref_axis',(-0.78657961975962,-0.617488867736749,0.));
#2484=DIRECTION('center_axis',(0.,0.,1.));
#2485=DIRECTION('ref_axis',(-0.786762039159236,-0.617256424622702,0.));
#2486=DIRECTION('center_axis',(0.,0.,-1.));
#2487=DIRECTION('ref_axis',(-1.,0.,0.));
#2488=DIRECTION('center_axis',(0.,0.,1.));
#2489=DIRECTION('ref_axis',(-0.70776732673143,0.706445618014186,0.));
#2490=DIRECTION('center_axis',(0.,0.,1.));
#2491=DIRECTION('ref_axis',(-0.707106781186548,0.707106781186548,0.));
#2492=DIRECTION('center_axis',(0.,0.,1.));
#2493=DIRECTION('ref_axis',(-0.617488867736749,-0.786579619759619,0.));
#2494=DIRECTION('',(-0.707106781186548,-0.707106781186548,0.));
#2495=DIRECTION('center_axis',(0.,0.,1.));
#2496=DIRECTION('ref_axis',(-0.617267355833938,-0.786753462923284,0.));
#2497=DIRECTION('center_axis',(0.,0.,1.));
#2498=DIRECTION('ref_axis',(-0.183989418914525,-0.982928224097515,0.));
#2499=DIRECTION('center_axis',(0.,0.,-1.));
#2500=DIRECTION('ref_axis',(0.995740436957134,0.0922007711920859,0.));
#2501=DIRECTION('center_axis',(0.,0.,1.));
#2502=DIRECTION('ref_axis',(-0.995740436957134,-0.0922007711920876,0.));
#2503=DIRECTION('center_axis',(0.,0.,1.));
#2504=DIRECTION('ref_axis',(0.183989037897365,-0.982928295418136,0.));
#2505=DIRECTION('center_axis',(0.,0.,1.));
#2506=DIRECTION('ref_axis',(0.617257864823188,-0.786760909243665,0.));
#2507=DIRECTION('center_axis',(0.,0.,-1.));
#2508=DIRECTION('ref_axis',(-1.,0.,0.));
#2509=DIRECTION('center_axis',(0.,0.,1.));
#2510=DIRECTION('ref_axis',(-0.705744744121112,-0.708466199719807,0.));
#2511=DIRECTION('center_axis',(0.,0.,-1.));
#2512=DIRECTION('ref_axis',(0.786744071759122,-0.617279325388335,0.));
#2513=DIRECTION('center_axis',(0.,0.,-1.));
#2514=DIRECTION('ref_axis',(0.916516392971385,-0.399997126758083,0.));
#2515=DIRECTION('',(1.,0.,0.));
#2516=DIRECTION('',(0.,1.,0.));
#2517=DIRECTION('',(-1.,0.,0.));
#2518=DIRECTION('',(0.,-1.,0.));
#2519=DIRECTION('',(1.,0.,0.));
#2520=DIRECTION('center_axis',(0.,0.,-1.));
#2521=DIRECTION('ref_axis',(0.316844464582376,0.948477509097347,0.));
#2522=DIRECTION('center_axis',(0.,0.,1.));
#2523=DIRECTION('ref_axis',(-8.49785240591716E-16,-1.,0.));
#2524=DIRECTION('',(1.,2.70817057954944E-13,0.));
#2525=DIRECTION('center_axis',(0.,0.,1.));
#2526=DIRECTION('ref_axis',(0.768625664241596,0.6396988262215,0.));
#2527=DIRECTION('center_axis',(0.,0.,1.));
#2528=DIRECTION('ref_axis',(1.,0.,0.));
#2529=DIRECTION('center_axis',(0.,0.,1.));
#2530=DIRECTION('ref_axis',(1.,0.,0.));
#2531=DIRECTION('center_axis',(0.,0.,-1.));
#2532=DIRECTION('ref_axis',(-1.,0.,0.));
#2533=DIRECTION('center_axis',(0.,0.,1.));
#2534=DIRECTION('ref_axis',(1.,0.,0.));
#2535=DIRECTION('center_axis',(0.,0.,1.));
#2536=DIRECTION('ref_axis',(1.,0.,0.));
#2537=DIRECTION('center_axis',(0.,0.,1.));
#2538=DIRECTION('ref_axis',(-1.,0.,0.));
#2539=DIRECTION('center_axis',(0.,0.,1.));
#2540=DIRECTION('ref_axis',(-1.,0.,0.));
#2541=DIRECTION('center_axis',(0.,0.,1.));
#2542=DIRECTION('ref_axis',(-1.,0.,0.));
#2543=DIRECTION('center_axis',(0.,0.,1.));
#2544=DIRECTION('ref_axis',(1.,0.,0.));
#2545=DIRECTION('center_axis',(0.,0.,-1.));
#2546=DIRECTION('ref_axis',(-1.,0.,0.));
#2547=DIRECTION('center_axis',(0.,0.,1.));
#2548=DIRECTION('ref_axis',(1.,0.,0.));
#2549=DIRECTION('center_axis',(0.,0.,1.));
#2550=DIRECTION('ref_axis',(1.,0.,0.));
#2551=DIRECTION('',(0.,0.,-1.));
#2552=DIRECTION('',(0.,0.,-1.));
#2553=DIRECTION('center_axis',(0.,0.,-1.));
#2554=DIRECTION('ref_axis',(0.993988864502126,-0.109481218689662,0.));
#2555=DIRECTION('',(0.,0.,1.));
#2556=DIRECTION('center_axis',(0.,0.,-1.));
#2557=DIRECTION('ref_axis',(-0.705744744121112,-0.708466199719807,0.));
#2558=DIRECTION('',(0.,0.,1.));
#2559=DIRECTION('center_axis',(0.,0.,-1.));
#2560=DIRECTION('ref_axis',(-0.705744744121112,-0.708466199719807,0.));
#2561=DIRECTION('',(0.,0.,-1.));
#2562=DIRECTION('center_axis',(0.,0.,-1.));
#2563=DIRECTION('ref_axis',(-1.,0.,0.));
#2564=DIRECTION('',(0.,0.,-1.));
#2565=DIRECTION('center_axis',(0.,0.,-1.));
#2566=DIRECTION('ref_axis',(-1.,0.,0.));
#2567=DIRECTION('center_axis',(0.,1.,0.));
#2568=DIRECTION('ref_axis',(1.,0.,0.));
#2569=DIRECTION('center_axis',(0.,-1.,0.));
#2570=DIRECTION('ref_axis',(0.707106781186548,0.,0.707106781186548));
#2571=DIRECTION('',(0.,0.,-1.));
#2572=DIRECTION('',(0.,0.,-1.));
#2573=DIRECTION('',(-1.,0.,0.));
#2574=DIRECTION('',(0.,0.,-1.));
#2575=DIRECTION('',(0.,0.,-1.));
#2576=DIRECTION('center_axis',(0.,-1.,0.));
#2577=DIRECTION('ref_axis',(-0.707106781186548,0.,0.707106781186548));
#2578=DIRECTION('',(1.,0.,0.));
#2579=DIRECTION('center_axis',(0.,1.,0.));
#2580=DIRECTION('ref_axis',(0.707106781186548,0.,0.707106781186548));
#2581=DIRECTION('',(0.,1.,0.));
#2582=DIRECTION('center_axis',(0.,1.,0.));
#2583=DIRECTION('ref_axis',(0.707106781186548,0.,0.707106781186548));
#2584=DIRECTION('',(0.,-1.,0.));
#2585=DIRECTION('center_axis',(0.,0.,1.));
#2586=DIRECTION('ref_axis',(1.,0.,0.));
#2587=DIRECTION('center_axis',(0.,0.,-1.));
#2588=DIRECTION('ref_axis',(-1.,0.,0.));
#2589=DIRECTION('center_axis',(0.,0.,-1.));
#2590=DIRECTION('ref_axis',(0.787461475247137,0.616363873861539,0.));
#2591=DIRECTION('center_axis',(0.,0.,-1.));
#2592=DIRECTION('ref_axis',(0.916523770561247,0.399980222006282,0.));
#2593=DIRECTION('center_axis',(0.,0.,-1.));
#2594=DIRECTION('ref_axis',(0.,-1.,0.));
#2595=DIRECTION('center_axis',(0.,0.,-1.));
#2596=DIRECTION('ref_axis',(0.985098176718093,0.171992971445608,0.));
#2597=DIRECTION('center_axis',(0.,0.,-1.));
#2598=DIRECTION('ref_axis',(0.0241168478260876,-0.999709146527595,0.));
#2599=DIRECTION('center_axis',(0.,0.,1.));
#2600=DIRECTION('ref_axis',(-0.0241168478260878,0.999709146527595,0.));
#2601=DIRECTION('center_axis',(0.,0.,-1.));
#2602=DIRECTION('ref_axis',(0.985098176718093,-0.171992971445604,0.));
#2603=DIRECTION('center_axis',(0.,0.,-1.));
#2604=DIRECTION('ref_axis',(-0.985098176718093,-0.171992971445608,0.));
#2605=DIRECTION('center_axis',(0.,0.,-1.));
#2606=DIRECTION('ref_axis',(0.916516392971385,-0.399997126758083,0.));
#2607=DIRECTION('center_axis',(0.,0.,-1.));
#2608=DIRECTION('ref_axis',(0.786744071759122,-0.617279325388335,0.));
#2609=DIRECTION('center_axis',(0.,0.,-1.));
#2610=DIRECTION('ref_axis',(0.617257864823188,-0.786760909243665,0.));
#2611=DIRECTION('center_axis',(0.,0.,-1.));
#2612=DIRECTION('ref_axis',(0.183989037897365,-0.982928295418136,0.));
#2613=DIRECTION('center_axis',(0.,0.,-1.));
#2614=DIRECTION('ref_axis',(-0.995740436957134,-0.0922007711920876,0.));
#2615=DIRECTION('center_axis',(0.,0.,1.));
#2616=DIRECTION('ref_axis',(0.995740436957134,0.0922007711920859,0.));
#2617=DIRECTION('center_axis',(0.,0.,-1.));
#2618=DIRECTION('ref_axis',(-0.183989418914525,-0.982928224097515,0.));
#2619=DIRECTION('center_axis',(0.,0.,-1.));
#2620=DIRECTION('ref_axis',(-0.617267355833938,-0.786753462923284,0.));
#2621=DIRECTION('center_axis',(0.,0.,-1.));
#2622=DIRECTION('ref_axis',(-0.70776732673143,0.706445618014186,0.));
#2623=DIRECTION('center_axis',(0.,0.,-1.));
#2624=DIRECTION('ref_axis',(-1.,0.,0.));
#2625=DIRECTION('center_axis',(0.,0.,-1.));
#2626=DIRECTION('ref_axis',(-0.786762039159236,-0.617256424622702,0.));
#2627=DIRECTION('center_axis',(0.,0.,-1.));
#2628=DIRECTION('ref_axis',(-0.916515879898521,-0.399998302363698,0.));
#2629=DIRECTION('center_axis',(0.,0.,-1.));
#2630=DIRECTION('ref_axis',(-5.92118946466751E-15,1.,0.));
#2631=DIRECTION('center_axis',(0.,0.,-1.));
#2632=DIRECTION('ref_axis',(-0.985098176718093,-0.171992971445608,0.));
#2633=DIRECTION('center_axis',(0.,0.,-1.));
#2634=DIRECTION('ref_axis',(-0.0241168478260906,0.999709146527595,0.));
#2635=DIRECTION('center_axis',(0.,0.,1.));
#2636=DIRECTION('ref_axis',(0.0241168478260858,-0.999709146527595,0.));
#2637=DIRECTION('center_axis',(0.,0.,-1.));
#2638=DIRECTION('ref_axis',(-0.985098176718096,0.171992971445589,0.));
#2639=DIRECTION('center_axis',(0.,0.,-1.));
#2640=DIRECTION('ref_axis',(0.985098176718093,0.171992971445608,0.));
#2641=DIRECTION('center_axis',(0.,0.,-1.));
#2642=DIRECTION('ref_axis',(-0.916513794020729,0.400003081700291,0.));
#2643=DIRECTION('center_axis',(0.,0.,-1.));
#2644=DIRECTION('ref_axis',(-0.786292816717681,0.617854033229674,0.));
#2645=DIRECTION('center_axis',(0.,0.,-1.));
#2646=DIRECTION('ref_axis',(0.708334520348649,0.705876906607979,0.));
#2647=DIRECTION('center_axis',(0.,0.,-1.));
#2648=DIRECTION('ref_axis',(-1.,0.,0.));
#2649=DIRECTION('center_axis',(0.,0.,-1.));
#2650=DIRECTION('ref_axis',(-0.616284404529602,0.787523671221122,0.));
#2651=DIRECTION('center_axis',(0.,0.,-1.));
#2652=DIRECTION('ref_axis',(-0.171992971445608,0.985098176718093,0.));
#2653=DIRECTION('center_axis',(0.,0.,-1.));
#2654=DIRECTION('ref_axis',(0.999709146527595,0.0241168478260906,0.));
#2655=DIRECTION('center_axis',(0.,0.,1.));
#2656=DIRECTION('ref_axis',(-0.999709146527595,-0.0241168478260885,0.));
#2657=DIRECTION('center_axis',(0.,0.,-1.));
#2658=DIRECTION('ref_axis',(0.171956477725873,0.985104547633454,0.));
#2659=DIRECTION('center_axis',(0.,0.,-1.));
#2660=DIRECTION('ref_axis',(0.618049526354505,0.78613916259971,0.));
#2661=DIRECTION('center_axis',(0.,0.,-1.));
#2662=DIRECTION('ref_axis',(0.704872239082785,-0.709334284079391,0.));
#2663=DIRECTION('center_axis',(0.,0.,-1.));
#2664=DIRECTION('ref_axis',(-1.,0.,0.));
#2665=DIRECTION('center_axis',(0.,0.,-1.));
#2666=DIRECTION('ref_axis',(-1.,0.,0.));
#2667=DIRECTION('center_axis',(0.,0.,-1.));
#2668=DIRECTION('ref_axis',(-1.,0.,0.));
#2669=DIRECTION('center_axis',(0.,0.,-1.));
#2670=DIRECTION('ref_axis',(-1.,0.,0.));
#2671=DIRECTION('center_axis',(0.,0.,-1.));
#2672=DIRECTION('ref_axis',(0.704872239082785,-0.709334284079391,0.));
#2673=DIRECTION('',(0.,0.,1.));
#2674=DIRECTION('',(0.,0.,-1.));
#2675=DIRECTION('center_axis',(0.,0.,-1.));
#2676=DIRECTION('ref_axis',(-1.,0.,0.));
#2677=DIRECTION('',(0.,0.,-1.));
#2678=DIRECTION('center_axis',(1.,0.,0.));
#2679=DIRECTION('ref_axis',(0.,-1.,0.));
#2680=DIRECTION('',(0.,1.,0.));
#2681=DIRECTION('',(0.,0.,-1.));
#2682=DIRECTION('',(0.,0.,-1.));
#2683=DIRECTION('center_axis',(0.,-1.,0.));
#2684=DIRECTION('ref_axis',(-0.707106781186548,0.,0.707106781186548));
#2685=DIRECTION('',(0.,-1.,0.));
#2686=DIRECTION('center_axis',(0.00120811200854908,-0.999999270232421,0.));
#2687=DIRECTION('ref_axis',(-0.999999270232421,-0.00120811200854908,0.));
#2688=DIRECTION('center_axis',(0.,1.,0.));
#2689=DIRECTION('ref_axis',(-0.707106781186548,0.,0.707106781186548));
#2690=DIRECTION('center_axis',(0.,0.,1.));
#2691=DIRECTION('ref_axis',(1.,0.,0.));
#2692=DIRECTION('',(0.,1.,0.));
#2693=DIRECTION('',(0.999999270232421,0.00120811200854908,0.));
#2694=DIRECTION('',(-1.,0.,0.));
#2695=DIRECTION('center_axis',(0.,1.,0.));
#2696=DIRECTION('ref_axis',(0.707106781186548,0.,0.707106781186548));
#2697=DIRECTION('center_axis',(0.,1.,0.));
#2698=DIRECTION('ref_axis',(0.707106781186548,0.,0.707106781186548));
#2699=DIRECTION('',(0.,-1.,0.));
#2700=DIRECTION('center_axis',(0.00120811200854908,-0.999999270232421,0.));
#2701=DIRECTION('ref_axis',(0.999999270232421,0.00120811200854908,0.));
#2702=DIRECTION('center_axis',(0.,0.,-1.));
#2703=DIRECTION('ref_axis',(-0.70776732673143,0.706445618014186,0.));
#2704=DIRECTION('',(0.,0.,1.));
#2705=DIRECTION('',(0.,0.,-1.));
#2706=DIRECTION('center_axis',(0.,0.,-1.));
#2707=DIRECTION('ref_axis',(-0.70776732673143,0.706445618014186,0.));
#2708=DIRECTION('',(0.,0.,-1.));
#2709=DIRECTION('center_axis',(0.,0.,-1.));
#2710=DIRECTION('ref_axis',(1.,0.,0.));
#2711=DIRECTION('center_axis',(0.,0.,-1.));
#2712=DIRECTION('ref_axis',(-0.617488867736749,-0.786579619759619,0.));
#2713=DIRECTION('center_axis',(0.,0.,-1.));
#2714=DIRECTION('ref_axis',(-0.707106781186548,0.707106781186548,0.));
#2715=DIRECTION('center_axis',(0.,0.,-1.));
#2716=DIRECTION('ref_axis',(-0.617267355833938,-0.786753462923284,0.));
#2717=DIRECTION('',(0.707106781186548,0.707106781186548,0.));
#2718=DIRECTION('center_axis',(0.,0.,-1.));
#2719=DIRECTION('ref_axis',(-0.617488867736749,-0.786579619759619,0.));
#2720=DIRECTION('',(0.,0.,-1.));
#2721=DIRECTION('',(0.,0.,-1.));
#2722=DIRECTION('center_axis',(0.,0.,-1.));
#2723=DIRECTION('ref_axis',(0.708334520348649,0.705876906607979,0.));
#2724=DIRECTION('',(0.,0.,1.));
#2725=DIRECTION('',(0.,0.,-1.));
#2726=DIRECTION('center_axis',(0.,0.,-1.));
#2727=DIRECTION('ref_axis',(0.708334520348649,0.705876906607979,0.));
#2728=DIRECTION('center_axis',(0.,0.,-1.));
#2729=DIRECTION('ref_axis',(1.,0.,0.));
#2730=DIRECTION('center_axis',(0.,0.,-1.));
#2731=DIRECTION('ref_axis',(-0.786292816717681,0.617854033229674,0.));
#2732=DIRECTION('',(0.707106781186549,-0.707106781186546,0.));
#2733=DIRECTION('center_axis',(0.,0.,-1.));
#2734=DIRECTION('ref_axis',(-0.786579619759619,0.617488867736749,0.));
#2735=DIRECTION('center_axis',(0.,0.,-1.));
#2736=DIRECTION('ref_axis',(0.707106781186551,0.707106781186544,0.));
#2737=DIRECTION('center_axis',(0.,0.,1.));
#2738=DIRECTION('ref_axis',(-1.,0.,0.));
#2739=DIRECTION('center_axis',(-0.707106781186546,-0.707106781186549,0.));
#2740=DIRECTION('ref_axis',(-0.707106781186549,0.707106781186546,0.));
#2741=DIRECTION('',(0.,0.,1.));
#2742=DIRECTION('',(0.,0.,-1.));
#2743=DIRECTION('center_axis',(0.,0.,-1.));
#2744=DIRECTION('ref_axis',(-0.786579619759619,0.617488867736749,0.));
#2745=DIRECTION('',(0.,0.,-1.));
#2746=DIRECTION('center_axis',(0.,0.,-1.));
#2747=DIRECTION('ref_axis',(0.707106781186551,0.707106781186544,0.));
#2748=DIRECTION('',(0.,0.,-1.));
#2749=DIRECTION('center_axis',(0.,0.,-1.));
#2750=DIRECTION('ref_axis',(-0.786292816717681,0.617854033229674,0.));
#2751=DIRECTION('',(0.,0.,-1.));
#2752=DIRECTION('center_axis',(0.,0.,-1.));
#2753=DIRECTION('ref_axis',(-0.707106781186548,0.707106781186548,0.));
#2754=DIRECTION('center_axis',(0.707106781186548,-0.707106781186548,0.));
#2755=DIRECTION('ref_axis',(-0.707106781186548,-0.707106781186548,0.));
#2756=DIRECTION('',(0.,0.,1.));
#2757=DIRECTION('center_axis',(0.,0.,-1.));
#2758=DIRECTION('ref_axis',(-0.78657961975962,-0.617488867736749,0.));
#2759=DIRECTION('',(0.,0.,1.));
#2760=DIRECTION('',(0.,0.,-1.));
#2761=DIRECTION('center_axis',(0.,0.,-1.));
#2762=DIRECTION('ref_axis',(-0.78657961975962,-0.617488867736749,0.));
#2763=DIRECTION('center_axis',(0.,0.,-1.));
#2764=DIRECTION('ref_axis',(1.,0.,0.));
#2765=DIRECTION('center_axis',(0.,0.,-1.));
#2766=DIRECTION('ref_axis',(-0.786762039159236,-0.617256424622702,0.));
#2767=DIRECTION('center_axis',(0.,0.,-1.));
#2768=DIRECTION('ref_axis',(-0.916515136823368,-0.400000004967054,0.));
#2769=DIRECTION('',(-0.707106781186545,-0.70710678118655,0.));
#2770=DIRECTION('center_axis',(0.,0.,-1.));
#2771=DIRECTION('ref_axis',(-0.916515879898521,-0.399998302363698,0.));
#2772=DIRECTION('center_axis',(-0.70710678118655,0.707106781186545,0.));
#2773=DIRECTION('ref_axis',(0.707106781186545,0.70710678118655,0.));
#2774=DIRECTION('',(0.,0.,-1.));
#2775=DIRECTION('',(0.,0.,-1.));
#2776=DIRECTION('center_axis',(0.,0.,-1.));
#2777=DIRECTION('ref_axis',(-0.916515136823368,-0.400000004967054,0.));
#2778=DIRECTION('center_axis',(0.,0.,-1.));
#2779=DIRECTION('ref_axis',(-0.786762039159236,-0.617256424622702,0.));
#2780=DIRECTION('',(0.,0.,-1.));
#2781=DIRECTION('',(0.,0.,-1.));
#2782=DIRECTION('center_axis',(0.,0.,-1.));
#2783=DIRECTION('ref_axis',(-0.916515879898521,-0.399998302363698,0.));
#2784=DIRECTION('',(0.,0.,-1.));
#2785=DIRECTION('center_axis',(1.,0.,0.));
#2786=DIRECTION('ref_axis',(0.,-1.,0.));
#2787=DIRECTION('',(0.,0.,-1.));
#2788=DIRECTION('',(0.,1.,0.));
#2789=DIRECTION('center_axis',(0.,0.,-1.));
#2790=DIRECTION('ref_axis',(-5.92118946466751E-15,1.,0.));
#2791=DIRECTION('center_axis',(0.,0.,1.));
#2792=DIRECTION('ref_axis',(-5.92118946466751E-15,1.,0.));
#2793=DIRECTION('',(0.,0.,1.));
#2794=DIRECTION('center_axis',(0.,-1.,0.));
#2795=DIRECTION('ref_axis',(-1.,0.,0.));
#2796=DIRECTION('',(0.,0.,-1.));
#2797=DIRECTION('',(-1.,0.,0.));
#2798=DIRECTION('',(0.,0.,-1.));
#2799=DIRECTION('',(0.,0.,1.));
#2800=DIRECTION('',(-1.,0.,0.));
#2801=DIRECTION('center_axis',(0.,1.,0.));
#2802=DIRECTION('ref_axis',(-0.707106781186548,0.,0.707106781186548));
#2803=DIRECTION('center_axis',(-1.,-2.84840749107155E-16,0.));
#2804=DIRECTION('ref_axis',(-2.84840749107155E-16,1.,0.));
#2805=DIRECTION('',(0.,0.,-1.));
#2806=DIRECTION('',(-2.84840749107155E-16,1.,0.));
#2807=DIRECTION('center_axis',(-0.00120811200854908,0.999999270232421,0.));
#2808=DIRECTION('ref_axis',(0.999999270232421,0.00120811200854908,0.));
#2809=DIRECTION('',(0.,0.,-1.));
#2810=DIRECTION('',(0.,0.,-1.));
#2811=DIRECTION('',(0.999999270232421,0.00120811200854908,0.));
#2812=DIRECTION('center_axis',(0.,-1.,0.));
#2813=DIRECTION('ref_axis',(-1.,0.,0.));
#2814=DIRECTION('',(1.,0.,0.));
#2815=DIRECTION('',(0.,0.,-1.));
#2816=DIRECTION('',(0.,0.,1.));
#2817=DIRECTION('',(0.,0.,-1.));
#2818=DIRECTION('center_axis',(0.,0.,-1.));
#2819=DIRECTION('ref_axis',(-0.916513794020729,0.400003081700291,0.));
#2820=DIRECTION('',(0.,0.,-1.));
#2821=DIRECTION('center_axis',(0.,0.,1.));
#2822=DIRECTION('ref_axis',(-0.916513794020729,0.400003081700291,0.));
#2823=DIRECTION('center_axis',(0.,0.,-1.));
#2824=DIRECTION('ref_axis',(0.618049526354505,0.78613916259971,0.));
#2825=DIRECTION('',(0.,0.,-1.));
#2826=DIRECTION('center_axis',(0.,0.,-1.));
#2827=DIRECTION('ref_axis',(-1.,0.,0.));
#2828=DIRECTION('',(0.,0.,-1.));
#2829=DIRECTION('center_axis',(0.,0.,-1.));
#2830=DIRECTION('ref_axis',(-1.,0.,0.));
#2831=DIRECTION('center_axis',(0.,0.,1.));
#2832=DIRECTION('ref_axis',(0.768625664241596,0.6396988262215,0.));
#2833=DIRECTION('',(0.,0.,1.));
#2834=DIRECTION('center_axis',(0.,0.,-1.));
#2835=DIRECTION('ref_axis',(-2.70894418008538E-13,1.,0.));
#2836=DIRECTION('center_axis',(-0.141570823461946,-0.989928129686346,3.70554143275321E-14));
#2837=DIRECTION('ref_axis',(-1.33226762955019E-14,-3.55271367880051E-14,
-1.));
#2838=DIRECTION('center_axis',(0.,0.,1.));
#2839=DIRECTION('ref_axis',(1.,0.,0.));
#2840=DIRECTION('center_axis',(-0.0816734024339418,-0.996659147018108,-5.53256966361386E-16));
#2841=DIRECTION('ref_axis',(0.,5.55111512312578E-16,-1.));
#2842=DIRECTION('center_axis',(0.,0.,1.));
#2843=DIRECTION('ref_axis',(0.993988864502126,-0.109481218689662,0.));
#2844=DIRECTION('center_axis',(9.26139968287909E-17,2.22044604925031E-15,
1.));
#2845=DIRECTION('ref_axis',(0.,-1.,2.22044604925031E-15));
#2846=DIRECTION('center_axis',(0.,0.,-1.));
#2847=DIRECTION('ref_axis',(0.692216222565631,-0.721690169821489,0.));
#2848=DIRECTION('',(0.,0.,-1.));
#2849=DIRECTION('center_axis',(-3.46735326214499E-16,1.,0.));
#2850=DIRECTION('ref_axis',(-1.,-3.46735326214499E-16,0.));
#2851=DIRECTION('',(1.,3.46735326214499E-16,0.));
#2852=DIRECTION('',(0.,0.,1.));
#2853=DIRECTION('center_axis',(-1.,-3.46735326214499E-16,0.));
#2854=DIRECTION('ref_axis',(0.,0.707106781186547,0.707106781186548));
#2855=DIRECTION('',(-1.,-3.46735326214499E-16,0.));
#2856=DIRECTION('center_axis',(-1.,0.,0.));
#2857=DIRECTION('ref_axis',(0.,0.,1.));
#2858=DIRECTION('center_axis',(0.,0.,-1.));
#2859=DIRECTION('ref_axis',(1.,0.,0.));
#2860=DIRECTION('',(1.,2.70817057954944E-13,0.));
#2861=DIRECTION('center_axis',(0.,0.,1.));
#2862=DIRECTION('ref_axis',(-0.534566897441812,-0.845126163456933,0.));
#2863=DIRECTION('center_axis',(0.,0.,-1.));
#2864=DIRECTION('ref_axis',(0.663281787266311,0.748369741959687,0.));
#2865=DIRECTION('',(1.,0.,0.));
#2866=DIRECTION('',(0.,-1.,0.));
#2867=DIRECTION('',(-1.,4.47258406746977E-17,0.));
#2868=DIRECTION('center_axis',(0.,0.,1.));
#2869=DIRECTION('ref_axis',(0.620342955988423,0.784330680870987,0.));
#2870=DIRECTION('center_axis',(0.,0.,-1.));
#2871=DIRECTION('ref_axis',(-0.497313914642628,-0.86757067164746,0.));
#2872=DIRECTION('center_axis',(1.,2.70817057954944E-13,0.));
#2873=DIRECTION('ref_axis',(1.88411095042053E-13,-0.707106781186547,0.707106781186548));
#2874=DIRECTION('',(-1.,-2.70817057954944E-13,0.));
#2875=DIRECTION('center_axis',(1.,0.,0.));
#2876=DIRECTION('ref_axis',(0.,0.,1.));
#2877=DIRECTION('center_axis',(2.70817057954944E-13,-1.,0.));
#2878=DIRECTION('ref_axis',(1.,2.70817057954944E-13,0.));
#2879=DIRECTION('',(0.,0.,1.));
#2880=DIRECTION('center_axis',(0.,-1.,0.));
#2881=DIRECTION('ref_axis',(-0.707106781186548,0.,0.707106781186548));
#2882=DIRECTION('',(0.,-1.,0.));
#2883=DIRECTION('center_axis',(0.,0.,1.));
#2884=DIRECTION('ref_axis',(1.,0.,0.));
#2885=DIRECTION('center_axis',(1.,0.,0.));
#2886=DIRECTION('ref_axis',(0.,1.,0.));
#2887=DIRECTION('center_axis',(1.,0.,0.));
#2888=DIRECTION('ref_axis',(0.,1.,0.));
#2889=DIRECTION('center_axis',(0.,0.,-1.));
#2890=DIRECTION('ref_axis',(1.,0.,0.));
#2891=DIRECTION('center_axis',(0.,0.,1.));
#2892=DIRECTION('ref_axis',(1.,0.,0.));
#2893=DIRECTION('center_axis',(0.,0.,-1.));
#2894=DIRECTION('ref_axis',(-1.,0.,0.));
#2895=DIRECTION('center_axis',(0.,0.,-1.));
#2896=DIRECTION('ref_axis',(1.,0.,0.));
#2897=DIRECTION('center_axis',(0.,0.,1.));
#2898=DIRECTION('ref_axis',(1.,0.,0.));
#2899=DIRECTION('center_axis',(0.,0.,-1.));
#2900=DIRECTION('ref_axis',(-1.,0.,0.));
#2901=DIRECTION('center_axis',(0.,0.,-1.));
#2902=DIRECTION('ref_axis',(1.,0.,0.));
#2903=DIRECTION('center_axis',(0.,0.,1.));
#2904=DIRECTION('ref_axis',(1.,0.,0.));
#2905=DIRECTION('center_axis',(0.,0.,-1.));
#2906=DIRECTION('ref_axis',(-1.,0.,0.));
#2907=DIRECTION('center_axis',(0.,0.,-1.));
#2908=DIRECTION('ref_axis',(1.,0.,0.));
#2909=DIRECTION('center_axis',(0.,0.,1.));
#2910=DIRECTION('ref_axis',(1.,0.,0.));
#2911=DIRECTION('center_axis',(0.,0.,-1.));
#2912=DIRECTION('ref_axis',(-1.,0.,0.));
#2913=DIRECTION('center_axis',(1.,0.,0.));
#2914=DIRECTION('ref_axis',(0.,-0.707106781186547,0.707106781186548));
#2915=DIRECTION('',(-1.,0.,0.));
#2916=DIRECTION('center_axis',(-1.,0.,0.));
#2917=DIRECTION('ref_axis',(0.,-0.707106781186547,0.707106781186548));
#2918=DIRECTION('center_axis',(0.,0.,-1.));
#2919=DIRECTION('ref_axis',(-1.,0.,0.));
#2920=DIRECTION('center_axis',(0.428476464318874,-0.903552942292147,0.));
#2921=DIRECTION('ref_axis',(0.,0.,1.));
#2922=DIRECTION('center_axis',(0.,0.,1.));
#2923=DIRECTION('ref_axis',(0.663281787266311,0.748369741959687,0.));
#2924=DIRECTION('center_axis',(0.,0.,1.));
#2925=DIRECTION('ref_axis',(1.,0.,0.));
#2926=DIRECTION('center_axis',(0.,0.,-1.));
#2927=DIRECTION('ref_axis',(-0.534566897441812,-0.845126163456933,0.));
#2928=DIRECTION('center_axis',(0.,0.,-1.));
#2929=DIRECTION('ref_axis',(-1.,0.,0.));
#2930=DIRECTION('center_axis',(-0.50535774060565,0.862909933892264,0.));
#2931=DIRECTION('ref_axis',(0.,0.,1.));
#2932=DIRECTION('center_axis',(0.,0.,1.));
#2933=DIRECTION('ref_axis',(-0.497313914642628,-0.86757067164746,0.));
#2934=DIRECTION('center_axis',(0.,0.,1.));
#2935=DIRECTION('ref_axis',(1.,0.,0.));
#2936=DIRECTION('center_axis',(0.,0.,-1.));
#2937=DIRECTION('ref_axis',(0.620342955988423,0.784330680870987,0.));
#2938=DIRECTION('center_axis',(-1.,4.47258406746977E-17,0.));
#2939=DIRECTION('ref_axis',(0.,0.707106781186547,0.707106781186548));
#2940=DIRECTION('center_axis',(-1.,0.,0.));
#2941=DIRECTION('ref_axis',(0.,0.707106781186547,0.707106781186548));
#2942=DIRECTION('',(1.,-4.47258406746977E-17,0.));
#2943=DIRECTION('center_axis',(0.,0.,1.));
#2944=DIRECTION('ref_axis',(0.,-1.,0.));
#2945=DIRECTION('',(0.,0.,1.));
#2946=DIRECTION('center_axis',(0.,0.,1.));
#2947=DIRECTION('ref_axis',(0.292997031222622,0.956113350861042,0.));
#2948=DIRECTION('',(0.,0.,1.));
#2949=DIRECTION('center_axis',(4.47258406746977E-17,1.,0.));
#2950=DIRECTION('ref_axis',(-1.,4.47258406746977E-17,0.));
#2951=DIRECTION('',(0.,0.,1.));
#2952=DIRECTION('center_axis',(0.,0.,1.));
#2953=DIRECTION('ref_axis',(-8.49785240591716E-16,-1.,0.));
#2954=DIRECTION('',(0.,0.,1.));
#2955=DIRECTION('center_axis',(0.,0.,1.));
#2956=DIRECTION('ref_axis',(0.316844464582376,0.948477509097347,0.));
#2957=DIRECTION('',(0.,0.,1.));
#2958=DIRECTION('center_axis',(0.,-1.,0.));
#2959=DIRECTION('ref_axis',(1.,0.,0.));
#2960=DIRECTION('',(0.,0.,-1.));
#2961=DIRECTION('center_axis',(1.,0.,0.));
#2962=DIRECTION('ref_axis',(0.,-1.,0.));
#2963=DIRECTION('',(0.,-1.,0.));
#2964=DIRECTION('center_axis',(0.,0.,1.));
#2965=DIRECTION('ref_axis',(1.,0.,0.));
#2966=DIRECTION('',(0.,0.,1.));
#2967=DIRECTION('center_axis',(0.,0.,1.));
#2968=DIRECTION('ref_axis',(1.,0.,0.));
#2969=DIRECTION('',(0.,0.,1.));
#2970=DIRECTION('center_axis',(0.,0.,1.));
#2971=DIRECTION('ref_axis',(1.,0.,0.));
#2972=DIRECTION('',(0.,0.,1.));
#2973=DIRECTION('center_axis',(0.,0.,1.));
#2974=DIRECTION('ref_axis',(1.,0.,0.));
#2975=DIRECTION('',(0.,0.,1.));
#2976=DIRECTION('center_axis',(0.,0.,-1.));
#2977=DIRECTION('ref_axis',(0.617257864823188,-0.786760909243665,0.));
#2978=DIRECTION('',(0.,0.,-1.));
#2979=DIRECTION('center_axis',(0.,0.,-1.));
#2980=DIRECTION('ref_axis',(0.183989037897365,-0.982928295418136,0.));
#2981=DIRECTION('',(0.,0.,-1.));
#2982=DIRECTION('center_axis',(0.,0.,-1.));
#2983=DIRECTION('ref_axis',(-0.995740436957134,-0.0922007711920876,0.));
#2984=DIRECTION('',(0.,0.,-1.));
#2985=DIRECTION('center_axis',(0.,0.,-1.));
#2986=DIRECTION('ref_axis',(0.995740436957134,0.0922007711920859,0.));
#2987=DIRECTION('',(0.,0.,-1.));
#2988=DIRECTION('center_axis',(0.,0.,-1.));
#2989=DIRECTION('ref_axis',(-0.183989418914525,-0.982928224097515,0.));
#2990=DIRECTION('',(0.,0.,-1.));
#2991=DIRECTION('center_axis',(0.,0.,-1.));
#2992=DIRECTION('ref_axis',(-0.617267355833938,-0.786753462923284,0.));
#2993=DIRECTION('center_axis',(0.,0.,-1.));
#2994=DIRECTION('ref_axis',(-0.616284404529602,0.787523671221122,0.));
#2995=DIRECTION('',(0.,0.,-1.));
#2996=DIRECTION('center_axis',(0.,0.,-1.));
#2997=DIRECTION('ref_axis',(-0.171992971445608,0.985098176718093,0.));
#2998=DIRECTION('',(0.,0.,-1.));
#2999=DIRECTION('center_axis',(0.,0.,-1.));
#3000=DIRECTION('ref_axis',(0.999709146527595,0.0241168478260906,0.));
#3001=DIRECTION('',(0.,0.,-1.));
#3002=DIRECTION('center_axis',(0.,0.,-1.));
#3003=DIRECTION('ref_axis',(-0.999709146527595,-0.0241168478260885,0.));
#3004=DIRECTION('',(0.,0.,-1.));
#3005=DIRECTION('center_axis',(0.,0.,-1.));
#3006=DIRECTION('ref_axis',(0.171956477725873,0.985104547633454,0.));
#3007=DIRECTION('center_axis',(0.,0.,-1.));
#3008=DIRECTION('ref_axis',(-1.,0.,0.));
#3009=DIRECTION('center_axis',(0.,0.,-1.));
#3010=DIRECTION('ref_axis',(-1.,0.,0.));
#3011=DIRECTION('',(0.,0.,-1.));
#3012=DIRECTION('center_axis',(0.,0.,-1.));
#3013=DIRECTION('ref_axis',(-1.,0.,0.));
#3014=DIRECTION('center_axis',(0.,0.,-1.));
#3015=DIRECTION('ref_axis',(-1.,0.,0.));
#3016=DIRECTION('',(0.,0.,-1.));
#3017=DIRECTION('center_axis',(0.,0.,-1.));
#3018=DIRECTION('ref_axis',(-1.,0.,0.));
#3019=DIRECTION('center_axis',(0.,0.,-1.));
#3020=DIRECTION('ref_axis',(-1.,0.,0.));
#3021=DIRECTION('',(0.,0.,-1.));
#3022=DIRECTION('center_axis',(0.,0.,-1.));
#3023=DIRECTION('ref_axis',(-1.,0.,0.));
#3024=DIRECTION('center_axis',(0.,0.,-1.));
#3025=DIRECTION('ref_axis',(-1.,0.,0.));
#3026=DIRECTION('',(0.,0.,-1.));
#3027=DIRECTION('center_axis',(0.,0.,-1.));
#3028=DIRECTION('ref_axis',(-1.,0.,0.));
#3029=DIRECTION('center_axis',(0.,0.,-1.));
#3030=DIRECTION('ref_axis',(-1.,0.,0.));
#3031=DIRECTION('',(0.,0.,-1.));
#3032=DIRECTION('center_axis',(0.,0.,-1.));
#3033=DIRECTION('ref_axis',(0.985098176718093,-0.171992971445604,0.));
#3034=DIRECTION('',(0.,0.,-1.));
#3035=DIRECTION('center_axis',(0.,0.,-1.));
#3036=DIRECTION('ref_axis',(0.985098176718093,-0.171992971445604,0.));
#3037=DIRECTION('',(0.,0.,-1.));
#3038=DIRECTION('center_axis',(0.,0.,-1.));
#3039=DIRECTION('ref_axis',(-0.0241168478260878,0.999709146527595,0.));
#3040=DIRECTION('',(0.,0.,-1.));
#3041=DIRECTION('center_axis',(0.,0.,1.));
#3042=DIRECTION('ref_axis',(-0.0241168478260878,0.999709146527595,0.));
#3043=DIRECTION('center_axis',(0.,0.,-1.));
#3044=DIRECTION('ref_axis',(0.0241168478260876,-0.999709146527595,0.));
#3045=DIRECTION('',(0.,0.,-1.));
#3046=DIRECTION('center_axis',(0.,0.,-1.));
#3047=DIRECTION('ref_axis',(0.0241168478260876,-0.999709146527595,0.));
#3048=DIRECTION('center_axis',(0.,0.,-1.));
#3049=DIRECTION('ref_axis',(0.985098176718093,0.171992971445608,0.));
#3050=DIRECTION('',(0.,0.,1.));
#3051=DIRECTION('center_axis',(0.,0.,-1.));
#3052=DIRECTION('ref_axis',(0.985098176718093,0.171992971445608,0.));
#3053=DIRECTION('center_axis',(0.,0.,-1.));
#3054=DIRECTION('ref_axis',(0.985098176718093,0.171992971445608,0.));
#3055=DIRECTION('',(0.,0.,-1.));
#3056=DIRECTION('center_axis',(0.,0.,-1.));
#3057=DIRECTION('ref_axis',(0.985098176718093,0.171992971445608,0.));
#3058=DIRECTION('center_axis',(0.,0.,-1.));
#3059=DIRECTION('ref_axis',(-0.985098176718096,0.171992971445589,0.));
#3060=DIRECTION('',(0.,0.,-1.));
#3061=DIRECTION('center_axis',(0.,0.,-1.));
#3062=DIRECTION('ref_axis',(-0.985098176718096,0.171992971445589,0.));
#3063=DIRECTION('center_axis',(0.,0.,-1.));
#3064=DIRECTION('ref_axis',(0.0241168478260858,-0.999709146527595,0.));
#3065=DIRECTION('',(0.,0.,-1.));
#3066=DIRECTION('center_axis',(0.,0.,1.));
#3067=DIRECTION('ref_axis',(0.0241168478260858,-0.999709146527595,0.));
#3068=DIRECTION('center_axis',(0.,0.,-1.));
#3069=DIRECTION('ref_axis',(-0.0241168478260906,0.999709146527595,0.));
#3070=DIRECTION('',(0.,0.,-1.));
#3071=DIRECTION('center_axis',(0.,0.,-1.));
#3072=DIRECTION('ref_axis',(-0.0241168478260906,0.999709146527595,0.));
#3073=DIRECTION('center_axis',(0.,0.,-1.));
#3074=DIRECTION('ref_axis',(-0.985098176718093,-0.171992971445608,0.));
#3075=DIRECTION('center_axis',(0.,0.,-1.));
#3076=DIRECTION('ref_axis',(-0.985098176718093,-0.171992971445608,0.));
#3077=DIRECTION('center_axis',(0.,0.,-1.));
#3078=DIRECTION('ref_axis',(-0.985098176718093,-0.171992971445608,0.));
#3079=DIRECTION('center_axis',(0.,0.,-1.));
#3080=DIRECTION('ref_axis',(-0.985098176718093,-0.171992971445608,0.));
#3081=DIRECTION('',(0.,0.,-1.));
#3082=DIRECTION('center_axis',(0.,0.,1.));
#3083=DIRECTION('ref_axis',(-1.,0.,0.));
#3084=DIRECTION('center_axis',(0.,0.,1.));
#3085=DIRECTION('ref_axis',(0.,-1.,0.));
#3086=DIRECTION('center_axis',(0.,0.,1.));
#3087=DIRECTION('ref_axis',(0.916516392971385,-0.399997126758083,0.));
#3088=DIRECTION('center_axis',(0.,0.,-1.));
#3089=DIRECTION('ref_axis',(0.,-1.,0.));
#3090=DIRECTION('',(0.,0.,-1.));
#3091=DIRECTION('center_axis',(0.,0.,-1.));
#3092=DIRECTION('ref_axis',(0.916516392971385,-0.399997126758083,0.));
#3093=DIRECTION('',(0.,0.,-1.));
#3094=DIRECTION('center_axis',(0.,0.,-1.));
#3095=DIRECTION('ref_axis',(-1.,0.,0.));
#3096=DIRECTION('',(0.,0.,-1.));
#3097=DIRECTION('center_axis',(0.,0.,-1.));
#3098=DIRECTION('ref_axis',(-1.,0.,0.));
#3099=DIRECTION('',(0.,0.,-1.));
#3100=DIRECTION('center_axis',(0.,0.,-1.));
#3101=DIRECTION('ref_axis',(0.916523770561247,0.399980222006282,0.));
#3102=DIRECTION('',(0.,0.,-1.));
#3103=DIRECTION('center_axis',(0.,0.,-1.));
#3104=DIRECTION('ref_axis',(0.787461475247137,0.616363873861539,0.));
#3105=DIRECTION('center_axis',(0.,0.,-1.));
#3106=DIRECTION('ref_axis',(-1.,0.,0.));
#3107=DIRECTION('',(0.,0.,-1.));
#3108=DIRECTION('center_axis',(0.,0.,-1.));
#3109=DIRECTION('ref_axis',(0.786744071759122,-0.617279325388335,0.));
#3110=DIRECTION('center_axis',(0.,0.,-1.));
#3111=DIRECTION('ref_axis',(-1.,0.,0.));
#3112=DIRECTION('',(0.,0.,-1.));
#3113=CARTESIAN_POINT('',(0.,0.,0.));
#3114=CARTESIAN_POINT('Origin',(-12.5,0.,10.));
#3115=CARTESIAN_POINT('',(38.4556956080911,-2.12534352413109,10.));
#3116=CARTESIAN_POINT('',(-63.5,-6.2456986756515E-15,10.));
#3117=CARTESIAN_POINT('Origin',(-12.5,0.,10.));
#3118=CARTESIAN_POINT('',(37.4565643216579,-3.08367012169714,10.));
#3119=CARTESIAN_POINT('Origin',(37.4565643216579,-2.08367012169714,10.));
#3120=CARTESIAN_POINT('',(30.4018583023834,-3.08367012169715,10.));
#3121=CARTESIAN_POINT('',(12.9533444687556,-3.08367012169715,10.));
#3122=CARTESIAN_POINT('',(27.5186764967527,-1.43095585040697,10.));
#3123=CARTESIAN_POINT('Origin',(30.4018583023834,0.257561323658528,10.));
#3124=CARTESIAN_POINT('',(23.9557135644475,1.38706340015829,10.));
#3125=CARTESIAN_POINT('Origin',(22.1239642627006,-4.59033492201079,10.));
#3126=CARTESIAN_POINT('',(17.75,1.38706340015829,10.));
#3127=CARTESIAN_POINT('',(5.72785678222375,1.38706340015829,10.));
#3128=CARTESIAN_POINT('',(17.75,10.2364087294633,10.));
#3129=CARTESIAN_POINT('',(17.75,5.11820436473165,10.));
#3130=CARTESIAN_POINT('',(8.02500000000001,10.2246598316062,10.));
#3131=CARTESIAN_POINT('',(-7.10616128418161,10.2063796806152,10.));
#3132=CARTESIAN_POINT('',(8.02500000000001,15.0011766025071,10.));
#3133=CARTESIAN_POINT('',(8.02500000000001,5.11232991580309,10.));
#3134=CARTESIAN_POINT('',(28.7483051574725,15.0011766025071,10.));
#3135=CARTESIAN_POINT('',(8.12415257873623,15.0011766025071,10.));
#3136=CARTESIAN_POINT('',(31.4978764691562,19.2011172685259,10.));
#3137=CARTESIAN_POINT('Origin',(28.7483051574725,18.0011766025071,10.));
#3138=CARTESIAN_POINT('',(25.3022194568143,29.5886505656082,10.));
#3139=CARTESIAN_POINT('Origin',(-12.5,0.,10.));
#3140=CARTESIAN_POINT('',(24.9470209523249,29.9409377313222,10.));
#3141=CARTESIAN_POINT('Origin',(23.72729650632,28.3559228178851,10.));
#3142=CARTESIAN_POINT('',(17.5404778961592,37.3672158208923,10.));
#3143=CARTESIAN_POINT('Origin',(-12.4999999999998,-8.43769498715119E-14,
10.));
#3144=CARTESIAN_POINT('',(17.1734494912943,37.7436754496444,10.));
#3145=CARTESIAN_POINT('Origin',(15.9373504385853,36.171397124445,10.));
#3146=CARTESIAN_POINT('',(-4.24412140302647,47.2962906553202,10.));
#3147=CARTESIAN_POINT('Origin',(-12.5,0.,10.));
#3148=CARTESIAN_POINT('',(-6.00167059718742,45.8526399900194,10.));
#3149=CARTESIAN_POINT('Origin',(-4.50205611961528,45.81863383387,10.));
#3150=CARTESIAN_POINT('',(-18.9981094524294,45.8432404891304,10.));
#3151=CARTESIAN_POINT('Origin',(-12.5,46.,10.));
#3152=CARTESIAN_POINT('',(-20.7556626293892,47.2847124824684,10.));
#3153=CARTESIAN_POINT('Origin',(-20.4976731722208,45.8070652173913,10.));
#3154=CARTESIAN_POINT('',(-42.0816514174208,37.8011362186139,10.));
#3155=CARTESIAN_POINT('Origin',(-12.5,0.,10.));
#3156=CARTESIAN_POINT('',(-42.4203500606752,37.463472645784,10.));
#3157=CARTESIAN_POINT('Origin',(-40.8490826083616,36.2260888761717,10.));
#3158=CARTESIAN_POINT('',(-49.9176402444148,29.9776471554106,10.));
#3159=CARTESIAN_POINT('Origin',(-12.4999999999998,-8.43769498715119E-14,
10.));
#3160=CARTESIAN_POINT('',(-50.2558217484617,29.639465651364,10.));
#3161=CARTESIAN_POINT('Origin',(-48.6826625089425,28.4044879158905,10.));
#3162=CARTESIAN_POINT('',(-52.020640744095,27.2418603471969,10.));
#3163=CARTESIAN_POINT('Origin',(-12.5,0.,10.));
#3164=CARTESIAN_POINT('',(-52.0225063129964,27.2437259160983,10.));
#3165=CARTESIAN_POINT('',(-53.4576022144505,28.6788218175525,10.));
#3166=CARTESIAN_POINT('',(-56.4950402783989,19.2011858476079,10.));
#3167=CARTESIAN_POINT('Origin',(-12.5,0.,10.));
#3168=CARTESIAN_POINT('',(-53.7454988963368,15.0011766025071,10.));
#3169=CARTESIAN_POINT('Origin',(-53.7454988963367,18.0011766025071,10.));
#3170=CARTESIAN_POINT('',(5.00000007450581,15.0011766025071,10.));
#3171=CARTESIAN_POINT('',(8.12415257873612,15.0011766025071,10.));
#3172=CARTESIAN_POINT('',(5.00000007450581,10.2210052902034,10.));
#3173=CARTESIAN_POINT('',(5.00000007450581,15.0011766025071,10.));
#3174=CARTESIAN_POINT('',(-1.69999999999999,10.2129109337491,10.));
#3175=CARTESIAN_POINT('',(-7.10616128418172,10.2063796806152,10.));
#3176=CARTESIAN_POINT('',(-1.69999999999999,-10.25,10.));
#3177=CARTESIAN_POINT('',(-1.69999999999999,-5.12499999999997,10.));
#3178=CARTESIAN_POINT('',(5.00000007450581,-10.25,10.));
#3179=CARTESIAN_POINT('',(2.6249999999999,-10.25,10.));
#3180=CARTESIAN_POINT('',(5.00000007450581,-15.0004370277042,10.));
#3181=CARTESIAN_POINT('',(5.00000007450581,-10.25,10.));
#3182=CARTESIAN_POINT('',(-53.7443909974491,-15.0004370277042,10.));
#3183=CARTESIAN_POINT('',(-33.1221954987247,-15.0004370277042,10.));
#3184=CARTESIAN_POINT('',(-56.4939386371447,-19.2004319347953,10.));
#3185=CARTESIAN_POINT('Origin',(-53.7443909974491,-18.0004370277042,10.));
#3186=CARTESIAN_POINT('',(-52.021563579416,-27.2427831825189,10.));
#3187=CARTESIAN_POINT('Origin',(-12.5,0.,10.));
#3188=CARTESIAN_POINT('',(-52.0206407440946,-27.2418603471975,10.));
#3189=CARTESIAN_POINT('',(-53.4576022144498,-28.6788218175527,10.));
#3190=CARTESIAN_POINT('',(-50.2558217484617,-29.639465651364,10.));
#3191=CARTESIAN_POINT('Origin',(-12.5,0.,10.));
#3192=CARTESIAN_POINT('',(-50.1376420981961,-29.7767249197843,10.));
#3193=CARTESIAN_POINT('Origin',(-48.6826625089425,-28.4044879158905,10.));
#3194=CARTESIAN_POINT('',(-49.9230954989166,-29.9708367202807,10.));
#3195=CARTESIAN_POINT('Origin',(-48.6920636566575,-28.3945878175549,10.));
#3196=CARTESIAN_POINT('',(-42.471830359651,-37.4222997065529,10.));
#3197=CARTESIAN_POINT('Origin',(-12.4999999999998,-8.43769498715119E-14,
10.));
#3198=CARTESIAN_POINT('',(-42.2995204209972,-37.615800433113,10.));
#3199=CARTESIAN_POINT('Origin',(-40.8951796377905,-36.1917825383439,10.));
#3200=CARTESIAN_POINT('',(-42.1394656513641,-37.7558217484618,10.));
#3201=CARTESIAN_POINT('Origin',(-40.9044879158905,-36.1826625089425,10.));
#3202=CARTESIAN_POINT('',(-39.7418603471973,-39.5206407440949,10.));
#3203=CARTESIAN_POINT('Origin',(-12.5,0.,10.));
#3204=CARTESIAN_POINT('',(-39.7428868114181,-39.5216672083157,10.));
#3205=CARTESIAN_POINT('',(-41.1788218175523,-40.9576022144499,10.));
#3206=CARTESIAN_POINT('',(-21.3317547886443,-47.1819580782512,10.));
#3207=CARTESIAN_POINT('Origin',(-12.5,0.,10.));
#3208=CARTESIAN_POINT('',(-18.9722992565058,-45.4005483053371,10.));
#3209=CARTESIAN_POINT('Origin',(-20.9637759508153,-45.2161016300562,10.));
#3210=CARTESIAN_POINT('',(-6.02768715977862,-45.4006949872515,10.));
#3211=CARTESIAN_POINT('Origin',(-12.5,-46.,10.));
#3212=CARTESIAN_POINT('',(-3.66822821006963,-47.1821500357036,10.));
#3213=CARTESIAN_POINT('Origin',(-4.03620628586434,-45.2162934448673,10.));
#3214=CARTESIAN_POINT('',(17.1293771626717,-37.7657978055965,10.));
#3215=CARTESIAN_POINT('Origin',(-12.5,0.,10.));
#3216=CARTESIAN_POINT('',(17.4720082847622,-37.4221572041609,10.));
#3217=CARTESIAN_POINT('Origin',(15.8948614330254,-36.1922759871092,10.));
#3218=CARTESIAN_POINT('',(24.9218749514589,-29.9723606936817,10.));
#3219=CARTESIAN_POINT('Origin',(-12.4999999999998,-8.43769498715119E-14,
10.));
#3220=CARTESIAN_POINT('',(25.2648293317569,-29.6302815745268,10.));
#3221=CARTESIAN_POINT('Origin',(23.6913411882386,-28.3957229237501,10.));
#3222=CARTESIAN_POINT('',(31.4940844840822,-19.2004284079784,10.));
#3223=CARTESIAN_POINT('Origin',(-12.5,0.,10.));
#3224=CARTESIAN_POINT('',(28.744535305168,-15.0004370277042,10.));
#3225=CARTESIAN_POINT('Origin',(28.744535305168,-18.0004370277042,10.));
#3226=CARTESIAN_POINT('',(8.02500000000001,-15.0004370277042,10.));
#3227=CARTESIAN_POINT('',(-33.1221954987246,-15.0004370277042,10.));
#3228=CARTESIAN_POINT('',(8.02500000000001,-10.25,10.));
#3229=CARTESIAN_POINT('',(8.02500000000001,-7.50021851385208,10.));
#3230=CARTESIAN_POINT('',(17.75,-10.25,10.));
#3231=CARTESIAN_POINT('',(2.62500000000001,-10.25,10.));
#3232=CARTESIAN_POINT('',(17.75,-2.85237733010511,10.));
#3233=CARTESIAN_POINT('',(17.75,5.11820436473165,10.));
#3234=CARTESIAN_POINT('',(21.7525171774981,-2.85237733010511,10.));
#3235=CARTESIAN_POINT('',(2.62500000000001,-2.85237733010511,10.));
#3236=CARTESIAN_POINT('',(24.2792391744877,-5.09181672499532,10.));
#3237=CARTESIAN_POINT('Origin',(20.3879930420881,-6.93709585205502,10.));
#3238=CARTESIAN_POINT('',(29.0011158679546,-8.07854117309961,10.));
#3239=CARTESIAN_POINT('Origin',(29.0011158679546,-2.85264186775468,10.));
#3240=CARTESIAN_POINT('',(36.6688935219041,-8.07854117309754,10.));
#3241=CARTESIAN_POINT('',(8.25055793397838,-8.07854117310523,10.));
#3242=CARTESIAN_POINT('',(37.6522713923425,-9.26011199655948,10.));
#3243=CARTESIAN_POINT('Origin',(36.6688935219044,-9.07854117309754,10.));
#3244=CARTESIAN_POINT('Origin',(-12.5,0.,10.));
#3245=CARTESIAN_POINT('',(18.25,-10.25,10.));
#3246=CARTESIAN_POINT('Origin',(20.25,-10.25,10.));
#3247=CARTESIAN_POINT('',(-9.75,46.,10.));
#3248=CARTESIAN_POINT('Origin',(-12.5,46.,10.));
#3249=CARTESIAN_POINT('',(-6.19999999999999,10.2098906515236,10.));
#3250=CARTESIAN_POINT('Origin',(-4.19999999999999,10.2098906515236,10.));
#3251=CARTESIAN_POINT('',(-6.19999999999999,-10.25,10.));
#3252=CARTESIAN_POINT('Origin',(-4.19999999999999,-10.25,10.));
#3253=CARTESIAN_POINT('',(-6.00000008940697,4.88498130835069E-14,10.));
#3254=CARTESIAN_POINT('Origin',(-12.5000000000002,4.9960036108132E-14,10.));
#3255=CARTESIAN_POINT('',(-55.75,0.,10.));
#3256=CARTESIAN_POINT('Origin',(-58.5,0.,10.));
#3257=CARTESIAN_POINT('',(-9.75,-46.,10.));
#3258=CARTESIAN_POINT('Origin',(-12.5,-46.,10.));
#3259=CARTESIAN_POINT('',(18.25,10.2394290116888,10.));
#3260=CARTESIAN_POINT('Origin',(20.25,10.2394290116888,10.));
#3261=CARTESIAN_POINT('',(36.25,0.,10.));
#3262=CARTESIAN_POINT('Origin',(33.5,0.,10.));
#3263=CARTESIAN_POINT('Origin',(-12.5,0.,0.));
#3264=CARTESIAN_POINT('',(-63.5,-6.2456986756515E-15,50.));
#3265=CARTESIAN_POINT('Origin',(-12.5,0.,50.));
#3266=CARTESIAN_POINT('',(-63.5,-6.2456986756515E-15,0.));
#3267=CARTESIAN_POINT('',(37.6522713923425,-9.26011199655948,13.));
#3268=CARTESIAN_POINT('',(37.6522713923425,-9.26011199655948,0.));
#3269=CARTESIAN_POINT('',(37.9863346140036,-7.22011199655936,15.));
#3270=CARTESIAN_POINT('Ctrl Pts',(37.9863346140036,-7.22011199655936,15.));
#3271=CARTESIAN_POINT('Ctrl Pts',(37.9211113486946,-7.67618298251928,15.));
#3272=CARTESIAN_POINT('Ctrl Pts',(37.7512663929065,-8.73995284391437,14.6395402129851));
#3273=CARTESIAN_POINT('Ctrl Pts',(37.6522713923425,-9.2601119965595,13.6022368751819));
#3274=CARTESIAN_POINT('Ctrl Pts',(37.6522713923425,-9.26011199655948,13.));
#3275=CARTESIAN_POINT('',(38.3296164979235,-4.16534352413109,15.));
#3276=CARTESIAN_POINT('Origin',(-12.5,0.,15.));
#3277=CARTESIAN_POINT('',(38.4556956080911,-2.12534352413109,13.));
#3278=CARTESIAN_POINT('Ctrl Pts',(38.4556956080911,-2.12534352413109,13.));
#3279=CARTESIAN_POINT('Ctrl Pts',(38.4556956080911,-2.12534352413109,13.4492664108924));
#3280=CARTESIAN_POINT('Ctrl Pts',(38.4425389818656,-2.49985821050881,14.4990272870023));
#3281=CARTESIAN_POINT('Ctrl Pts',(38.3795191361961,-3.55638247423616,15.));
#3282=CARTESIAN_POINT('Ctrl Pts',(38.3296164979235,-4.16534352413109,15.));
#3283=CARTESIAN_POINT('',(38.4556956080911,-2.12534352413109,0.));
#3284=CARTESIAN_POINT('Origin',(23.6913411882386,-28.3957229237501,50.));
#3285=CARTESIAN_POINT('',(24.9218749514589,-29.9723606936817,50.));
#3286=CARTESIAN_POINT('',(24.9218749514585,-29.9723606936823,50.));
#3287=CARTESIAN_POINT('',(25.2648293317569,-29.6302815745268,50.));
#3288=CARTESIAN_POINT('Origin',(23.6913411882386,-28.3957229237501,50.));
#3289=CARTESIAN_POINT('',(25.2648293317569,-29.6302815745268,50.));
#3290=CARTESIAN_POINT('Origin',(-12.4999999999998,-8.43769498715119E-14,
50.));
#3291=CARTESIAN_POINT('',(17.4720082847621,-37.422157204161,50.));
#3292=CARTESIAN_POINT('',(17.4720082847625,-37.4221572041607,50.));
#3293=CARTESIAN_POINT('Origin',(-12.4999999999998,-8.43769498715119E-14,
50.));
#3294=CARTESIAN_POINT('Origin',(-53.7443909974491,-15.0004370277042,50.));
#3295=CARTESIAN_POINT('',(8.02500000000001,-15.0004370277042,13.));
#3296=CARTESIAN_POINT('',(7.02500000000001,-15.0004370277042,14.));
#3297=CARTESIAN_POINT('Origin',(7.02500000000001,-15.0004370277042,13.));
#3298=CARTESIAN_POINT('',(8.02500000000001,-15.0004370277042,30.));
#3299=CARTESIAN_POINT('',(28.7445353051681,-15.0004370277042,18.));
#3300=CARTESIAN_POINT('',(28.744535305168,-15.0004370277042,50.));
#3301=CARTESIAN_POINT('',(-53.7443909974491,-15.0004370277042,18.));
#3302=CARTESIAN_POINT('',(-33.1221954987246,-15.0004370277042,18.));
#3303=CARTESIAN_POINT('',(-53.7443909974491,-15.0004370277042,15.));
#3304=CARTESIAN_POINT('',(5.00000007450581,-15.0004370277042,13.));
#3305=CARTESIAN_POINT('',(5.00000007450581,-15.0004370277042,15.));
#3306=CARTESIAN_POINT('',(6.00000007450581,-15.0004370277042,14.));
#3307=CARTESIAN_POINT('Origin',(6.00000007450581,-15.0004370277042,13.));
#3308=CARTESIAN_POINT('',(-23.6159454800981,-15.0004370277042,14.));
#3309=CARTESIAN_POINT('Origin',(7.02500000000001,-13.8128277707781,13.));
#3310=CARTESIAN_POINT('',(7.02500000000001,-10.25,14.));
#3311=CARTESIAN_POINT('',(7.02500000000001,-13.8128277707781,14.));
#3312=CARTESIAN_POINT('',(8.02500000000001,-10.25,13.));
#3313=CARTESIAN_POINT('Origin',(7.02500000000001,-10.25,13.));
#3314=CARTESIAN_POINT('',(8.02500000000001,-13.8128277707781,13.));
#3315=CARTESIAN_POINT('Origin',(-12.5,0.,50.));
#3316=CARTESIAN_POINT('',(17.5404778961592,37.3672158208922,50.));
#3317=CARTESIAN_POINT('',(24.947020952325,29.9409377313221,50.));
#3318=CARTESIAN_POINT('Origin',(-12.4999999999998,-8.43769498715119E-14,
50.));
#3319=CARTESIAN_POINT('',(25.3022194568143,29.5886505656082,50.));
#3320=CARTESIAN_POINT('Origin',(23.72729650632,28.3559228178851,50.));
#3321=CARTESIAN_POINT('',(31.4978764691562,19.2011172685259,50.));
#3322=CARTESIAN_POINT('Origin',(-12.5,0.,50.));
#3323=CARTESIAN_POINT('',(31.5655241816411,19.0323298257782,50.));
#3324=CARTESIAN_POINT('Origin',(28.7483051574725,18.0011766025071,50.));
#3325=CARTESIAN_POINT('',(34.7847124824685,8.25566262938918,50.));
#3326=CARTESIAN_POINT('Origin',(-12.5,0.,50.));
#3327=CARTESIAN_POINT('',(33.3432404891304,6.49810945242937,50.));
#3328=CARTESIAN_POINT('Origin',(33.3070652173913,7.99767317222078,50.));
#3329=CARTESIAN_POINT('',(33.3432404891304,-6.49810945242937,50.));
#3330=CARTESIAN_POINT('Origin',(33.5,0.,50.));
#3331=CARTESIAN_POINT('',(34.7847124824684,-8.25566262938917,50.));
#3332=CARTESIAN_POINT('Origin',(33.3070652173913,-7.99767317222077,50.));
#3333=CARTESIAN_POINT('',(31.5307712175078,-19.1125923409537,50.));
#3334=CARTESIAN_POINT('Origin',(-12.5,0.,50.));
#3335=CARTESIAN_POINT('',(31.4940844840822,-19.2004284079784,50.));
#3336=CARTESIAN_POINT('Origin',(28.744535305168,-18.0004370277042,50.));
#3337=CARTESIAN_POINT('Origin',(-12.5,0.,50.));
#3338=CARTESIAN_POINT('',(17.1293771626717,-37.7657978055965,50.));
#3339=CARTESIAN_POINT('Origin',(15.8948614330254,-36.1922759871092,50.));
#3340=CARTESIAN_POINT('',(-3.66822821006962,-47.1821500357036,50.));
#3341=CARTESIAN_POINT('Origin',(-12.5,0.,50.));
#3342=CARTESIAN_POINT('',(-6.02768715977862,-45.4006949872514,50.));
#3343=CARTESIAN_POINT('Origin',(-4.03620628586434,-45.2162934448673,50.));
#3344=CARTESIAN_POINT('',(-18.9722992565058,-45.4005483053371,50.));
#3345=CARTESIAN_POINT('Origin',(-12.5,-46.,50.));
#3346=CARTESIAN_POINT('',(-21.3317547886444,-47.1819580782512,50.));
#3347=CARTESIAN_POINT('Origin',(-20.9637759508153,-45.2161016300562,50.));
#3348=CARTESIAN_POINT('',(-42.1297143494584,-37.7652894641905,50.));
#3349=CARTESIAN_POINT('Origin',(-12.5,0.,50.));
#3350=CARTESIAN_POINT('',(-42.471830359651,-37.4222997065529,50.));
#3351=CARTESIAN_POINT('Origin',(-40.8951796377905,-36.1917825383439,50.));
#3352=CARTESIAN_POINT('',(-49.9230954989166,-29.9708367202808,50.));
#3353=CARTESIAN_POINT('Origin',(-12.4999999999998,-8.43769498715119E-14,
50.));
#3354=CARTESIAN_POINT('',(-50.265587734976,-29.6291006668003,50.));
#3355=CARTESIAN_POINT('Origin',(-48.6920636566575,-28.3945878175549,50.));
#3356=CARTESIAN_POINT('',(-56.4939386371447,-19.2004319347953,50.));
#3357=CARTESIAN_POINT('Origin',(-12.5,0.,50.));
#3358=CARTESIAN_POINT('',(-56.5289334234728,-19.1168256149237,50.));
#3359=CARTESIAN_POINT('Origin',(-53.7443909974491,-18.0004370277042,50.));
#3360=CARTESIAN_POINT('',(-59.7847124824685,-8.25566262938917,50.));
#3361=CARTESIAN_POINT('Origin',(-12.5,0.,50.));
#3362=CARTESIAN_POINT('',(-58.3432404891305,-6.49810945242937,50.));
#3363=CARTESIAN_POINT('Origin',(-58.3070652173913,-7.99767317222077,50.));
#3364=CARTESIAN_POINT('',(-58.3432404891305,6.49810945242937,50.));
#3365=CARTESIAN_POINT('Origin',(-58.5,0.,50.));
#3366=CARTESIAN_POINT('',(-59.7847124824685,8.25566262938917,50.));
#3367=CARTESIAN_POINT('Origin',(-58.3070652173913,7.99767317222078,50.));
#3368=CARTESIAN_POINT('',(-56.544038139468,19.0819994856172,50.));
#3369=CARTESIAN_POINT('Origin',(-12.5,0.,50.));
#3370=CARTESIAN_POINT('',(-56.4950402783989,19.201185847608,50.));
#3371=CARTESIAN_POINT('Origin',(-53.7454988963367,18.0011766025071,50.));
#3372=CARTESIAN_POINT('',(-50.2440954711128,29.6585967995764,50.));
#3373=CARTESIAN_POINT('Origin',(-12.5,0.,50.));
#3374=CARTESIAN_POINT('',(-49.8968765737734,30.0035456731485,50.));
#3375=CARTESIAN_POINT('Origin',(-48.6715098376775,28.422888733117,50.));
#3376=CARTESIAN_POINT('',(-42.4203500606751,37.463472645784,50.));
#3377=CARTESIAN_POINT('Origin',(-12.4999999999998,-8.43769498715119E-14,
50.));
#3378=CARTESIAN_POINT('',(-42.0816514174208,37.8011362186139,50.));
#3379=CARTESIAN_POINT('Origin',(-40.8490826083616,36.2260888761717,50.));
#3380=CARTESIAN_POINT('',(-20.7556626293892,47.2847124824684,50.));
#3381=CARTESIAN_POINT('Origin',(-12.5,0.,50.));
#3382=CARTESIAN_POINT('',(-18.9981094524294,45.8432404891304,50.));
#3383=CARTESIAN_POINT('Origin',(-20.4976731722208,45.8070652173913,50.));
#3384=CARTESIAN_POINT('',(-6.00167059718742,45.8526399900194,50.));
#3385=CARTESIAN_POINT('Origin',(-12.5,46.,50.));
#3386=CARTESIAN_POINT('',(-4.24412140302647,47.2962906553202,50.));
#3387=CARTESIAN_POINT('Origin',(-4.50205611961528,45.81863383387,50.));
#3388=CARTESIAN_POINT('',(17.1734494912943,37.7436754496445,50.));
#3389=CARTESIAN_POINT('Origin',(-12.5,0.,50.));
#3390=CARTESIAN_POINT('Origin',(15.9373504385853,36.171397124445,50.));
#3391=CARTESIAN_POINT('',(-55.75,3.36777869765523E-16,50.));
#3392=CARTESIAN_POINT('Origin',(-58.5,0.,50.));
#3393=CARTESIAN_POINT('',(-9.75,-46.,50.));
#3394=CARTESIAN_POINT('Origin',(-12.5,-46.,50.));
#3395=CARTESIAN_POINT('',(-9.75,46.,50.));
#3396=CARTESIAN_POINT('Origin',(-12.5,46.,50.));
#3397=CARTESIAN_POINT('',(36.25,3.36777869765522E-16,50.));
#3398=CARTESIAN_POINT('Origin',(33.5,0.,50.));
#3399=CARTESIAN_POINT('Origin',(15.9373504385853,36.171397124445,50.));
#3400=CARTESIAN_POINT('',(17.5404778961585,37.3672158208928,50.));
#3401=CARTESIAN_POINT('',(17.1734494912943,37.7436754496444,15.));
#3402=CARTESIAN_POINT('Origin',(-12.4999999999998,-8.43769498715119E-14,
50.));
#3403=CARTESIAN_POINT('',(24.9470209523249,29.9409377313222,50.));
#3404=CARTESIAN_POINT('Origin',(5.00000007450581,15.0011766025071,15.));
#3405=CARTESIAN_POINT('',(5.00000007450581,10.2210052902034,13.));
#3406=CARTESIAN_POINT('',(5.00000007450581,15.0011766025071,13.));
#3407=CARTESIAN_POINT('',(5.00000007450581,13.8061337744312,13.));
#3408=CARTESIAN_POINT('',(5.00000007450581,10.2210052902034,15.));
#3409=CARTESIAN_POINT('',(5.00000007450581,15.0011766025071,15.));
#3410=CARTESIAN_POINT('Origin',(6.00000007450581,13.8061337744312,13.));
#3411=CARTESIAN_POINT('',(6.00000007450581,15.0011766025071,14.));
#3412=CARTESIAN_POINT('',(6.00000007450581,10.2222134030936,14.));
#3413=CARTESIAN_POINT('',(6.00000007450581,13.8061337744312,14.));
#3414=CARTESIAN_POINT('Origin',(6.00000007450581,10.2222134030936,13.));
#3415=CARTESIAN_POINT('Origin',(6.00000007450581,15.0011766025071,13.));
#3416=CARTESIAN_POINT('Origin',(6.51250003725291,12.6110909463552,14.));
#3417=CARTESIAN_POINT('',(7.02500000000001,10.223451718716,14.));
#3418=CARTESIAN_POINT('',(7.02500000000001,15.0011766025071,14.));
#3419=CARTESIAN_POINT('',(7.02500000000001,11.4178753889807,14.));
#3420=CARTESIAN_POINT('',(2.40769265939115,10.2178734901998,14.));
#3421=CARTESIAN_POINT('',(17.6304025973627,15.0011766025071,14.));
#3422=CARTESIAN_POINT('Origin',(7.02500000000001,11.4178753889807,13.));
#3423=CARTESIAN_POINT('',(8.02500000000001,15.0011766025071,13.));
#3424=CARTESIAN_POINT('Origin',(7.02500000000001,15.0011766025071,13.));
#3425=CARTESIAN_POINT('',(8.02500000000001,10.2246598316062,13.));
#3426=CARTESIAN_POINT('',(8.02500000000001,11.4178753889807,13.));
#3427=CARTESIAN_POINT('Origin',(7.02500000000001,10.223451718716,13.));
#3428=CARTESIAN_POINT('Origin',(-40.8951796377905,-36.1917825383439,50.));
#3429=CARTESIAN_POINT('',(-42.4718303596505,-37.4222997065532,50.));
#3430=CARTESIAN_POINT('',(-42.1297143494584,-37.7652894641905,15.));
#3431=CARTESIAN_POINT('',(-42.1297143494584,-37.7652894641905,50.));
#3432=CARTESIAN_POINT('',(-42.2995204209972,-37.615800433113,15.));
#3433=CARTESIAN_POINT('Origin',(-40.8951796377905,-36.1917825383439,15.));
#3434=CARTESIAN_POINT('',(-42.2995204209972,-37.615800433113,15.));
#3435=CARTESIAN_POINT('Origin',(-46.5997312808235,-34.0997312808237,15.));
#3436=CARTESIAN_POINT('',(-39.7418603471973,-39.5206407440949,15.));
#3437=CARTESIAN_POINT('',(-42.1394656513641,-37.7558217484618,15.));
#3438=CARTESIAN_POINT('Origin',(-12.5,0.,15.));
#3439=CARTESIAN_POINT('Origin',(-40.9044879158905,-36.1826625089425,15.));
#3440=CARTESIAN_POINT('',(-39.7428868114181,-39.5216672083157,15.));
#3441=CARTESIAN_POINT('Origin',(-12.5,0.,15.));
#3442=CARTESIAN_POINT('',(-41.1788218175523,-40.9576022144499,15.));
#3443=CARTESIAN_POINT('Origin',(-12.5,0.,15.));
#3444=CARTESIAN_POINT('',(-42.1394656513641,-37.7558217484618,15.));
#3445=CARTESIAN_POINT('',(-39.7418603471973,-39.5206407440949,15.));
#3446=CARTESIAN_POINT('Origin',(-48.6715098376775,28.422888733117,50.));
#3447=CARTESIAN_POINT('',(-49.8968765737735,30.0035456731484,15.));
#3448=CARTESIAN_POINT('',(-49.8968765737735,30.0035456731483,50.));
#3449=CARTESIAN_POINT('',(-50.2440954711128,29.6585967995764,15.));
#3450=CARTESIAN_POINT('',(-50.2440954711128,29.6585967995764,15.));
#3451=CARTESIAN_POINT('Origin',(-48.6715098376775,28.422888733117,15.));
#3452=CARTESIAN_POINT('Origin',(-46.599731280824,34.0997312808234,15.));
#3453=CARTESIAN_POINT('',(-52.0225063129963,27.2437259160983,15.));
#3454=CARTESIAN_POINT('Origin',(-12.5,0.,15.));
#3455=CARTESIAN_POINT('',(-52.020640744095,27.2418603471969,15.));
#3456=CARTESIAN_POINT('',(-53.4576022144505,28.6788218175525,15.));
#3457=CARTESIAN_POINT('',(-50.2558217484617,29.639465651364,15.));
#3458=CARTESIAN_POINT('Origin',(-12.5,0.,15.));
#3459=CARTESIAN_POINT('',(-49.9176402444148,29.9776471554106,15.));
#3460=CARTESIAN_POINT('Origin',(-48.6826625089425,28.4044879158905,15.));
#3461=CARTESIAN_POINT('Origin',(-12.4999999999998,-8.43769498715119E-14,
15.));
#3462=CARTESIAN_POINT('Origin',(-52.020640744095,27.2418603471969,15.));
#3463=CARTESIAN_POINT('',(-52.0225063129964,27.2437259160983,50.));
#3464=CARTESIAN_POINT('',(-52.020640744095,27.2418603471969,15.));
#3465=CARTESIAN_POINT('Origin',(-12.5,0.,15.));
#3466=CARTESIAN_POINT('',(-50.2558217484617,29.639465651364,15.));
#3467=CARTESIAN_POINT('Origin',(-48.6826625089425,28.4044879158905,15.));
#3468=CARTESIAN_POINT('',(-49.917640244415,29.9776471554104,50.));
#3469=CARTESIAN_POINT('Origin',(-12.5,0.,50.));
#3470=CARTESIAN_POINT('',(-56.4950402783989,19.2011858476079,15.));
#3471=CARTESIAN_POINT('Origin',(-40.9044879158905,-36.1826625089425,15.));
#3472=CARTESIAN_POINT('Origin',(-39.7418603471973,-39.5206407440949,15.));
#3473=CARTESIAN_POINT('',(-39.7428868114181,-39.5216672083157,50.));
#3474=CARTESIAN_POINT('Origin',(-48.6826625089425,-28.4044879158905,15.));
#3475=CARTESIAN_POINT('',(-50.1376420981961,-29.7767249197843,15.));
#3476=CARTESIAN_POINT('',(-50.1376420981961,-29.7767249197843,15.));
#3477=CARTESIAN_POINT('',(-50.2558217484617,-29.639465651364,15.));
#3478=CARTESIAN_POINT('',(-50.2558217484617,-29.639465651364,15.));
#3479=CARTESIAN_POINT('Origin',(-48.6826625089425,-28.4044879158905,15.));
#3480=CARTESIAN_POINT('Origin',(-46.5997312808235,-34.0997312808237,15.));
#3481=CARTESIAN_POINT('',(-50.265587734976,-29.6291006668004,15.));
#3482=CARTESIAN_POINT('Origin',(-48.6920636566575,-28.3945878175549,15.));
#3483=CARTESIAN_POINT('',(-52.0206407440946,-27.2418603471975,15.));
#3484=CARTESIAN_POINT('Origin',(-12.5,0.,15.));
#3485=CARTESIAN_POINT('',(-52.021563579416,-27.2427831825189,15.));
#3486=CARTESIAN_POINT('',(-53.4576022144498,-28.6788218175527,15.));
#3487=CARTESIAN_POINT('Origin',(-12.5,0.,15.));
#3488=CARTESIAN_POINT('Origin',(-53.4576022144498,-28.6788218175527,15.));
#3489=CARTESIAN_POINT('',(-52.021563579416,-27.2427831825189,50.));
#3490=CARTESIAN_POINT('',(-52.0206407440946,-27.2418603471975,15.));
#3491=CARTESIAN_POINT('Origin',(-12.5,0.,15.));
#3492=CARTESIAN_POINT('Origin',(-48.6920636566575,-28.3945878175549,50.));
#3493=CARTESIAN_POINT('',(-49.9230954989165,-29.9708367202809,50.));
#3494=CARTESIAN_POINT('',(-50.265587734976,-29.6291006668004,15.));
#3495=CARTESIAN_POINT('Origin',(-12.5,0.,50.));
#3496=CARTESIAN_POINT('',(-56.4939386371447,-19.2004319347953,15.));
#3497=CARTESIAN_POINT('Origin',(5.00000007450581,-10.25,15.));
#3498=CARTESIAN_POINT('',(5.00000007450581,-10.25,13.));
#3499=CARTESIAN_POINT('',(5.00000007450581,-10.25,15.));
#3500=CARTESIAN_POINT('',(5.00000007450581,-11.437609256926,13.));
#3501=CARTESIAN_POINT('Origin',(-53.7443909974491,-18.0004370277042,50.));
#3502=CARTESIAN_POINT('',(-56.5289334234728,-19.1168256149237,18.));
#3503=CARTESIAN_POINT('Origin',(-53.7443909974491,-18.0004370277042,18.));
#3504=CARTESIAN_POINT('',(-56.5289334234731,-19.1168256149231,50.));
#3505=CARTESIAN_POINT('Origin',(17.75,-10.25,18.));
#3506=CARTESIAN_POINT('',(-1.69999999999999,-10.25,18.));
#3507=CARTESIAN_POINT('',(-1.69999999999999,-10.25,15.));
#3508=CARTESIAN_POINT('',(17.75,-10.25,18.));
#3509=CARTESIAN_POINT('',(2.625,-10.25,18.));
#3510=CARTESIAN_POINT('',(17.75,-10.25,18.));
#3511=CARTESIAN_POINT('',(8.02500000000001,-10.25,14.));
#3512=CARTESIAN_POINT('',(6.00000007450581,-10.25,14.));
#3513=CARTESIAN_POINT('',(12.1312500186265,-10.25,14.));
#3514=CARTESIAN_POINT('Origin',(6.00000007450581,-10.25,13.));
#3515=CARTESIAN_POINT('Origin',(-1.69999999999999,-10.25,18.));
#3516=CARTESIAN_POINT('',(-1.69999999999999,10.2129109337491,18.));
#3517=CARTESIAN_POINT('',(-1.69999999999999,10.2129109337491,15.));
#3518=CARTESIAN_POINT('',(-1.69999999999999,-5.12499999999999,18.));
#3519=CARTESIAN_POINT('Origin',(-1.69999999999999,10.2129109337491,18.));
#3520=CARTESIAN_POINT('',(8.02500000000001,10.2246598316062,14.));
#3521=CARTESIAN_POINT('',(17.75,10.2364087294633,18.));
#3522=CARTESIAN_POINT('',(17.75,10.2364087294633,18.));
#3523=CARTESIAN_POINT('',(-7.10616128418162,10.2063796806152,18.));
#3524=CARTESIAN_POINT('Origin',(28.7483051574725,15.0011766025071,50.));
#3525=CARTESIAN_POINT('',(-53.7454988963368,15.0011766025071,18.));
#3526=CARTESIAN_POINT('',(28.7483051574725,15.0011766025071,18.));
#3527=CARTESIAN_POINT('',(8.12415257873623,15.0011766025071,18.));
#3528=CARTESIAN_POINT('',(28.7483051574725,15.0011766025071,50.));
#3529=CARTESIAN_POINT('',(8.02500000000001,15.0011766025071,30.));
#3530=CARTESIAN_POINT('',(-53.7454988963368,15.0011766025071,15.));
#3531=CARTESIAN_POINT('Origin',(-53.7454988963367,18.0011766025071,50.));
#3532=CARTESIAN_POINT('',(-56.544038139468,19.0819994856172,18.));
#3533=CARTESIAN_POINT('',(-56.5440381394675,19.0819994856183,50.));
#3534=CARTESIAN_POINT('Origin',(-53.7454988963367,18.0011766025071,18.));
#3535=CARTESIAN_POINT('Origin',(-12.5,0.,50.));
#3536=CARTESIAN_POINT('',(-4.24412140302647,47.2962906553202,50.));
#3537=CARTESIAN_POINT('Origin',(-12.4999999999998,-8.43769498715119E-14,
50.));
#3538=CARTESIAN_POINT('',(-42.420350060675,37.4634726457841,50.));
#3539=CARTESIAN_POINT('Origin',(-12.4999999999998,-8.43769498715119E-14,
50.));
#3540=CARTESIAN_POINT('Origin',(36.6688935219044,-9.07854117309754,0.));
#3541=CARTESIAN_POINT('',(36.6688935219041,-8.07854117309754,13.));
#3542=CARTESIAN_POINT('',(36.6688935219041,-8.07854117309754,0.));
#3543=CARTESIAN_POINT('Origin',(36.6688935219044,-9.07854117309754,13.));
#3544=CARTESIAN_POINT('Ctrl Pts',(37.9863346140036,-7.22011199655936,15.));
#3545=CARTESIAN_POINT('Ctrl Pts',(37.9211113486946,-7.67618298251928,15.));
#3546=CARTESIAN_POINT('Ctrl Pts',(37.7512663929065,-8.73995284391437,14.6395402129851));
#3547=CARTESIAN_POINT('Ctrl Pts',(37.6522713923425,-9.2601119965595,13.6022368751819));
#3548=CARTESIAN_POINT('Ctrl Pts',(37.6522713923425,-9.26011199655948,13.));
#3549=CARTESIAN_POINT('Ctrl Pts',(37.9863346140036,-7.22011199655936,14.850400349829));
#3550=CARTESIAN_POINT('Ctrl Pts',(37.9258115035551,-7.64339842208529,14.8473813989184));
#3551=CARTESIAN_POINT('Ctrl Pts',(37.7702412427626,-8.62543137658606,14.5038254197489));
#3552=CARTESIAN_POINT('Ctrl Pts',(37.6825916433556,-9.09589913843665,13.5510764423907));
#3553=CARTESIAN_POINT('Ctrl Pts',(37.6825916433556,-9.09589913843664,13.));
#3554=CARTESIAN_POINT('Ctrl Pts',(37.9185541002267,-7.21041862300799,14.5517128862429));
#3555=CARTESIAN_POINT('Ctrl Pts',(37.8647029395166,-7.56720530711902,14.5426899826863));
#3556=CARTESIAN_POINT('Ctrl Pts',(37.7296378470787,-8.38326636617772,14.2329508529188));
#3557=CARTESIAN_POINT('Ctrl Pts',(37.6588768945599,-8.75274553324088,13.448946049458));
#3558=CARTESIAN_POINT('Ctrl Pts',(37.6588768945599,-8.75274553324087,13.));
#3559=CARTESIAN_POINT('Ctrl Pts',(37.5874345225645,-7.16306481027328,14.1311243453152));
#3560=CARTESIAN_POINT('Ctrl Pts',(37.5345317674428,-7.42298997532967,14.1177224021448));
#3561=CARTESIAN_POINT('Ctrl Pts',(37.4024494080289,-8.00408719751984,13.869563943743));
#3562=CARTESIAN_POINT('Ctrl Pts',(37.3345138292862,-8.24344723094228,13.31380918503));
#3563=CARTESIAN_POINT('Ctrl Pts',(37.3345138292862,-8.24344723094227,13.));
#3564=CARTESIAN_POINT('Ctrl Pts',(37.2185458371604,-7.11030959159393,14.));
#3565=CARTESIAN_POINT('Ctrl Pts',(37.1588177195808,-7.33627708314553,13.9927993766821));
#3566=CARTESIAN_POINT('Ctrl Pts',(37.0053920925946,-7.85012043792443,13.7889492738435));
#3567=CARTESIAN_POINT('Ctrl Pts',(36.9193763673993,-8.07854117309747,13.2866440421023));
#3568=CARTESIAN_POINT('Ctrl Pts',(36.9193763673993,-8.07854117309746,13.));
#3569=CARTESIAN_POINT('Ctrl Pts',(36.9964064843173,-7.07854117309745,14.));
#3570=CARTESIAN_POINT('Ctrl Pts',(36.9324621065632,-7.30210538190151,14.));
#3571=CARTESIAN_POINT('Ctrl Pts',(36.7659474440258,-7.8235611963107,13.8197701064925));
#3572=CARTESIAN_POINT('Ctrl Pts',(36.6688935219041,-8.07854117309754,13.3011184375911));
#3573=CARTESIAN_POINT('Ctrl Pts',(36.6688935219041,-8.07854117309753,13.));
#3574=CARTESIAN_POINT('',(36.9964064843173,-7.07854117309745,14.));
#3575=CARTESIAN_POINT('Ctrl Pts',(36.6688935219041,-8.07854117309753,13.));
#3576=CARTESIAN_POINT('Ctrl Pts',(36.6688935219041,-8.07854117309754,13.3011184375911));
#3577=CARTESIAN_POINT('Ctrl Pts',(36.7659474440258,-7.8235611963107,13.8197701064925));
#3578=CARTESIAN_POINT('Ctrl Pts',(36.9324621065632,-7.30210538190151,14.));
#3579=CARTESIAN_POINT('Ctrl Pts',(36.9964064843173,-7.07854117309745,14.));
#3580=CARTESIAN_POINT('Origin',(36.9964064843173,-7.07854117309741,15.));
#3581=CARTESIAN_POINT('Origin',(-12.5,0.,15.));
#3582=CARTESIAN_POINT('',(37.3329573509054,-4.08367012169714,14.));
#3583=CARTESIAN_POINT('Origin',(37.3329573509054,-4.08367012169714,15.));
#3584=CARTESIAN_POINT('Origin',(-12.5,0.,14.));
#3585=CARTESIAN_POINT('Ctrl Pts',(38.4556956080911,-2.12534352413109,13.));
#3586=CARTESIAN_POINT('Ctrl Pts',(38.4556956080911,-2.12534352413109,13.4492664108924));
#3587=CARTESIAN_POINT('Ctrl Pts',(38.4425389818656,-2.49985821050881,14.4990272870023));
#3588=CARTESIAN_POINT('Ctrl Pts',(38.3795191361961,-3.55638247423616,15.));
#3589=CARTESIAN_POINT('Ctrl Pts',(38.3296164979235,-4.16534352413109,15.));
#3590=CARTESIAN_POINT('Ctrl Pts',(38.4435578458182,-2.41634971335136,13.));
#3591=CARTESIAN_POINT('Ctrl Pts',(38.4435578458182,-2.41634971335137,13.3835282671903));
#3592=CARTESIAN_POINT('Ctrl Pts',(38.429703718918,-2.73710377386946,14.2808789598318));
#3593=CARTESIAN_POINT('Ctrl Pts',(38.3720298245099,-3.64543138734859,14.7055452278105));
#3594=CARTESIAN_POINT('Ctrl Pts',(38.3296164979235,-4.16534352413109,14.7008006996581));
#3595=CARTESIAN_POINT('Ctrl Pts',(38.1854424981346,-2.91075540984582,13.));
#3596=CARTESIAN_POINT('Ctrl Pts',(38.1854424981346,-2.91075540984582,13.2703946570543));
#3597=CARTESIAN_POINT('Ctrl Pts',(38.1715069820005,-3.13621753972703,13.9039305352044));
#3598=CARTESIAN_POINT('Ctrl Pts',(38.1173576439015,-3.78171002931418,14.1951832166483));
#3599=CARTESIAN_POINT('Ctrl Pts',(38.0792547570457,-4.14482708651252,14.1828862039529));
#3600=CARTESIAN_POINT('Ctrl Pts',(37.6750087291936,-3.08367012169714,13.));
#3601=CARTESIAN_POINT('Ctrl Pts',(37.6750087291936,-3.08367012169714,13.2265163592416));
#3602=CARTESIAN_POINT('Ctrl Pts',(37.6618075243351,-3.27032364385287,13.7569539787341));
#3603=CARTESIAN_POINT('Ctrl Pts',(37.6023092223376,-3.80077394675358,14.0055226135388));
#3604=CARTESIAN_POINT('Ctrl Pts',(37.5566071405058,-4.10199759034573,14.));
#3605=CARTESIAN_POINT('Ctrl Pts',(37.4565643216579,-3.08367012169714,13.));
#3606=CARTESIAN_POINT('Ctrl Pts',(37.4565643216579,-3.08367012169714,13.2246332054468));
#3607=CARTESIAN_POINT('Ctrl Pts',(37.4436656684957,-3.26725575227449,13.7495136435012));
#3608=CARTESIAN_POINT('Ctrl Pts',(37.3818815060746,-3.78515980312105,14.));
#3609=CARTESIAN_POINT('Ctrl Pts',(37.3329573509054,-4.08367012169714,14.));
#3610=CARTESIAN_POINT('',(37.4565643216579,-3.08367012169714,13.));
#3611=CARTESIAN_POINT('Ctrl Pts',(37.3329573509054,-4.08367012169714,14.));
#3612=CARTESIAN_POINT('Ctrl Pts',(37.3818815060746,-3.78515980312105,14.));
#3613=CARTESIAN_POINT('Ctrl Pts',(37.4436656684957,-3.26725575227449,13.7495136435012));
#3614=CARTESIAN_POINT('Ctrl Pts',(37.4565643216579,-3.08367012169714,13.2246332054468));
#3615=CARTESIAN_POINT('Ctrl Pts',(37.4565643216579,-3.08367012169714,13.));
#3616=CARTESIAN_POINT('Origin',(37.4565643216579,-2.08367012169714,13.));
#3617=CARTESIAN_POINT('Origin',(37.4565643216579,-2.08367012169714,0.));
#3618=CARTESIAN_POINT('',(37.4565643216579,-3.08367012169714,0.));
#3619=CARTESIAN_POINT('Origin',(38.4066889375113,-3.08367012169714,10.));
#3620=CARTESIAN_POINT('',(30.4018583023834,-3.08367012169715,13.));
#3621=CARTESIAN_POINT('',(33.2425167031335,-3.08367012169715,13.));
#3622=CARTESIAN_POINT('',(30.4018583023834,-3.08367012169715,10.));
#3623=CARTESIAN_POINT('Origin',(33.2425167031335,-4.08367012169715,13.));
#3624=CARTESIAN_POINT('',(30.4018583023834,-4.08367012169715,14.));
#3625=CARTESIAN_POINT('',(33.2425167031335,-4.08367012169715,14.));
#3626=CARTESIAN_POINT('Origin',(30.4018583023834,-4.08367012169715,13.));
#3627=CARTESIAN_POINT('Origin',(28.0783444687556,-3.34573888647066,14.));
#3628=CARTESIAN_POINT('',(29.0011158679546,-7.07854117309962,14.));
#3629=CARTESIAN_POINT('',(28.5397301683555,-7.07854117309974,14.));
#3630=CARTESIAN_POINT('',(25.1827921167798,-4.66334026067645,14.));
#3631=CARTESIAN_POINT('Origin',(29.0011158679546,-2.85264186775468,14.));
#3632=CARTESIAN_POINT('',(21.906446271045,-1.85237733010511,14.));
#3633=CARTESIAN_POINT('Origin',(20.3879930420881,-6.93709585205502,14.));
#3634=CARTESIAN_POINT('',(17.75,-1.85237733010511,14.));
#3635=CARTESIAN_POINT('',(22.9141722343778,-1.85237733010511,14.));
#3636=CARTESIAN_POINT('',(17.75,0.387063400158289,14.));
#3637=CARTESIAN_POINT('',(17.75,3.44533492149631,14.));
#3638=CARTESIAN_POINT('',(23.7992455094159,0.387063400158288,14.));
#3639=CARTESIAN_POINT('',(26.0170290166016,0.387063400158288,14.));
#3640=CARTESIAN_POINT('',(26.6557665628605,-1.93631359101262,14.));
#3641=CARTESIAN_POINT('Origin',(22.1239642627006,-4.59033492201079,14.));
#3642=CARTESIAN_POINT('Origin',(30.4018583023834,0.257561323658528,14.));
#3643=CARTESIAN_POINT('Origin',(28.5397301683555,-7.07854117309974,13.));
#3644=CARTESIAN_POINT('',(29.0011158679546,-8.07854117309961,13.));
#3645=CARTESIAN_POINT('',(28.5397301683557,-8.07854117309974,13.));
#3646=CARTESIAN_POINT('Origin',(29.0011158679546,-7.07854117309962,13.));
#3647=CARTESIAN_POINT('Origin',(29.0011158679546,-8.07854117309961,10.));
#3648=CARTESIAN_POINT('',(29.0011158679546,-8.07854117309961,10.));
#3649=CARTESIAN_POINT('Origin',(6.00000007450581,-11.437609256926,13.));
#3650=CARTESIAN_POINT('',(6.00000007450581,-11.437609256926,14.));
#3651=CARTESIAN_POINT('Origin',(6.51250003725291,-12.6252185138521,14.));
#3652=CARTESIAN_POINT('Origin',(8.02500000000001,-15.0004370277042,10.));
#3653=CARTESIAN_POINT('Origin',(8.02500000000001,10.2246598316062,10.));
#3654=CARTESIAN_POINT('Origin',(20.25,10.2394290116888,16.));
#3655=CARTESIAN_POINT('',(18.25,10.2394290116888,16.));
#3656=CARTESIAN_POINT('Origin',(20.25,10.2394290116888,16.));
#3657=CARTESIAN_POINT('',(21.3,10.2394290116888,16.));
#3658=CARTESIAN_POINT('Origin',(20.25,10.2394290116888,16.));
#3659=CARTESIAN_POINT('Origin',(-4.19999999999999,10.2098906515236,16.));
#3660=CARTESIAN_POINT('',(-6.19999999999999,10.2098906515236,16.));
#3661=CARTESIAN_POINT('Origin',(-4.19999999999999,10.2098906515236,16.));
#3662=CARTESIAN_POINT('',(-3.14999999999999,10.2098906515236,16.));
#3663=CARTESIAN_POINT('Origin',(-4.19999999999999,10.2098906515236,16.));
#3664=CARTESIAN_POINT('Origin',(20.25,-10.25,16.));
#3665=CARTESIAN_POINT('',(18.25,-10.25,16.));
#3666=CARTESIAN_POINT('Origin',(20.25,-10.25,16.));
#3667=CARTESIAN_POINT('',(21.3,-10.25,16.));
#3668=CARTESIAN_POINT('Origin',(20.25,-10.25,16.));
#3669=CARTESIAN_POINT('Origin',(-4.19999999999999,-10.25,16.));
#3670=CARTESIAN_POINT('',(-6.19999999999999,-10.25,16.));
#3671=CARTESIAN_POINT('Origin',(-4.19999999999999,-10.25,16.));
#3672=CARTESIAN_POINT('',(-3.14999999999999,-10.25,16.));
#3673=CARTESIAN_POINT('Origin',(-4.19999999999999,-10.25,16.));
#3674=CARTESIAN_POINT('Origin',(22.9141722343778,-1.85237733010511,13.));
#3675=CARTESIAN_POINT('',(21.7525171774981,-2.85237733010511,13.));
#3676=CARTESIAN_POINT('',(17.75,-2.85237733010511,13.));
#3677=CARTESIAN_POINT('',(22.9141722343778,-2.85237733010511,13.));
#3678=CARTESIAN_POINT('Origin',(17.75,-1.85237733010511,13.));
#3679=CARTESIAN_POINT('Ctrl Pts',(21.906446271045,-1.85237733010511,14.));
#3680=CARTESIAN_POINT('Ctrl Pts',(21.9061981393667,-1.85407538483425,14.));
#3681=CARTESIAN_POINT('Ctrl Pts',(21.9059499485083,-1.85577342832956,13.9999956749152));
#3682=CARTESIAN_POINT('Ctrl Pts',(21.8958070874653,-1.9251506555938,13.9996422548275));
#3683=CARTESIAN_POINT('Ctrl Pts',(21.8858451635193,-1.99262155524613,13.9924275780729));
#3684=CARTESIAN_POINT('Ctrl Pts',(21.8660991369218,-2.1250386074656,13.9644855643651));
#3685=CARTESIAN_POINT('Ctrl Pts',(21.8563615927683,-2.18967314306677,13.9438306396279));
#3686=CARTESIAN_POINT('Ctrl Pts',(21.8287855242105,-2.37098828799634,13.8648460005839));
#3687=CARTESIAN_POINT('Ctrl Pts',(21.8119845262092,-2.47916723759826,13.7900435747929));
#3688=CARTESIAN_POINT('Ctrl Pts',(21.7835604683173,-2.65975003300218,13.603936534191));
#3689=CARTESIAN_POINT('Ctrl Pts',(21.7721476956092,-2.73092616864317,13.494848318519));
#3690=CARTESIAN_POINT('Ctrl Pts',(21.7565683214405,-2.82756306277506,13.2559305921106));
#3691=CARTESIAN_POINT('Ctrl Pts',(21.7525171774981,-2.85237733010511,13.1286307536076));
#3692=CARTESIAN_POINT('Ctrl Pts',(21.7525171774981,-2.85237733010511,13.));
#3693=CARTESIAN_POINT('Origin',(20.3879930420881,-6.93709585205502,13.));
#3694=CARTESIAN_POINT('',(24.2792391744877,-5.09181672499532,13.));
#3695=CARTESIAN_POINT('Origin',(25.1827921167798,-4.66334026067645,13.));
#3696=CARTESIAN_POINT('Origin',(20.3879930420881,-6.93709585205502,13.));
#3697=CARTESIAN_POINT('Origin',(29.0011158679546,-2.85264186775468,13.));
#3698=CARTESIAN_POINT('Origin',(29.0011158679546,-2.85264186775468,13.));
#3699=CARTESIAN_POINT('Origin',(30.4018583023834,0.257561323658528,13.));
#3700=CARTESIAN_POINT('',(27.5186764967527,-1.43095585040697,13.));
#3701=CARTESIAN_POINT('Origin',(26.6557665628605,-1.93631359101262,13.));
#3702=CARTESIAN_POINT('Origin',(30.4018583023834,0.257561323658528,13.));
#3703=CARTESIAN_POINT('Origin',(22.1239642627006,-4.59033492201079,13.));
#3704=CARTESIAN_POINT('',(23.9557135644475,1.38706340015829,13.));
#3705=CARTESIAN_POINT('Origin',(22.1239642627006,-4.59033492201079,13.));
#3706=CARTESIAN_POINT('Ctrl Pts',(23.7992455094159,0.387063400158289,14.));
#3707=CARTESIAN_POINT('Ctrl Pts',(23.7995182259859,0.388728591007764,14.));
#3708=CARTESIAN_POINT('Ctrl Pts',(23.7997908773196,0.390393790144488,13.9999958407091));
#3709=CARTESIAN_POINT('Ctrl Pts',(23.8111292105068,0.459658767375784,13.9996498175303));
#3710=CARTESIAN_POINT('Ctrl Pts',(23.822055961855,0.527084843813831,13.9924581437582));
#3711=CARTESIAN_POINT('Ctrl Pts',(23.8433058993252,0.659425805123893,13.9645649960166));
#3712=CARTESIAN_POINT('Ctrl Pts',(23.8535796088388,0.724029350878558,13.9439478435393));
#3713=CARTESIAN_POINT('Ctrl Pts',(23.8821439160041,0.905117391208014,13.8651392087925));
#3714=CARTESIAN_POINT('Ctrl Pts',(23.8988829745579,1.01318138356274,13.7905526359729));
#3715=CARTESIAN_POINT('Ctrl Pts',(23.9266010303992,1.19390016766169,13.6046688206438));
#3716=CARTESIAN_POINT('Ctrl Pts',(23.937384941668,1.2652118750401,13.495575990114));
#3717=CARTESIAN_POINT('Ctrl Pts',(23.9519932613981,1.36215436611048,13.2564240675563));
#3718=CARTESIAN_POINT('Ctrl Pts',(23.9557135644475,1.38706340015829,13.1288660408338));
#3719=CARTESIAN_POINT('Ctrl Pts',(23.9557135644475,1.38706340015829,13.));
#3720=CARTESIAN_POINT('Origin',(26.0170290166016,0.387063400158288,13.));
#3721=CARTESIAN_POINT('',(17.75,1.38706340015829,13.));
#3722=CARTESIAN_POINT('Origin',(17.75,0.387063400158289,13.));
#3723=CARTESIAN_POINT('',(26.0170290166016,1.38706340015829,13.));
#3724=CARTESIAN_POINT('Origin',(30.4018583023834,0.257561323658528,10.));
#3725=CARTESIAN_POINT('',(27.5186764967527,-1.43095585040697,10.));
#3726=CARTESIAN_POINT('Origin',(22.1239642627006,-4.59033492201079,10.));
#3727=CARTESIAN_POINT('',(23.9557135644475,1.38706340015829,10.));
#3728=CARTESIAN_POINT('Origin',(23.9557135644475,1.38706340015829,10.));
#3729=CARTESIAN_POINT('',(17.75,1.38706340015829,14.));
#3730=CARTESIAN_POINT('Origin',(29.0011158679546,-2.85264186775468,10.));
#3731=CARTESIAN_POINT('',(24.2792391744877,-5.09181672499532,10.));
#3732=CARTESIAN_POINT('Origin',(20.3879930420881,-6.93709585205502,10.));
#3733=CARTESIAN_POINT('',(21.7525171774981,-2.85237733010511,10.));
#3734=CARTESIAN_POINT('Origin',(17.75,-2.85237733010511,10.));
#3735=CARTESIAN_POINT('',(17.75,-2.85237733010511,14.));
#3736=CARTESIAN_POINT('Origin',(17.75,10.2364087294633,18.));
#3737=CARTESIAN_POINT('',(17.75,5.11820436473165,18.));
#3738=CARTESIAN_POINT('Origin',(20.25,-10.25,10.));
#3739=CARTESIAN_POINT('',(18.25,-10.25,10.));
#3740=CARTESIAN_POINT('Origin',(-4.19999999999999,10.2098906515236,10.));
#3741=CARTESIAN_POINT('',(-6.19999999999999,10.2098906515236,10.));
#3742=CARTESIAN_POINT('Origin',(-4.19999999999999,-10.25,10.));
#3743=CARTESIAN_POINT('',(-6.19999999999999,-10.25,10.));
#3744=CARTESIAN_POINT('Origin',(20.25,10.2394290116888,10.));
#3745=CARTESIAN_POINT('',(18.25,10.2394290116888,10.));
#3746=CARTESIAN_POINT('Origin',(15.8948614330254,-36.1922759871092,50.));
#3747=CARTESIAN_POINT('',(17.1293771626717,-37.7657978055965,50.));
#3748=CARTESIAN_POINT('Origin',(-12.5,0.,50.));
#3749=CARTESIAN_POINT('',(-3.66822821006962,-47.1821500357036,50.));
#3750=CARTESIAN_POINT('Origin',(-4.03620628586434,-45.2162934448673,50.));
#3751=CARTESIAN_POINT('',(-6.02768715977862,-45.4006949872514,50.));
#3752=CARTESIAN_POINT('Origin',(-12.5,-46.,50.));
#3753=CARTESIAN_POINT('',(-18.9722992565058,-45.4005483053371,50.));
#3754=CARTESIAN_POINT('Origin',(-20.9637759508153,-45.2161016300562,50.));
#3755=CARTESIAN_POINT('',(-21.3317547886444,-47.1819580782512,50.));
#3756=CARTESIAN_POINT('Origin',(-12.5,0.,50.));
#3757=CARTESIAN_POINT('Origin',(-40.8490826083616,36.2260888761717,50.));
#3758=CARTESIAN_POINT('',(-42.0816514174208,37.8011362186139,50.));
#3759=CARTESIAN_POINT('Origin',(-12.5,0.,50.));
#3760=CARTESIAN_POINT('',(-20.7556626293892,47.2847124824684,50.));
#3761=CARTESIAN_POINT('Origin',(-20.4976731722208,45.8070652173913,50.));
#3762=CARTESIAN_POINT('',(-18.9981094524294,45.8432404891304,50.));
#3763=CARTESIAN_POINT('Origin',(-12.5,46.,50.));
#3764=CARTESIAN_POINT('',(-6.00167059718742,45.8526399900194,50.));
#3765=CARTESIAN_POINT('Origin',(-4.50205611961528,45.81863383387,50.));
#3766=CARTESIAN_POINT('Origin',(-4.19999999999999,-10.25,18.));
#3767=CARTESIAN_POINT('',(-3.14999999999999,-10.25,18.));
#3768=CARTESIAN_POINT('Origin',(-4.19999999999999,-10.25,18.));
#3769=CARTESIAN_POINT('',(-3.14999999999999,-10.25,18.));
#3770=CARTESIAN_POINT('Origin',(-4.19999999999999,10.2098906515236,18.));
#3771=CARTESIAN_POINT('',(-3.14999999999999,10.2098906515236,18.));
#3772=CARTESIAN_POINT('Origin',(-4.19999999999999,10.2098906515236,18.));
#3773=CARTESIAN_POINT('',(-3.14999999999999,10.2098906515236,18.));
#3774=CARTESIAN_POINT('Origin',(20.25,10.2394290116888,18.));
#3775=CARTESIAN_POINT('',(21.3,10.2394290116888,18.));
#3776=CARTESIAN_POINT('Origin',(20.25,10.2394290116888,18.));
#3777=CARTESIAN_POINT('',(21.3,10.2394290116888,18.));
#3778=CARTESIAN_POINT('Origin',(-12.5000000000002,4.9960036108132E-14,18.));
#3779=CARTESIAN_POINT('',(-6.00000008940697,5.07560565166287E-14,18.));
#3780=CARTESIAN_POINT('Origin',(-12.5000000000002,4.9960036108132E-14,18.));
#3781=CARTESIAN_POINT('',(-6.00000008940697,4.91640156996354E-14,18.));
#3782=CARTESIAN_POINT('Origin',(20.25,-10.25,18.));
#3783=CARTESIAN_POINT('',(21.3,-10.25,18.));
#3784=CARTESIAN_POINT('Origin',(20.25,-10.25,18.));
#3785=CARTESIAN_POINT('',(21.3,-10.25,18.));
#3786=CARTESIAN_POINT('Origin',(33.3070652173913,-7.99767317222077,50.));
#3787=CARTESIAN_POINT('',(33.3432404891304,-6.49810945242938,18.));
#3788=CARTESIAN_POINT('',(33.3432404891304,-6.49810945242937,50.));
#3789=CARTESIAN_POINT('',(34.7847124824684,-8.25566262938917,18.));
#3790=CARTESIAN_POINT('Origin',(33.3070652173913,-7.99767317222077,18.));
#3791=CARTESIAN_POINT('',(34.7847124824684,-8.25566262938917,50.));
#3792=CARTESIAN_POINT('Origin',(33.5,0.,50.));
#3793=CARTESIAN_POINT('',(33.3432404891304,6.49810945242938,18.));
#3794=CARTESIAN_POINT('',(33.3432404891304,6.49810945242937,50.));
#3795=CARTESIAN_POINT('Origin',(33.5,0.,18.));
#3796=CARTESIAN_POINT('Origin',(33.3070652173913,7.99767317222078,50.));
#3797=CARTESIAN_POINT('',(34.7847124824685,8.25566262938918,18.));
#3798=CARTESIAN_POINT('',(34.7847124824685,8.25566262938918,50.));
#3799=CARTESIAN_POINT('Origin',(33.3070652173913,7.99767317222078,18.));
#3800=CARTESIAN_POINT('Origin',(-12.5,0.,50.));
#3801=CARTESIAN_POINT('',(31.5655241816411,19.0323298257782,18.));
#3802=CARTESIAN_POINT('',(31.5655241816419,19.0323298257764,50.));
#3803=CARTESIAN_POINT('Origin',(-12.5,0.,18.));
#3804=CARTESIAN_POINT('Origin',(-12.5,0.,50.));
#3805=CARTESIAN_POINT('',(-59.7847124824685,8.25566262938917,18.));
#3806=CARTESIAN_POINT('',(-59.7847124824685,8.25566262938917,50.));
#3807=CARTESIAN_POINT('Origin',(-12.5,0.,18.));
#3808=CARTESIAN_POINT('Origin',(-58.3070652173913,7.99767317222078,50.));
#3809=CARTESIAN_POINT('',(-58.3432404891305,6.49810945242937,18.));
#3810=CARTESIAN_POINT('',(-58.3432404891305,6.49810945242937,50.));
#3811=CARTESIAN_POINT('Origin',(-58.3070652173913,7.99767317222078,18.));
#3812=CARTESIAN_POINT('Origin',(-58.5,0.,50.));
#3813=CARTESIAN_POINT('',(-58.3432404891305,-6.49810945242937,18.));
#3814=CARTESIAN_POINT('',(-58.3432404891305,-6.49810945242937,50.));
#3815=CARTESIAN_POINT('Origin',(-58.5,0.,18.));
#3816=CARTESIAN_POINT('Origin',(-58.3070652173913,-7.99767317222077,50.));
#3817=CARTESIAN_POINT('',(-59.7847124824685,-8.25566262938917,18.));
#3818=CARTESIAN_POINT('',(-59.7847124824685,-8.25566262938917,50.));
#3819=CARTESIAN_POINT('Origin',(-58.3070652173913,-7.99767317222077,18.));
#3820=CARTESIAN_POINT('Origin',(-12.5,0.,50.));
#3821=CARTESIAN_POINT('Origin',(-12.5,0.,18.));
#3822=CARTESIAN_POINT('Origin',(-12.5,0.,50.));
#3823=CARTESIAN_POINT('',(31.5307712175078,-19.1125923409537,18.));
#3824=CARTESIAN_POINT('Origin',(-12.5,0.,18.));
#3825=CARTESIAN_POINT('',(31.5307712175057,-19.1125923409585,50.));
#3826=CARTESIAN_POINT('Origin',(-12.5,8.88178419700125E-15,18.));
#3827=CARTESIAN_POINT('Origin',(28.7483051574725,18.0011766025071,18.));
#3828=CARTESIAN_POINT('Origin',(28.744535305168,-18.0004370277042,18.));
#3829=CARTESIAN_POINT('Origin',(28.7483051574725,18.0011766025071,50.));
#3830=CARTESIAN_POINT('',(31.4978764691562,19.2011172685259,50.));
#3831=CARTESIAN_POINT('Origin',(28.744535305168,-18.0004370277042,50.));
#3832=CARTESIAN_POINT('',(31.4940844840822,-19.2004284079784,50.));
#3833=CARTESIAN_POINT('Origin',(-58.5,0.,50.));
#3834=CARTESIAN_POINT('',(-55.75,-3.36777869765523E-16,50.));
#3835=CARTESIAN_POINT('Origin',(-12.5,-46.,50.));
#3836=CARTESIAN_POINT('',(-9.75,-46.,50.));
#3837=CARTESIAN_POINT('Origin',(-12.5,0.,50.));
#3838=CARTESIAN_POINT('',(25.3022194568143,29.5886505656082,50.));
#3839=CARTESIAN_POINT('Origin',(23.72729650632,28.3559228178851,50.));
#3840=CARTESIAN_POINT('Origin',(33.5,0.,50.));
#3841=CARTESIAN_POINT('',(36.25,-3.36777869765522E-16,50.));
#3842=CARTESIAN_POINT('Origin',(-12.5,0.,50.));
#3843=CARTESIAN_POINT('Origin',(-12.5,46.,50.));
#3844=CARTESIAN_POINT('',(-9.75,46.,50.));
#3845=UNCERTAINTY_MEASURE_WITH_UNIT(LENGTH_MEASURE(0.01),#3849,
'DISTANCE_ACCURACY_VALUE',
'Maximum model space distance between geometric entities at asserted c
onnectivities');
#3846=UNCERTAINTY_MEASURE_WITH_UNIT(LENGTH_MEASURE(0.01),#3849,
'DISTANCE_ACCURACY_VALUE',
'Maximum model space distance between geometric entities at asserted c
onnectivities');
#3847=(
GEOMETRIC_REPRESENTATION_CONTEXT(3)
GLOBAL_UNCERTAINTY_ASSIGNED_CONTEXT((#3845))
GLOBAL_UNIT_ASSIGNED_CONTEXT((#3849,#3851,#3852))
REPRESENTATION_CONTEXT('','3D')
);
#3848=(
GEOMETRIC_REPRESENTATION_CONTEXT(3)
GLOBAL_UNCERTAINTY_ASSIGNED_CONTEXT((#3846))
GLOBAL_UNIT_ASSIGNED_CONTEXT((#3849,#3851,#3852))
REPRESENTATION_CONTEXT('','3D')
);
#3849=(
LENGTH_UNIT()
NAMED_UNIT(*)
SI_UNIT(.MILLI.,.METRE.)
);
#3850=(
LENGTH_UNIT()
NAMED_UNIT(*)
SI_UNIT($,.METRE.)
);
#3851=(
NAMED_UNIT(*)
PLANE_ANGLE_UNIT()
SI_UNIT($,.RADIAN.)
);
#3852=(
NAMED_UNIT(*)
SI_UNIT($,.STERADIAN.)
SOLID_ANGLE_UNIT()
);
#3853=SHAPE_DEFINITION_REPRESENTATION(#3854,#3855);
#3854=PRODUCT_DEFINITION_SHAPE('',$,#3857);
#3855=SHAPE_REPRESENTATION('',(#2142),#3847);
#3856=PRODUCT_DEFINITION_CONTEXT('part definition',#3861,'design');
#3857=PRODUCT_DEFINITION('2026-03-16-14-29-57-577','base_link',#3858,#3856);
#3858=PRODUCT_DEFINITION_FORMATION('',$,#3863);
#3859=PRODUCT_RELATED_PRODUCT_CATEGORY('base_link','base_link',(#3863));
#3860=APPLICATION_PROTOCOL_DEFINITION('international standard',
'automotive_design',2009,#3861);
#3861=APPLICATION_CONTEXT(
'Core Data for Automotive Mechanical Design Process');
#3862=PRODUCT_CONTEXT('part definition',#3861,'mechanical');
#3863=PRODUCT('2026-03-16-14-29-57-577','base_link',$,(#3862));
#3864=PRESENTATION_STYLE_ASSIGNMENT((#3865));
#3865=SURFACE_STYLE_USAGE(.BOTH.,#3866);
#3866=SURFACE_SIDE_STYLE('',(#3867));
#3867=SURFACE_STYLE_FILL_AREA(#3868);
#3868=FILL_AREA_STYLE('\X2\AC15CCA0\X0\ - \X2\C0C8D2F4\X0\',(#3869));
#3869=FILL_AREA_STYLE_COLOUR('\X2\AC15CCA0\X0\ - \X2\C0C8D2F4\X0\',#3870);
#3870=COLOUR_RGB('\X2\AC15CCA0\X0\ - \X2\C0C8D2F4\X0\',0.627450980392157,
0.627450980392157,0.627450980392157);
ENDSEC;
END-ISO-10303-21;
