ISO-10303-21;
HEADER;
/* Generated by software containing ST-Developer
 * from STEP Tools, Inc. (www.steptools.com) 
 */

FILE_DESCRIPTION(
/* description */ (''),
/* implementation_level */ '2;1');

FILE_NAME(
/* name */ 'gripper_base.step',
/* time_stamp */ '2026-06-11T21:52:03+09:00',
/* author */ (''),
/* organization */ (''),
/* preprocessor_version */ 'ST-DEVELOPER v20.1',
/* originating_system */ 'Autodesk Translation Framework v15.8.0.0',
/* authorisation */ '');

FILE_SCHEMA (('AUTOMOTIVE_DESIGN { 1 0 10303 214 3 1 1 }'));
ENDSEC;

DATA;
#10=MECHANICAL_DESIGN_GEOMETRIC_PRESENTATION_REPRESENTATION('',(#13),#3595);
#11=SHAPE_REPRESENTATION_RELATIONSHIP('SRR','None',#3602,#12);
#12=ADVANCED_BREP_SHAPE_REPRESENTATION('',(#14),#3594);
#13=STYLED_ITEM('',(#3611),#14);
#14=MANIFOLD_SOLID_BREP('\X2\BCF8CCB4\X0\3',#2033);
#15=B_SPLINE_SURFACE_WITH_KNOTS('',3,3,((#3465,#3466,#3467,#3468,#3469),
(#3470,#3471,#3472,#3473,#3474),(#3475,#3476,#3477,#3478,#3479),(#3480,
#3481,#3482,#3483,#3484),(#3485,#3486,#3487,#3488,#3489)),.UNSPECIFIED.,
 .F.,.F.,.F.,(4,1,4),(4,1,4),(0.,0.571428571428571,1.),(-2.00260695996132E-17,
0.673198425769242,1.5707963267949),.UNSPECIFIED.);
#16=B_SPLINE_SURFACE_WITH_KNOTS('',3,3,((#3497,#3498,#3499,#3500,#3501),
(#3502,#3503,#3504,#3505,#3506),(#3507,#3508,#3509,#3510,#3511),(#3512,
#3513,#3514,#3515,#3516),(#3517,#3518,#3519,#3520,#3521)),.UNSPECIFIED.,
 .F.,.F.,.F.,(4,1,4),(4,1,4),(0.,0.571428571428571,1.),(-1.5707963267949,
-0.897597901025657,7.40443041591886E-17),.UNSPECIFIED.);
#17=ELLIPSE('',#2226,2.09897378594684,2.);
#18=ELLIPSE('',#2237,2.09897378594684,2.);
#19=ELLIPSE('',#2244,1.04159837281965,1.);
#20=ELLIPSE('',#2246,1.18561838468033,1.);
#21=ELLIPSE('',#2250,1.18561838468033,1.);
#22=ELLIPSE('',#2268,2.37123676936067,2.);
#23=SPHERICAL_SURFACE('',#2216,2.);
#24=SPHERICAL_SURFACE('',#2219,2.);
#25=SPHERICAL_SURFACE('',#2228,2.);
#26=SPHERICAL_SURFACE('',#2234,2.);
#27=B_SPLINE_CURVE_WITH_KNOTS('',3,(#3172,#3173,#3174,#3175,#3176,#3177,
#3178,#3179),.UNSPECIFIED.,.F.,.F.,(4,2,2,4),(0.534445444412075,0.584607482095621,
0.634769519779166,0.758261311714246),.UNSPECIFIED.);
#28=B_SPLINE_CURVE_WITH_KNOTS('',3,(#3436,#3437,#3438,#3439,#3440,#3441,
#3442,#3443,#3444,#3445,#3446,#3447,#3448,#3449,#3450,#3451,#3452,#3453,
#3454,#3455,#3456,#3457,#3458),.UNSPECIFIED.,.F.,.F.,(4,2,2,2,2,3,2,2,2,
2,4),(-0.207062930250804,-0.188548707201369,-0.148861665885141,-0.0744308329425705,
-0.0372154164712852,0.,0.0372154164712851,0.0744308329425702,0.14886166588514,
0.188548707201369,0.207062930250804),.UNSPECIFIED.);
#29=B_SPLINE_CURVE_WITH_KNOTS('',3,(#3560,#3561,#3562,#3563,#3564,#3565,
#3566,#3567,#3568,#3569),.UNSPECIFIED.,.F.,.F.,(4,2,2,2,4),(0.,0.0526744801535597,
0.105348960307119,0.153338320074566,0.201327679842012),.UNSPECIFIED.);
#30=CYLINDRICAL_SURFACE('',#2062,11.25);
#31=CYLINDRICAL_SURFACE('',#2070,4.);
#32=CYLINDRICAL_SURFACE('',#2076,1.05);
#33=CYLINDRICAL_SURFACE('',#2079,1.05);
#34=CYLINDRICAL_SURFACE('',#2098,0.5);
#35=CYLINDRICAL_SURFACE('',#2102,0.5);
#36=CYLINDRICAL_SURFACE('',#2104,1.);
#37=CYLINDRICAL_SURFACE('',#2108,1.);
#38=CYLINDRICAL_SURFACE('',#2112,1.);
#39=CYLINDRICAL_SURFACE('',#2123,1.);
#40=CYLINDRICAL_SURFACE('',#2127,2.);
#41=CYLINDRICAL_SURFACE('',#2130,2.);
#42=CYLINDRICAL_SURFACE('',#2132,2.);
#43=CYLINDRICAL_SURFACE('',#2139,2.);
#44=CYLINDRICAL_SURFACE('',#2141,4.95);
#45=CYLINDRICAL_SURFACE('',#2149,1.25);
#46=CYLINDRICAL_SURFACE('',#2152,1.25);
#47=CYLINDRICAL_SURFACE('',#2155,1.25);
#48=CYLINDRICAL_SURFACE('',#2162,2.);
#49=CYLINDRICAL_SURFACE('',#2166,2.);
#50=CYLINDRICAL_SURFACE('',#2171,1.25);
#51=CYLINDRICAL_SURFACE('',#2178,1.25);
#52=CYLINDRICAL_SURFACE('',#2183,2.);
#53=CYLINDRICAL_SURFACE('',#2187,2.);
#54=CYLINDRICAL_SURFACE('',#2194,3.);
#55=CYLINDRICAL_SURFACE('',#2196,3.);
#56=CYLINDRICAL_SURFACE('',#2198,3.);
#57=CYLINDRICAL_SURFACE('',#2200,3.);
#58=CYLINDRICAL_SURFACE('',#2205,10.5);
#59=CYLINDRICAL_SURFACE('',#2209,2.);
#60=CYLINDRICAL_SURFACE('',#2214,2.);
#61=CYLINDRICAL_SURFACE('',#2222,2.);
#62=CYLINDRICAL_SURFACE('',#2223,2.);
#63=CYLINDRICAL_SURFACE('',#2225,2.);
#64=CYLINDRICAL_SURFACE('',#2230,2.);
#65=CYLINDRICAL_SURFACE('',#2232,2.);
#66=CYLINDRICAL_SURFACE('',#2236,2.);
#67=CYLINDRICAL_SURFACE('',#2241,2.);
#68=CYLINDRICAL_SURFACE('',#2242,1.);
#69=CYLINDRICAL_SURFACE('',#2247,1.);
#70=CYLINDRICAL_SURFACE('',#2251,1.);
#71=CYLINDRICAL_SURFACE('',#2254,7.5);
#72=CYLINDRICAL_SURFACE('',#2259,1.75);
#73=CYLINDRICAL_SURFACE('',#2260,3.);
#74=CYLINDRICAL_SURFACE('',#2261,1.75);
#75=CYLINDRICAL_SURFACE('',#2262,1.75);
#76=CYLINDRICAL_SURFACE('',#2263,1.75);
#77=CYLINDRICAL_SURFACE('',#2269,1.);
#78=CYLINDRICAL_SURFACE('',#2271,5.);
#79=CYLINDRICAL_SURFACE('',#2273,5.);
#80=CYLINDRICAL_SURFACE('',#2275,2.);
#81=CYLINDRICAL_SURFACE('',#2279,2.);
#82=CYLINDRICAL_SURFACE('',#2282,4.95);
#83=TOROIDAL_SURFACE('',#2051,11.15,0.1);
#84=TOROIDAL_SURFACE('',#2066,5.,1.);
#85=TOROIDAL_SURFACE('',#2206,3.,2.);
#86=TOROIDAL_SURFACE('',#2211,3.,2.);
#87=TOROIDAL_SURFACE('',#2257,9.5,2.);
#88=TOROIDAL_SURFACE('',#2277,3.,2.);
#89=TOROIDAL_SURFACE('',#2281,3.,2.);
#90=FACE_BOUND('',#360,.T.);
#91=FACE_BOUND('',#361,.T.);
#92=FACE_BOUND('',#362,.T.);
#93=FACE_BOUND('',#365,.T.);
#94=FACE_BOUND('',#366,.T.);
#95=FACE_BOUND('',#367,.T.);
#96=FACE_BOUND('',#368,.T.);
#97=FACE_BOUND('',#369,.T.);
#98=FACE_BOUND('',#374,.T.);
#99=FACE_BOUND('',#378,.T.);
#100=FACE_BOUND('',#380,.T.);
#101=FACE_BOUND('',#382,.T.);
#102=FACE_BOUND('',#384,.T.);
#103=FACE_BOUND('',#397,.T.);
#104=FACE_BOUND('',#398,.T.);
#105=FACE_BOUND('',#399,.T.);
#106=FACE_BOUND('',#409,.T.);
#107=FACE_BOUND('',#410,.T.);
#108=FACE_BOUND('',#411,.T.);
#109=FACE_BOUND('',#423,.T.);
#110=FACE_BOUND('',#425,.T.);
#111=FACE_BOUND('',#428,.T.);
#112=FACE_BOUND('',#445,.T.);
#113=FACE_BOUND('',#451,.T.);
#114=FACE_BOUND('',#452,.T.);
#115=FACE_BOUND('',#453,.T.);
#116=FACE_BOUND('',#454,.T.);
#117=FACE_BOUND('',#455,.T.);
#118=FACE_BOUND('',#472,.T.);
#119=FACE_BOUND('',#473,.T.);
#120=FACE_BOUND('',#474,.T.);
#121=FACE_BOUND('',#482,.T.);
#122=FACE_BOUND('',#492,.T.);
#123=FACE_BOUND('',#494,.T.);
#124=FACE_BOUND('',#495,.T.);
#125=CIRCLE('',#2048,2.);
#126=CIRCLE('',#2049,2.);
#127=CIRCLE('',#2050,4.95);
#128=CIRCLE('',#2052,11.15);
#129=CIRCLE('',#2053,0.1);
#130=CIRCLE('',#2054,11.25);
#131=CIRCLE('',#2055,11.25);
#132=CIRCLE('',#2057,5.);
#133=CIRCLE('',#2058,1.75);
#134=CIRCLE('',#2059,1.75);
#135=CIRCLE('',#2060,1.75);
#136=CIRCLE('',#2061,1.75);
#137=CIRCLE('',#2063,11.25);
#138=CIRCLE('',#2064,11.25);
#139=CIRCLE('',#2065,11.25);
#140=CIRCLE('',#2067,1.);
#141=CIRCLE('',#2068,4.);
#142=CIRCLE('',#2069,4.);
#143=CIRCLE('',#2071,4.);
#144=CIRCLE('',#2072,4.);
#145=CIRCLE('',#2073,4.);
#146=CIRCLE('',#2075,3.);
#147=CIRCLE('',#2077,1.05);
#148=CIRCLE('',#2078,1.05);
#149=CIRCLE('',#2080,1.05);
#150=CIRCLE('',#2081,1.05);
#151=CIRCLE('',#2083,3.);
#152=CIRCLE('',#2084,1.75);
#153=CIRCLE('',#2086,3.);
#154=CIRCLE('',#2087,1.75);
#155=CIRCLE('',#2089,3.);
#156=CIRCLE('',#2090,1.75);
#157=CIRCLE('',#2092,3.);
#158=CIRCLE('',#2093,1.75);
#159=CIRCLE('',#2095,0.5);
#160=CIRCLE('',#2096,0.5);
#161=CIRCLE('',#2099,0.5);
#162=CIRCLE('',#2103,0.5);
#163=CIRCLE('',#2105,1.);
#164=CIRCLE('',#2106,1.);
#165=CIRCLE('',#2109,1.);
#166=CIRCLE('',#2110,1.);
#167=CIRCLE('',#2113,1.);
#168=CIRCLE('',#2114,1.);
#169=CIRCLE('',#2116,3.);
#170=CIRCLE('',#2117,3.);
#171=CIRCLE('',#2118,1.);
#172=CIRCLE('',#2119,10.5);
#173=CIRCLE('',#2121,2.);
#174=CIRCLE('',#2122,2.);
#175=CIRCLE('',#2124,1.);
#176=CIRCLE('',#2128,2.);
#177=CIRCLE('',#2129,2.);
#178=CIRCLE('',#2131,2.);
#179=CIRCLE('',#2133,2.);
#180=CIRCLE('',#2134,2.);
#181=CIRCLE('',#2137,3.);
#182=CIRCLE('',#2138,3.);
#183=CIRCLE('',#2140,2.);
#184=CIRCLE('',#2142,4.95);
#185=CIRCLE('',#2143,4.95);
#186=CIRCLE('',#2150,1.25);
#187=CIRCLE('',#2151,1.25);
#188=CIRCLE('',#2153,1.25);
#189=CIRCLE('',#2154,1.25);
#190=CIRCLE('',#2156,1.25);
#191=CIRCLE('',#2157,1.25);
#192=CIRCLE('',#2159,2.);
#193=CIRCLE('',#2161,2.);
#194=CIRCLE('',#2163,2.);
#195=CIRCLE('',#2165,2.);
#196=CIRCLE('',#2167,2.);
#197=CIRCLE('',#2169,1.25);
#198=CIRCLE('',#2172,1.25);
#199=CIRCLE('',#2173,1.25);
#200=CIRCLE('',#2176,2.);
#201=CIRCLE('',#2177,2.);
#202=CIRCLE('',#2179,1.25);
#203=CIRCLE('',#2181,2.);
#204=CIRCLE('',#2182,2.);
#205=CIRCLE('',#2185,2.);
#206=CIRCLE('',#2186,2.);
#207=CIRCLE('',#2193,7.5);
#208=CIRCLE('',#2195,3.);
#209=CIRCLE('',#2197,3.);
#210=CIRCLE('',#2199,3.);
#211=CIRCLE('',#2201,3.);
#212=CIRCLE('',#2203,10.5);
#213=CIRCLE('',#2204,3.);
#214=CIRCLE('',#2207,5.);
#215=CIRCLE('',#2208,2.);
#216=CIRCLE('',#2210,2.);
#217=CIRCLE('',#2212,5.);
#218=CIRCLE('',#2213,2.);
#219=CIRCLE('',#2215,2.);
#220=CIRCLE('',#2217,2.);
#221=CIRCLE('',#2218,2.);
#222=CIRCLE('',#2220,2.);
#223=CIRCLE('',#2221,2.);
#224=CIRCLE('',#2224,2.);
#225=CIRCLE('',#2227,2.);
#226=CIRCLE('',#2229,2.);
#227=CIRCLE('',#2231,2.);
#228=CIRCLE('',#2233,2.);
#229=CIRCLE('',#2235,2.);
#230=CIRCLE('',#2239,2.);
#231=CIRCLE('',#2240,2.);
#232=CIRCLE('',#2243,1.);
#233=CIRCLE('',#2245,0.999999999999996);
#234=CIRCLE('',#2248,1.);
#235=CIRCLE('',#2249,1.);
#236=CIRCLE('',#2253,9.5);
#237=CIRCLE('',#2255,7.5);
#238=CIRCLE('',#2256,7.5);
#239=CIRCLE('',#2258,2.);
#240=CIRCLE('',#2272,5.);
#241=CIRCLE('',#2274,5.);
#242=CIRCLE('',#2276,2.);
#243=CIRCLE('',#2278,2.);
#244=CIRCLE('',#2280,2.);
#245=CIRCLE('',#2283,4.95);
#246=FACE_OUTER_BOUND('',#359,.T.);
#247=FACE_OUTER_BOUND('',#363,.T.);
#248=FACE_OUTER_BOUND('',#364,.T.);
#249=FACE_OUTER_BOUND('',#370,.T.);
#250=FACE_OUTER_BOUND('',#371,.T.);
#251=FACE_OUTER_BOUND('',#372,.T.);
#252=FACE_OUTER_BOUND('',#373,.T.);
#253=FACE_OUTER_BOUND('',#375,.T.);
#254=FACE_OUTER_BOUND('',#376,.T.);
#255=FACE_OUTER_BOUND('',#377,.T.);
#256=FACE_OUTER_BOUND('',#379,.T.);
#257=FACE_OUTER_BOUND('',#381,.T.);
#258=FACE_OUTER_BOUND('',#383,.T.);
#259=FACE_OUTER_BOUND('',#385,.T.);
#260=FACE_OUTER_BOUND('',#386,.T.);
#261=FACE_OUTER_BOUND('',#387,.T.);
#262=FACE_OUTER_BOUND('',#388,.T.);
#263=FACE_OUTER_BOUND('',#389,.T.);
#264=FACE_OUTER_BOUND('',#390,.T.);
#265=FACE_OUTER_BOUND('',#391,.T.);
#266=FACE_OUTER_BOUND('',#392,.T.);
#267=FACE_OUTER_BOUND('',#393,.T.);
#268=FACE_OUTER_BOUND('',#394,.T.);
#269=FACE_OUTER_BOUND('',#395,.T.);
#270=FACE_OUTER_BOUND('',#396,.T.);
#271=FACE_OUTER_BOUND('',#400,.T.);
#272=FACE_OUTER_BOUND('',#401,.T.);
#273=FACE_OUTER_BOUND('',#402,.T.);
#274=FACE_OUTER_BOUND('',#403,.T.);
#275=FACE_OUTER_BOUND('',#404,.T.);
#276=FACE_OUTER_BOUND('',#405,.T.);
#277=FACE_OUTER_BOUND('',#406,.T.);
#278=FACE_OUTER_BOUND('',#407,.T.);
#279=FACE_OUTER_BOUND('',#408,.T.);
#280=FACE_OUTER_BOUND('',#412,.T.);
#281=FACE_OUTER_BOUND('',#413,.T.);
#282=FACE_OUTER_BOUND('',#414,.T.);
#283=FACE_OUTER_BOUND('',#415,.T.);
#284=FACE_OUTER_BOUND('',#416,.T.);
#285=FACE_OUTER_BOUND('',#417,.T.);
#286=FACE_OUTER_BOUND('',#418,.T.);
#287=FACE_OUTER_BOUND('',#419,.T.);
#288=FACE_OUTER_BOUND('',#420,.T.);
#289=FACE_OUTER_BOUND('',#421,.T.);
#290=FACE_OUTER_BOUND('',#422,.T.);
#291=FACE_OUTER_BOUND('',#424,.T.);
#292=FACE_OUTER_BOUND('',#426,.T.);
#293=FACE_OUTER_BOUND('',#427,.T.);
#294=FACE_OUTER_BOUND('',#429,.T.);
#295=FACE_OUTER_BOUND('',#430,.T.);
#296=FACE_OUTER_BOUND('',#431,.T.);
#297=FACE_OUTER_BOUND('',#432,.T.);
#298=FACE_OUTER_BOUND('',#433,.T.);
#299=FACE_OUTER_BOUND('',#434,.T.);
#300=FACE_OUTER_BOUND('',#435,.T.);
#301=FACE_OUTER_BOUND('',#436,.T.);
#302=FACE_OUTER_BOUND('',#437,.T.);
#303=FACE_OUTER_BOUND('',#438,.T.);
#304=FACE_OUTER_BOUND('',#439,.T.);
#305=FACE_OUTER_BOUND('',#440,.T.);
#306=FACE_OUTER_BOUND('',#441,.T.);
#307=FACE_OUTER_BOUND('',#442,.T.);
#308=FACE_OUTER_BOUND('',#443,.T.);
#309=FACE_OUTER_BOUND('',#444,.T.);
#310=FACE_OUTER_BOUND('',#446,.T.);
#311=FACE_OUTER_BOUND('',#447,.T.);
#312=FACE_OUTER_BOUND('',#448,.T.);
#313=FACE_OUTER_BOUND('',#449,.T.);
#314=FACE_OUTER_BOUND('',#450,.T.);
#315=FACE_OUTER_BOUND('',#456,.T.);
#316=FACE_OUTER_BOUND('',#457,.T.);
#317=FACE_OUTER_BOUND('',#458,.T.);
#318=FACE_OUTER_BOUND('',#459,.T.);
#319=FACE_OUTER_BOUND('',#460,.T.);
#320=FACE_OUTER_BOUND('',#461,.T.);
#321=FACE_OUTER_BOUND('',#462,.T.);
#322=FACE_OUTER_BOUND('',#463,.T.);
#323=FACE_OUTER_BOUND('',#464,.T.);
#324=FACE_OUTER_BOUND('',#465,.T.);
#325=FACE_OUTER_BOUND('',#466,.T.);
#326=FACE_OUTER_BOUND('',#467,.T.);
#327=FACE_OUTER_BOUND('',#468,.T.);
#328=FACE_OUTER_BOUND('',#469,.T.);
#329=FACE_OUTER_BOUND('',#470,.T.);
#330=FACE_OUTER_BOUND('',#471,.T.);
#331=FACE_OUTER_BOUND('',#475,.T.);
#332=FACE_OUTER_BOUND('',#476,.T.);
#333=FACE_OUTER_BOUND('',#477,.T.);
#334=FACE_OUTER_BOUND('',#478,.T.);
#335=FACE_OUTER_BOUND('',#479,.T.);
#336=FACE_OUTER_BOUND('',#480,.T.);
#337=FACE_OUTER_BOUND('',#481,.T.);
#338=FACE_OUTER_BOUND('',#483,.T.);
#339=FACE_OUTER_BOUND('',#484,.T.);
#340=FACE_OUTER_BOUND('',#485,.T.);
#341=FACE_OUTER_BOUND('',#486,.T.);
#342=FACE_OUTER_BOUND('',#487,.T.);
#343=FACE_OUTER_BOUND('',#488,.T.);
#344=FACE_OUTER_BOUND('',#489,.T.);
#345=FACE_OUTER_BOUND('',#490,.T.);
#346=FACE_OUTER_BOUND('',#491,.T.);
#347=FACE_OUTER_BOUND('',#493,.T.);
#348=FACE_OUTER_BOUND('',#496,.T.);
#349=FACE_OUTER_BOUND('',#497,.T.);
#350=FACE_OUTER_BOUND('',#498,.T.);
#351=FACE_OUTER_BOUND('',#499,.T.);
#352=FACE_OUTER_BOUND('',#500,.T.);
#353=FACE_OUTER_BOUND('',#501,.T.);
#354=FACE_OUTER_BOUND('',#502,.T.);
#355=FACE_OUTER_BOUND('',#503,.T.);
#356=FACE_OUTER_BOUND('',#504,.T.);
#357=FACE_OUTER_BOUND('',#505,.T.);
#358=FACE_OUTER_BOUND('',#506,.T.);
#359=EDGE_LOOP('',(#1295,#1296,#1297,#1298,#1299,#1300,#1301));
#360=EDGE_LOOP('',(#1302));
#361=EDGE_LOOP('',(#1303));
#362=EDGE_LOOP('',(#1304));
#363=EDGE_LOOP('',(#1305,#1306,#1307,#1308,#1309));
#364=EDGE_LOOP('',(#1310));
#365=EDGE_LOOP('',(#1311));
#366=EDGE_LOOP('',(#1312));
#367=EDGE_LOOP('',(#1313));
#368=EDGE_LOOP('',(#1314));
#369=EDGE_LOOP('',(#1315));
#370=EDGE_LOOP('',(#1316,#1317,#1318,#1319,#1320,#1321,#1322,#1323,#1324));
#371=EDGE_LOOP('',(#1325,#1326,#1327,#1328,#1329));
#372=EDGE_LOOP('',(#1330,#1331,#1332,#1333,#1334,#1335,#1336,#1337,#1338,
#1339,#1340,#1341,#1342));
#373=EDGE_LOOP('',(#1343,#1344,#1345));
#374=EDGE_LOOP('',(#1346));
#375=EDGE_LOOP('',(#1347,#1348,#1349,#1350));
#376=EDGE_LOOP('',(#1351,#1352,#1353,#1354));
#377=EDGE_LOOP('',(#1355));
#378=EDGE_LOOP('',(#1356));
#379=EDGE_LOOP('',(#1357));
#380=EDGE_LOOP('',(#1358));
#381=EDGE_LOOP('',(#1359));
#382=EDGE_LOOP('',(#1360));
#383=EDGE_LOOP('',(#1361));
#384=EDGE_LOOP('',(#1362));
#385=EDGE_LOOP('',(#1363,#1364,#1365,#1366,#1367,#1368,#1369));
#386=EDGE_LOOP('',(#1370,#1371,#1372,#1373));
#387=EDGE_LOOP('',(#1374,#1375,#1376,#1377));
#388=EDGE_LOOP('',(#1378,#1379,#1380,#1381));
#389=EDGE_LOOP('',(#1382,#1383,#1384,#1385));
#390=EDGE_LOOP('',(#1386,#1387,#1388,#1389));
#391=EDGE_LOOP('',(#1390,#1391,#1392,#1393));
#392=EDGE_LOOP('',(#1394,#1395,#1396,#1397));
#393=EDGE_LOOP('',(#1398,#1399,#1400,#1401));
#394=EDGE_LOOP('',(#1402,#1403,#1404,#1405));
#395=EDGE_LOOP('',(#1406,#1407,#1408,#1409));
#396=EDGE_LOOP('',(#1410,#1411,#1412,#1413,#1414,#1415,#1416,#1417,#1418,
#1419,#1420,#1421,#1422,#1423,#1424,#1425,#1426,#1427,#1428,#1429));
#397=EDGE_LOOP('',(#1430));
#398=EDGE_LOOP('',(#1431));
#399=EDGE_LOOP('',(#1432));
#400=EDGE_LOOP('',(#1433,#1434,#1435,#1436,#1437,#1438));
#401=EDGE_LOOP('',(#1439,#1440,#1441,#1442));
#402=EDGE_LOOP('',(#1443,#1444,#1445,#1446));
#403=EDGE_LOOP('',(#1447,#1448,#1449,#1450));
#404=EDGE_LOOP('',(#1451,#1452,#1453,#1454));
#405=EDGE_LOOP('',(#1455,#1456,#1457,#1458));
#406=EDGE_LOOP('',(#1459,#1460,#1461,#1462));
#407=EDGE_LOOP('',(#1463,#1464,#1465,#1466,#1467,#1468));
#408=EDGE_LOOP('',(#1469,#1470,#1471,#1472,#1473,#1474,#1475,#1476,#1477,
#1478,#1479,#1480,#1481,#1482,#1483,#1484));
#409=EDGE_LOOP('',(#1485));
#410=EDGE_LOOP('',(#1486));
#411=EDGE_LOOP('',(#1487,#1488,#1489,#1490,#1491,#1492));
#412=EDGE_LOOP('',(#1493,#1494,#1495,#1496,#1497));
#413=EDGE_LOOP('',(#1498,#1499,#1500,#1501));
#414=EDGE_LOOP('',(#1502));
#415=EDGE_LOOP('',(#1503,#1504,#1505,#1506));
#416=EDGE_LOOP('',(#1507,#1508,#1509,#1510));
#417=EDGE_LOOP('',(#1511,#1512,#1513,#1514,#1515,#1516));
#418=EDGE_LOOP('',(#1517,#1518,#1519,#1520,#1521,#1522,#1523));
#419=EDGE_LOOP('',(#1524,#1525,#1526,#1527));
#420=EDGE_LOOP('',(#1528,#1529,#1530,#1531));
#421=EDGE_LOOP('',(#1532,#1533,#1534,#1535));
#422=EDGE_LOOP('',(#1536));
#423=EDGE_LOOP('',(#1537));
#424=EDGE_LOOP('',(#1538));
#425=EDGE_LOOP('',(#1539));
#426=EDGE_LOOP('',(#1540,#1541,#1542,#1543));
#427=EDGE_LOOP('',(#1544));
#428=EDGE_LOOP('',(#1545));
#429=EDGE_LOOP('',(#1546,#1547,#1548,#1549));
#430=EDGE_LOOP('',(#1550,#1551,#1552,#1553,#1554,#1555));
#431=EDGE_LOOP('',(#1556,#1557,#1558,#1559,#1560,#1561));
#432=EDGE_LOOP('',(#1562,#1563,#1564,#1565));
#433=EDGE_LOOP('',(#1566,#1567,#1568,#1569,#1570,#1571));
#434=EDGE_LOOP('',(#1572,#1573,#1574,#1575,#1576,#1577,#1578,#1579,#1580));
#435=EDGE_LOOP('',(#1581,#1582,#1583,#1584));
#436=EDGE_LOOP('',(#1585,#1586,#1587,#1588,#1589));
#437=EDGE_LOOP('',(#1590,#1591,#1592,#1593,#1594,#1595,#1596,#1597));
#438=EDGE_LOOP('',(#1598,#1599,#1600,#1601,#1602));
#439=EDGE_LOOP('',(#1603,#1604,#1605,#1606,#1607,#1608,#1609,#1610));
#440=EDGE_LOOP('',(#1611,#1612,#1613,#1614));
#441=EDGE_LOOP('',(#1615,#1616,#1617,#1618,#1619,#1620));
#442=EDGE_LOOP('',(#1621,#1622,#1623,#1624,#1625,#1626));
#443=EDGE_LOOP('',(#1627,#1628,#1629,#1630));
#444=EDGE_LOOP('',(#1631,#1632,#1633,#1634,#1635,#1636,#1637,#1638,#1639,
#1640,#1641,#1642));
#445=EDGE_LOOP('',(#1643));
#446=EDGE_LOOP('',(#1644,#1645,#1646,#1647,#1648,#1649));
#447=EDGE_LOOP('',(#1650,#1651,#1652,#1653,#1654,#1655));
#448=EDGE_LOOP('',(#1656,#1657,#1658,#1659,#1660,#1661));
#449=EDGE_LOOP('',(#1662,#1663,#1664,#1665));
#450=EDGE_LOOP('',(#1666));
#451=EDGE_LOOP('',(#1667));
#452=EDGE_LOOP('',(#1668));
#453=EDGE_LOOP('',(#1669));
#454=EDGE_LOOP('',(#1670));
#455=EDGE_LOOP('',(#1671));
#456=EDGE_LOOP('',(#1672,#1673,#1674,#1675));
#457=EDGE_LOOP('',(#1676,#1677,#1678,#1679));
#458=EDGE_LOOP('',(#1680,#1681,#1682,#1683));
#459=EDGE_LOOP('',(#1684,#1685,#1686,#1687));
#460=EDGE_LOOP('',(#1688,#1689,#1690,#1691));
#461=EDGE_LOOP('',(#1692,#1693,#1694));
#462=EDGE_LOOP('',(#1695,#1696,#1697));
#463=EDGE_LOOP('',(#1698,#1699,#1700,#1701));
#464=EDGE_LOOP('',(#1702,#1703,#1704,#1705));
#465=EDGE_LOOP('',(#1706,#1707,#1708,#1709));
#466=EDGE_LOOP('',(#1710,#1711,#1712));
#467=EDGE_LOOP('',(#1713,#1714,#1715,#1716));
#468=EDGE_LOOP('',(#1717,#1718,#1719,#1720));
#469=EDGE_LOOP('',(#1721,#1722,#1723));
#470=EDGE_LOOP('',(#1724,#1725,#1726,#1727));
#471=EDGE_LOOP('',(#1728,#1729,#1730,#1731,#1732,#1733,#1734,#1735,#1736));
#472=EDGE_LOOP('',(#1737));
#473=EDGE_LOOP('',(#1738));
#474=EDGE_LOOP('',(#1739));
#475=EDGE_LOOP('',(#1740,#1741,#1742,#1743,#1744,#1745));
#476=EDGE_LOOP('',(#1746,#1747,#1748,#1749));
#477=EDGE_LOOP('',(#1750,#1751,#1752,#1753));
#478=EDGE_LOOP('',(#1754,#1755,#1756,#1757));
#479=EDGE_LOOP('',(#1758,#1759,#1760,#1761));
#480=EDGE_LOOP('',(#1762,#1763,#1764,#1765));
#481=EDGE_LOOP('',(#1766,#1767,#1768,#1769));
#482=EDGE_LOOP('',(#1770));
#483=EDGE_LOOP('',(#1771,#1772,#1773,#1774,#1775));
#484=EDGE_LOOP('',(#1776,#1777,#1778,#1779,#1780));
#485=EDGE_LOOP('',(#1781,#1782,#1783,#1784));
#486=EDGE_LOOP('',(#1785,#1786,#1787,#1788));
#487=EDGE_LOOP('',(#1789,#1790,#1791,#1792));
#488=EDGE_LOOP('',(#1793,#1794,#1795,#1796));
#489=EDGE_LOOP('',(#1797,#1798,#1799,#1800));
#490=EDGE_LOOP('',(#1801,#1802,#1803,#1804));
#491=EDGE_LOOP('',(#1805,#1806,#1807,#1808));
#492=EDGE_LOOP('',(#1809));
#493=EDGE_LOOP('',(#1810,#1811,#1812,#1813));
#494=EDGE_LOOP('',(#1814));
#495=EDGE_LOOP('',(#1815));
#496=EDGE_LOOP('',(#1816,#1817,#1818,#1819,#1820,#1821,#1822,#1823,#1824,
#1825,#1826,#1827,#1828,#1829,#1830,#1831,#1832));
#497=EDGE_LOOP('',(#1833,#1834,#1835,#1836,#1837,#1838));
#498=EDGE_LOOP('',(#1839,#1840,#1841,#1842));
#499=EDGE_LOOP('',(#1843,#1844,#1845,#1846));
#500=EDGE_LOOP('',(#1847,#1848,#1849,#1850));
#501=EDGE_LOOP('',(#1851,#1852,#1853,#1854,#1855));
#502=EDGE_LOOP('',(#1856,#1857,#1858,#1859));
#503=EDGE_LOOP('',(#1860,#1861,#1862,#1863));
#504=EDGE_LOOP('',(#1864,#1865,#1866,#1867));
#505=EDGE_LOOP('',(#1868,#1869,#1870,#1871));
#506=EDGE_LOOP('',(#1872));
#507=LINE('',#2926,#666);
#508=LINE('',#2928,#667);
#509=LINE('',#2930,#668);
#510=LINE('',#2932,#669);
#511=LINE('',#2934,#670);
#512=LINE('',#2936,#671);
#513=LINE('',#2937,#672);
#514=LINE('',#2965,#673);
#515=LINE('',#2969,#674);
#516=LINE('',#2973,#675);
#517=LINE('',#2983,#676);
#518=LINE('',#2985,#677);
#519=LINE('',#2989,#678);
#520=LINE('',#2990,#679);
#521=LINE('',#2994,#680);
#522=LINE('',#2995,#681);
#523=LINE('',#2997,#682);
#524=LINE('',#3005,#683);
#525=LINE('',#3011,#684);
#526=LINE('',#3032,#685);
#527=LINE('',#3036,#686);
#528=LINE('',#3039,#687);
#529=LINE('',#3042,#688);
#530=LINE('',#3043,#689);
#531=LINE('',#3046,#690);
#532=LINE('',#3050,#691);
#533=LINE('',#3051,#692);
#534=LINE('',#3054,#693);
#535=LINE('',#3055,#694);
#536=LINE('',#3063,#695);
#537=LINE('',#3066,#696);
#538=LINE('',#3069,#697);
#539=LINE('',#3071,#698);
#540=LINE('',#3072,#699);
#541=LINE('',#3078,#700);
#542=LINE('',#3081,#701);
#543=LINE('',#3083,#702);
#544=LINE('',#3084,#703);
#545=LINE('',#3090,#704);
#546=LINE('',#3093,#705);
#547=LINE('',#3096,#706);
#548=LINE('',#3098,#707);
#549=LINE('',#3100,#708);
#550=LINE('',#3102,#709);
#551=LINE('',#3104,#710);
#552=LINE('',#3106,#711);
#553=LINE('',#3108,#712);
#554=LINE('',#3110,#713);
#555=LINE('',#3114,#714);
#556=LINE('',#3118,#715);
#557=LINE('',#3119,#716);
#558=LINE('',#3122,#717);
#559=LINE('',#3127,#718);
#560=LINE('',#3133,#719);
#561=LINE('',#3135,#720);
#562=LINE('',#3139,#721);
#563=LINE('',#3141,#722);
#564=LINE('',#3143,#723);
#565=LINE('',#3144,#724);
#566=LINE('',#3150,#725);
#567=LINE('',#3153,#726);
#568=LINE('',#3159,#727);
#569=LINE('',#3164,#728);
#570=LINE('',#3168,#729);
#571=LINE('',#3169,#730);
#572=LINE('',#3185,#731);
#573=LINE('',#3191,#732);
#574=LINE('',#3193,#733);
#575=LINE('',#3195,#734);
#576=LINE('',#3196,#735);
#577=LINE('',#3200,#736);
#578=LINE('',#3202,#737);
#579=LINE('',#3204,#738);
#580=LINE('',#3205,#739);
#581=LINE('',#3209,#740);
#582=LINE('',#3211,#741);
#583=LINE('',#3213,#742);
#584=LINE('',#3215,#743);
#585=LINE('',#3217,#744);
#586=LINE('',#3218,#745);
#587=LINE('',#3221,#746);
#588=LINE('',#3223,#747);
#589=LINE('',#3224,#748);
#590=LINE('',#3225,#749);
#591=LINE('',#3230,#750);
#592=LINE('',#3236,#751);
#593=LINE('',#3242,#752);
#594=LINE('',#3253,#753);
#595=LINE('',#3260,#754);
#596=LINE('',#3265,#755);
#597=LINE('',#3266,#756);
#598=LINE('',#3270,#757);
#599=LINE('',#3272,#758);
#600=LINE('',#3274,#759);
#601=LINE('',#3276,#760);
#602=LINE('',#3278,#761);
#603=LINE('',#3279,#762);
#604=LINE('',#3284,#763);
#605=LINE('',#3289,#764);
#606=LINE('',#3291,#765);
#607=LINE('',#3293,#766);
#608=LINE('',#3294,#767);
#609=LINE('',#3295,#768);
#610=LINE('',#3298,#769);
#611=LINE('',#3300,#770);
#612=LINE('',#3302,#771);
#613=LINE('',#3311,#772);
#614=LINE('',#3314,#773);
#615=LINE('',#3319,#774);
#616=LINE('',#3320,#775);
#617=LINE('',#3323,#776);
#618=LINE('',#3325,#777);
#619=LINE('',#3326,#778);
#620=LINE('',#3330,#779);
#621=LINE('',#3332,#780);
#622=LINE('',#3333,#781);
#623=LINE('',#3334,#782);
#624=LINE('',#3336,#783);
#625=LINE('',#3339,#784);
#626=LINE('',#3341,#785);
#627=LINE('',#3342,#786);
#628=LINE('',#3345,#787);
#629=LINE('',#3346,#788);
#630=LINE('',#3347,#789);
#631=LINE('',#3353,#790);
#632=LINE('',#3357,#791);
#633=LINE('',#3361,#792);
#634=LINE('',#3365,#793);
#635=LINE('',#3372,#794);
#636=LINE('',#3379,#795);
#637=LINE('',#3388,#796);
#638=LINE('',#3398,#797);
#639=LINE('',#3403,#798);
#640=LINE('',#3404,#799);
#641=LINE('',#3409,#800);
#642=LINE('',#3415,#801);
#643=LINE('',#3418,#802);
#644=LINE('',#3426,#803);
#645=LINE('',#3431,#804);
#646=LINE('',#3433,#805);
#647=LINE('',#3434,#806);
#648=LINE('',#3459,#807);
#649=LINE('',#3463,#808);
#650=LINE('',#3496,#809);
#651=LINE('',#3533,#810);
#652=LINE('',#3538,#811);
#653=LINE('',#3540,#812);
#654=LINE('',#3542,#813);
#655=LINE('',#3544,#814);
#656=LINE('',#3546,#815);
#657=LINE('',#3549,#816);
#658=LINE('',#3550,#817);
#659=LINE('',#3552,#818);
#660=LINE('',#3554,#819);
#661=LINE('',#3557,#820);
#662=LINE('',#3573,#821);
#663=LINE('',#3574,#822);
#664=LINE('',#3575,#823);
#665=LINE('',#3590,#824);
#666=VECTOR('',#2289,10.);
#667=VECTOR('',#2290,10.);
#668=VECTOR('',#2291,10.);
#669=VECTOR('',#2292,10.);
#670=VECTOR('',#2293,10.);
#671=VECTOR('',#2294,10.);
#672=VECTOR('',#2295,10.);
#673=VECTOR('',#2326,10.25);
#674=VECTOR('',#2329,10.);
#675=VECTOR('',#2332,10.);
#676=VECTOR('',#2345,4.);
#677=VECTOR('',#2346,10.);
#678=VECTOR('',#2349,10.);
#679=VECTOR('',#2350,10.);
#680=VECTOR('',#2353,10.);
#681=VECTOR('',#2354,10.);
#682=VECTOR('',#2357,10.);
#683=VECTOR('',#2366,1.05);
#684=VECTOR('',#2373,1.05);
#685=VECTOR('',#2402,10.);
#686=VECTOR('',#2405,10.);
#687=VECTOR('',#2408,10.);
#688=VECTOR('',#2411,10.);
#689=VECTOR('',#2412,10.);
#690=VECTOR('',#2415,10.);
#691=VECTOR('',#2420,10.);
#692=VECTOR('',#2421,10.);
#693=VECTOR('',#2424,10.);
#694=VECTOR('',#2425,10.);
#695=VECTOR('',#2434,10.);
#696=VECTOR('',#2437,10.);
#697=VECTOR('',#2440,10.);
#698=VECTOR('',#2441,10.);
#699=VECTOR('',#2442,10.);
#700=VECTOR('',#2447,10.);
#701=VECTOR('',#2450,10.);
#702=VECTOR('',#2453,10.);
#703=VECTOR('',#2454,10.);
#704=VECTOR('',#2459,10.);
#705=VECTOR('',#2462,10.);
#706=VECTOR('',#2465,10.);
#707=VECTOR('',#2466,10.);
#708=VECTOR('',#2467,10.);
#709=VECTOR('',#2468,10.);
#710=VECTOR('',#2469,10.);
#711=VECTOR('',#2470,10.);
#712=VECTOR('',#2471,10.);
#713=VECTOR('',#2472,10.);
#714=VECTOR('',#2475,10.);
#715=VECTOR('',#2478,10.);
#716=VECTOR('',#2479,10.);
#717=VECTOR('',#2482,10.);
#718=VECTOR('',#2487,10.);
#719=VECTOR('',#2496,10.);
#720=VECTOR('',#2499,10.);
#721=VECTOR('',#2502,10.);
#722=VECTOR('',#2503,10.);
#723=VECTOR('',#2504,10.);
#724=VECTOR('',#2505,10.);
#725=VECTOR('',#2512,10.);
#726=VECTOR('',#2515,10.);
#727=VECTOR('',#2526,10.);
#728=VECTOR('',#2531,10.);
#729=VECTOR('',#2534,10.);
#730=VECTOR('',#2535,10.);
#731=VECTOR('',#2544,4.95);
#732=VECTOR('',#2551,10.);
#733=VECTOR('',#2552,10.);
#734=VECTOR('',#2553,10.);
#735=VECTOR('',#2554,10.);
#736=VECTOR('',#2557,10.);
#737=VECTOR('',#2558,10.);
#738=VECTOR('',#2559,10.);
#739=VECTOR('',#2560,10.);
#740=VECTOR('',#2563,10.);
#741=VECTOR('',#2564,10.);
#742=VECTOR('',#2565,10.);
#743=VECTOR('',#2566,10.);
#744=VECTOR('',#2567,10.);
#745=VECTOR('',#2568,10.);
#746=VECTOR('',#2571,10.);
#747=VECTOR('',#2572,10.);
#748=VECTOR('',#2573,10.);
#749=VECTOR('',#2574,10.);
#750=VECTOR('',#2579,1.25);
#751=VECTOR('',#2586,1.25);
#752=VECTOR('',#2593,1.25);
#753=VECTOR('',#2608,2.);
#754=VECTOR('',#2617,2.);
#755=VECTOR('',#2622,10.);
#756=VECTOR('',#2623,10.);
#757=VECTOR('',#2626,10.);
#758=VECTOR('',#2627,10.);
#759=VECTOR('',#2628,10.);
#760=VECTOR('',#2629,10.);
#761=VECTOR('',#2630,10.);
#762=VECTOR('',#2631,10.);
#763=VECTOR('',#2636,10.);
#764=VECTOR('',#2641,10.);
#765=VECTOR('',#2642,10.);
#766=VECTOR('',#2643,10.);
#767=VECTOR('',#2644,10.);
#768=VECTOR('',#2645,10.);
#769=VECTOR('',#2648,10.);
#770=VECTOR('',#2649,10.);
#771=VECTOR('',#2652,10.);
#772=VECTOR('',#2667,2.);
#773=VECTOR('',#2670,10.);
#774=VECTOR('',#2677,2.);
#775=VECTOR('',#2678,10.);
#776=VECTOR('',#2681,10.);
#777=VECTOR('',#2682,10.);
#778=VECTOR('',#2683,10.);
#779=VECTOR('',#2686,10.);
#780=VECTOR('',#2687,10.);
#781=VECTOR('',#2688,10.);
#782=VECTOR('',#2689,10.);
#783=VECTOR('',#2692,10.);
#784=VECTOR('',#2695,10.);
#785=VECTOR('',#2696,10.);
#786=VECTOR('',#2697,10.);
#787=VECTOR('',#2700,10.);
#788=VECTOR('',#2701,10.);
#789=VECTOR('',#2702,10.);
#790=VECTOR('',#2709,2.5);
#791=VECTOR('',#2714,2.5);
#792=VECTOR('',#2719,2.5);
#793=VECTOR('',#2724,2.5);
#794=VECTOR('',#2733,10.5);
#795=VECTOR('',#2742,10.);
#796=VECTOR('',#2755,10.);
#797=VECTOR('',#2770,10.);
#798=VECTOR('',#2775,10.);
#799=VECTOR('',#2776,10.);
#800=VECTOR('',#2783,10.);
#801=VECTOR('',#2792,10.);
#802=VECTOR('',#2797,10.);
#803=VECTOR('',#2808,10.);
#804=VECTOR('',#2813,10.);
#805=VECTOR('',#2814,10.);
#806=VECTOR('',#2815,10.);
#807=VECTOR('',#2818,2.);
#808=VECTOR('',#2823,10.);
#809=VECTOR('',#2834,10.);
#810=VECTOR('',#2849,7.5);
#811=VECTOR('',#2858,1.75);
#812=VECTOR('',#2861,3.);
#813=VECTOR('',#2864,1.75);
#814=VECTOR('',#2867,1.75);
#815=VECTOR('',#2870,1.75);
#816=VECTOR('',#2873,10.);
#817=VECTOR('',#2874,10.);
#818=VECTOR('',#2877,10.);
#819=VECTOR('',#2880,10.);
#820=VECTOR('',#2883,10.);
#821=VECTOR('',#2890,10.);
#822=VECTOR('',#2891,10.);
#823=VECTOR('',#2892,10.);
#824=VECTOR('',#2919,4.95);
#825=VERTEX_POINT('',#2924);
#826=VERTEX_POINT('',#2925);
#827=VERTEX_POINT('',#2927);
#828=VERTEX_POINT('',#2929);
#829=VERTEX_POINT('',#2931);
#830=VERTEX_POINT('',#2933);
#831=VERTEX_POINT('',#2935);
#832=VERTEX_POINT('',#2938);
#833=VERTEX_POINT('',#2940);
#834=VERTEX_POINT('',#2942);
#835=VERTEX_POINT('',#2945);
#836=VERTEX_POINT('',#2947);
#837=VERTEX_POINT('',#2949);
#838=VERTEX_POINT('',#2953);
#839=VERTEX_POINT('',#2955);
#840=VERTEX_POINT('',#2957);
#841=VERTEX_POINT('',#2959);
#842=VERTEX_POINT('',#2961);
#843=VERTEX_POINT('',#2964);
#844=VERTEX_POINT('',#2966);
#845=VERTEX_POINT('',#2968);
#846=VERTEX_POINT('',#2970);
#847=VERTEX_POINT('',#2972);
#848=VERTEX_POINT('',#2976);
#849=VERTEX_POINT('',#2978);
#850=VERTEX_POINT('',#2982);
#851=VERTEX_POINT('',#2984);
#852=VERTEX_POINT('',#2986);
#853=VERTEX_POINT('',#2988);
#854=VERTEX_POINT('',#2991);
#855=VERTEX_POINT('',#2993);
#856=VERTEX_POINT('',#2999);
#857=VERTEX_POINT('',#3002);
#858=VERTEX_POINT('',#3004);
#859=VERTEX_POINT('',#3008);
#860=VERTEX_POINT('',#3010);
#861=VERTEX_POINT('',#3015);
#862=VERTEX_POINT('',#3019);
#863=VERTEX_POINT('',#3023);
#864=VERTEX_POINT('',#3026);
#865=VERTEX_POINT('',#3028);
#866=VERTEX_POINT('',#3031);
#867=VERTEX_POINT('',#3033);
#868=VERTEX_POINT('',#3035);
#869=VERTEX_POINT('',#3037);
#870=VERTEX_POINT('',#3041);
#871=VERTEX_POINT('',#3045);
#872=VERTEX_POINT('',#3049);
#873=VERTEX_POINT('',#3053);
#874=VERTEX_POINT('',#3059);
#875=VERTEX_POINT('',#3060);
#876=VERTEX_POINT('',#3062);
#877=VERTEX_POINT('',#3064);
#878=VERTEX_POINT('',#3068);
#879=VERTEX_POINT('',#3070);
#880=VERTEX_POINT('',#3074);
#881=VERTEX_POINT('',#3075);
#882=VERTEX_POINT('',#3077);
#883=VERTEX_POINT('',#3079);
#884=VERTEX_POINT('',#3086);
#885=VERTEX_POINT('',#3087);
#886=VERTEX_POINT('',#3089);
#887=VERTEX_POINT('',#3091);
#888=VERTEX_POINT('',#3095);
#889=VERTEX_POINT('',#3097);
#890=VERTEX_POINT('',#3099);
#891=VERTEX_POINT('',#3101);
#892=VERTEX_POINT('',#3103);
#893=VERTEX_POINT('',#3105);
#894=VERTEX_POINT('',#3107);
#895=VERTEX_POINT('',#3109);
#896=VERTEX_POINT('',#3111);
#897=VERTEX_POINT('',#3113);
#898=VERTEX_POINT('',#3115);
#899=VERTEX_POINT('',#3117);
#900=VERTEX_POINT('',#3120);
#901=VERTEX_POINT('',#3123);
#902=VERTEX_POINT('',#3126);
#903=VERTEX_POINT('',#3131);
#904=VERTEX_POINT('',#3137);
#905=VERTEX_POINT('',#3138);
#906=VERTEX_POINT('',#3140);
#907=VERTEX_POINT('',#3142);
#908=VERTEX_POINT('',#3146);
#909=VERTEX_POINT('',#3148);
#910=VERTEX_POINT('',#3152);
#911=VERTEX_POINT('',#3161);
#912=VERTEX_POINT('',#3163);
#913=VERTEX_POINT('',#3165);
#914=VERTEX_POINT('',#3167);
#915=VERTEX_POINT('',#3171);
#916=VERTEX_POINT('',#3182);
#917=VERTEX_POINT('',#3184);
#918=VERTEX_POINT('',#3189);
#919=VERTEX_POINT('',#3190);
#920=VERTEX_POINT('',#3192);
#921=VERTEX_POINT('',#3194);
#922=VERTEX_POINT('',#3198);
#923=VERTEX_POINT('',#3199);
#924=VERTEX_POINT('',#3201);
#925=VERTEX_POINT('',#3203);
#926=VERTEX_POINT('',#3207);
#927=VERTEX_POINT('',#3208);
#928=VERTEX_POINT('',#3210);
#929=VERTEX_POINT('',#3212);
#930=VERTEX_POINT('',#3214);
#931=VERTEX_POINT('',#3216);
#932=VERTEX_POINT('',#3220);
#933=VERTEX_POINT('',#3222);
#934=VERTEX_POINT('',#3227);
#935=VERTEX_POINT('',#3229);
#936=VERTEX_POINT('',#3233);
#937=VERTEX_POINT('',#3235);
#938=VERTEX_POINT('',#3239);
#939=VERTEX_POINT('',#3241);
#940=VERTEX_POINT('',#3245);
#941=VERTEX_POINT('',#3248);
#942=VERTEX_POINT('',#3251);
#943=VERTEX_POINT('',#3255);
#944=VERTEX_POINT('',#3258);
#945=VERTEX_POINT('',#3262);
#946=VERTEX_POINT('',#3264);
#947=VERTEX_POINT('',#3268);
#948=VERTEX_POINT('',#3269);
#949=VERTEX_POINT('',#3271);
#950=VERTEX_POINT('',#3273);
#951=VERTEX_POINT('',#3275);
#952=VERTEX_POINT('',#3277);
#953=VERTEX_POINT('',#3281);
#954=VERTEX_POINT('',#3283);
#955=VERTEX_POINT('',#3287);
#956=VERTEX_POINT('',#3288);
#957=VERTEX_POINT('',#3290);
#958=VERTEX_POINT('',#3292);
#959=VERTEX_POINT('',#3297);
#960=VERTEX_POINT('',#3299);
#961=VERTEX_POINT('',#3307);
#962=VERTEX_POINT('',#3313);
#963=VERTEX_POINT('',#3315);
#964=VERTEX_POINT('',#3322);
#965=VERTEX_POINT('',#3324);
#966=VERTEX_POINT('',#3328);
#967=VERTEX_POINT('',#3329);
#968=VERTEX_POINT('',#3331);
#969=VERTEX_POINT('',#3338);
#970=VERTEX_POINT('',#3340);
#971=VERTEX_POINT('',#3344);
#972=VERTEX_POINT('',#3348);
#973=VERTEX_POINT('',#3351);
#974=VERTEX_POINT('',#3355);
#975=VERTEX_POINT('',#3359);
#976=VERTEX_POINT('',#3363);
#977=VERTEX_POINT('',#3367);
#978=VERTEX_POINT('',#3369);
#979=VERTEX_POINT('',#3374);
#980=VERTEX_POINT('',#3378);
#981=VERTEX_POINT('',#3382);
#982=VERTEX_POINT('',#3386);
#983=VERTEX_POINT('',#3390);
#984=VERTEX_POINT('',#3394);
#985=VERTEX_POINT('',#3400);
#986=VERTEX_POINT('',#3401);
#987=VERTEX_POINT('',#3406);
#988=VERTEX_POINT('',#3413);
#989=VERTEX_POINT('',#3424);
#990=VERTEX_POINT('',#3425);
#991=VERTEX_POINT('',#3427);
#992=VERTEX_POINT('',#3429);
#993=VERTEX_POINT('',#3432);
#994=VERTEX_POINT('',#3461);
#995=VERTEX_POINT('',#3490);
#996=VERTEX_POINT('',#3494);
#997=VERTEX_POINT('',#3522);
#998=VERTEX_POINT('',#3527);
#999=VERTEX_POINT('',#3530);
#1000=VERTEX_POINT('',#3531);
#1001=VERTEX_POINT('',#3548);
#1002=VERTEX_POINT('',#3556);
#1003=VERTEX_POINT('',#3571);
#1004=VERTEX_POINT('',#3572);
#1005=VERTEX_POINT('',#3588);
#1006=EDGE_CURVE('',#825,#826,#507,.T.);
#1007=EDGE_CURVE('',#827,#826,#508,.T.);
#1008=EDGE_CURVE('',#828,#827,#509,.T.);
#1009=EDGE_CURVE('',#829,#828,#510,.T.);
#1010=EDGE_CURVE('',#830,#829,#511,.T.);
#1011=EDGE_CURVE('',#831,#830,#512,.T.);
#1012=EDGE_CURVE('',#825,#831,#513,.T.);
#1013=EDGE_CURVE('',#832,#832,#125,.T.);
#1014=EDGE_CURVE('',#833,#833,#126,.T.);
#1015=EDGE_CURVE('',#834,#834,#127,.T.);
#1016=EDGE_CURVE('',#835,#835,#128,.T.);
#1017=EDGE_CURVE('',#835,#836,#129,.T.);
#1018=EDGE_CURVE('',#836,#837,#130,.T.);
#1019=EDGE_CURVE('',#837,#836,#131,.T.);
#1020=EDGE_CURVE('',#838,#838,#132,.T.);
#1021=EDGE_CURVE('',#839,#839,#133,.T.);
#1022=EDGE_CURVE('',#840,#840,#134,.T.);
#1023=EDGE_CURVE('',#841,#841,#135,.T.);
#1024=EDGE_CURVE('',#842,#842,#136,.T.);
#1025=EDGE_CURVE('',#837,#843,#514,.T.);
#1026=EDGE_CURVE('',#843,#844,#137,.T.);
#1027=EDGE_CURVE('',#844,#845,#515,.F.);
#1028=EDGE_CURVE('',#846,#845,#138,.T.);
#1029=EDGE_CURVE('',#846,#847,#516,.T.);
#1030=EDGE_CURVE('',#847,#843,#139,.T.);
#1031=EDGE_CURVE('',#838,#848,#140,.T.);
#1032=EDGE_CURVE('',#848,#849,#141,.T.);
#1033=EDGE_CURVE('',#849,#848,#142,.T.);
#1034=EDGE_CURVE('',#849,#850,#517,.T.);
#1035=EDGE_CURVE('',#850,#851,#518,.T.);
#1036=EDGE_CURVE('',#851,#852,#143,.T.);
#1037=EDGE_CURVE('',#853,#852,#519,.T.);
#1038=EDGE_CURVE('',#853,#852,#520,.T.);
#1039=EDGE_CURVE('',#852,#854,#144,.T.);
#1040=EDGE_CURVE('',#855,#854,#521,.T.);
#1041=EDGE_CURVE('',#855,#854,#522,.T.);
#1042=EDGE_CURVE('',#854,#851,#145,.T.);
#1043=EDGE_CURVE('',#850,#851,#523,.T.);
#1044=EDGE_CURVE('',#856,#856,#146,.T.);
#1045=EDGE_CURVE('',#857,#857,#147,.T.);
#1046=EDGE_CURVE('',#857,#858,#524,.T.);
#1047=EDGE_CURVE('',#858,#858,#148,.T.);
#1048=EDGE_CURVE('',#859,#859,#149,.T.);
#1049=EDGE_CURVE('',#859,#860,#525,.T.);
#1050=EDGE_CURVE('',#860,#860,#150,.T.);
#1051=EDGE_CURVE('',#850,#850,#151,.T.);
#1052=EDGE_CURVE('',#861,#861,#152,.T.);
#1053=EDGE_CURVE('',#855,#855,#153,.T.);
#1054=EDGE_CURVE('',#862,#862,#154,.T.);
#1055=EDGE_CURVE('',#853,#853,#155,.T.);
#1056=EDGE_CURVE('',#863,#863,#156,.T.);
#1057=EDGE_CURVE('',#864,#864,#157,.T.);
#1058=EDGE_CURVE('',#865,#865,#158,.T.);
#1059=EDGE_CURVE('',#866,#847,#526,.T.);
#1060=EDGE_CURVE('',#867,#866,#159,.T.);
#1061=EDGE_CURVE('',#868,#867,#527,.T.);
#1062=EDGE_CURVE('',#869,#868,#160,.T.);
#1063=EDGE_CURVE('',#844,#869,#528,.T.);
#1064=EDGE_CURVE('',#870,#869,#529,.T.);
#1065=EDGE_CURVE('',#845,#870,#530,.T.);
#1066=EDGE_CURVE('',#868,#871,#531,.T.);
#1067=EDGE_CURVE('',#871,#870,#161,.F.);
#1068=EDGE_CURVE('',#872,#867,#532,.T.);
#1069=EDGE_CURVE('',#871,#872,#533,.T.);
#1070=EDGE_CURVE('',#873,#846,#534,.T.);
#1071=EDGE_CURVE('',#866,#873,#535,.T.);
#1072=EDGE_CURVE('',#873,#872,#162,.F.);
#1073=EDGE_CURVE('',#874,#875,#163,.T.);
#1074=EDGE_CURVE('',#875,#876,#536,.T.);
#1075=EDGE_CURVE('',#876,#877,#164,.T.);
#1076=EDGE_CURVE('',#877,#874,#537,.T.);
#1077=EDGE_CURVE('',#878,#875,#538,.T.);
#1078=EDGE_CURVE('',#879,#878,#539,.T.);
#1079=EDGE_CURVE('',#876,#879,#540,.T.);
#1080=EDGE_CURVE('',#880,#881,#165,.T.);
#1081=EDGE_CURVE('',#881,#882,#541,.T.);
#1082=EDGE_CURVE('',#882,#883,#166,.T.);
#1083=EDGE_CURVE('',#883,#880,#542,.T.);
#1084=EDGE_CURVE('',#882,#877,#543,.T.);
#1085=EDGE_CURVE('',#874,#881,#544,.T.);
#1086=EDGE_CURVE('',#884,#885,#167,.T.);
#1087=EDGE_CURVE('',#885,#886,#545,.T.);
#1088=EDGE_CURVE('',#886,#887,#168,.T.);
#1089=EDGE_CURVE('',#887,#884,#546,.T.);
#1090=EDGE_CURVE('',#884,#888,#547,.T.);
#1091=EDGE_CURVE('',#889,#888,#548,.T.);
#1092=EDGE_CURVE('',#890,#889,#549,.T.);
#1093=EDGE_CURVE('',#891,#890,#550,.F.);
#1094=EDGE_CURVE('',#891,#892,#551,.T.);
#1095=EDGE_CURVE('',#892,#893,#552,.T.);
#1096=EDGE_CURVE('',#894,#893,#553,.T.);
#1097=EDGE_CURVE('',#895,#894,#554,.T.);
#1098=EDGE_CURVE('',#896,#895,#169,.T.);
#1099=EDGE_CURVE('',#897,#896,#555,.T.);
#1100=EDGE_CURVE('',#898,#897,#170,.T.);
#1101=EDGE_CURVE('',#899,#898,#556,.T.);
#1102=EDGE_CURVE('',#899,#883,#557,.T.);
#1103=EDGE_CURVE('',#900,#879,#171,.T.);
#1104=EDGE_CURVE('',#900,#885,#558,.T.);
#1105=EDGE_CURVE('',#901,#901,#172,.T.);
#1106=EDGE_CURVE('',#902,#887,#559,.T.);
#1107=EDGE_CURVE('',#826,#902,#173,.T.);
#1108=EDGE_CURVE('',#888,#825,#174,.T.);
#1109=EDGE_CURVE('',#878,#903,#175,.T.);
#1110=EDGE_CURVE('',#903,#900,#560,.T.);
#1111=EDGE_CURVE('',#886,#903,#561,.T.);
#1112=EDGE_CURVE('',#904,#905,#562,.T.);
#1113=EDGE_CURVE('',#906,#905,#563,.T.);
#1114=EDGE_CURVE('',#907,#906,#564,.T.);
#1115=EDGE_CURVE('',#904,#907,#565,.T.);
#1116=EDGE_CURVE('',#908,#904,#176,.T.);
#1117=EDGE_CURVE('',#909,#907,#177,.T.);
#1118=EDGE_CURVE('',#909,#908,#566,.T.);
#1119=EDGE_CURVE('',#902,#910,#567,.T.);
#1120=EDGE_CURVE('',#827,#910,#178,.T.);
#1121=EDGE_CURVE('',#905,#899,#179,.T.);
#1122=EDGE_CURVE('',#898,#906,#180,.T.);
#1123=EDGE_CURVE('',#880,#908,#568,.T.);
#1124=EDGE_CURVE('',#911,#909,#181,.T.);
#1125=EDGE_CURVE('',#912,#911,#569,.T.);
#1126=EDGE_CURVE('',#913,#912,#182,.T.);
#1127=EDGE_CURVE('',#914,#913,#570,.T.);
#1128=EDGE_CURVE('',#910,#914,#571,.T.);
#1129=EDGE_CURVE('',#831,#915,#27,.F.);
#1130=EDGE_CURVE('',#915,#889,#183,.F.);
#1131=EDGE_CURVE('',#916,#916,#184,.T.);
#1132=EDGE_CURVE('',#916,#917,#572,.T.);
#1133=EDGE_CURVE('',#917,#917,#185,.T.);
#1134=EDGE_CURVE('',#918,#919,#573,.T.);
#1135=EDGE_CURVE('',#920,#918,#574,.T.);
#1136=EDGE_CURVE('',#921,#920,#575,.T.);
#1137=EDGE_CURVE('',#919,#921,#576,.T.);
#1138=EDGE_CURVE('',#922,#923,#577,.T.);
#1139=EDGE_CURVE('',#924,#923,#578,.T.);
#1140=EDGE_CURVE('',#924,#925,#579,.T.);
#1141=EDGE_CURVE('',#925,#922,#580,.T.);
#1142=EDGE_CURVE('',#926,#927,#581,.T.);
#1143=EDGE_CURVE('',#927,#928,#582,.T.);
#1144=EDGE_CURVE('',#929,#928,#583,.T.);
#1145=EDGE_CURVE('',#929,#930,#584,.T.);
#1146=EDGE_CURVE('',#931,#930,#585,.T.);
#1147=EDGE_CURVE('',#931,#926,#586,.T.);
#1148=EDGE_CURVE('',#932,#915,#587,.T.);
#1149=EDGE_CURVE('',#932,#933,#588,.T.);
#1150=EDGE_CURVE('',#930,#933,#589,.T.);
#1151=EDGE_CURVE('',#890,#929,#590,.T.);
#1152=EDGE_CURVE('',#934,#934,#186,.T.);
#1153=EDGE_CURVE('',#934,#935,#591,.T.);
#1154=EDGE_CURVE('',#935,#935,#187,.T.);
#1155=EDGE_CURVE('',#936,#936,#188,.T.);
#1156=EDGE_CURVE('',#936,#937,#592,.T.);
#1157=EDGE_CURVE('',#937,#937,#189,.T.);
#1158=EDGE_CURVE('',#938,#938,#190,.T.);
#1159=EDGE_CURVE('',#938,#939,#593,.T.);
#1160=EDGE_CURVE('',#939,#939,#191,.T.);
#1161=EDGE_CURVE('',#940,#940,#192,.T.);
#1162=EDGE_CURVE('',#941,#941,#193,.T.);
#1163=EDGE_CURVE('',#942,#942,#194,.T.);
#1164=EDGE_CURVE('',#942,#941,#594,.T.);
#1165=EDGE_CURVE('',#943,#943,#195,.T.);
#1166=EDGE_CURVE('',#944,#944,#196,.T.);
#1167=EDGE_CURVE('',#944,#943,#595,.T.);
#1168=EDGE_CURVE('',#928,#945,#197,.T.);
#1169=EDGE_CURVE('',#945,#946,#596,.T.);
#1170=EDGE_CURVE('',#946,#891,#597,.T.);
#1171=EDGE_CURVE('',#947,#948,#598,.T.);
#1172=EDGE_CURVE('',#948,#949,#599,.T.);
#1173=EDGE_CURVE('',#950,#949,#600,.T.);
#1174=EDGE_CURVE('',#951,#950,#601,.T.);
#1175=EDGE_CURVE('',#951,#952,#602,.T.);
#1176=EDGE_CURVE('',#952,#947,#603,.T.);
#1177=EDGE_CURVE('',#948,#953,#198,.T.);
#1178=EDGE_CURVE('',#954,#953,#604,.T.);
#1179=EDGE_CURVE('',#949,#954,#199,.T.);
#1180=EDGE_CURVE('',#955,#956,#605,.T.);
#1181=EDGE_CURVE('',#956,#957,#606,.T.);
#1182=EDGE_CURVE('',#958,#957,#607,.T.);
#1183=EDGE_CURVE('',#946,#958,#608,.T.);
#1184=EDGE_CURVE('',#945,#955,#609,.T.);
#1185=EDGE_CURVE('',#933,#959,#610,.T.);
#1186=EDGE_CURVE('',#960,#959,#611,.T.);
#1187=EDGE_CURVE('',#960,#952,#200,.T.);
#1188=EDGE_CURVE('',#958,#951,#612,.T.);
#1189=EDGE_CURVE('',#957,#931,#201,.T.);
#1190=EDGE_CURVE('',#927,#955,#202,.T.);
#1191=EDGE_CURVE('',#961,#926,#203,.T.);
#1192=EDGE_CURVE('',#956,#961,#204,.T.);
#1193=EDGE_CURVE('',#833,#961,#613,.T.);
#1194=EDGE_CURVE('',#953,#962,#614,.T.);
#1195=EDGE_CURVE('',#963,#947,#205,.T.);
#1196=EDGE_CURVE('',#962,#963,#206,.T.);
#1197=EDGE_CURVE('',#832,#963,#615,.T.);
#1198=EDGE_CURVE('',#962,#960,#616,.T.);
#1199=EDGE_CURVE('',#964,#925,#617,.T.);
#1200=EDGE_CURVE('',#965,#924,#618,.T.);
#1201=EDGE_CURVE('',#965,#964,#619,.T.);
#1202=EDGE_CURVE('',#966,#967,#620,.T.);
#1203=EDGE_CURVE('',#968,#967,#621,.T.);
#1204=EDGE_CURVE('',#968,#950,#622,.T.);
#1205=EDGE_CURVE('',#954,#966,#623,.T.);
#1206=EDGE_CURVE('',#959,#966,#624,.T.);
#1207=EDGE_CURVE('',#969,#967,#625,.T.);
#1208=EDGE_CURVE('',#969,#970,#626,.T.);
#1209=EDGE_CURVE('',#970,#968,#627,.T.);
#1210=EDGE_CURVE('',#970,#971,#628,.T.);
#1211=EDGE_CURVE('',#971,#965,#629,.T.);
#1212=EDGE_CURVE('',#923,#892,#630,.T.);
#1213=EDGE_CURVE('',#972,#972,#207,.T.);
#1214=EDGE_CURVE('',#973,#973,#208,.F.);
#1215=EDGE_CURVE('',#973,#851,#631,.T.);
#1216=EDGE_CURVE('',#974,#974,#209,.F.);
#1217=EDGE_CURVE('',#974,#852,#632,.T.);
#1218=EDGE_CURVE('',#975,#975,#210,.F.);
#1219=EDGE_CURVE('',#975,#854,#633,.T.);
#1220=EDGE_CURVE('',#976,#976,#211,.F.);
#1221=EDGE_CURVE('',#976,#864,#634,.T.);
#1222=EDGE_CURVE('',#977,#977,#212,.T.);
#1223=EDGE_CURVE('',#978,#978,#213,.T.);
#1224=EDGE_CURVE('',#901,#977,#635,.T.);
#1225=EDGE_CURVE('',#907,#979,#214,.T.);
#1226=EDGE_CURVE('',#911,#979,#215,.T.);
#1227=EDGE_CURVE('',#979,#980,#636,.T.);
#1228=EDGE_CURVE('',#912,#980,#216,.T.);
#1229=EDGE_CURVE('',#980,#981,#217,.T.);
#1230=EDGE_CURVE('',#913,#981,#218,.T.);
#1231=EDGE_CURVE('',#914,#982,#219,.T.);
#1232=EDGE_CURVE('',#981,#982,#637,.T.);
#1233=EDGE_CURVE('',#827,#983,#220,.T.);
#1234=EDGE_CURVE('',#983,#910,#221,.T.);
#1235=EDGE_CURVE('',#914,#984,#222,.T.);
#1236=EDGE_CURVE('',#984,#982,#223,.T.);
#1237=EDGE_CURVE('',#984,#983,#638,.T.);
#1238=EDGE_CURVE('',#985,#986,#224,.T.);
#1239=EDGE_CURVE('',#985,#984,#639,.T.);
#1240=EDGE_CURVE('',#982,#986,#640,.T.);
#1241=EDGE_CURVE('',#919,#987,#17,.T.);
#1242=EDGE_CURVE('',#986,#921,#225,.T.);
#1243=EDGE_CURVE('',#986,#987,#641,.T.);
#1244=EDGE_CURVE('',#921,#985,#226,.T.);
#1245=EDGE_CURVE('',#828,#988,#227,.T.);
#1246=EDGE_CURVE('',#983,#988,#642,.T.);
#1247=EDGE_CURVE('',#988,#920,#228,.T.);
#1248=EDGE_CURVE('',#988,#985,#643,.T.);
#1249=EDGE_CURVE('',#828,#920,#229,.T.);
#1250=EDGE_CURVE('',#829,#918,#18,.T.);
#1251=EDGE_CURVE('',#989,#990,#644,.T.);
#1252=EDGE_CURVE('',#990,#991,#230,.T.);
#1253=EDGE_CURVE('',#991,#992,#231,.T.);
#1254=EDGE_CURVE('',#987,#992,#645,.T.);
#1255=EDGE_CURVE('',#993,#981,#646,.T.);
#1256=EDGE_CURVE('',#989,#993,#647,.T.);
#1257=EDGE_CURVE('',#992,#990,#28,.T.);
#1258=EDGE_CURVE('',#991,#940,#648,.T.);
#1259=EDGE_CURVE('',#994,#829,#232,.T.);
#1260=EDGE_CURVE('',#994,#932,#649,.T.);
#1261=EDGE_CURVE('',#830,#932,#19,.T.);
#1262=EDGE_CURVE('',#995,#918,#233,.T.);
#1263=EDGE_CURVE('',#995,#994,#20,.T.);
#1264=EDGE_CURVE('',#996,#919,#234,.T.);
#1265=EDGE_CURVE('',#996,#995,#650,.T.);
#1266=EDGE_CURVE('',#997,#987,#235,.T.);
#1267=EDGE_CURVE('',#997,#996,#21,.T.);
#1268=EDGE_CURVE('',#998,#998,#236,.T.);
#1269=EDGE_CURVE('',#999,#1000,#237,.T.);
#1270=EDGE_CURVE('',#999,#972,#651,.T.);
#1271=EDGE_CURVE('',#1000,#999,#238,.T.);
#1272=EDGE_CURVE('',#998,#1000,#239,.T.);
#1273=EDGE_CURVE('',#839,#861,#652,.T.);
#1274=EDGE_CURVE('',#856,#978,#653,.T.);
#1275=EDGE_CURVE('',#840,#865,#654,.T.);
#1276=EDGE_CURVE('',#841,#863,#655,.T.);
#1277=EDGE_CURVE('',#842,#862,#656,.T.);
#1278=EDGE_CURVE('',#971,#1001,#657,.T.);
#1279=EDGE_CURVE('',#1001,#964,#658,.T.);
#1280=EDGE_CURVE('',#1001,#969,#659,.T.);
#1281=EDGE_CURVE('',#893,#922,#660,.T.);
#1282=EDGE_CURVE('',#1002,#997,#661,.T.);
#1283=EDGE_CURVE('',#1002,#894,#22,.T.);
#1284=EDGE_CURVE('',#989,#1002,#29,.T.);
#1285=EDGE_CURVE('',#1003,#1004,#662,.T.);
#1286=EDGE_CURVE('',#980,#1003,#663,.T.);
#1287=EDGE_CURVE('',#1004,#979,#664,.T.);
#1288=EDGE_CURVE('',#993,#1003,#240,.T.);
#1289=EDGE_CURVE('',#1004,#906,#241,.T.);
#1290=EDGE_CURVE('',#895,#993,#242,.T.);
#1291=EDGE_CURVE('',#896,#1003,#243,.T.);
#1292=EDGE_CURVE('',#897,#1004,#244,.T.);
#1293=EDGE_CURVE('',#1005,#1005,#245,.T.);
#1294=EDGE_CURVE('',#1005,#834,#665,.T.);
#1295=ORIENTED_EDGE('',*,*,#1006,.T.);
#1296=ORIENTED_EDGE('',*,*,#1007,.F.);
#1297=ORIENTED_EDGE('',*,*,#1008,.F.);
#1298=ORIENTED_EDGE('',*,*,#1009,.F.);
#1299=ORIENTED_EDGE('',*,*,#1010,.F.);
#1300=ORIENTED_EDGE('',*,*,#1011,.F.);
#1301=ORIENTED_EDGE('',*,*,#1012,.F.);
#1302=ORIENTED_EDGE('',*,*,#1013,.T.);
#1303=ORIENTED_EDGE('',*,*,#1014,.T.);
#1304=ORIENTED_EDGE('',*,*,#1015,.F.);
#1305=ORIENTED_EDGE('',*,*,#1016,.T.);
#1306=ORIENTED_EDGE('',*,*,#1017,.T.);
#1307=ORIENTED_EDGE('',*,*,#1018,.T.);
#1308=ORIENTED_EDGE('',*,*,#1019,.T.);
#1309=ORIENTED_EDGE('',*,*,#1017,.F.);
#1310=ORIENTED_EDGE('',*,*,#1016,.F.);
#1311=ORIENTED_EDGE('',*,*,#1020,.F.);
#1312=ORIENTED_EDGE('',*,*,#1021,.T.);
#1313=ORIENTED_EDGE('',*,*,#1022,.T.);
#1314=ORIENTED_EDGE('',*,*,#1023,.T.);
#1315=ORIENTED_EDGE('',*,*,#1024,.T.);
#1316=ORIENTED_EDGE('',*,*,#1019,.F.);
#1317=ORIENTED_EDGE('',*,*,#1025,.T.);
#1318=ORIENTED_EDGE('',*,*,#1026,.T.);
#1319=ORIENTED_EDGE('',*,*,#1027,.T.);
#1320=ORIENTED_EDGE('',*,*,#1028,.F.);
#1321=ORIENTED_EDGE('',*,*,#1029,.T.);
#1322=ORIENTED_EDGE('',*,*,#1030,.T.);
#1323=ORIENTED_EDGE('',*,*,#1025,.F.);
#1324=ORIENTED_EDGE('',*,*,#1018,.F.);
#1325=ORIENTED_EDGE('',*,*,#1020,.T.);
#1326=ORIENTED_EDGE('',*,*,#1031,.T.);
#1327=ORIENTED_EDGE('',*,*,#1032,.T.);
#1328=ORIENTED_EDGE('',*,*,#1033,.T.);
#1329=ORIENTED_EDGE('',*,*,#1031,.F.);
#1330=ORIENTED_EDGE('',*,*,#1033,.F.);
#1331=ORIENTED_EDGE('',*,*,#1034,.T.);
#1332=ORIENTED_EDGE('',*,*,#1035,.T.);
#1333=ORIENTED_EDGE('',*,*,#1036,.T.);
#1334=ORIENTED_EDGE('',*,*,#1037,.F.);
#1335=ORIENTED_EDGE('',*,*,#1038,.T.);
#1336=ORIENTED_EDGE('',*,*,#1039,.T.);
#1337=ORIENTED_EDGE('',*,*,#1040,.F.);
#1338=ORIENTED_EDGE('',*,*,#1041,.T.);
#1339=ORIENTED_EDGE('',*,*,#1042,.T.);
#1340=ORIENTED_EDGE('',*,*,#1043,.F.);
#1341=ORIENTED_EDGE('',*,*,#1034,.F.);
#1342=ORIENTED_EDGE('',*,*,#1032,.F.);
#1343=ORIENTED_EDGE('',*,*,#1036,.F.);
#1344=ORIENTED_EDGE('',*,*,#1042,.F.);
#1345=ORIENTED_EDGE('',*,*,#1039,.F.);
#1346=ORIENTED_EDGE('',*,*,#1044,.F.);
#1347=ORIENTED_EDGE('',*,*,#1045,.F.);
#1348=ORIENTED_EDGE('',*,*,#1046,.T.);
#1349=ORIENTED_EDGE('',*,*,#1047,.F.);
#1350=ORIENTED_EDGE('',*,*,#1046,.F.);
#1351=ORIENTED_EDGE('',*,*,#1048,.F.);
#1352=ORIENTED_EDGE('',*,*,#1049,.T.);
#1353=ORIENTED_EDGE('',*,*,#1050,.F.);
#1354=ORIENTED_EDGE('',*,*,#1049,.F.);
#1355=ORIENTED_EDGE('',*,*,#1051,.F.);
#1356=ORIENTED_EDGE('',*,*,#1052,.F.);
#1357=ORIENTED_EDGE('',*,*,#1053,.F.);
#1358=ORIENTED_EDGE('',*,*,#1054,.F.);
#1359=ORIENTED_EDGE('',*,*,#1055,.F.);
#1360=ORIENTED_EDGE('',*,*,#1056,.F.);
#1361=ORIENTED_EDGE('',*,*,#1057,.F.);
#1362=ORIENTED_EDGE('',*,*,#1058,.F.);
#1363=ORIENTED_EDGE('',*,*,#1059,.F.);
#1364=ORIENTED_EDGE('',*,*,#1060,.F.);
#1365=ORIENTED_EDGE('',*,*,#1061,.F.);
#1366=ORIENTED_EDGE('',*,*,#1062,.F.);
#1367=ORIENTED_EDGE('',*,*,#1063,.F.);
#1368=ORIENTED_EDGE('',*,*,#1026,.F.);
#1369=ORIENTED_EDGE('',*,*,#1030,.F.);
#1370=ORIENTED_EDGE('',*,*,#1063,.T.);
#1371=ORIENTED_EDGE('',*,*,#1064,.F.);
#1372=ORIENTED_EDGE('',*,*,#1065,.F.);
#1373=ORIENTED_EDGE('',*,*,#1027,.F.);
#1374=ORIENTED_EDGE('',*,*,#1062,.T.);
#1375=ORIENTED_EDGE('',*,*,#1066,.T.);
#1376=ORIENTED_EDGE('',*,*,#1067,.T.);
#1377=ORIENTED_EDGE('',*,*,#1064,.T.);
#1378=ORIENTED_EDGE('',*,*,#1061,.T.);
#1379=ORIENTED_EDGE('',*,*,#1068,.F.);
#1380=ORIENTED_EDGE('',*,*,#1069,.F.);
#1381=ORIENTED_EDGE('',*,*,#1066,.F.);
#1382=ORIENTED_EDGE('',*,*,#1059,.T.);
#1383=ORIENTED_EDGE('',*,*,#1029,.F.);
#1384=ORIENTED_EDGE('',*,*,#1070,.F.);
#1385=ORIENTED_EDGE('',*,*,#1071,.F.);
#1386=ORIENTED_EDGE('',*,*,#1060,.T.);
#1387=ORIENTED_EDGE('',*,*,#1071,.T.);
#1388=ORIENTED_EDGE('',*,*,#1072,.T.);
#1389=ORIENTED_EDGE('',*,*,#1068,.T.);
#1390=ORIENTED_EDGE('',*,*,#1073,.T.);
#1391=ORIENTED_EDGE('',*,*,#1074,.T.);
#1392=ORIENTED_EDGE('',*,*,#1075,.T.);
#1393=ORIENTED_EDGE('',*,*,#1076,.T.);
#1394=ORIENTED_EDGE('',*,*,#1074,.F.);
#1395=ORIENTED_EDGE('',*,*,#1077,.F.);
#1396=ORIENTED_EDGE('',*,*,#1078,.F.);
#1397=ORIENTED_EDGE('',*,*,#1079,.F.);
#1398=ORIENTED_EDGE('',*,*,#1080,.T.);
#1399=ORIENTED_EDGE('',*,*,#1081,.T.);
#1400=ORIENTED_EDGE('',*,*,#1082,.T.);
#1401=ORIENTED_EDGE('',*,*,#1083,.T.);
#1402=ORIENTED_EDGE('',*,*,#1076,.F.);
#1403=ORIENTED_EDGE('',*,*,#1084,.F.);
#1404=ORIENTED_EDGE('',*,*,#1081,.F.);
#1405=ORIENTED_EDGE('',*,*,#1085,.F.);
#1406=ORIENTED_EDGE('',*,*,#1086,.T.);
#1407=ORIENTED_EDGE('',*,*,#1087,.T.);
#1408=ORIENTED_EDGE('',*,*,#1088,.T.);
#1409=ORIENTED_EDGE('',*,*,#1089,.T.);
#1410=ORIENTED_EDGE('',*,*,#1086,.F.);
#1411=ORIENTED_EDGE('',*,*,#1090,.T.);
#1412=ORIENTED_EDGE('',*,*,#1091,.F.);
#1413=ORIENTED_EDGE('',*,*,#1092,.F.);
#1414=ORIENTED_EDGE('',*,*,#1093,.F.);
#1415=ORIENTED_EDGE('',*,*,#1094,.T.);
#1416=ORIENTED_EDGE('',*,*,#1095,.T.);
#1417=ORIENTED_EDGE('',*,*,#1096,.F.);
#1418=ORIENTED_EDGE('',*,*,#1097,.F.);
#1419=ORIENTED_EDGE('',*,*,#1098,.F.);
#1420=ORIENTED_EDGE('',*,*,#1099,.F.);
#1421=ORIENTED_EDGE('',*,*,#1100,.F.);
#1422=ORIENTED_EDGE('',*,*,#1101,.F.);
#1423=ORIENTED_EDGE('',*,*,#1102,.T.);
#1424=ORIENTED_EDGE('',*,*,#1082,.F.);
#1425=ORIENTED_EDGE('',*,*,#1084,.T.);
#1426=ORIENTED_EDGE('',*,*,#1075,.F.);
#1427=ORIENTED_EDGE('',*,*,#1079,.T.);
#1428=ORIENTED_EDGE('',*,*,#1103,.F.);
#1429=ORIENTED_EDGE('',*,*,#1104,.T.);
#1430=ORIENTED_EDGE('',*,*,#1047,.T.);
#1431=ORIENTED_EDGE('',*,*,#1050,.T.);
#1432=ORIENTED_EDGE('',*,*,#1105,.T.);
#1433=ORIENTED_EDGE('',*,*,#1089,.F.);
#1434=ORIENTED_EDGE('',*,*,#1106,.F.);
#1435=ORIENTED_EDGE('',*,*,#1107,.F.);
#1436=ORIENTED_EDGE('',*,*,#1006,.F.);
#1437=ORIENTED_EDGE('',*,*,#1108,.F.);
#1438=ORIENTED_EDGE('',*,*,#1090,.F.);
#1439=ORIENTED_EDGE('',*,*,#1109,.T.);
#1440=ORIENTED_EDGE('',*,*,#1110,.T.);
#1441=ORIENTED_EDGE('',*,*,#1103,.T.);
#1442=ORIENTED_EDGE('',*,*,#1078,.T.);
#1443=ORIENTED_EDGE('',*,*,#1087,.F.);
#1444=ORIENTED_EDGE('',*,*,#1104,.F.);
#1445=ORIENTED_EDGE('',*,*,#1110,.F.);
#1446=ORIENTED_EDGE('',*,*,#1111,.F.);
#1447=ORIENTED_EDGE('',*,*,#1112,.T.);
#1448=ORIENTED_EDGE('',*,*,#1113,.F.);
#1449=ORIENTED_EDGE('',*,*,#1114,.F.);
#1450=ORIENTED_EDGE('',*,*,#1115,.F.);
#1451=ORIENTED_EDGE('',*,*,#1116,.T.);
#1452=ORIENTED_EDGE('',*,*,#1115,.T.);
#1453=ORIENTED_EDGE('',*,*,#1117,.F.);
#1454=ORIENTED_EDGE('',*,*,#1118,.T.);
#1455=ORIENTED_EDGE('',*,*,#1107,.T.);
#1456=ORIENTED_EDGE('',*,*,#1119,.T.);
#1457=ORIENTED_EDGE('',*,*,#1120,.F.);
#1458=ORIENTED_EDGE('',*,*,#1007,.T.);
#1459=ORIENTED_EDGE('',*,*,#1121,.T.);
#1460=ORIENTED_EDGE('',*,*,#1101,.T.);
#1461=ORIENTED_EDGE('',*,*,#1122,.T.);
#1462=ORIENTED_EDGE('',*,*,#1113,.T.);
#1463=ORIENTED_EDGE('',*,*,#1083,.F.);
#1464=ORIENTED_EDGE('',*,*,#1102,.F.);
#1465=ORIENTED_EDGE('',*,*,#1121,.F.);
#1466=ORIENTED_EDGE('',*,*,#1112,.F.);
#1467=ORIENTED_EDGE('',*,*,#1116,.F.);
#1468=ORIENTED_EDGE('',*,*,#1123,.F.);
#1469=ORIENTED_EDGE('',*,*,#1088,.F.);
#1470=ORIENTED_EDGE('',*,*,#1111,.T.);
#1471=ORIENTED_EDGE('',*,*,#1109,.F.);
#1472=ORIENTED_EDGE('',*,*,#1077,.T.);
#1473=ORIENTED_EDGE('',*,*,#1073,.F.);
#1474=ORIENTED_EDGE('',*,*,#1085,.T.);
#1475=ORIENTED_EDGE('',*,*,#1080,.F.);
#1476=ORIENTED_EDGE('',*,*,#1123,.T.);
#1477=ORIENTED_EDGE('',*,*,#1118,.F.);
#1478=ORIENTED_EDGE('',*,*,#1124,.F.);
#1479=ORIENTED_EDGE('',*,*,#1125,.F.);
#1480=ORIENTED_EDGE('',*,*,#1126,.F.);
#1481=ORIENTED_EDGE('',*,*,#1127,.F.);
#1482=ORIENTED_EDGE('',*,*,#1128,.F.);
#1483=ORIENTED_EDGE('',*,*,#1119,.F.);
#1484=ORIENTED_EDGE('',*,*,#1106,.T.);
#1485=ORIENTED_EDGE('',*,*,#1045,.T.);
#1486=ORIENTED_EDGE('',*,*,#1048,.T.);
#1487=ORIENTED_EDGE('',*,*,#1065,.T.);
#1488=ORIENTED_EDGE('',*,*,#1067,.F.);
#1489=ORIENTED_EDGE('',*,*,#1069,.T.);
#1490=ORIENTED_EDGE('',*,*,#1072,.F.);
#1491=ORIENTED_EDGE('',*,*,#1070,.T.);
#1492=ORIENTED_EDGE('',*,*,#1028,.T.);
#1493=ORIENTED_EDGE('',*,*,#1108,.T.);
#1494=ORIENTED_EDGE('',*,*,#1012,.T.);
#1495=ORIENTED_EDGE('',*,*,#1129,.T.);
#1496=ORIENTED_EDGE('',*,*,#1130,.T.);
#1497=ORIENTED_EDGE('',*,*,#1091,.T.);
#1498=ORIENTED_EDGE('',*,*,#1131,.F.);
#1499=ORIENTED_EDGE('',*,*,#1132,.T.);
#1500=ORIENTED_EDGE('',*,*,#1133,.F.);
#1501=ORIENTED_EDGE('',*,*,#1132,.F.);
#1502=ORIENTED_EDGE('',*,*,#1131,.T.);
#1503=ORIENTED_EDGE('',*,*,#1134,.F.);
#1504=ORIENTED_EDGE('',*,*,#1135,.F.);
#1505=ORIENTED_EDGE('',*,*,#1136,.F.);
#1506=ORIENTED_EDGE('',*,*,#1137,.F.);
#1507=ORIENTED_EDGE('',*,*,#1138,.T.);
#1508=ORIENTED_EDGE('',*,*,#1139,.F.);
#1509=ORIENTED_EDGE('',*,*,#1140,.T.);
#1510=ORIENTED_EDGE('',*,*,#1141,.T.);
#1511=ORIENTED_EDGE('',*,*,#1142,.T.);
#1512=ORIENTED_EDGE('',*,*,#1143,.T.);
#1513=ORIENTED_EDGE('',*,*,#1144,.F.);
#1514=ORIENTED_EDGE('',*,*,#1145,.T.);
#1515=ORIENTED_EDGE('',*,*,#1146,.F.);
#1516=ORIENTED_EDGE('',*,*,#1147,.T.);
#1517=ORIENTED_EDGE('',*,*,#1148,.F.);
#1518=ORIENTED_EDGE('',*,*,#1149,.T.);
#1519=ORIENTED_EDGE('',*,*,#1150,.F.);
#1520=ORIENTED_EDGE('',*,*,#1145,.F.);
#1521=ORIENTED_EDGE('',*,*,#1151,.F.);
#1522=ORIENTED_EDGE('',*,*,#1092,.T.);
#1523=ORIENTED_EDGE('',*,*,#1130,.F.);
#1524=ORIENTED_EDGE('',*,*,#1152,.T.);
#1525=ORIENTED_EDGE('',*,*,#1153,.T.);
#1526=ORIENTED_EDGE('',*,*,#1154,.T.);
#1527=ORIENTED_EDGE('',*,*,#1153,.F.);
#1528=ORIENTED_EDGE('',*,*,#1155,.T.);
#1529=ORIENTED_EDGE('',*,*,#1156,.T.);
#1530=ORIENTED_EDGE('',*,*,#1157,.T.);
#1531=ORIENTED_EDGE('',*,*,#1156,.F.);
#1532=ORIENTED_EDGE('',*,*,#1158,.T.);
#1533=ORIENTED_EDGE('',*,*,#1159,.T.);
#1534=ORIENTED_EDGE('',*,*,#1160,.T.);
#1535=ORIENTED_EDGE('',*,*,#1159,.F.);
#1536=ORIENTED_EDGE('',*,*,#1161,.F.);
#1537=ORIENTED_EDGE('',*,*,#1152,.F.);
#1538=ORIENTED_EDGE('',*,*,#1162,.F.);
#1539=ORIENTED_EDGE('',*,*,#1155,.F.);
#1540=ORIENTED_EDGE('',*,*,#1163,.F.);
#1541=ORIENTED_EDGE('',*,*,#1164,.T.);
#1542=ORIENTED_EDGE('',*,*,#1162,.T.);
#1543=ORIENTED_EDGE('',*,*,#1164,.F.);
#1544=ORIENTED_EDGE('',*,*,#1165,.F.);
#1545=ORIENTED_EDGE('',*,*,#1158,.F.);
#1546=ORIENTED_EDGE('',*,*,#1166,.F.);
#1547=ORIENTED_EDGE('',*,*,#1167,.T.);
#1548=ORIENTED_EDGE('',*,*,#1165,.T.);
#1549=ORIENTED_EDGE('',*,*,#1167,.F.);
#1550=ORIENTED_EDGE('',*,*,#1168,.T.);
#1551=ORIENTED_EDGE('',*,*,#1169,.T.);
#1552=ORIENTED_EDGE('',*,*,#1170,.T.);
#1553=ORIENTED_EDGE('',*,*,#1093,.T.);
#1554=ORIENTED_EDGE('',*,*,#1151,.T.);
#1555=ORIENTED_EDGE('',*,*,#1144,.T.);
#1556=ORIENTED_EDGE('',*,*,#1171,.T.);
#1557=ORIENTED_EDGE('',*,*,#1172,.T.);
#1558=ORIENTED_EDGE('',*,*,#1173,.F.);
#1559=ORIENTED_EDGE('',*,*,#1174,.F.);
#1560=ORIENTED_EDGE('',*,*,#1175,.T.);
#1561=ORIENTED_EDGE('',*,*,#1176,.T.);
#1562=ORIENTED_EDGE('',*,*,#1177,.T.);
#1563=ORIENTED_EDGE('',*,*,#1178,.F.);
#1564=ORIENTED_EDGE('',*,*,#1179,.F.);
#1565=ORIENTED_EDGE('',*,*,#1172,.F.);
#1566=ORIENTED_EDGE('',*,*,#1180,.T.);
#1567=ORIENTED_EDGE('',*,*,#1181,.T.);
#1568=ORIENTED_EDGE('',*,*,#1182,.F.);
#1569=ORIENTED_EDGE('',*,*,#1183,.F.);
#1570=ORIENTED_EDGE('',*,*,#1169,.F.);
#1571=ORIENTED_EDGE('',*,*,#1184,.T.);
#1572=ORIENTED_EDGE('',*,*,#1185,.T.);
#1573=ORIENTED_EDGE('',*,*,#1186,.F.);
#1574=ORIENTED_EDGE('',*,*,#1187,.T.);
#1575=ORIENTED_EDGE('',*,*,#1175,.F.);
#1576=ORIENTED_EDGE('',*,*,#1188,.F.);
#1577=ORIENTED_EDGE('',*,*,#1182,.T.);
#1578=ORIENTED_EDGE('',*,*,#1189,.T.);
#1579=ORIENTED_EDGE('',*,*,#1146,.T.);
#1580=ORIENTED_EDGE('',*,*,#1150,.T.);
#1581=ORIENTED_EDGE('',*,*,#1190,.T.);
#1582=ORIENTED_EDGE('',*,*,#1184,.F.);
#1583=ORIENTED_EDGE('',*,*,#1168,.F.);
#1584=ORIENTED_EDGE('',*,*,#1143,.F.);
#1585=ORIENTED_EDGE('',*,*,#1142,.F.);
#1586=ORIENTED_EDGE('',*,*,#1191,.F.);
#1587=ORIENTED_EDGE('',*,*,#1192,.F.);
#1588=ORIENTED_EDGE('',*,*,#1180,.F.);
#1589=ORIENTED_EDGE('',*,*,#1190,.F.);
#1590=ORIENTED_EDGE('',*,*,#1014,.F.);
#1591=ORIENTED_EDGE('',*,*,#1193,.T.);
#1592=ORIENTED_EDGE('',*,*,#1191,.T.);
#1593=ORIENTED_EDGE('',*,*,#1147,.F.);
#1594=ORIENTED_EDGE('',*,*,#1189,.F.);
#1595=ORIENTED_EDGE('',*,*,#1181,.F.);
#1596=ORIENTED_EDGE('',*,*,#1192,.T.);
#1597=ORIENTED_EDGE('',*,*,#1193,.F.);
#1598=ORIENTED_EDGE('',*,*,#1194,.F.);
#1599=ORIENTED_EDGE('',*,*,#1177,.F.);
#1600=ORIENTED_EDGE('',*,*,#1171,.F.);
#1601=ORIENTED_EDGE('',*,*,#1195,.F.);
#1602=ORIENTED_EDGE('',*,*,#1196,.F.);
#1603=ORIENTED_EDGE('',*,*,#1013,.F.);
#1604=ORIENTED_EDGE('',*,*,#1197,.T.);
#1605=ORIENTED_EDGE('',*,*,#1195,.T.);
#1606=ORIENTED_EDGE('',*,*,#1176,.F.);
#1607=ORIENTED_EDGE('',*,*,#1187,.F.);
#1608=ORIENTED_EDGE('',*,*,#1198,.F.);
#1609=ORIENTED_EDGE('',*,*,#1196,.T.);
#1610=ORIENTED_EDGE('',*,*,#1197,.F.);
#1611=ORIENTED_EDGE('',*,*,#1199,.T.);
#1612=ORIENTED_EDGE('',*,*,#1140,.F.);
#1613=ORIENTED_EDGE('',*,*,#1200,.F.);
#1614=ORIENTED_EDGE('',*,*,#1201,.T.);
#1615=ORIENTED_EDGE('',*,*,#1202,.T.);
#1616=ORIENTED_EDGE('',*,*,#1203,.F.);
#1617=ORIENTED_EDGE('',*,*,#1204,.T.);
#1618=ORIENTED_EDGE('',*,*,#1173,.T.);
#1619=ORIENTED_EDGE('',*,*,#1179,.T.);
#1620=ORIENTED_EDGE('',*,*,#1205,.T.);
#1621=ORIENTED_EDGE('',*,*,#1206,.T.);
#1622=ORIENTED_EDGE('',*,*,#1205,.F.);
#1623=ORIENTED_EDGE('',*,*,#1178,.T.);
#1624=ORIENTED_EDGE('',*,*,#1194,.T.);
#1625=ORIENTED_EDGE('',*,*,#1198,.T.);
#1626=ORIENTED_EDGE('',*,*,#1186,.T.);
#1627=ORIENTED_EDGE('',*,*,#1207,.F.);
#1628=ORIENTED_EDGE('',*,*,#1208,.T.);
#1629=ORIENTED_EDGE('',*,*,#1209,.T.);
#1630=ORIENTED_EDGE('',*,*,#1203,.T.);
#1631=ORIENTED_EDGE('',*,*,#1188,.T.);
#1632=ORIENTED_EDGE('',*,*,#1174,.T.);
#1633=ORIENTED_EDGE('',*,*,#1204,.F.);
#1634=ORIENTED_EDGE('',*,*,#1209,.F.);
#1635=ORIENTED_EDGE('',*,*,#1210,.T.);
#1636=ORIENTED_EDGE('',*,*,#1211,.T.);
#1637=ORIENTED_EDGE('',*,*,#1200,.T.);
#1638=ORIENTED_EDGE('',*,*,#1139,.T.);
#1639=ORIENTED_EDGE('',*,*,#1212,.T.);
#1640=ORIENTED_EDGE('',*,*,#1094,.F.);
#1641=ORIENTED_EDGE('',*,*,#1170,.F.);
#1642=ORIENTED_EDGE('',*,*,#1183,.T.);
#1643=ORIENTED_EDGE('',*,*,#1213,.T.);
#1644=ORIENTED_EDGE('',*,*,#1214,.T.);
#1645=ORIENTED_EDGE('',*,*,#1215,.T.);
#1646=ORIENTED_EDGE('',*,*,#1035,.F.);
#1647=ORIENTED_EDGE('',*,*,#1051,.T.);
#1648=ORIENTED_EDGE('',*,*,#1043,.T.);
#1649=ORIENTED_EDGE('',*,*,#1215,.F.);
#1650=ORIENTED_EDGE('',*,*,#1216,.T.);
#1651=ORIENTED_EDGE('',*,*,#1217,.T.);
#1652=ORIENTED_EDGE('',*,*,#1038,.F.);
#1653=ORIENTED_EDGE('',*,*,#1055,.T.);
#1654=ORIENTED_EDGE('',*,*,#1037,.T.);
#1655=ORIENTED_EDGE('',*,*,#1217,.F.);
#1656=ORIENTED_EDGE('',*,*,#1218,.T.);
#1657=ORIENTED_EDGE('',*,*,#1219,.T.);
#1658=ORIENTED_EDGE('',*,*,#1041,.F.);
#1659=ORIENTED_EDGE('',*,*,#1053,.T.);
#1660=ORIENTED_EDGE('',*,*,#1040,.T.);
#1661=ORIENTED_EDGE('',*,*,#1219,.F.);
#1662=ORIENTED_EDGE('',*,*,#1220,.T.);
#1663=ORIENTED_EDGE('',*,*,#1221,.T.);
#1664=ORIENTED_EDGE('',*,*,#1057,.T.);
#1665=ORIENTED_EDGE('',*,*,#1221,.F.);
#1666=ORIENTED_EDGE('',*,*,#1222,.F.);
#1667=ORIENTED_EDGE('',*,*,#1223,.T.);
#1668=ORIENTED_EDGE('',*,*,#1214,.F.);
#1669=ORIENTED_EDGE('',*,*,#1216,.F.);
#1670=ORIENTED_EDGE('',*,*,#1220,.F.);
#1671=ORIENTED_EDGE('',*,*,#1218,.F.);
#1672=ORIENTED_EDGE('',*,*,#1105,.F.);
#1673=ORIENTED_EDGE('',*,*,#1224,.T.);
#1674=ORIENTED_EDGE('',*,*,#1222,.T.);
#1675=ORIENTED_EDGE('',*,*,#1224,.F.);
#1676=ORIENTED_EDGE('',*,*,#1117,.T.);
#1677=ORIENTED_EDGE('',*,*,#1225,.T.);
#1678=ORIENTED_EDGE('',*,*,#1226,.F.);
#1679=ORIENTED_EDGE('',*,*,#1124,.T.);
#1680=ORIENTED_EDGE('',*,*,#1226,.T.);
#1681=ORIENTED_EDGE('',*,*,#1227,.T.);
#1682=ORIENTED_EDGE('',*,*,#1228,.F.);
#1683=ORIENTED_EDGE('',*,*,#1125,.T.);
#1684=ORIENTED_EDGE('',*,*,#1228,.T.);
#1685=ORIENTED_EDGE('',*,*,#1229,.T.);
#1686=ORIENTED_EDGE('',*,*,#1230,.F.);
#1687=ORIENTED_EDGE('',*,*,#1126,.T.);
#1688=ORIENTED_EDGE('',*,*,#1231,.F.);
#1689=ORIENTED_EDGE('',*,*,#1127,.T.);
#1690=ORIENTED_EDGE('',*,*,#1230,.T.);
#1691=ORIENTED_EDGE('',*,*,#1232,.T.);
#1692=ORIENTED_EDGE('',*,*,#1233,.F.);
#1693=ORIENTED_EDGE('',*,*,#1120,.T.);
#1694=ORIENTED_EDGE('',*,*,#1234,.F.);
#1695=ORIENTED_EDGE('',*,*,#1235,.F.);
#1696=ORIENTED_EDGE('',*,*,#1231,.T.);
#1697=ORIENTED_EDGE('',*,*,#1236,.F.);
#1698=ORIENTED_EDGE('',*,*,#1235,.T.);
#1699=ORIENTED_EDGE('',*,*,#1237,.T.);
#1700=ORIENTED_EDGE('',*,*,#1234,.T.);
#1701=ORIENTED_EDGE('',*,*,#1128,.T.);
#1702=ORIENTED_EDGE('',*,*,#1238,.F.);
#1703=ORIENTED_EDGE('',*,*,#1239,.T.);
#1704=ORIENTED_EDGE('',*,*,#1236,.T.);
#1705=ORIENTED_EDGE('',*,*,#1240,.T.);
#1706=ORIENTED_EDGE('',*,*,#1241,.F.);
#1707=ORIENTED_EDGE('',*,*,#1137,.T.);
#1708=ORIENTED_EDGE('',*,*,#1242,.F.);
#1709=ORIENTED_EDGE('',*,*,#1243,.T.);
#1710=ORIENTED_EDGE('',*,*,#1242,.T.);
#1711=ORIENTED_EDGE('',*,*,#1244,.T.);
#1712=ORIENTED_EDGE('',*,*,#1238,.T.);
#1713=ORIENTED_EDGE('',*,*,#1245,.F.);
#1714=ORIENTED_EDGE('',*,*,#1008,.T.);
#1715=ORIENTED_EDGE('',*,*,#1233,.T.);
#1716=ORIENTED_EDGE('',*,*,#1246,.T.);
#1717=ORIENTED_EDGE('',*,*,#1247,.F.);
#1718=ORIENTED_EDGE('',*,*,#1248,.T.);
#1719=ORIENTED_EDGE('',*,*,#1244,.F.);
#1720=ORIENTED_EDGE('',*,*,#1136,.T.);
#1721=ORIENTED_EDGE('',*,*,#1249,.F.);
#1722=ORIENTED_EDGE('',*,*,#1245,.T.);
#1723=ORIENTED_EDGE('',*,*,#1247,.T.);
#1724=ORIENTED_EDGE('',*,*,#1250,.F.);
#1725=ORIENTED_EDGE('',*,*,#1009,.T.);
#1726=ORIENTED_EDGE('',*,*,#1249,.T.);
#1727=ORIENTED_EDGE('',*,*,#1135,.T.);
#1728=ORIENTED_EDGE('',*,*,#1251,.T.);
#1729=ORIENTED_EDGE('',*,*,#1252,.T.);
#1730=ORIENTED_EDGE('',*,*,#1253,.T.);
#1731=ORIENTED_EDGE('',*,*,#1254,.F.);
#1732=ORIENTED_EDGE('',*,*,#1243,.F.);
#1733=ORIENTED_EDGE('',*,*,#1240,.F.);
#1734=ORIENTED_EDGE('',*,*,#1232,.F.);
#1735=ORIENTED_EDGE('',*,*,#1255,.F.);
#1736=ORIENTED_EDGE('',*,*,#1256,.F.);
#1737=ORIENTED_EDGE('',*,*,#1133,.T.);
#1738=ORIENTED_EDGE('',*,*,#1166,.T.);
#1739=ORIENTED_EDGE('',*,*,#1163,.T.);
#1740=ORIENTED_EDGE('',*,*,#1257,.F.);
#1741=ORIENTED_EDGE('',*,*,#1253,.F.);
#1742=ORIENTED_EDGE('',*,*,#1258,.T.);
#1743=ORIENTED_EDGE('',*,*,#1161,.T.);
#1744=ORIENTED_EDGE('',*,*,#1258,.F.);
#1745=ORIENTED_EDGE('',*,*,#1252,.F.);
#1746=ORIENTED_EDGE('',*,*,#1010,.T.);
#1747=ORIENTED_EDGE('',*,*,#1259,.F.);
#1748=ORIENTED_EDGE('',*,*,#1260,.T.);
#1749=ORIENTED_EDGE('',*,*,#1261,.F.);
#1750=ORIENTED_EDGE('',*,*,#1259,.T.);
#1751=ORIENTED_EDGE('',*,*,#1250,.T.);
#1752=ORIENTED_EDGE('',*,*,#1262,.F.);
#1753=ORIENTED_EDGE('',*,*,#1263,.T.);
#1754=ORIENTED_EDGE('',*,*,#1262,.T.);
#1755=ORIENTED_EDGE('',*,*,#1134,.T.);
#1756=ORIENTED_EDGE('',*,*,#1264,.F.);
#1757=ORIENTED_EDGE('',*,*,#1265,.T.);
#1758=ORIENTED_EDGE('',*,*,#1264,.T.);
#1759=ORIENTED_EDGE('',*,*,#1241,.T.);
#1760=ORIENTED_EDGE('',*,*,#1266,.F.);
#1761=ORIENTED_EDGE('',*,*,#1267,.T.);
#1762=ORIENTED_EDGE('',*,*,#1011,.T.);
#1763=ORIENTED_EDGE('',*,*,#1261,.T.);
#1764=ORIENTED_EDGE('',*,*,#1148,.T.);
#1765=ORIENTED_EDGE('',*,*,#1129,.F.);
#1766=ORIENTED_EDGE('',*,*,#1248,.F.);
#1767=ORIENTED_EDGE('',*,*,#1246,.F.);
#1768=ORIENTED_EDGE('',*,*,#1237,.F.);
#1769=ORIENTED_EDGE('',*,*,#1239,.F.);
#1770=ORIENTED_EDGE('',*,*,#1268,.F.);
#1771=ORIENTED_EDGE('',*,*,#1269,.F.);
#1772=ORIENTED_EDGE('',*,*,#1270,.T.);
#1773=ORIENTED_EDGE('',*,*,#1213,.F.);
#1774=ORIENTED_EDGE('',*,*,#1270,.F.);
#1775=ORIENTED_EDGE('',*,*,#1271,.F.);
#1776=ORIENTED_EDGE('',*,*,#1268,.T.);
#1777=ORIENTED_EDGE('',*,*,#1272,.T.);
#1778=ORIENTED_EDGE('',*,*,#1271,.T.);
#1779=ORIENTED_EDGE('',*,*,#1269,.T.);
#1780=ORIENTED_EDGE('',*,*,#1272,.F.);
#1781=ORIENTED_EDGE('',*,*,#1021,.F.);
#1782=ORIENTED_EDGE('',*,*,#1273,.T.);
#1783=ORIENTED_EDGE('',*,*,#1052,.T.);
#1784=ORIENTED_EDGE('',*,*,#1273,.F.);
#1785=ORIENTED_EDGE('',*,*,#1044,.T.);
#1786=ORIENTED_EDGE('',*,*,#1274,.T.);
#1787=ORIENTED_EDGE('',*,*,#1223,.F.);
#1788=ORIENTED_EDGE('',*,*,#1274,.F.);
#1789=ORIENTED_EDGE('',*,*,#1022,.F.);
#1790=ORIENTED_EDGE('',*,*,#1275,.T.);
#1791=ORIENTED_EDGE('',*,*,#1058,.T.);
#1792=ORIENTED_EDGE('',*,*,#1275,.F.);
#1793=ORIENTED_EDGE('',*,*,#1023,.F.);
#1794=ORIENTED_EDGE('',*,*,#1276,.T.);
#1795=ORIENTED_EDGE('',*,*,#1056,.T.);
#1796=ORIENTED_EDGE('',*,*,#1276,.F.);
#1797=ORIENTED_EDGE('',*,*,#1024,.F.);
#1798=ORIENTED_EDGE('',*,*,#1277,.T.);
#1799=ORIENTED_EDGE('',*,*,#1054,.T.);
#1800=ORIENTED_EDGE('',*,*,#1277,.F.);
#1801=ORIENTED_EDGE('',*,*,#1278,.T.);
#1802=ORIENTED_EDGE('',*,*,#1279,.T.);
#1803=ORIENTED_EDGE('',*,*,#1201,.F.);
#1804=ORIENTED_EDGE('',*,*,#1211,.F.);
#1805=ORIENTED_EDGE('',*,*,#1280,.F.);
#1806=ORIENTED_EDGE('',*,*,#1278,.F.);
#1807=ORIENTED_EDGE('',*,*,#1210,.F.);
#1808=ORIENTED_EDGE('',*,*,#1208,.F.);
#1809=ORIENTED_EDGE('',*,*,#1160,.F.);
#1810=ORIENTED_EDGE('',*,*,#1281,.F.);
#1811=ORIENTED_EDGE('',*,*,#1095,.F.);
#1812=ORIENTED_EDGE('',*,*,#1212,.F.);
#1813=ORIENTED_EDGE('',*,*,#1138,.F.);
#1814=ORIENTED_EDGE('',*,*,#1157,.F.);
#1815=ORIENTED_EDGE('',*,*,#1154,.F.);
#1816=ORIENTED_EDGE('',*,*,#1281,.T.);
#1817=ORIENTED_EDGE('',*,*,#1141,.F.);
#1818=ORIENTED_EDGE('',*,*,#1199,.F.);
#1819=ORIENTED_EDGE('',*,*,#1279,.F.);
#1820=ORIENTED_EDGE('',*,*,#1280,.T.);
#1821=ORIENTED_EDGE('',*,*,#1207,.T.);
#1822=ORIENTED_EDGE('',*,*,#1202,.F.);
#1823=ORIENTED_EDGE('',*,*,#1206,.F.);
#1824=ORIENTED_EDGE('',*,*,#1185,.F.);
#1825=ORIENTED_EDGE('',*,*,#1149,.F.);
#1826=ORIENTED_EDGE('',*,*,#1260,.F.);
#1827=ORIENTED_EDGE('',*,*,#1263,.F.);
#1828=ORIENTED_EDGE('',*,*,#1265,.F.);
#1829=ORIENTED_EDGE('',*,*,#1267,.F.);
#1830=ORIENTED_EDGE('',*,*,#1282,.F.);
#1831=ORIENTED_EDGE('',*,*,#1283,.T.);
#1832=ORIENTED_EDGE('',*,*,#1096,.T.);
#1833=ORIENTED_EDGE('',*,*,#1282,.T.);
#1834=ORIENTED_EDGE('',*,*,#1266,.T.);
#1835=ORIENTED_EDGE('',*,*,#1254,.T.);
#1836=ORIENTED_EDGE('',*,*,#1257,.T.);
#1837=ORIENTED_EDGE('',*,*,#1251,.F.);
#1838=ORIENTED_EDGE('',*,*,#1284,.T.);
#1839=ORIENTED_EDGE('',*,*,#1285,.F.);
#1840=ORIENTED_EDGE('',*,*,#1286,.F.);
#1841=ORIENTED_EDGE('',*,*,#1227,.F.);
#1842=ORIENTED_EDGE('',*,*,#1287,.F.);
#1843=ORIENTED_EDGE('',*,*,#1288,.F.);
#1844=ORIENTED_EDGE('',*,*,#1255,.T.);
#1845=ORIENTED_EDGE('',*,*,#1229,.F.);
#1846=ORIENTED_EDGE('',*,*,#1286,.T.);
#1847=ORIENTED_EDGE('',*,*,#1289,.F.);
#1848=ORIENTED_EDGE('',*,*,#1287,.T.);
#1849=ORIENTED_EDGE('',*,*,#1225,.F.);
#1850=ORIENTED_EDGE('',*,*,#1114,.T.);
#1851=ORIENTED_EDGE('',*,*,#1284,.F.);
#1852=ORIENTED_EDGE('',*,*,#1256,.T.);
#1853=ORIENTED_EDGE('',*,*,#1290,.F.);
#1854=ORIENTED_EDGE('',*,*,#1097,.T.);
#1855=ORIENTED_EDGE('',*,*,#1283,.F.);
#1856=ORIENTED_EDGE('',*,*,#1290,.T.);
#1857=ORIENTED_EDGE('',*,*,#1288,.T.);
#1858=ORIENTED_EDGE('',*,*,#1291,.F.);
#1859=ORIENTED_EDGE('',*,*,#1098,.T.);
#1860=ORIENTED_EDGE('',*,*,#1291,.T.);
#1861=ORIENTED_EDGE('',*,*,#1285,.T.);
#1862=ORIENTED_EDGE('',*,*,#1292,.F.);
#1863=ORIENTED_EDGE('',*,*,#1099,.T.);
#1864=ORIENTED_EDGE('',*,*,#1292,.T.);
#1865=ORIENTED_EDGE('',*,*,#1289,.T.);
#1866=ORIENTED_EDGE('',*,*,#1122,.F.);
#1867=ORIENTED_EDGE('',*,*,#1100,.T.);
#1868=ORIENTED_EDGE('',*,*,#1293,.F.);
#1869=ORIENTED_EDGE('',*,*,#1294,.T.);
#1870=ORIENTED_EDGE('',*,*,#1015,.T.);
#1871=ORIENTED_EDGE('',*,*,#1294,.F.);
#1872=ORIENTED_EDGE('',*,*,#1293,.T.);
#1873=PLANE('',#2047);
#1874=PLANE('',#2056);
#1875=PLANE('',#2074);
#1876=PLANE('',#2082);
#1877=PLANE('',#2085);
#1878=PLANE('',#2088);
#1879=PLANE('',#2091);
#1880=PLANE('',#2094);
#1881=PLANE('',#2097);
#1882=PLANE('',#2100);
#1883=PLANE('',#2101);
#1884=PLANE('',#2107);
#1885=PLANE('',#2111);
#1886=PLANE('',#2115);
#1887=PLANE('',#2120);
#1888=PLANE('',#2125);
#1889=PLANE('',#2126);
#1890=PLANE('',#2135);
#1891=PLANE('',#2136);
#1892=PLANE('',#2144);
#1893=PLANE('',#2145);
#1894=PLANE('',#2146);
#1895=PLANE('',#2147);
#1896=PLANE('',#2148);
#1897=PLANE('',#2158);
#1898=PLANE('',#2160);
#1899=PLANE('',#2164);
#1900=PLANE('',#2168);
#1901=PLANE('',#2170);
#1902=PLANE('',#2174);
#1903=PLANE('',#2175);
#1904=PLANE('',#2180);
#1905=PLANE('',#2184);
#1906=PLANE('',#2188);
#1907=PLANE('',#2189);
#1908=PLANE('',#2190);
#1909=PLANE('',#2191);
#1910=PLANE('',#2192);
#1911=PLANE('',#2202);
#1912=PLANE('',#2238);
#1913=PLANE('',#2252);
#1914=PLANE('',#2264);
#1915=PLANE('',#2265);
#1916=PLANE('',#2266);
#1917=PLANE('',#2267);
#1918=PLANE('',#2270);
#1919=PLANE('',#2284);
#1920=ADVANCED_FACE('',(#246,#90,#91,#92),#1873,.F.);
#1921=ADVANCED_FACE('',(#247),#83,.T.);
#1922=ADVANCED_FACE('',(#248,#93,#94,#95,#96,#97),#1874,.T.);
#1923=ADVANCED_FACE('',(#249),#30,.T.);
#1924=ADVANCED_FACE('',(#250),#84,.T.);
#1925=ADVANCED_FACE('',(#251),#31,.F.);
#1926=ADVANCED_FACE('',(#252,#98),#1875,.T.);
#1927=ADVANCED_FACE('',(#253),#32,.F.);
#1928=ADVANCED_FACE('',(#254),#33,.F.);
#1929=ADVANCED_FACE('',(#255,#99),#1876,.T.);
#1930=ADVANCED_FACE('',(#256,#100),#1877,.T.);
#1931=ADVANCED_FACE('',(#257,#101),#1878,.T.);
#1932=ADVANCED_FACE('',(#258,#102),#1879,.T.);
#1933=ADVANCED_FACE('',(#259),#1880,.T.);
#1934=ADVANCED_FACE('',(#260),#1881,.T.);
#1935=ADVANCED_FACE('',(#261),#34,.T.);
#1936=ADVANCED_FACE('',(#262),#1882,.T.);
#1937=ADVANCED_FACE('',(#263),#1883,.T.);
#1938=ADVANCED_FACE('',(#264),#35,.T.);
#1939=ADVANCED_FACE('',(#265),#36,.F.);
#1940=ADVANCED_FACE('',(#266),#1884,.F.);
#1941=ADVANCED_FACE('',(#267),#37,.F.);
#1942=ADVANCED_FACE('',(#268),#1885,.F.);
#1943=ADVANCED_FACE('',(#269),#38,.T.);
#1944=ADVANCED_FACE('',(#270,#103,#104,#105),#1886,.F.);
#1945=ADVANCED_FACE('',(#271),#1887,.F.);
#1946=ADVANCED_FACE('',(#272),#39,.F.);
#1947=ADVANCED_FACE('',(#273),#1888,.F.);
#1948=ADVANCED_FACE('',(#274),#1889,.F.);
#1949=ADVANCED_FACE('',(#275),#40,.T.);
#1950=ADVANCED_FACE('',(#276),#41,.T.);
#1951=ADVANCED_FACE('',(#277),#42,.T.);
#1952=ADVANCED_FACE('',(#278),#1890,.F.);
#1953=ADVANCED_FACE('',(#279,#106,#107,#108),#1891,.T.);
#1954=ADVANCED_FACE('',(#280),#43,.T.);
#1955=ADVANCED_FACE('',(#281),#44,.T.);
#1956=ADVANCED_FACE('',(#282),#1892,.T.);
#1957=ADVANCED_FACE('',(#283),#1893,.T.);
#1958=ADVANCED_FACE('',(#284),#1894,.F.);
#1959=ADVANCED_FACE('',(#285),#1895,.F.);
#1960=ADVANCED_FACE('',(#286),#1896,.F.);
#1961=ADVANCED_FACE('',(#287),#45,.F.);
#1962=ADVANCED_FACE('',(#288),#46,.F.);
#1963=ADVANCED_FACE('',(#289),#47,.F.);
#1964=ADVANCED_FACE('',(#290,#109),#1897,.T.);
#1965=ADVANCED_FACE('',(#291,#110),#1898,.T.);
#1966=ADVANCED_FACE('',(#292),#48,.F.);
#1967=ADVANCED_FACE('',(#293,#111),#1899,.T.);
#1968=ADVANCED_FACE('',(#294),#49,.F.);
#1969=ADVANCED_FACE('',(#295),#1900,.F.);
#1970=ADVANCED_FACE('',(#296),#1901,.F.);
#1971=ADVANCED_FACE('',(#297),#50,.F.);
#1972=ADVANCED_FACE('',(#298),#1902,.F.);
#1973=ADVANCED_FACE('',(#299),#1903,.F.);
#1974=ADVANCED_FACE('',(#300),#51,.F.);
#1975=ADVANCED_FACE('',(#301),#1904,.T.);
#1976=ADVANCED_FACE('',(#302),#52,.F.);
#1977=ADVANCED_FACE('',(#303),#1905,.T.);
#1978=ADVANCED_FACE('',(#304),#53,.F.);
#1979=ADVANCED_FACE('',(#305),#1906,.F.);
#1980=ADVANCED_FACE('',(#306),#1907,.F.);
#1981=ADVANCED_FACE('',(#307),#1908,.F.);
#1982=ADVANCED_FACE('',(#308),#1909,.F.);
#1983=ADVANCED_FACE('',(#309,#112),#1910,.T.);
#1984=ADVANCED_FACE('',(#310),#54,.F.);
#1985=ADVANCED_FACE('',(#311),#55,.F.);
#1986=ADVANCED_FACE('',(#312),#56,.F.);
#1987=ADVANCED_FACE('',(#313),#57,.F.);
#1988=ADVANCED_FACE('',(#314,#113,#114,#115,#116,#117),#1911,.T.);
#1989=ADVANCED_FACE('',(#315),#58,.F.);
#1990=ADVANCED_FACE('',(#316),#85,.T.);
#1991=ADVANCED_FACE('',(#317),#59,.T.);
#1992=ADVANCED_FACE('',(#318),#86,.T.);
#1993=ADVANCED_FACE('',(#319),#60,.T.);
#1994=ADVANCED_FACE('',(#320),#23,.T.);
#1995=ADVANCED_FACE('',(#321),#24,.T.);
#1996=ADVANCED_FACE('',(#322),#61,.T.);
#1997=ADVANCED_FACE('',(#323),#62,.T.);
#1998=ADVANCED_FACE('',(#324),#63,.T.);
#1999=ADVANCED_FACE('',(#325),#25,.T.);
#2000=ADVANCED_FACE('',(#326),#64,.T.);
#2001=ADVANCED_FACE('',(#327),#65,.T.);
#2002=ADVANCED_FACE('',(#328),#26,.T.);
#2003=ADVANCED_FACE('',(#329),#66,.T.);
#2004=ADVANCED_FACE('',(#330,#118,#119,#120),#1912,.T.);
#2005=ADVANCED_FACE('',(#331),#67,.F.);
#2006=ADVANCED_FACE('',(#332),#68,.T.);
#2007=ADVANCED_FACE('',(#333),#15,.F.);
#2008=ADVANCED_FACE('',(#334),#69,.T.);
#2009=ADVANCED_FACE('',(#335),#16,.F.);
#2010=ADVANCED_FACE('',(#336),#70,.T.);
#2011=ADVANCED_FACE('',(#337,#121),#1913,.T.);
#2012=ADVANCED_FACE('',(#338),#71,.F.);
#2013=ADVANCED_FACE('',(#339),#87,.T.);
#2014=ADVANCED_FACE('',(#340),#72,.F.);
#2015=ADVANCED_FACE('',(#341),#73,.F.);
#2016=ADVANCED_FACE('',(#342),#74,.F.);
#2017=ADVANCED_FACE('',(#343),#75,.F.);
#2018=ADVANCED_FACE('',(#344),#76,.F.);
#2019=ADVANCED_FACE('',(#345),#1914,.F.);
#2020=ADVANCED_FACE('',(#346,#122),#1915,.F.);
#2021=ADVANCED_FACE('',(#347,#123,#124),#1916,.F.);
#2022=ADVANCED_FACE('',(#348),#1917,.F.);
#2023=ADVANCED_FACE('',(#349),#77,.T.);
#2024=ADVANCED_FACE('',(#350),#1918,.T.);
#2025=ADVANCED_FACE('',(#351),#78,.T.);
#2026=ADVANCED_FACE('',(#352),#79,.T.);
#2027=ADVANCED_FACE('',(#353),#80,.T.);
#2028=ADVANCED_FACE('',(#354),#88,.T.);
#2029=ADVANCED_FACE('',(#355),#81,.T.);
#2030=ADVANCED_FACE('',(#356),#89,.T.);
#2031=ADVANCED_FACE('',(#357),#82,.T.);
#2032=ADVANCED_FACE('',(#358),#1919,.T.);
#2033=CLOSED_SHELL('',(#1920,#1921,#1922,#1923,#1924,#1925,#1926,#1927,
#1928,#1929,#1930,#1931,#1932,#1933,#1934,#1935,#1936,#1937,#1938,#1939,
#1940,#1941,#1942,#1943,#1944,#1945,#1946,#1947,#1948,#1949,#1950,#1951,
#1952,#1953,#1954,#1955,#1956,#1957,#1958,#1959,#1960,#1961,#1962,#1963,
#1964,#1965,#1966,#1967,#1968,#1969,#1970,#1971,#1972,#1973,#1974,#1975,
#1976,#1977,#1978,#1979,#1980,#1981,#1982,#1983,#1984,#1985,#1986,#1987,
#1988,#1989,#1990,#1991,#1992,#1993,#1994,#1995,#1996,#1997,#1998,#1999,
#2000,#2001,#2002,#2003,#2004,#2005,#2006,#2007,#2008,#2009,#2010,#2011,
#2012,#2013,#2014,#2015,#2016,#2017,#2018,#2019,#2020,#2021,#2022,#2023,
#2024,#2025,#2026,#2027,#2028,#2029,#2030,#2031,#2032));
#2034=DERIVED_UNIT_ELEMENT(#2036,1.);
#2035=DERIVED_UNIT_ELEMENT(#3597,-3.);
#2036=(
MASS_UNIT()
NAMED_UNIT(*)
SI_UNIT(.KILO.,.GRAM.)
);
#2037=DERIVED_UNIT((#2034,#2035));
#2038=MEASURE_REPRESENTATION_ITEM('density measure',
POSITIVE_RATIO_MEASURE(7850.),#2037);
#2039=PROPERTY_DEFINITION_REPRESENTATION(#2044,#2041);
#2040=PROPERTY_DEFINITION_REPRESENTATION(#2045,#2042);
#2041=REPRESENTATION('material name',(#2043),#3594);
#2042=REPRESENTATION('density',(#2038),#3594);
#2043=DESCRIPTIVE_REPRESENTATION_ITEM('\X2\AC15CCA0\X0\','\X2\AC15CCA0\X0\');
#2044=PROPERTY_DEFINITION('material property','material name',#3604);
#2045=PROPERTY_DEFINITION('material property','density of part',#3604);
#2046=AXIS2_PLACEMENT_3D('',#2922,#2285,#2286);
#2047=AXIS2_PLACEMENT_3D('',#2923,#2287,#2288);
#2048=AXIS2_PLACEMENT_3D('',#2939,#2296,#2297);
#2049=AXIS2_PLACEMENT_3D('',#2941,#2298,#2299);
#2050=AXIS2_PLACEMENT_3D('',#2943,#2300,#2301);
#2051=AXIS2_PLACEMENT_3D('',#2944,#2302,#2303);
#2052=AXIS2_PLACEMENT_3D('',#2946,#2304,#2305);
#2053=AXIS2_PLACEMENT_3D('',#2948,#2306,#2307);
#2054=AXIS2_PLACEMENT_3D('',#2950,#2308,#2309);
#2055=AXIS2_PLACEMENT_3D('',#2951,#2310,#2311);
#2056=AXIS2_PLACEMENT_3D('',#2952,#2312,#2313);
#2057=AXIS2_PLACEMENT_3D('',#2954,#2314,#2315);
#2058=AXIS2_PLACEMENT_3D('',#2956,#2316,#2317);
#2059=AXIS2_PLACEMENT_3D('',#2958,#2318,#2319);
#2060=AXIS2_PLACEMENT_3D('',#2960,#2320,#2321);
#2061=AXIS2_PLACEMENT_3D('',#2962,#2322,#2323);
#2062=AXIS2_PLACEMENT_3D('',#2963,#2324,#2325);
#2063=AXIS2_PLACEMENT_3D('',#2967,#2327,#2328);
#2064=AXIS2_PLACEMENT_3D('',#2971,#2330,#2331);
#2065=AXIS2_PLACEMENT_3D('',#2974,#2333,#2334);
#2066=AXIS2_PLACEMENT_3D('',#2975,#2335,#2336);
#2067=AXIS2_PLACEMENT_3D('',#2977,#2337,#2338);
#2068=AXIS2_PLACEMENT_3D('',#2979,#2339,#2340);
#2069=AXIS2_PLACEMENT_3D('',#2980,#2341,#2342);
#2070=AXIS2_PLACEMENT_3D('',#2981,#2343,#2344);
#2071=AXIS2_PLACEMENT_3D('',#2987,#2347,#2348);
#2072=AXIS2_PLACEMENT_3D('',#2992,#2351,#2352);
#2073=AXIS2_PLACEMENT_3D('',#2996,#2355,#2356);
#2074=AXIS2_PLACEMENT_3D('',#2998,#2358,#2359);
#2075=AXIS2_PLACEMENT_3D('',#3000,#2360,#2361);
#2076=AXIS2_PLACEMENT_3D('',#3001,#2362,#2363);
#2077=AXIS2_PLACEMENT_3D('',#3003,#2364,#2365);
#2078=AXIS2_PLACEMENT_3D('',#3006,#2367,#2368);
#2079=AXIS2_PLACEMENT_3D('',#3007,#2369,#2370);
#2080=AXIS2_PLACEMENT_3D('',#3009,#2371,#2372);
#2081=AXIS2_PLACEMENT_3D('',#3012,#2374,#2375);
#2082=AXIS2_PLACEMENT_3D('',#3013,#2376,#2377);
#2083=AXIS2_PLACEMENT_3D('',#3014,#2378,#2379);
#2084=AXIS2_PLACEMENT_3D('',#3016,#2380,#2381);
#2085=AXIS2_PLACEMENT_3D('',#3017,#2382,#2383);
#2086=AXIS2_PLACEMENT_3D('',#3018,#2384,#2385);
#2087=AXIS2_PLACEMENT_3D('',#3020,#2386,#2387);
#2088=AXIS2_PLACEMENT_3D('',#3021,#2388,#2389);
#2089=AXIS2_PLACEMENT_3D('',#3022,#2390,#2391);
#2090=AXIS2_PLACEMENT_3D('',#3024,#2392,#2393);
#2091=AXIS2_PLACEMENT_3D('',#3025,#2394,#2395);
#2092=AXIS2_PLACEMENT_3D('',#3027,#2396,#2397);
#2093=AXIS2_PLACEMENT_3D('',#3029,#2398,#2399);
#2094=AXIS2_PLACEMENT_3D('',#3030,#2400,#2401);
#2095=AXIS2_PLACEMENT_3D('',#3034,#2403,#2404);
#2096=AXIS2_PLACEMENT_3D('',#3038,#2406,#2407);
#2097=AXIS2_PLACEMENT_3D('',#3040,#2409,#2410);
#2098=AXIS2_PLACEMENT_3D('',#3044,#2413,#2414);
#2099=AXIS2_PLACEMENT_3D('',#3047,#2416,#2417);
#2100=AXIS2_PLACEMENT_3D('',#3048,#2418,#2419);
#2101=AXIS2_PLACEMENT_3D('',#3052,#2422,#2423);
#2102=AXIS2_PLACEMENT_3D('',#3056,#2426,#2427);
#2103=AXIS2_PLACEMENT_3D('',#3057,#2428,#2429);
#2104=AXIS2_PLACEMENT_3D('',#3058,#2430,#2431);
#2105=AXIS2_PLACEMENT_3D('',#3061,#2432,#2433);
#2106=AXIS2_PLACEMENT_3D('',#3065,#2435,#2436);
#2107=AXIS2_PLACEMENT_3D('',#3067,#2438,#2439);
#2108=AXIS2_PLACEMENT_3D('',#3073,#2443,#2444);
#2109=AXIS2_PLACEMENT_3D('',#3076,#2445,#2446);
#2110=AXIS2_PLACEMENT_3D('',#3080,#2448,#2449);
#2111=AXIS2_PLACEMENT_3D('',#3082,#2451,#2452);
#2112=AXIS2_PLACEMENT_3D('',#3085,#2455,#2456);
#2113=AXIS2_PLACEMENT_3D('',#3088,#2457,#2458);
#2114=AXIS2_PLACEMENT_3D('',#3092,#2460,#2461);
#2115=AXIS2_PLACEMENT_3D('',#3094,#2463,#2464);
#2116=AXIS2_PLACEMENT_3D('',#3112,#2473,#2474);
#2117=AXIS2_PLACEMENT_3D('',#3116,#2476,#2477);
#2118=AXIS2_PLACEMENT_3D('',#3121,#2480,#2481);
#2119=AXIS2_PLACEMENT_3D('',#3124,#2483,#2484);
#2120=AXIS2_PLACEMENT_3D('',#3125,#2485,#2486);
#2121=AXIS2_PLACEMENT_3D('',#3128,#2488,#2489);
#2122=AXIS2_PLACEMENT_3D('',#3129,#2490,#2491);
#2123=AXIS2_PLACEMENT_3D('',#3130,#2492,#2493);
#2124=AXIS2_PLACEMENT_3D('',#3132,#2494,#2495);
#2125=AXIS2_PLACEMENT_3D('',#3134,#2497,#2498);
#2126=AXIS2_PLACEMENT_3D('',#3136,#2500,#2501);
#2127=AXIS2_PLACEMENT_3D('',#3145,#2506,#2507);
#2128=AXIS2_PLACEMENT_3D('',#3147,#2508,#2509);
#2129=AXIS2_PLACEMENT_3D('',#3149,#2510,#2511);
#2130=AXIS2_PLACEMENT_3D('',#3151,#2513,#2514);
#2131=AXIS2_PLACEMENT_3D('',#3154,#2516,#2517);
#2132=AXIS2_PLACEMENT_3D('',#3155,#2518,#2519);
#2133=AXIS2_PLACEMENT_3D('',#3156,#2520,#2521);
#2134=AXIS2_PLACEMENT_3D('',#3157,#2522,#2523);
#2135=AXIS2_PLACEMENT_3D('',#3158,#2524,#2525);
#2136=AXIS2_PLACEMENT_3D('',#3160,#2527,#2528);
#2137=AXIS2_PLACEMENT_3D('',#3162,#2529,#2530);
#2138=AXIS2_PLACEMENT_3D('',#3166,#2532,#2533);
#2139=AXIS2_PLACEMENT_3D('',#3170,#2536,#2537);
#2140=AXIS2_PLACEMENT_3D('',#3180,#2538,#2539);
#2141=AXIS2_PLACEMENT_3D('',#3181,#2540,#2541);
#2142=AXIS2_PLACEMENT_3D('',#3183,#2542,#2543);
#2143=AXIS2_PLACEMENT_3D('',#3186,#2545,#2546);
#2144=AXIS2_PLACEMENT_3D('',#3187,#2547,#2548);
#2145=AXIS2_PLACEMENT_3D('',#3188,#2549,#2550);
#2146=AXIS2_PLACEMENT_3D('',#3197,#2555,#2556);
#2147=AXIS2_PLACEMENT_3D('',#3206,#2561,#2562);
#2148=AXIS2_PLACEMENT_3D('',#3219,#2569,#2570);
#2149=AXIS2_PLACEMENT_3D('',#3226,#2575,#2576);
#2150=AXIS2_PLACEMENT_3D('',#3228,#2577,#2578);
#2151=AXIS2_PLACEMENT_3D('',#3231,#2580,#2581);
#2152=AXIS2_PLACEMENT_3D('',#3232,#2582,#2583);
#2153=AXIS2_PLACEMENT_3D('',#3234,#2584,#2585);
#2154=AXIS2_PLACEMENT_3D('',#3237,#2587,#2588);
#2155=AXIS2_PLACEMENT_3D('',#3238,#2589,#2590);
#2156=AXIS2_PLACEMENT_3D('',#3240,#2591,#2592);
#2157=AXIS2_PLACEMENT_3D('',#3243,#2594,#2595);
#2158=AXIS2_PLACEMENT_3D('',#3244,#2596,#2597);
#2159=AXIS2_PLACEMENT_3D('',#3246,#2598,#2599);
#2160=AXIS2_PLACEMENT_3D('',#3247,#2600,#2601);
#2161=AXIS2_PLACEMENT_3D('',#3249,#2602,#2603);
#2162=AXIS2_PLACEMENT_3D('',#3250,#2604,#2605);
#2163=AXIS2_PLACEMENT_3D('',#3252,#2606,#2607);
#2164=AXIS2_PLACEMENT_3D('',#3254,#2609,#2610);
#2165=AXIS2_PLACEMENT_3D('',#3256,#2611,#2612);
#2166=AXIS2_PLACEMENT_3D('',#3257,#2613,#2614);
#2167=AXIS2_PLACEMENT_3D('',#3259,#2615,#2616);
#2168=AXIS2_PLACEMENT_3D('',#3261,#2618,#2619);
#2169=AXIS2_PLACEMENT_3D('',#3263,#2620,#2621);
#2170=AXIS2_PLACEMENT_3D('',#3267,#2624,#2625);
#2171=AXIS2_PLACEMENT_3D('',#3280,#2632,#2633);
#2172=AXIS2_PLACEMENT_3D('',#3282,#2634,#2635);
#2173=AXIS2_PLACEMENT_3D('',#3285,#2637,#2638);
#2174=AXIS2_PLACEMENT_3D('',#3286,#2639,#2640);
#2175=AXIS2_PLACEMENT_3D('',#3296,#2646,#2647);
#2176=AXIS2_PLACEMENT_3D('',#3301,#2650,#2651);
#2177=AXIS2_PLACEMENT_3D('',#3303,#2653,#2654);
#2178=AXIS2_PLACEMENT_3D('',#3304,#2655,#2656);
#2179=AXIS2_PLACEMENT_3D('',#3305,#2657,#2658);
#2180=AXIS2_PLACEMENT_3D('',#3306,#2659,#2660);
#2181=AXIS2_PLACEMENT_3D('',#3308,#2661,#2662);
#2182=AXIS2_PLACEMENT_3D('',#3309,#2663,#2664);
#2183=AXIS2_PLACEMENT_3D('',#3310,#2665,#2666);
#2184=AXIS2_PLACEMENT_3D('',#3312,#2668,#2669);
#2185=AXIS2_PLACEMENT_3D('',#3316,#2671,#2672);
#2186=AXIS2_PLACEMENT_3D('',#3317,#2673,#2674);
#2187=AXIS2_PLACEMENT_3D('',#3318,#2675,#2676);
#2188=AXIS2_PLACEMENT_3D('',#3321,#2679,#2680);
#2189=AXIS2_PLACEMENT_3D('',#3327,#2684,#2685);
#2190=AXIS2_PLACEMENT_3D('',#3335,#2690,#2691);
#2191=AXIS2_PLACEMENT_3D('',#3337,#2693,#2694);
#2192=AXIS2_PLACEMENT_3D('',#3343,#2698,#2699);
#2193=AXIS2_PLACEMENT_3D('',#3349,#2703,#2704);
#2194=AXIS2_PLACEMENT_3D('',#3350,#2705,#2706);
#2195=AXIS2_PLACEMENT_3D('',#3352,#2707,#2708);
#2196=AXIS2_PLACEMENT_3D('',#3354,#2710,#2711);
#2197=AXIS2_PLACEMENT_3D('',#3356,#2712,#2713);
#2198=AXIS2_PLACEMENT_3D('',#3358,#2715,#2716);
#2199=AXIS2_PLACEMENT_3D('',#3360,#2717,#2718);
#2200=AXIS2_PLACEMENT_3D('',#3362,#2720,#2721);
#2201=AXIS2_PLACEMENT_3D('',#3364,#2722,#2723);
#2202=AXIS2_PLACEMENT_3D('',#3366,#2725,#2726);
#2203=AXIS2_PLACEMENT_3D('',#3368,#2727,#2728);
#2204=AXIS2_PLACEMENT_3D('',#3370,#2729,#2730);
#2205=AXIS2_PLACEMENT_3D('',#3371,#2731,#2732);
#2206=AXIS2_PLACEMENT_3D('',#3373,#2734,#2735);
#2207=AXIS2_PLACEMENT_3D('',#3375,#2736,#2737);
#2208=AXIS2_PLACEMENT_3D('',#3376,#2738,#2739);
#2209=AXIS2_PLACEMENT_3D('',#3377,#2740,#2741);
#2210=AXIS2_PLACEMENT_3D('',#3380,#2743,#2744);
#2211=AXIS2_PLACEMENT_3D('',#3381,#2745,#2746);
#2212=AXIS2_PLACEMENT_3D('',#3383,#2747,#2748);
#2213=AXIS2_PLACEMENT_3D('',#3384,#2749,#2750);
#2214=AXIS2_PLACEMENT_3D('',#3385,#2751,#2752);
#2215=AXIS2_PLACEMENT_3D('',#3387,#2753,#2754);
#2216=AXIS2_PLACEMENT_3D('',#3389,#2756,#2757);
#2217=AXIS2_PLACEMENT_3D('',#3391,#2758,#2759);
#2218=AXIS2_PLACEMENT_3D('',#3392,#2760,#2761);
#2219=AXIS2_PLACEMENT_3D('',#3393,#2762,#2763);
#2220=AXIS2_PLACEMENT_3D('',#3395,#2764,#2765);
#2221=AXIS2_PLACEMENT_3D('',#3396,#2766,#2767);
#2222=AXIS2_PLACEMENT_3D('',#3397,#2768,#2769);
#2223=AXIS2_PLACEMENT_3D('',#3399,#2771,#2772);
#2224=AXIS2_PLACEMENT_3D('',#3402,#2773,#2774);
#2225=AXIS2_PLACEMENT_3D('',#3405,#2777,#2778);
#2226=AXIS2_PLACEMENT_3D('',#3407,#2779,#2780);
#2227=AXIS2_PLACEMENT_3D('',#3408,#2781,#2782);
#2228=AXIS2_PLACEMENT_3D('',#3410,#2784,#2785);
#2229=AXIS2_PLACEMENT_3D('',#3411,#2786,#2787);
#2230=AXIS2_PLACEMENT_3D('',#3412,#2788,#2789);
#2231=AXIS2_PLACEMENT_3D('',#3414,#2790,#2791);
#2232=AXIS2_PLACEMENT_3D('',#3416,#2793,#2794);
#2233=AXIS2_PLACEMENT_3D('',#3417,#2795,#2796);
#2234=AXIS2_PLACEMENT_3D('',#3419,#2798,#2799);
#2235=AXIS2_PLACEMENT_3D('',#3420,#2800,#2801);
#2236=AXIS2_PLACEMENT_3D('',#3421,#2802,#2803);
#2237=AXIS2_PLACEMENT_3D('',#3422,#2804,#2805);
#2238=AXIS2_PLACEMENT_3D('',#3423,#2806,#2807);
#2239=AXIS2_PLACEMENT_3D('',#3428,#2809,#2810);
#2240=AXIS2_PLACEMENT_3D('',#3430,#2811,#2812);
#2241=AXIS2_PLACEMENT_3D('',#3435,#2816,#2817);
#2242=AXIS2_PLACEMENT_3D('',#3460,#2819,#2820);
#2243=AXIS2_PLACEMENT_3D('',#3462,#2821,#2822);
#2244=AXIS2_PLACEMENT_3D('',#3464,#2824,#2825);
#2245=AXIS2_PLACEMENT_3D('',#3491,#2826,#2827);
#2246=AXIS2_PLACEMENT_3D('',#3492,#2828,#2829);
#2247=AXIS2_PLACEMENT_3D('',#3493,#2830,#2831);
#2248=AXIS2_PLACEMENT_3D('',#3495,#2832,#2833);
#2249=AXIS2_PLACEMENT_3D('',#3523,#2835,#2836);
#2250=AXIS2_PLACEMENT_3D('',#3524,#2837,#2838);
#2251=AXIS2_PLACEMENT_3D('',#3525,#2839,#2840);
#2252=AXIS2_PLACEMENT_3D('',#3526,#2841,#2842);
#2253=AXIS2_PLACEMENT_3D('',#3528,#2843,#2844);
#2254=AXIS2_PLACEMENT_3D('',#3529,#2845,#2846);
#2255=AXIS2_PLACEMENT_3D('',#3532,#2847,#2848);
#2256=AXIS2_PLACEMENT_3D('',#3534,#2850,#2851);
#2257=AXIS2_PLACEMENT_3D('',#3535,#2852,#2853);
#2258=AXIS2_PLACEMENT_3D('',#3536,#2854,#2855);
#2259=AXIS2_PLACEMENT_3D('',#3537,#2856,#2857);
#2260=AXIS2_PLACEMENT_3D('',#3539,#2859,#2860);
#2261=AXIS2_PLACEMENT_3D('',#3541,#2862,#2863);
#2262=AXIS2_PLACEMENT_3D('',#3543,#2865,#2866);
#2263=AXIS2_PLACEMENT_3D('',#3545,#2868,#2869);
#2264=AXIS2_PLACEMENT_3D('',#3547,#2871,#2872);
#2265=AXIS2_PLACEMENT_3D('',#3551,#2875,#2876);
#2266=AXIS2_PLACEMENT_3D('',#3553,#2878,#2879);
#2267=AXIS2_PLACEMENT_3D('',#3555,#2881,#2882);
#2268=AXIS2_PLACEMENT_3D('',#3558,#2884,#2885);
#2269=AXIS2_PLACEMENT_3D('',#3559,#2886,#2887);
#2270=AXIS2_PLACEMENT_3D('',#3570,#2888,#2889);
#2271=AXIS2_PLACEMENT_3D('',#3576,#2893,#2894);
#2272=AXIS2_PLACEMENT_3D('',#3577,#2895,#2896);
#2273=AXIS2_PLACEMENT_3D('',#3578,#2897,#2898);
#2274=AXIS2_PLACEMENT_3D('',#3579,#2899,#2900);
#2275=AXIS2_PLACEMENT_3D('',#3580,#2901,#2902);
#2276=AXIS2_PLACEMENT_3D('',#3581,#2903,#2904);
#2277=AXIS2_PLACEMENT_3D('',#3582,#2905,#2906);
#2278=AXIS2_PLACEMENT_3D('',#3583,#2907,#2908);
#2279=AXIS2_PLACEMENT_3D('',#3584,#2909,#2910);
#2280=AXIS2_PLACEMENT_3D('',#3585,#2911,#2912);
#2281=AXIS2_PLACEMENT_3D('',#3586,#2913,#2914);
#2282=AXIS2_PLACEMENT_3D('',#3587,#2915,#2916);
#2283=AXIS2_PLACEMENT_3D('',#3589,#2917,#2918);
#2284=AXIS2_PLACEMENT_3D('',#3591,#2920,#2921);
#2285=DIRECTION('axis',(0.,0.,1.));
#2286=DIRECTION('refdir',(1.,0.,0.));
#2287=DIRECTION('center_axis',(0.,0.,1.));
#2288=DIRECTION('ref_axis',(1.,0.,0.));
#2289=DIRECTION('',(0.,1.,0.));
#2290=DIRECTION('',(-1.,4.33511528553361E-17,0.));
#2291=DIRECTION('',(0.,1.,0.));
#2292=DIRECTION('',(1.,0.,0.));
#2293=DIRECTION('',(0.537220698295258,-0.843441711870569,0.));
#2294=DIRECTION('',(8.31005257952962E-17,-1.,0.));
#2295=DIRECTION('',(1.,0.,0.));
#2296=DIRECTION('center_axis',(0.,0.,1.));
#2297=DIRECTION('ref_axis',(1.,0.,0.));
#2298=DIRECTION('center_axis',(0.,0.,1.));
#2299=DIRECTION('ref_axis',(1.,0.,0.));
#2300=DIRECTION('center_axis',(0.,0.,-1.));
#2301=DIRECTION('ref_axis',(1.,0.,0.));
#2302=DIRECTION('center_axis',(0.,1.,0.));
#2303=DIRECTION('ref_axis',(0.,0.,1.));
#2304=DIRECTION('center_axis',(0.,-1.,0.));
#2305=DIRECTION('ref_axis',(-0.968811504362601,0.,0.247798847888109));
#2306=DIRECTION('center_axis',(-1.,0.,1.22464679914735E-16));
#2307=DIRECTION('ref_axis',(-1.22464679914735E-16,0.,-1.));
#2308=DIRECTION('center_axis',(0.,1.,0.));
#2309=DIRECTION('ref_axis',(-0.968811504362601,0.,0.247798847888109));
#2310=DIRECTION('center_axis',(0.,1.,0.));
#2311=DIRECTION('ref_axis',(-0.968811504362601,0.,0.247798847888109));
#2312=DIRECTION('center_axis',(0.,1.,0.));
#2313=DIRECTION('ref_axis',(-1.,0.,0.));
#2314=DIRECTION('center_axis',(0.,1.,0.));
#2315=DIRECTION('ref_axis',(-1.,0.,0.));
#2316=DIRECTION('center_axis',(0.,-1.,0.));
#2317=DIRECTION('ref_axis',(-1.,0.,0.));
#2318=DIRECTION('center_axis',(0.,-1.,0.));
#2319=DIRECTION('ref_axis',(-1.,0.,0.));
#2320=DIRECTION('center_axis',(0.,-1.,0.));
#2321=DIRECTION('ref_axis',(-1.,0.,0.));
#2322=DIRECTION('center_axis',(0.,-1.,0.));
#2323=DIRECTION('ref_axis',(-1.,0.,0.));
#2324=DIRECTION('center_axis',(0.,1.,0.));
#2325=DIRECTION('ref_axis',(-1.,0.,0.));
#2326=DIRECTION('',(0.,-1.,0.));
#2327=DIRECTION('center_axis',(0.,1.,0.));
#2328=DIRECTION('ref_axis',(-1.,0.,0.));
#2329=DIRECTION('',(0.,1.,0.));
#2330=DIRECTION('center_axis',(-4.33511528553361E-17,-1.,0.));
#2331=DIRECTION('ref_axis',(-1.,0.,0.));
#2332=DIRECTION('',(0.,1.,0.));
#2333=DIRECTION('center_axis',(0.,1.,0.));
#2334=DIRECTION('ref_axis',(-1.,0.,0.));
#2335=DIRECTION('center_axis',(0.,-1.,0.));
#2336=DIRECTION('ref_axis',(0.,0.,-1.));
#2337=DIRECTION('center_axis',(-1.,0.,-1.22464679914735E-16));
#2338=DIRECTION('ref_axis',(-1.22464679914735E-16,0.,1.));
#2339=DIRECTION('center_axis',(0.,-1.,0.));
#2340=DIRECTION('ref_axis',(-1.,0.,0.));
#2341=DIRECTION('center_axis',(0.,-1.,0.));
#2342=DIRECTION('ref_axis',(-1.,0.,0.));
#2343=DIRECTION('center_axis',(0.,-1.,0.));
#2344=DIRECTION('ref_axis',(-1.,0.,0.));
#2345=DIRECTION('',(0.,-1.,0.));
#2346=DIRECTION('',(0.,-1.,0.));
#2347=DIRECTION('center_axis',(0.,-1.,0.));
#2348=DIRECTION('ref_axis',(-1.,0.,0.));
#2349=DIRECTION('',(0.,-1.,0.));
#2350=DIRECTION('',(0.,-1.,0.));
#2351=DIRECTION('center_axis',(0.,-1.,0.));
#2352=DIRECTION('ref_axis',(-1.,0.,0.));
#2353=DIRECTION('',(0.,-1.,0.));
#2354=DIRECTION('',(0.,-1.,0.));
#2355=DIRECTION('center_axis',(0.,-1.,0.));
#2356=DIRECTION('ref_axis',(-1.,0.,0.));
#2357=DIRECTION('',(0.,-1.,0.));
#2358=DIRECTION('center_axis',(0.,1.,0.));
#2359=DIRECTION('ref_axis',(-1.,0.,0.));
#2360=DIRECTION('center_axis',(0.,1.,0.));
#2361=DIRECTION('ref_axis',(-1.,0.,0.));
#2362=DIRECTION('center_axis',(0.,-1.,0.));
#2363=DIRECTION('ref_axis',(-1.,0.,0.));
#2364=DIRECTION('center_axis',(-4.33511528553361E-17,-1.,0.));
#2365=DIRECTION('ref_axis',(-1.,0.,0.));
#2366=DIRECTION('',(0.,-1.,0.));
#2367=DIRECTION('center_axis',(0.,1.,0.));
#2368=DIRECTION('ref_axis',(-1.,0.,0.));
#2369=DIRECTION('center_axis',(0.,-1.,0.));
#2370=DIRECTION('ref_axis',(-1.,0.,0.));
#2371=DIRECTION('center_axis',(-4.33511528553361E-17,-1.,0.));
#2372=DIRECTION('ref_axis',(-1.,0.,0.));
#2373=DIRECTION('',(0.,-1.,0.));
#2374=DIRECTION('center_axis',(0.,1.,0.));
#2375=DIRECTION('ref_axis',(-1.,0.,0.));
#2376=DIRECTION('center_axis',(0.,-1.,0.));
#2377=DIRECTION('ref_axis',(1.,0.,0.));
#2378=DIRECTION('center_axis',(0.,1.,0.));
#2379=DIRECTION('ref_axis',(1.,0.,0.));
#2380=DIRECTION('center_axis',(0.,-1.,0.));
#2381=DIRECTION('ref_axis',(-1.,0.,0.));
#2382=DIRECTION('center_axis',(0.,-1.,0.));
#2383=DIRECTION('ref_axis',(1.,0.,0.));
#2384=DIRECTION('center_axis',(0.,1.,0.));
#2385=DIRECTION('ref_axis',(1.,0.,0.));
#2386=DIRECTION('center_axis',(0.,-1.,0.));
#2387=DIRECTION('ref_axis',(-1.,0.,0.));
#2388=DIRECTION('center_axis',(0.,-1.,0.));
#2389=DIRECTION('ref_axis',(1.,0.,0.));
#2390=DIRECTION('center_axis',(0.,1.,0.));
#2391=DIRECTION('ref_axis',(1.,0.,0.));
#2392=DIRECTION('center_axis',(0.,-1.,0.));
#2393=DIRECTION('ref_axis',(-1.,0.,0.));
#2394=DIRECTION('center_axis',(0.,-1.,0.));
#2395=DIRECTION('ref_axis',(1.,0.,0.));
#2396=DIRECTION('center_axis',(0.,1.,0.));
#2397=DIRECTION('ref_axis',(1.,0.,0.));
#2398=DIRECTION('center_axis',(0.,-1.,0.));
#2399=DIRECTION('ref_axis',(-1.,0.,0.));
#2400=DIRECTION('center_axis',(0.,1.,0.));
#2401=DIRECTION('ref_axis',(-1.,0.,0.));
#2402=DIRECTION('',(-1.,0.,0.));
#2403=DIRECTION('center_axis',(0.,-1.,0.));
#2404=DIRECTION('ref_axis',(0.707106781186548,0.,0.707106781186548));
#2405=DIRECTION('',(0.,0.,1.));
#2406=DIRECTION('center_axis',(0.,-1.,0.));
#2407=DIRECTION('ref_axis',(0.707106781186551,0.,-0.707106781186544));
#2408=DIRECTION('',(1.,0.,0.));
#2409=DIRECTION('center_axis',(0.,0.,-1.));
#2410=DIRECTION('ref_axis',(1.,0.,0.));
#2411=DIRECTION('',(0.,1.,0.));
#2412=DIRECTION('',(1.,-4.33511528553361E-17,0.));
#2413=DIRECTION('center_axis',(0.,-1.,0.));
#2414=DIRECTION('ref_axis',(0.707106781186551,0.,-0.707106781186544));
#2415=DIRECTION('',(0.,-1.,0.));
#2416=DIRECTION('center_axis',(-4.33511528553361E-17,-1.,0.));
#2417=DIRECTION('ref_axis',(0.707106781186551,0.,-0.707106781186544));
#2418=DIRECTION('center_axis',(1.,0.,0.));
#2419=DIRECTION('ref_axis',(0.,0.,1.));
#2420=DIRECTION('',(0.,1.,0.));
#2421=DIRECTION('',(0.,0.,1.));
#2422=DIRECTION('center_axis',(0.,0.,1.));
#2423=DIRECTION('ref_axis',(-1.,0.,0.));
#2424=DIRECTION('',(-1.,4.33511528553361E-17,0.));
#2425=DIRECTION('',(0.,-1.,0.));
#2426=DIRECTION('center_axis',(0.,-1.,0.));
#2427=DIRECTION('ref_axis',(0.707106781186548,0.,0.707106781186548));
#2428=DIRECTION('center_axis',(-4.33511528553361E-17,-1.,0.));
#2429=DIRECTION('ref_axis',(0.707106781186548,0.,0.707106781186548));
#2430=DIRECTION('center_axis',(0.,-1.,0.));
#2431=DIRECTION('ref_axis',(0.707106781186548,0.,0.707106781186547));
#2432=DIRECTION('center_axis',(4.33511528553361E-17,1.,0.));
#2433=DIRECTION('ref_axis',(0.707106781186548,0.,0.707106781186547));
#2434=DIRECTION('',(0.,-1.,0.));
#2435=DIRECTION('center_axis',(0.,-1.,0.));
#2436=DIRECTION('ref_axis',(0.707106781186548,0.,0.707106781186547));
#2437=DIRECTION('',(0.,1.,0.));
#2438=DIRECTION('center_axis',(1.,0.,0.));
#2439=DIRECTION('ref_axis',(0.,0.,1.));
#2440=DIRECTION('',(0.,0.,1.));
#2441=DIRECTION('',(0.,1.,0.));
#2442=DIRECTION('',(0.,0.,-1.));
#2443=DIRECTION('center_axis',(0.,-1.,0.));
#2444=DIRECTION('ref_axis',(-0.707106781186548,0.,0.707106781186548));
#2445=DIRECTION('center_axis',(4.33511528553361E-17,1.,0.));
#2446=DIRECTION('ref_axis',(-0.707106781186548,0.,0.707106781186548));
#2447=DIRECTION('',(0.,-1.,0.));
#2448=DIRECTION('center_axis',(0.,-1.,0.));
#2449=DIRECTION('ref_axis',(-0.707106781186548,0.,0.707106781186548));
#2450=DIRECTION('',(0.,1.,0.));
#2451=DIRECTION('center_axis',(0.,0.,1.));
#2452=DIRECTION('ref_axis',(-1.,0.,0.));
#2453=DIRECTION('',(1.,0.,0.));
#2454=DIRECTION('',(-1.,4.33511528553361E-17,0.));
#2455=DIRECTION('center_axis',(0.,-1.,0.));
#2456=DIRECTION('ref_axis',(-0.707106781186855,0.,0.70710678118624));
#2457=DIRECTION('center_axis',(0.,1.,0.));
#2458=DIRECTION('ref_axis',(-0.707106781186855,0.,0.70710678118624));
#2459=DIRECTION('',(0.,1.,0.));
#2460=DIRECTION('center_axis',(-4.33511528553361E-17,-1.,0.));
#2461=DIRECTION('ref_axis',(-0.707106781186855,0.,0.70710678118624));
#2462=DIRECTION('',(0.,-1.,0.));
#2463=DIRECTION('center_axis',(0.,1.,0.));
#2464=DIRECTION('ref_axis',(0.,0.,-1.));
#2465=DIRECTION('',(-9.25185844663402E-17,0.,-1.));
#2466=DIRECTION('',(-1.,0.,0.));
#2467=DIRECTION('',(0.,0.,-1.));
#2468=DIRECTION('',(1.,0.,0.));
#2469=DIRECTION('',(0.,0.,1.));
#2470=DIRECTION('',(-1.,0.,0.));
#2471=DIRECTION('',(0.,0.,-1.));
#2472=DIRECTION('',(1.,0.,0.));
#2473=DIRECTION('center_axis',(0.,1.,0.));
#2474=DIRECTION('ref_axis',(-0.707106781186548,0.,0.707106781186547));
#2475=DIRECTION('',(0.,0.,1.));
#2476=DIRECTION('center_axis',(0.,1.,0.));
#2477=DIRECTION('ref_axis',(-0.707106781186548,0.,-0.707106781186547));
#2478=DIRECTION('',(-1.,0.,0.));
#2479=DIRECTION('',(0.,0.,1.));
#2480=DIRECTION('center_axis',(0.,-1.,0.));
#2481=DIRECTION('ref_axis',(0.707106781186856,0.,-0.707106781186239));
#2482=DIRECTION('',(-1.,0.,-8.70969962818435E-13));
#2483=DIRECTION('center_axis',(0.,1.,0.));
#2484=DIRECTION('ref_axis',(1.,0.,0.));
#2485=DIRECTION('center_axis',(1.,0.,-9.25185844663402E-17));
#2486=DIRECTION('ref_axis',(9.25185844663402E-17,0.,1.));
#2487=DIRECTION('',(9.25185844663402E-17,-4.01078729715963E-33,1.));
#2488=DIRECTION('center_axis',(1.,0.,0.));
#2489=DIRECTION('ref_axis',(0.,0.707106781186547,-0.707106781186548));
#2490=DIRECTION('center_axis',(1.,0.,0.));
#2491=DIRECTION('ref_axis',(0.,-0.707106781186547,-0.707106781186548));
#2492=DIRECTION('center_axis',(0.,-1.,0.));
#2493=DIRECTION('ref_axis',(0.707106781186856,0.,-0.707106781186239));
#2494=DIRECTION('center_axis',(4.33511528553361E-17,1.,0.));
#2495=DIRECTION('ref_axis',(0.707106781186856,0.,-0.707106781186239));
#2496=DIRECTION('',(0.,-1.,0.));
#2497=DIRECTION('center_axis',(8.70969962818435E-13,0.,-1.));
#2498=DIRECTION('ref_axis',(1.,0.,8.70969962818435E-13));
#2499=DIRECTION('',(1.,-4.33511528553361E-17,8.70969962818435E-13));
#2500=DIRECTION('center_axis',(0.,0.,1.));
#2501=DIRECTION('ref_axis',(1.,0.,0.));
#2502=DIRECTION('',(0.,-1.,0.));
#2503=DIRECTION('',(1.,0.,0.));
#2504=DIRECTION('',(0.,-1.,0.));
#2505=DIRECTION('',(-1.,4.33511528553361E-17,0.));
#2506=DIRECTION('center_axis',(1.,-4.33511528553361E-17,0.));
#2507=DIRECTION('ref_axis',(0.,0.707106781186547,-0.707106781186548));
#2508=DIRECTION('center_axis',(-1.,0.,0.));
#2509=DIRECTION('ref_axis',(0.,0.707106781186547,-0.707106781186548));
#2510=DIRECTION('center_axis',(-1.,0.,0.));
#2511=DIRECTION('ref_axis',(0.,1.,0.));
#2512=DIRECTION('',(1.,-4.33511528553361E-17,0.));
#2513=DIRECTION('center_axis',(1.,-4.33511528553361E-17,0.));
#2514=DIRECTION('ref_axis',(0.,0.707106781186547,-0.707106781186548));
#2515=DIRECTION('',(1.,-4.33511528553361E-17,0.));
#2516=DIRECTION('center_axis',(1.,-4.33511528553361E-17,0.));
#2517=DIRECTION('ref_axis',(0.,0.707106781186547,-0.707106781186548));
#2518=DIRECTION('center_axis',(1.,0.,0.));
#2519=DIRECTION('ref_axis',(0.,-0.707106781186547,-0.707106781186548));
#2520=DIRECTION('center_axis',(-1.,0.,0.));
#2521=DIRECTION('ref_axis',(0.,-0.707106781186547,-0.707106781186548));
#2522=DIRECTION('center_axis',(1.,0.,0.));
#2523=DIRECTION('ref_axis',(0.,-1.,0.));
#2524=DIRECTION('center_axis',(-1.,0.,0.));
#2525=DIRECTION('ref_axis',(0.,0.,-1.));
#2526=DIRECTION('',(0.,0.,-1.));
#2527=DIRECTION('center_axis',(4.33511528553361E-17,1.,0.));
#2528=DIRECTION('ref_axis',(-1.,4.33511528553361E-17,0.));
#2529=DIRECTION('center_axis',(-4.33511528553361E-17,-1.,0.));
#2530=DIRECTION('ref_axis',(-0.707106781186548,3.06538941562627E-17,-0.707106781186547));
#2531=DIRECTION('',(0.,0.,-1.));
#2532=DIRECTION('center_axis',(-4.33511528553361E-17,-1.,0.));
#2533=DIRECTION('ref_axis',(-0.707106781186548,3.06538941562627E-17,0.707106781186547));
#2534=DIRECTION('',(-1.,4.33511528553361E-17,0.));
#2535=DIRECTION('',(0.,0.,1.));
#2536=DIRECTION('center_axis',(1.,0.,0.));
#2537=DIRECTION('ref_axis',(0.,-0.707106781186547,-0.707106781186548));
#2538=DIRECTION('center_axis',(1.,8.31005257952962E-17,0.));
#2539=DIRECTION('ref_axis',(0.,-0.707106781186548,-0.707106781186547));
#2540=DIRECTION('center_axis',(0.,0.,1.));
#2541=DIRECTION('ref_axis',(-1.,0.,0.));
#2542=DIRECTION('center_axis',(0.,0.,1.));
#2543=DIRECTION('ref_axis',(-1.,0.,0.));
#2544=DIRECTION('',(0.,0.,-1.));
#2545=DIRECTION('center_axis',(0.,0.,-1.));
#2546=DIRECTION('ref_axis',(-1.,0.,0.));
#2547=DIRECTION('center_axis',(0.,0.,1.));
#2548=DIRECTION('ref_axis',(-1.,0.,0.));
#2549=DIRECTION('center_axis',(0.,-1.,0.));
#2550=DIRECTION('ref_axis',(1.,0.,0.));
#2551=DIRECTION('',(0.,0.,1.));
#2552=DIRECTION('',(-1.,0.,0.));
#2553=DIRECTION('',(0.,0.,-1.));
#2554=DIRECTION('',(1.,0.,0.));
#2555=DIRECTION('center_axis',(0.,1.,0.));
#2556=DIRECTION('ref_axis',(0.,0.,-1.));
#2557=DIRECTION('',(1.,0.,0.));
#2558=DIRECTION('',(0.,0.,-1.));
#2559=DIRECTION('',(-1.,0.,0.));
#2560=DIRECTION('',(0.,0.,-1.));
#2561=DIRECTION('center_axis',(0.,1.,0.));
#2562=DIRECTION('ref_axis',(0.,0.,-1.));
#2563=DIRECTION('',(1.,0.,0.));
#2564=DIRECTION('',(0.,0.,1.));
#2565=DIRECTION('',(1.,0.,0.));
#2566=DIRECTION('',(0.,0.,-1.));
#2567=DIRECTION('',(-1.,0.,0.));
#2568=DIRECTION('',(0.,0.,1.));
#2569=DIRECTION('center_axis',(1.,8.31005257952962E-17,0.));
#2570=DIRECTION('ref_axis',(8.31005257952962E-17,-1.,0.));
#2571=DIRECTION('',(-8.31005257952962E-17,1.,0.));
#2572=DIRECTION('',(0.,0.,1.));
#2573=DIRECTION('',(0.,-1.,0.));
#2574=DIRECTION('',(8.31005257952962E-17,-1.,0.));
#2575=DIRECTION('center_axis',(0.,0.,-1.));
#2576=DIRECTION('ref_axis',(-1.,0.,0.));
#2577=DIRECTION('center_axis',(0.,0.,1.));
#2578=DIRECTION('ref_axis',(-1.,0.,0.));
#2579=DIRECTION('',(0.,0.,-1.));
#2580=DIRECTION('center_axis',(0.,0.,-1.));
#2581=DIRECTION('ref_axis',(-1.,0.,0.));
#2582=DIRECTION('center_axis',(0.,0.,-1.));
#2583=DIRECTION('ref_axis',(-1.,0.,0.));
#2584=DIRECTION('center_axis',(0.,0.,1.));
#2585=DIRECTION('ref_axis',(-1.,0.,0.));
#2586=DIRECTION('',(0.,0.,-1.));
#2587=DIRECTION('center_axis',(0.,0.,-1.));
#2588=DIRECTION('ref_axis',(-1.,0.,0.));
#2589=DIRECTION('center_axis',(0.,0.,-1.));
#2590=DIRECTION('ref_axis',(-1.,0.,0.));
#2591=DIRECTION('center_axis',(0.,0.,1.));
#2592=DIRECTION('ref_axis',(-1.,0.,0.));
#2593=DIRECTION('',(0.,0.,-1.));
#2594=DIRECTION('center_axis',(0.,0.,-1.));
#2595=DIRECTION('ref_axis',(-1.,0.,0.));
#2596=DIRECTION('center_axis',(0.,0.,1.));
#2597=DIRECTION('ref_axis',(-1.,0.,0.));
#2598=DIRECTION('center_axis',(0.,0.,-1.));
#2599=DIRECTION('ref_axis',(-1.,0.,0.));
#2600=DIRECTION('center_axis',(0.,0.,1.));
#2601=DIRECTION('ref_axis',(-1.,0.,0.));
#2602=DIRECTION('center_axis',(0.,0.,-1.));
#2603=DIRECTION('ref_axis',(-1.,0.,0.));
#2604=DIRECTION('center_axis',(0.,0.,-1.));
#2605=DIRECTION('ref_axis',(-1.,0.,0.));
#2606=DIRECTION('center_axis',(0.,0.,-1.));
#2607=DIRECTION('ref_axis',(-1.,0.,0.));
#2608=DIRECTION('',(0.,0.,-1.));
#2609=DIRECTION('center_axis',(0.,0.,1.));
#2610=DIRECTION('ref_axis',(-1.,0.,0.));
#2611=DIRECTION('center_axis',(0.,0.,-1.));
#2612=DIRECTION('ref_axis',(-1.,0.,0.));
#2613=DIRECTION('center_axis',(0.,0.,-1.));
#2614=DIRECTION('ref_axis',(-1.,0.,0.));
#2615=DIRECTION('center_axis',(0.,0.,-1.));
#2616=DIRECTION('ref_axis',(-1.,0.,0.));
#2617=DIRECTION('',(0.,0.,-1.));
#2618=DIRECTION('center_axis',(0.,0.,-1.));
#2619=DIRECTION('ref_axis',(0.,-1.,0.));
#2620=DIRECTION('center_axis',(0.,0.,-1.));
#2621=DIRECTION('ref_axis',(1.,0.,0.));
#2622=DIRECTION('',(1.,0.,0.));
#2623=DIRECTION('',(0.,1.,0.));
#2624=DIRECTION('center_axis',(0.,-1.,4.44089209850063E-16));
#2625=DIRECTION('ref_axis',(0.,4.44089209850063E-16,1.));
#2626=DIRECTION('',(-1.,0.,0.));
#2627=DIRECTION('',(0.,0.,1.));
#2628=DIRECTION('',(-1.,0.,0.));
#2629=DIRECTION('',(0.,4.44089209850063E-16,1.));
#2630=DIRECTION('',(-1.,0.,0.));
#2631=DIRECTION('',(0.,0.,1.));
#2632=DIRECTION('center_axis',(0.,0.,1.));
#2633=DIRECTION('ref_axis',(1.59265981952815E-15,-1.,0.));
#2634=DIRECTION('center_axis',(0.,0.,-1.));
#2635=DIRECTION('ref_axis',(1.,0.,0.));
#2636=DIRECTION('',(0.,0.,-1.));
#2637=DIRECTION('center_axis',(0.,0.,-1.));
#2638=DIRECTION('ref_axis',(1.,0.,0.));
#2639=DIRECTION('center_axis',(0.,1.,0.));
#2640=DIRECTION('ref_axis',(0.,0.,-1.));
#2641=DIRECTION('',(1.,0.,0.));
#2642=DIRECTION('',(0.,0.,-1.));
#2643=DIRECTION('',(-1.,0.,0.));
#2644=DIRECTION('',(0.,0.,-1.));
#2645=DIRECTION('',(0.,0.,-1.));
#2646=DIRECTION('center_axis',(0.,0.,-1.));
#2647=DIRECTION('ref_axis',(0.,-1.,0.));
#2648=DIRECTION('',(0.537220698295258,-0.843441711870569,0.));
#2649=DIRECTION('',(-1.,0.,0.));
#2650=DIRECTION('center_axis',(0.,0.,-1.));
#2651=DIRECTION('ref_axis',(1.,0.,0.));
#2652=DIRECTION('',(0.,-1.,0.));
#2653=DIRECTION('center_axis',(0.,0.,-1.));
#2654=DIRECTION('ref_axis',(1.,0.,0.));
#2655=DIRECTION('center_axis',(0.,0.,1.));
#2656=DIRECTION('ref_axis',(6.12323399573677E-17,1.,0.));
#2657=DIRECTION('center_axis',(0.,0.,-1.));
#2658=DIRECTION('ref_axis',(1.,0.,0.));
#2659=DIRECTION('center_axis',(0.,0.,-1.));
#2660=DIRECTION('ref_axis',(1.,0.,0.));
#2661=DIRECTION('center_axis',(0.,0.,1.));
#2662=DIRECTION('ref_axis',(1.,0.,0.));
#2663=DIRECTION('center_axis',(0.,0.,1.));
#2664=DIRECTION('ref_axis',(1.,0.,0.));
#2665=DIRECTION('center_axis',(0.,0.,1.));
#2666=DIRECTION('ref_axis',(1.,0.,0.));
#2667=DIRECTION('',(0.,0.,1.));
#2668=DIRECTION('center_axis',(0.,0.,-1.));
#2669=DIRECTION('ref_axis',(1.,0.,0.));
#2670=DIRECTION('',(-1.,0.,0.));
#2671=DIRECTION('center_axis',(0.,0.,1.));
#2672=DIRECTION('ref_axis',(1.,0.,0.));
#2673=DIRECTION('center_axis',(0.,0.,1.));
#2674=DIRECTION('ref_axis',(1.,0.,0.));
#2675=DIRECTION('center_axis',(0.,0.,1.));
#2676=DIRECTION('ref_axis',(1.,0.,0.));
#2677=DIRECTION('',(0.,0.,1.));
#2678=DIRECTION('',(0.,0.,-1.));
#2679=DIRECTION('center_axis',(0.,0.,1.));
#2680=DIRECTION('ref_axis',(0.,1.,0.));
#2681=DIRECTION('',(-0.537220698295258,0.843441711870569,0.));
#2682=DIRECTION('',(0.,1.,0.));
#2683=DIRECTION('',(-1.,0.,0.));
#2684=DIRECTION('center_axis',(0.,0.,-1.));
#2685=DIRECTION('ref_axis',(0.,-1.,0.));
#2686=DIRECTION('',(0.537220698295258,-0.843441711870569,0.));
#2687=DIRECTION('',(-1.,0.,0.));
#2688=DIRECTION('',(0.,1.,0.));
#2689=DIRECTION('',(-1.,0.,0.));
#2690=DIRECTION('center_axis',(0.,-1.,4.44089209850063E-16));
#2691=DIRECTION('ref_axis',(0.,4.44089209850063E-16,1.));
#2692=DIRECTION('',(-2.82857620228356E-16,4.44089209850063E-16,1.));
#2693=DIRECTION('center_axis',(0.,-1.,0.));
#2694=DIRECTION('ref_axis',(0.,0.,1.));
#2695=DIRECTION('',(0.,0.,-1.));
#2696=DIRECTION('',(1.,0.,0.));
#2697=DIRECTION('',(0.,0.,-1.));
#2698=DIRECTION('center_axis',(-1.,0.,0.));
#2699=DIRECTION('ref_axis',(0.,1.,0.));
#2700=DIRECTION('',(0.,1.,0.));
#2701=DIRECTION('',(0.,0.,1.));
#2702=DIRECTION('',(0.,1.,0.));
#2703=DIRECTION('center_axis',(1.,0.,0.));
#2704=DIRECTION('ref_axis',(0.,1.,0.));
#2705=DIRECTION('center_axis',(0.,1.,0.));
#2706=DIRECTION('ref_axis',(1.,0.,0.));
#2707=DIRECTION('center_axis',(0.,1.,0.));
#2708=DIRECTION('ref_axis',(1.,0.,0.));
#2709=DIRECTION('',(0.,1.,0.));
#2710=DIRECTION('center_axis',(0.,1.,0.));
#2711=DIRECTION('ref_axis',(-3.47461459122621E-13,0.,1.));
#2712=DIRECTION('center_axis',(0.,1.,0.));
#2713=DIRECTION('ref_axis',(1.,0.,0.));
#2714=DIRECTION('',(0.,1.,0.));
#2715=DIRECTION('center_axis',(0.,1.,0.));
#2716=DIRECTION('ref_axis',(-3.47438574367717E-13,0.,-1.));
#2717=DIRECTION('center_axis',(0.,1.,0.));
#2718=DIRECTION('ref_axis',(1.,0.,0.));
#2719=DIRECTION('',(0.,1.,0.));
#2720=DIRECTION('center_axis',(0.,1.,0.));
#2721=DIRECTION('ref_axis',(1.,0.,0.));
#2722=DIRECTION('center_axis',(0.,1.,0.));
#2723=DIRECTION('ref_axis',(1.,0.,0.));
#2724=DIRECTION('',(0.,1.,0.));
#2725=DIRECTION('center_axis',(0.,-1.,0.));
#2726=DIRECTION('ref_axis',(1.,0.,0.));
#2727=DIRECTION('center_axis',(0.,1.,0.));
#2728=DIRECTION('ref_axis',(1.,0.,0.));
#2729=DIRECTION('center_axis',(0.,1.,0.));
#2730=DIRECTION('ref_axis',(-1.,0.,0.));
#2731=DIRECTION('center_axis',(0.,1.,0.));
#2732=DIRECTION('ref_axis',(1.,0.,0.));
#2733=DIRECTION('',(0.,1.,0.));
#2734=DIRECTION('center_axis',(-4.33511528553361E-17,-1.,0.));
#2735=DIRECTION('ref_axis',(0.,0.,-1.));
#2736=DIRECTION('center_axis',(4.33511528553361E-17,1.,0.));
#2737=DIRECTION('ref_axis',(-0.707106781186548,5.55111512312578E-17,-0.707106781186547));
#2738=DIRECTION('center_axis',(0.,0.,1.));
#2739=DIRECTION('ref_axis',(0.,1.,0.));
#2740=DIRECTION('center_axis',(0.,0.,1.));
#2741=DIRECTION('ref_axis',(-0.707106781186548,0.707106781186548,0.));
#2742=DIRECTION('',(0.,0.,1.));
#2743=DIRECTION('center_axis',(0.,0.,1.));
#2744=DIRECTION('ref_axis',(0.,1.,0.));
#2745=DIRECTION('center_axis',(-4.33511528553361E-17,-1.,0.));
#2746=DIRECTION('ref_axis',(0.,0.,-1.));
#2747=DIRECTION('center_axis',(4.33511528553361E-17,1.,0.));
#2748=DIRECTION('ref_axis',(-0.707106781186548,5.55111512312578E-17,0.707106781186547));
#2749=DIRECTION('center_axis',(1.,0.,0.));
#2750=DIRECTION('ref_axis',(0.,1.,0.));
#2751=DIRECTION('center_axis',(-1.,4.33511528553361E-17,0.));
#2752=DIRECTION('ref_axis',(0.,0.707106781186547,0.707106781186548));
#2753=DIRECTION('center_axis',(1.,-4.33511528553361E-17,0.));
#2754=DIRECTION('ref_axis',(0.,0.707106781186547,0.707106781186548));
#2755=DIRECTION('',(1.,-4.33511528553361E-17,0.));
#2756=DIRECTION('center_axis',(-0.408248290463863,-0.408248290463862,-0.816496580927726));
#2757=DIRECTION('ref_axis',(0.577350269189626,0.577350269189625,-0.577350269189626));
#2758=DIRECTION('center_axis',(0.,-1.,0.));
#2759=DIRECTION('ref_axis',(0.,0.,-1.));
#2760=DIRECTION('center_axis',(0.,0.,1.));
#2761=DIRECTION('ref_axis',(1.,0.,0.));
#2762=DIRECTION('center_axis',(0.408248290463863,-0.816496580927726,0.408248290463863));
#2763=DIRECTION('ref_axis',(0.577350269189626,0.577350269189625,0.577350269189626));
#2764=DIRECTION('center_axis',(0.,0.,-1.));
#2765=DIRECTION('ref_axis',(0.,1.,0.));
#2766=DIRECTION('center_axis',(0.,-1.,0.));
#2767=DIRECTION('ref_axis',(1.,0.,0.));
#2768=DIRECTION('center_axis',(0.,0.,-1.));
#2769=DIRECTION('ref_axis',(0.707106781186548,0.707106781186548,0.));
#2770=DIRECTION('',(0.,0.,-1.));
#2771=DIRECTION('center_axis',(0.,-1.,0.));
#2772=DIRECTION('ref_axis',(0.707106781186548,0.,0.707106781186548));
#2773=DIRECTION('center_axis',(0.,-1.,0.));
#2774=DIRECTION('ref_axis',(0.707106781186548,0.,0.707106781186548));
#2775=DIRECTION('',(0.,1.,0.));
#2776=DIRECTION('',(0.,-1.,0.));
#2777=DIRECTION('center_axis',(-1.,0.,0.));
#2778=DIRECTION('ref_axis',(0.,-0.707106781186547,0.707106781186548));
#2779=DIRECTION('center_axis',(-0.952846583121002,-0.303452449379851,0.));
#2780=DIRECTION('ref_axis',(0.303452449379851,-0.952846583121002,0.));
#2781=DIRECTION('center_axis',(1.,0.,0.));
#2782=DIRECTION('ref_axis',(0.,0.,1.));
#2783=DIRECTION('',(-1.,0.,0.));
#2784=DIRECTION('center_axis',(-0.408248290463863,-0.816496580927726,-0.408248290463863));
#2785=DIRECTION('ref_axis',(0.577350269189626,-0.577350269189625,0.577350269189626));
#2786=DIRECTION('center_axis',(0.,0.,1.));
#2787=DIRECTION('ref_axis',(0.707106781186549,-0.707106781186546,0.));
#2788=DIRECTION('center_axis',(0.,-1.,0.));
#2789=DIRECTION('ref_axis',(0.707106781186548,0.,-0.707106781186547));
#2790=DIRECTION('center_axis',(0.,-1.,0.));
#2791=DIRECTION('ref_axis',(0.707106781186548,0.,-0.707106781186547));
#2792=DIRECTION('',(0.,-1.,0.));
#2793=DIRECTION('center_axis',(0.,0.,-1.));
#2794=DIRECTION('ref_axis',(0.707106781186548,-0.707106781186547,0.));
#2795=DIRECTION('center_axis',(0.,0.,-1.));
#2796=DIRECTION('ref_axis',(0.707106781186549,-0.707106781186546,0.));
#2797=DIRECTION('',(0.,0.,1.));
#2798=DIRECTION('center_axis',(-0.408248290463865,0.408248290463862,-0.816496580927726));
#2799=DIRECTION('ref_axis',(0.577350269189626,-0.577350269189625,-0.577350269189627));
#2800=DIRECTION('center_axis',(-1.,0.,0.));
#2801=DIRECTION('ref_axis',(0.,1.11022302462516E-15,-1.));
#2802=DIRECTION('center_axis',(-1.,0.,0.));
#2803=DIRECTION('ref_axis',(0.,-0.707106781186547,-0.707106781186548));
#2804=DIRECTION('center_axis',(-0.952846583121002,-0.303452449379851,0.));
#2805=DIRECTION('ref_axis',(0.303452449379851,-0.952846583121002,1.32234026939543E-16));
#2806=DIRECTION('center_axis',(0.,0.,1.));
#2807=DIRECTION('ref_axis',(1.,0.,0.));
#2808=DIRECTION('',(0.537220698295258,-0.843441711870569,0.));
#2809=DIRECTION('center_axis',(0.,0.,-1.));
#2810=DIRECTION('ref_axis',(-1.,0.,0.));
#2811=DIRECTION('center_axis',(0.,0.,-1.));
#2812=DIRECTION('ref_axis',(-1.,0.,0.));
#2813=DIRECTION('',(-0.537220698295258,0.843441711870569,0.));
#2814=DIRECTION('',(0.,1.,0.));
#2815=DIRECTION('',(-1.,0.,0.));
#2816=DIRECTION('center_axis',(0.,0.,-1.));
#2817=DIRECTION('ref_axis',(-1.,0.,0.));
#2818=DIRECTION('',(0.,0.,-1.));
#2819=DIRECTION('center_axis',(-0.537220698295258,0.843441711870569,0.));
#2820=DIRECTION('ref_axis',(-0.596403353999269,-0.379872398758349,-0.707106781186547));
#2821=DIRECTION('center_axis',(0.537220698295257,-0.843441711870569,0.));
#2822=DIRECTION('ref_axis',(-0.843441711870569,-0.537220698295257,0.));
#2823=DIRECTION('',(-0.537220698295258,0.843441711870569,0.));
#2824=DIRECTION('center_axis',(-0.279784102594686,0.960062943736131,-7.76556881561768E-16));
#2825=DIRECTION('ref_axis',(-0.960062943736131,-0.279784102594686,-2.66470996306315E-15));
#2826=DIRECTION('center_axis',(0.,0.,1.));
#2827=DIRECTION('ref_axis',(-0.843441711870569,-0.537220698295257,0.));
#2828=DIRECTION('center_axis',(0.843441711870569,0.537220698295258,0.));
#2829=DIRECTION('ref_axis',(0.537220698295258,-0.843441711870569,1.17051051055995E-16));
#2830=DIRECTION('center_axis',(0.,0.,-1.));
#2831=DIRECTION('ref_axis',(-0.481029781668839,-0.876704254094634,0.));
#2832=DIRECTION('center_axis',(0.,0.,1.));
#2833=DIRECTION('ref_axis',(-0.843441711870569,-0.537220698295257,0.));
#2834=DIRECTION('',(0.,0.,-1.));
#2835=DIRECTION('center_axis',(-0.537220698295258,0.843441711870569,3.06568639400112E-15));
#2836=DIRECTION('ref_axis',(-0.843441711870569,-0.537220698295258,0.));
#2837=DIRECTION('center_axis',(0.843441711870569,0.537220698295258,0.));
#2838=DIRECTION('ref_axis',(0.537220698295258,-0.843441711870569,1.75576576583993E-16));
#2839=DIRECTION('center_axis',(-8.31005257952962E-17,1.,0.));
#2840=DIRECTION('ref_axis',(-0.707106781186547,0.,-0.707106781186548));
#2841=DIRECTION('center_axis',(1.,0.,0.));
#2842=DIRECTION('ref_axis',(0.,-1.,0.));
#2843=DIRECTION('center_axis',(1.,0.,0.));
#2844=DIRECTION('ref_axis',(0.,1.,0.));
#2845=DIRECTION('center_axis',(-1.,0.,0.));
#2846=DIRECTION('ref_axis',(0.,1.,0.));
#2847=DIRECTION('center_axis',(-1.,0.,0.));
#2848=DIRECTION('ref_axis',(0.,1.,0.));
#2849=DIRECTION('',(-1.,0.,0.));
#2850=DIRECTION('center_axis',(-1.,0.,0.));
#2851=DIRECTION('ref_axis',(0.,1.,0.));
#2852=DIRECTION('center_axis',(-1.,0.,0.));
#2853=DIRECTION('ref_axis',(0.,0.,1.));
#2854=DIRECTION('center_axis',(0.,-1.,1.20676415720126E-16));
#2855=DIRECTION('ref_axis',(0.,-1.20676415720126E-16,-1.));
#2856=DIRECTION('center_axis',(0.,-1.,0.));
#2857=DIRECTION('ref_axis',(-1.,0.,0.));
#2858=DIRECTION('',(0.,-1.,0.));
#2859=DIRECTION('center_axis',(0.,-1.,0.));
#2860=DIRECTION('ref_axis',(-1.,0.,0.));
#2861=DIRECTION('',(0.,-1.,0.));
#2862=DIRECTION('center_axis',(0.,-1.,0.));
#2863=DIRECTION('ref_axis',(-1.,0.,0.));
#2864=DIRECTION('',(0.,-1.,0.));
#2865=DIRECTION('center_axis',(0.,-1.,0.));
#2866=DIRECTION('ref_axis',(-1.,0.,0.));
#2867=DIRECTION('',(0.,-1.,0.));
#2868=DIRECTION('center_axis',(0.,-1.,0.));
#2869=DIRECTION('ref_axis',(-1.,0.,0.));
#2870=DIRECTION('',(0.,-1.,0.));
#2871=DIRECTION('center_axis',(0.,-1.,0.));
#2872=DIRECTION('ref_axis',(0.,0.,1.));
#2873=DIRECTION('',(-1.,0.,0.));
#2874=DIRECTION('',(0.,0.,1.));
#2875=DIRECTION('center_axis',(0.,0.,1.));
#2876=DIRECTION('ref_axis',(0.,1.,0.));
#2877=DIRECTION('',(0.537220698295258,-0.843441711870569,0.));
#2878=DIRECTION('center_axis',(0.,0.,1.));
#2879=DIRECTION('ref_axis',(0.,1.,0.));
#2880=DIRECTION('',(0.537220698295258,-0.843441711870569,0.));
#2881=DIRECTION('center_axis',(0.843441711870569,0.537220698295258,0.));
#2882=DIRECTION('ref_axis',(0.537220698295258,-0.843441711870569,0.));
#2883=DIRECTION('',(0.537220698295258,-0.843441711870569,0.));
#2884=DIRECTION('center_axis',(0.843441711870569,0.537220698295258,0.));
#2885=DIRECTION('ref_axis',(0.537220698295258,-0.843441711870569,1.75576576583993E-16));
#2886=DIRECTION('center_axis',(0.537220698295258,-0.843441711870569,0.));
#2887=DIRECTION('ref_axis',(-0.59640335399927,-0.37987239875835,0.707106781186547));
#2888=DIRECTION('center_axis',(-1.,0.,0.));
#2889=DIRECTION('ref_axis',(0.,-1.,0.));
#2890=DIRECTION('',(0.,0.,-1.));
#2891=DIRECTION('',(0.,-1.,0.));
#2892=DIRECTION('',(0.,1.,0.));
#2893=DIRECTION('center_axis',(0.,-1.,0.));
#2894=DIRECTION('ref_axis',(-0.707106781186547,0.,0.707106781186547));
#2895=DIRECTION('center_axis',(0.,-1.,0.));
#2896=DIRECTION('ref_axis',(-0.707106781186548,0.,0.707106781186547));
#2897=DIRECTION('center_axis',(0.,1.,0.));
#2898=DIRECTION('ref_axis',(-0.707106781186547,0.,-0.707106781186547));
#2899=DIRECTION('center_axis',(0.,-1.,0.));
#2900=DIRECTION('ref_axis',(-0.707106781186548,0.,-0.707106781186547));
#2901=DIRECTION('center_axis',(1.,0.,0.));
#2902=DIRECTION('ref_axis',(0.,-0.707106781186547,0.707106781186548));
#2903=DIRECTION('center_axis',(-1.,0.,0.));
#2904=DIRECTION('ref_axis',(0.,-1.,0.));
#2905=DIRECTION('center_axis',(0.,-1.,0.));
#2906=DIRECTION('ref_axis',(0.,0.,-1.));
#2907=DIRECTION('center_axis',(0.,0.,-1.));
#2908=DIRECTION('ref_axis',(0.,-1.,0.));
#2909=DIRECTION('center_axis',(0.,0.,-1.));
#2910=DIRECTION('ref_axis',(-0.707106781186548,-0.707106781186548,0.));
#2911=DIRECTION('center_axis',(-2.77555756156289E-16,0.,-1.));
#2912=DIRECTION('ref_axis',(0.,-1.,0.));
#2913=DIRECTION('center_axis',(0.,-1.,0.));
#2914=DIRECTION('ref_axis',(0.,0.,-1.));
#2915=DIRECTION('center_axis',(0.,0.,-1.));
#2916=DIRECTION('ref_axis',(1.,0.,0.));
#2917=DIRECTION('center_axis',(0.,0.,-1.));
#2918=DIRECTION('ref_axis',(1.,0.,0.));
#2919=DIRECTION('',(0.,0.,1.));
#2920=DIRECTION('center_axis',(0.,0.,-1.));
#2921=DIRECTION('ref_axis',(1.,0.,0.));
#2922=CARTESIAN_POINT('',(0.,0.,0.));
#2923=CARTESIAN_POINT('Origin',(-2.43360886997834E-12,1.44995127016045E-12,
-2.));
#2924=CARTESIAN_POINT('',(-2.00000007450581,14.4600000000015,-2.));
#2925=CARTESIAN_POINT('',(-2.00000007450581,15.3600000000015,-2.));
#2926=CARTESIAN_POINT('',(-2.00000007450581,8.54602540378589,-2.));
#2927=CARTESIAN_POINT('',(23.6099999999976,15.3600000000015,-2.));
#2928=CARTESIAN_POINT('',(12.8049999999976,15.3600000000015,-2.));
#2929=CARTESIAN_POINT('',(23.6099999999976,-13.3599999999985,-2.));
#2930=CARTESIAN_POINT('',(23.6099999999976,8.68000000000145,-2.));
#2931=CARTESIAN_POINT('',(9.56768256901404,-13.3599999999985,-2.));
#2932=CARTESIAN_POINT('',(-12.8050000000024,-13.3599999999985,-2.));
#2933=CARTESIAN_POINT('',(4.60999999999757,-5.57639023553643,-2.));
#2934=CARTESIAN_POINT('',(-3.20188742071866,6.68834885582262,-2.));
#2935=CARTESIAN_POINT('',(4.60999999999756,14.4600000000015,-2.));
#2936=CARTESIAN_POINT('',(4.60999999999756,6.20500000000145,-2.));
#2937=CARTESIAN_POINT('',(12.8049999999976,14.4600000000015,-2.));
#2938=CARTESIAN_POINT('',(18.2499999999976,-10.2499999999985,-2.));
#2939=CARTESIAN_POINT('Origin',(20.2499999999976,-10.2499999999985,-2.));
#2940=CARTESIAN_POINT('',(18.2499999999976,10.2500000000014,-2.));
#2941=CARTESIAN_POINT('Origin',(20.2499999999976,10.2500000000015,-2.));
#2942=CARTESIAN_POINT('',(10.6,6.0620016557794E-16,-2.));
#2943=CARTESIAN_POINT('Origin',(15.55,0.,-2.));
#2944=CARTESIAN_POINT('Origin',(0.,30.2600000000015,18.5));
#2945=CARTESIAN_POINT('',(-1.3654811810493E-15,30.3600000000015,7.35));
#2946=CARTESIAN_POINT('Origin',(0.,30.3600000000015,18.5));
#2947=CARTESIAN_POINT('',(-1.37772764904077E-15,30.2600000000015,7.25));
#2948=CARTESIAN_POINT('Origin',(-1.3654811810493E-15,30.2600000000015,7.35));
#2949=CARTESIAN_POINT('',(11.25,30.2600000000015,18.5));
#2950=CARTESIAN_POINT('Origin',(0.,30.2600000000015,18.5));
#2951=CARTESIAN_POINT('Origin',(0.,30.2600000000015,18.5));
#2952=CARTESIAN_POINT('Origin',(0.,30.3600000000015,18.5));
#2953=CARTESIAN_POINT('',(-6.12323399573677E-16,30.3600000000015,23.5));
#2954=CARTESIAN_POINT('Origin',(0.,30.3600000000015,18.5));
#2955=CARTESIAN_POINT('',(8.75,30.3600000000015,18.5));
#2956=CARTESIAN_POINT('Origin',(7.,30.3600000000015,18.5));
#2957=CARTESIAN_POINT('',(-5.25,30.3600000000015,18.5));
#2958=CARTESIAN_POINT('Origin',(-7.,30.3600000000015,18.5));
#2959=CARTESIAN_POINT('',(1.75,30.3600000000015,25.5));
#2960=CARTESIAN_POINT('Origin',(0.,30.3600000000015,25.5));
#2961=CARTESIAN_POINT('',(1.75,30.3600000000015,11.5));
#2962=CARTESIAN_POINT('Origin',(0.,30.3600000000015,11.5));
#2963=CARTESIAN_POINT('Origin',(0.,15.3600000000015,18.5));
#2964=CARTESIAN_POINT('',(11.25,25.3600000000015,18.5));
#2965=CARTESIAN_POINT('',(11.25,15.3600000000015,18.5));
#2966=CARTESIAN_POINT('',(10.8991294240793,25.3600000000015,15.7122629612588));
#2967=CARTESIAN_POINT('Origin',(0.,25.3600000000015,18.5));
#2968=CARTESIAN_POINT('',(10.8991294240793,17.3600000000014,15.7122629612588));
#2969=CARTESIAN_POINT('',(10.8991294240793,15.3600000000015,15.7122629612588));
#2970=CARTESIAN_POINT('',(10.8912487696863,17.3600000000014,21.3183683642858));
#2971=CARTESIAN_POINT('Origin',(0.,17.3600000000014,18.5));
#2972=CARTESIAN_POINT('',(10.8912487696863,25.3600000000015,21.3183683642858));
#2973=CARTESIAN_POINT('',(10.8912487696863,15.3600000000015,21.3183683642858));
#2974=CARTESIAN_POINT('Origin',(0.,25.3600000000015,18.5));
#2975=CARTESIAN_POINT('Origin',(0.,29.3600000000015,18.5));
#2976=CARTESIAN_POINT('',(-4.89858719658941E-16,29.3600000000015,22.5));
#2977=CARTESIAN_POINT('Origin',(-6.12323399573677E-16,29.3600000000015,
23.5));
#2978=CARTESIAN_POINT('',(4.,29.3600000000015,18.5));
#2979=CARTESIAN_POINT('Origin',(0.,29.3600000000015,18.5));
#2980=CARTESIAN_POINT('Origin',(0.,29.3600000000015,18.5));
#2981=CARTESIAN_POINT('Origin',(0.,30.3600000000015,18.5));
#2982=CARTESIAN_POINT('',(3.99999999999757,28.4100000000015,18.500000161784));
#2983=CARTESIAN_POINT('',(4.,30.3600000000015,18.5));
#2984=CARTESIAN_POINT('',(4.,28.3600000000014,18.5));
#2985=CARTESIAN_POINT('',(4.,30.3600000000015,18.500000161784));
#2986=CARTESIAN_POINT('',(-1.39063358374205E-12,28.3600000000014,22.5));
#2987=CARTESIAN_POINT('Origin',(0.,28.3600000000014,18.5));
#2988=CARTESIAN_POINT('',(-1.39063368217181E-12,28.4100000000015,22.5000002831221));
#2989=CARTESIAN_POINT('',(-1.39063358374205E-12,30.3600000000015,22.5));
#2990=CARTESIAN_POINT('',(-1.39063358374205E-12,30.3600000000015,22.5));
#2991=CARTESIAN_POINT('',(-1.39063369623321E-12,28.3600000000014,14.5));
#2992=CARTESIAN_POINT('Origin',(0.,28.3600000000014,18.5));
#2993=CARTESIAN_POINT('',(-1.39063359780344E-12,28.4100000000015,14.5000002831221));
#2994=CARTESIAN_POINT('',(-1.39063369623321E-12,30.3600000000015,14.5));
#2995=CARTESIAN_POINT('',(-1.39063369623321E-12,30.3600000000015,14.5));
#2996=CARTESIAN_POINT('Origin',(0.,28.3600000000014,18.5));
#2997=CARTESIAN_POINT('',(4.,30.3600000000015,18.500000161784));
#2998=CARTESIAN_POINT('Origin',(0.,28.3600000000014,18.5));
#2999=CARTESIAN_POINT('',(3.,28.3600000000014,18.5));
#3000=CARTESIAN_POINT('Origin',(0.,28.3600000000014,18.5));
#3001=CARTESIAN_POINT('Origin',(10.0000001490116,17.3600000000014,33.0000004917383));
#3002=CARTESIAN_POINT('',(11.0500001490116,17.3600000000014,33.0000004917383));
#3003=CARTESIAN_POINT('Origin',(10.0000001490116,17.3600000000014,33.0000004917383));
#3004=CARTESIAN_POINT('',(11.0500001490116,12.4600000000015,33.0000004917383));
#3005=CARTESIAN_POINT('',(11.0500001490116,17.3600000000014,33.0000004917383));
#3006=CARTESIAN_POINT('Origin',(10.0000001490116,12.4600000000015,33.0000004917383));
#3007=CARTESIAN_POINT('Origin',(-10.0000001490116,17.3600000000014,33.0000004917383));
#3008=CARTESIAN_POINT('',(-8.95000014901161,17.3600000000014,33.0000004917383));
#3009=CARTESIAN_POINT('Origin',(-10.0000001490116,17.3600000000014,33.0000004917383));
#3010=CARTESIAN_POINT('',(-8.95000014901161,12.4600000000015,33.0000004917383));
#3011=CARTESIAN_POINT('',(-8.95000014901161,17.3600000000014,33.0000004917383));
#3012=CARTESIAN_POINT('Origin',(-10.0000001490116,12.4600000000015,33.0000004917383));
#3013=CARTESIAN_POINT('Origin',(6.99999999999757,28.4100000000015,18.5000002831221));
#3014=CARTESIAN_POINT('Origin',(6.99999999999757,28.4100000000015,18.5000002831221));
#3015=CARTESIAN_POINT('',(8.75,28.4100000000015,18.5));
#3016=CARTESIAN_POINT('Origin',(7.,28.4100000000015,18.5));
#3017=CARTESIAN_POINT('Origin',(-2.43360886997834E-12,28.4100000000015,
11.5000002831221));
#3018=CARTESIAN_POINT('Origin',(-2.43360886997834E-12,28.4100000000015,
11.5000002831221));
#3019=CARTESIAN_POINT('',(1.75,28.4100000000015,11.5));
#3020=CARTESIAN_POINT('Origin',(0.,28.4100000000015,11.5));
#3021=CARTESIAN_POINT('Origin',(-2.43360886997834E-12,28.4100000000015,
25.5000002831221));
#3022=CARTESIAN_POINT('Origin',(-2.43360886997834E-12,28.4100000000015,
25.5000002831221));
#3023=CARTESIAN_POINT('',(1.75,28.4100000000015,25.5));
#3024=CARTESIAN_POINT('Origin',(0.,28.4100000000015,25.5));
#3025=CARTESIAN_POINT('Origin',(-7.00000000000243,26.4100000000015,18.5000002831221));
#3026=CARTESIAN_POINT('',(-10.0000000000024,26.4100000000015,18.5000002831221));
#3027=CARTESIAN_POINT('Origin',(-7.00000000000243,26.4100000000015,18.5000002831221));
#3028=CARTESIAN_POINT('',(-5.25,26.4100000000015,18.5));
#3029=CARTESIAN_POINT('Origin',(-7.,26.4100000000015,18.5));
#3030=CARTESIAN_POINT('Origin',(13.9588260750433,25.3600000000015,18.5153156627723));
#3031=CARTESIAN_POINT('',(16.5264033804003,25.3600000000015,21.3183683642858));
#3032=CARTESIAN_POINT('',(15.4926147277218,25.3600000000015,21.3183683642858));
#3033=CARTESIAN_POINT('',(17.0264033804003,25.3600000000015,20.8183683642858));
#3034=CARTESIAN_POINT('Origin',(16.5264033804003,25.3600000000015,20.8183683642858));
#3035=CARTESIAN_POINT('',(17.0264033804003,25.3600000000015,16.2122629612588));
#3036=CARTESIAN_POINT('',(17.0264033804003,25.3600000000015,17.1137893120155));
#3037=CARTESIAN_POINT('',(16.5264033804003,25.3600000000015,15.7122629612588));
#3038=CARTESIAN_POINT('Origin',(16.5264033804003,25.3600000000015,16.2122629612588));
#3039=CARTESIAN_POINT('',(11.9112236128284,25.3600000000015,15.7122629612588));
#3040=CARTESIAN_POINT('Origin',(9.86362115061352,22.3600000000015,15.7122629612588));
#3041=CARTESIAN_POINT('',(16.5264033804003,17.3600000000014,15.7122629612588));
#3042=CARTESIAN_POINT('',(16.5264033804003,22.3600000000015,15.7122629612588));
#3043=CARTESIAN_POINT('',(17.7368105753055,17.3600000000014,15.7122629612588));
#3044=CARTESIAN_POINT('Origin',(16.5264033804003,22.3600000000015,16.2122629612588));
#3045=CARTESIAN_POINT('',(17.0264033804003,17.3600000000014,16.2122629612588));
#3046=CARTESIAN_POINT('',(17.0264033804003,22.3600000000015,16.2122629612588));
#3047=CARTESIAN_POINT('Origin',(16.5264033804003,17.3600000000014,16.2122629612588));
#3048=CARTESIAN_POINT('Origin',(17.0264033804003,22.3600000000015,15.7122629612588));
#3049=CARTESIAN_POINT('',(17.0264033804003,17.3600000000014,20.8183683642858));
#3050=CARTESIAN_POINT('',(17.0264033804003,22.3600000000015,20.8183683642858));
#3051=CARTESIAN_POINT('',(17.0264033804003,17.3600000000014,7.85613148062939));
#3052=CARTESIAN_POINT('Origin',(17.0264033804003,22.3600000000015,21.3183683642858));
#3053=CARTESIAN_POINT('',(16.5264033804003,17.3600000000014,21.3183683642858));
#3054=CARTESIAN_POINT('',(21.3182016901989,17.3600000000014,21.3183683642858));
#3055=CARTESIAN_POINT('',(16.5264033804003,22.3600000000015,21.3183683642858));
#3056=CARTESIAN_POINT('Origin',(16.5264033804003,22.3600000000015,20.8183683642858));
#3057=CARTESIAN_POINT('Origin',(16.5264033804003,17.3600000000014,20.8183683642858));
#3058=CARTESIAN_POINT('Origin',(0.999999925494195,17.3600000000014,4.00000007450581));
#3059=CARTESIAN_POINT('',(0.999999925494195,17.3600000000014,5.00000007450581));
#3060=CARTESIAN_POINT('',(1.9999999254942,17.3600000000014,4.00000007450581));
#3061=CARTESIAN_POINT('Origin',(0.999999925494195,17.3600000000014,4.00000007450581));
#3062=CARTESIAN_POINT('',(1.9999999254942,12.4600000000015,4.00000007450581));
#3063=CARTESIAN_POINT('',(1.99999992549419,17.3600000000014,4.00000007450581));
#3064=CARTESIAN_POINT('',(0.999999925494195,12.4600000000015,5.00000007450581));
#3065=CARTESIAN_POINT('Origin',(0.999999925494195,12.4600000000015,4.00000007450581));
#3066=CARTESIAN_POINT('',(0.999999925494195,17.3600000000014,5.00000007450581));
#3067=CARTESIAN_POINT('Origin',(1.99999992549419,17.3600000000014,2.00000002980581));
#3068=CARTESIAN_POINT('',(1.9999999254942,17.3600000000014,3.00000002980493));
#3069=CARTESIAN_POINT('',(1.9999999254942,17.3600000000014,1.0000000149029));
#3070=CARTESIAN_POINT('',(1.9999999254942,12.4600000000015,3.00000002980493));
#3071=CARTESIAN_POINT('',(1.99999992549419,17.3600000000014,3.00000002980493));
#3072=CARTESIAN_POINT('',(1.9999999254942,12.4600000000015,18.5250000149029));
#3073=CARTESIAN_POINT('Origin',(-4.00000007450581,17.3600000000014,4.00000007450581));
#3074=CARTESIAN_POINT('',(-5.00000007450581,17.3600000000015,4.00000007450581));
#3075=CARTESIAN_POINT('',(-4.00000007450581,17.3600000000014,5.00000007450581));
#3076=CARTESIAN_POINT('Origin',(-4.00000007450581,17.3600000000014,4.00000007450581));
#3077=CARTESIAN_POINT('',(-4.00000007450581,12.4600000000015,5.00000007450581));
#3078=CARTESIAN_POINT('',(-4.00000007450581,17.3600000000014,5.00000007450581));
#3079=CARTESIAN_POINT('',(-5.00000007450581,12.4600000000015,4.00000007450581));
#3080=CARTESIAN_POINT('Origin',(-4.00000007450581,12.4600000000015,4.00000007450581));
#3081=CARTESIAN_POINT('',(-5.00000007450581,17.3600000000014,4.00000007450581));
#3082=CARTESIAN_POINT('Origin',(1.99999992549419,17.3600000000014,5.00000007450581));
#3083=CARTESIAN_POINT('',(13.8049999627459,12.4600000000015,5.00000007450581));
#3084=CARTESIAN_POINT('',(13.8049999627459,17.3600000000014,5.00000007450581));
#3085=CARTESIAN_POINT('Origin',(-1.00000007450581,17.3600000000014,1.00000002980319));
#3086=CARTESIAN_POINT('',(-2.00000007450581,12.4600000000015,1.00000002980319));
#3087=CARTESIAN_POINT('',(-1.00000007450668,12.4600000000015,2.00000002980319));
#3088=CARTESIAN_POINT('Origin',(-1.00000007450581,12.4600000000015,1.00000002980319));
#3089=CARTESIAN_POINT('',(-1.00000007450668,17.3600000000014,2.00000002980319));
#3090=CARTESIAN_POINT('',(-1.00000007450668,17.3600000000014,2.00000002980319));
#3091=CARTESIAN_POINT('',(-2.00000007450581,17.3600000000015,1.00000002980319));
#3092=CARTESIAN_POINT('Origin',(-1.00000007450581,17.3600000000014,1.00000002980319));
#3093=CARTESIAN_POINT('',(-2.00000007450581,17.3600000000014,1.00000002980319));
#3094=CARTESIAN_POINT('Origin',(25.6099999999976,12.4600000000015,35.05));
#3095=CARTESIAN_POINT('',(-2.00000007450581,12.4600000000015,0.));
#3096=CARTESIAN_POINT('',(-2.00000007450581,12.4600000000015,17.025));
#3097=CARTESIAN_POINT('',(3.60999999999756,12.4600000000015,0.));
#3098=CARTESIAN_POINT('',(-12.8050000000024,12.4600000000015,0.));
#3099=CARTESIAN_POINT('',(3.60999999999756,12.4600000000015,2.9));
#3100=CARTESIAN_POINT('',(3.60999999999756,12.4600000000015,19.));
#3101=CARTESIAN_POINT('',(22.6099999999976,12.4600000000014,2.9));
#3102=CARTESIAN_POINT('',(25.6099999999976,12.4600000000015,2.9));
#3103=CARTESIAN_POINT('',(22.6099999999976,12.4600000000015,35.1));
#3104=CARTESIAN_POINT('',(22.6099999999976,12.4600000000015,35.05));
#3105=CARTESIAN_POINT('',(-8.06369399286226,12.4600000000015,35.1));
#3106=CARTESIAN_POINT('',(25.6099999999976,12.4600000000015,35.1));
#3107=CARTESIAN_POINT('',(-8.06369399286226,12.4600000000015,36.));
#3108=CARTESIAN_POINT('',(-8.06369399286226,12.4600000000015,38.));
#3109=CARTESIAN_POINT('',(-20.6100000000024,12.4600000000015,36.));
#3110=CARTESIAN_POINT('',(-12.8050000000024,12.4600000000015,36.));
#3111=CARTESIAN_POINT('',(-23.6100000000024,12.4600000000015,33.));
#3112=CARTESIAN_POINT('Origin',(-20.6100000000024,12.4600000000015,33.));
#3113=CARTESIAN_POINT('',(-23.6100000000024,12.4600000000015,3.));
#3114=CARTESIAN_POINT('',(-23.6100000000024,12.4600000000015,19.));
#3115=CARTESIAN_POINT('',(-20.6100000000024,12.4600000000015,0.));
#3116=CARTESIAN_POINT('Origin',(-20.6100000000024,12.4600000000015,3.));
#3117=CARTESIAN_POINT('',(-5.00000007450581,12.4600000000015,0.));
#3118=CARTESIAN_POINT('',(-12.8050000000024,12.4600000000015,0.));
#3119=CARTESIAN_POINT('',(-5.00000007450581,12.4600000000015,20.0250000372529));
#3120=CARTESIAN_POINT('',(0.999999925495065,12.4600000000015,2.00000002980494));
#3121=CARTESIAN_POINT('Origin',(0.999999925494194,12.4600000000015,3.00000002980493));
#3122=CARTESIAN_POINT('',(11.8049999627603,12.4600000000015,2.00000002981435));
#3123=CARTESIAN_POINT('',(-10.5,12.4600000000015,18.5));
#3124=CARTESIAN_POINT('Origin',(-7.52576013568692E-16,12.4600000000015,
18.5));
#3125=CARTESIAN_POINT('Origin',(-2.00000007450581,17.3600000000014,-1.));
#3126=CARTESIAN_POINT('',(-2.00000007450581,17.3600000000014,0.));
#3127=CARTESIAN_POINT('',(-2.00000007450581,17.3600000000015,-0.499999999999999));
#3128=CARTESIAN_POINT('Origin',(-2.00000007450581,15.3600000000015,0.));
#3129=CARTESIAN_POINT('Origin',(-2.00000007450581,14.4600000000015,0.));
#3130=CARTESIAN_POINT('Origin',(0.999999925494194,17.3600000000014,3.00000002980493));
#3131=CARTESIAN_POINT('',(0.999999925495065,17.3600000000014,2.00000002980493));
#3132=CARTESIAN_POINT('Origin',(0.999999925494194,17.3600000000014,3.00000002980493));
#3133=CARTESIAN_POINT('',(0.999999925495065,17.3600000000014,2.00000002980493));
#3134=CARTESIAN_POINT('Origin',(-2.00000007450581,17.3600000000014,2.00000002980232));
#3135=CARTESIAN_POINT('',(11.804999962745,17.3600000000014,2.00000002981435));
#3136=CARTESIAN_POINT('Origin',(-2.43360886997834E-12,1.44995127016045E-12,
-2.));
#3137=CARTESIAN_POINT('',(-5.00000007450581,15.3600000000015,-2.));
#3138=CARTESIAN_POINT('',(-5.00000007450581,14.4600000000015,-2.));
#3139=CARTESIAN_POINT('',(-5.00000007450581,6.36397459621701,-2.));
#3140=CARTESIAN_POINT('',(-20.6100000000024,14.4600000000015,-2.));
#3141=CARTESIAN_POINT('',(12.8049999999976,14.4600000000015,-2.));
#3142=CARTESIAN_POINT('',(-20.6100000000024,15.3600000000015,-2.));
#3143=CARTESIAN_POINT('',(-20.6100000000024,7.68000000000145,-2.));
#3144=CARTESIAN_POINT('',(12.8049999999976,15.3600000000015,-2.));
#3145=CARTESIAN_POINT('Origin',(12.8049999999976,15.3600000000015,0.));
#3146=CARTESIAN_POINT('',(-5.00000007450581,17.3600000000014,0.));
#3147=CARTESIAN_POINT('Origin',(-5.00000007450581,15.3600000000015,0.));
#3148=CARTESIAN_POINT('',(-20.6100000000024,17.3600000000015,2.77555756156289E-16));
#3149=CARTESIAN_POINT('Origin',(-20.6100000000024,15.3600000000015,2.77555756156289E-16));
#3150=CARTESIAN_POINT('',(12.8049999999976,17.3600000000014,0.));
#3151=CARTESIAN_POINT('Origin',(12.8049999999976,15.3600000000015,0.));
#3152=CARTESIAN_POINT('',(23.6099999999976,17.3600000000014,0.));
#3153=CARTESIAN_POINT('',(12.8049999999976,17.3600000000014,0.));
#3154=CARTESIAN_POINT('Origin',(23.6099999999976,15.3600000000015,0.));
#3155=CARTESIAN_POINT('Origin',(-12.8050000000024,14.4600000000015,0.));
#3156=CARTESIAN_POINT('Origin',(-5.00000007450581,14.4600000000015,0.));
#3157=CARTESIAN_POINT('Origin',(-20.6100000000024,14.4600000000015,0.));
#3158=CARTESIAN_POINT('Origin',(-5.00000007450581,17.3600000000014,5.00000007450581));
#3159=CARTESIAN_POINT('',(-5.00000007450581,17.3600000000015,2.5000000372529));
#3160=CARTESIAN_POINT('Origin',(25.6099999999976,17.3600000000014,0.));
#3161=CARTESIAN_POINT('',(-23.6100000000024,17.3600000000015,3.));
#3162=CARTESIAN_POINT('Origin',(-20.6100000000024,17.3600000000015,3.));
#3163=CARTESIAN_POINT('',(-23.6100000000024,17.3600000000015,33.));
#3164=CARTESIAN_POINT('',(-23.6100000000024,17.3600000000015,0.));
#3165=CARTESIAN_POINT('',(-20.6100000000024,17.3600000000015,36.));
#3166=CARTESIAN_POINT('Origin',(-20.6100000000024,17.3600000000015,33.));
#3167=CARTESIAN_POINT('',(23.6099999999976,17.3600000000014,36.));
#3168=CARTESIAN_POINT('',(12.8049999999976,17.3600000000014,36.));
#3169=CARTESIAN_POINT('',(23.6099999999976,17.3600000000014,19.));
#3170=CARTESIAN_POINT('Origin',(-12.8050000000024,14.4600000000015,0.));
#3171=CARTESIAN_POINT('',(3.60999999999756,12.7279491924326,-1.));
#3172=CARTESIAN_POINT('Ctrl Pts',(3.60999999999756,12.7279491924326,-0.999999999999999));
#3173=CARTESIAN_POINT('Ctrl Pts',(3.60999999999756,12.8115525885718,-1.14480532979847));
#3174=CARTESIAN_POINT('Ctrl Pts',(3.64259370600891,12.9187082477221,-1.28588665844617));
#3175=CARTESIAN_POINT('Ctrl Pts',(3.75062397479764,13.1586750988364,-1.52827939236921));
#3176=CARTESIAN_POINT('Ctrl Pts',(3.82563457825107,13.2914178452777,-1.6298481406266));
#3177=CARTESIAN_POINT('Ctrl Pts',(4.09309298751671,13.7295899628749,-1.89730654989224));
#3178=CARTESIAN_POINT('Ctrl Pts',(4.37233993560947,14.1238979137093,-2.));
#3179=CARTESIAN_POINT('Ctrl Pts',(4.60999999999756,14.4600000000015,-2.));
#3180=CARTESIAN_POINT('Origin',(3.60999999999756,14.4600000000015,0.));
#3181=CARTESIAN_POINT('Origin',(15.55,0.,38.));
#3182=CARTESIAN_POINT('',(20.5,6.0620016557794E-16,43.));
#3183=CARTESIAN_POINT('Origin',(15.55,0.,43.));
#3184=CARTESIAN_POINT('',(20.5,6.0620016557794E-16,38.));
#3185=CARTESIAN_POINT('',(20.5,6.0620016557794E-16,38.));
#3186=CARTESIAN_POINT('Origin',(15.55,0.,38.));
#3187=CARTESIAN_POINT('Origin',(15.55,0.,43.));
#3188=CARTESIAN_POINT('Origin',(-25.6100000000024,-15.3599999999985,0.));
#3189=CARTESIAN_POINT('',(10.2046213055437,-15.3599999999985,0.));
#3190=CARTESIAN_POINT('',(10.2046213055437,-15.3599999999985,36.));
#3191=CARTESIAN_POINT('',(10.2046213055437,-15.3599999999985,19.));
#3192=CARTESIAN_POINT('',(23.6099999999976,-15.3599999999985,0.));
#3193=CARTESIAN_POINT('',(-12.8050000000024,-15.3599999999985,0.));
#3194=CARTESIAN_POINT('',(23.6099999999976,-15.3599999999985,36.));
#3195=CARTESIAN_POINT('',(23.6099999999976,-15.3599999999985,19.));
#3196=CARTESIAN_POINT('',(-12.8050000000024,-15.3599999999985,36.));
#3197=CARTESIAN_POINT('Origin',(22.6099999999976,7.50000000000145,36.05));
#3198=CARTESIAN_POINT('',(-4.90447785967512,7.50000000000145,35.1));
#3199=CARTESIAN_POINT('',(22.6099999999976,7.50000000000145,35.1));
#3200=CARTESIAN_POINT('',(24.1099999999976,7.50000000000145,35.1));
#3201=CARTESIAN_POINT('',(22.6099999999976,7.50000000000145,36.05));
#3202=CARTESIAN_POINT('',(22.6099999999976,7.50000000000145,18.025));
#3203=CARTESIAN_POINT('',(-4.90447785967512,7.50000000000145,36.05));
#3204=CARTESIAN_POINT('',(22.6099999999976,7.50000000000145,36.05));
#3205=CARTESIAN_POINT('',(-4.90447785967512,7.50000000000145,37.025));
#3206=CARTESIAN_POINT('Origin',(22.6099999999976,9.50000000000145,2.95));
#3207=CARTESIAN_POINT('',(18.3959503782236,9.50000000000145,1.));
#3208=CARTESIAN_POINT('',(19.2499999999976,9.50000000000145,1.));
#3209=CARTESIAN_POINT('',(21.4299999999976,9.50000000000145,1.));
#3210=CARTESIAN_POINT('',(19.2499999999976,9.50000000000145,2.9));
#3211=CARTESIAN_POINT('',(19.2499999999976,9.50000000000145,-1.));
#3212=CARTESIAN_POINT('',(3.60999999999756,9.50000000000145,2.9));
#3213=CARTESIAN_POINT('',(24.1099999999976,9.50000000000145,2.9));
#3214=CARTESIAN_POINT('',(3.60999999999757,9.50000000000145,0.449999999999999));
#3215=CARTESIAN_POINT('',(3.60999999999757,9.50000000000145,2.95));
#3216=CARTESIAN_POINT('',(18.3959503782236,9.50000000000145,0.449999999999999));
#3217=CARTESIAN_POINT('',(22.6099999999976,9.50000000000145,0.449999999999999));
#3218=CARTESIAN_POINT('',(18.3959503782236,9.50000000000145,-1.));
#3219=CARTESIAN_POINT('Origin',(3.60999999999756,12.4100000000015,2.95));
#3220=CARTESIAN_POINT('',(3.60999999999757,-5.86781290153986,-1.));
#3221=CARTESIAN_POINT('',(3.60999999999756,6.20500000000145,-1.));
#3222=CARTESIAN_POINT('',(3.60999999999757,-5.86781290153986,0.449999999999999));
#3223=CARTESIAN_POINT('',(3.60999999999757,-5.86781290153986,20.475));
#3224=CARTESIAN_POINT('',(3.60999999999757,9.50000000000145,0.449999999999999));
#3225=CARTESIAN_POINT('',(3.60999999999756,12.4100000000015,2.9));
#3226=CARTESIAN_POINT('Origin',(-4.20000000000243,10.2500000000015,38.));
#3227=CARTESIAN_POINT('',(-2.95000000000243,10.2500000000015,36.1));
#3228=CARTESIAN_POINT('Origin',(-4.20000000000243,10.2500000000015,36.1));
#3229=CARTESIAN_POINT('',(-2.95000000000243,10.2500000000015,35.1));
#3230=CARTESIAN_POINT('',(-2.95000000000243,10.2500000000015,38.));
#3231=CARTESIAN_POINT('Origin',(-4.20000000000243,10.2500000000015,35.1));
#3232=CARTESIAN_POINT('Origin',(16.4999999999976,10.2500000000015,38.));
#3233=CARTESIAN_POINT('',(17.7499999999976,10.2500000000015,36.1));
#3234=CARTESIAN_POINT('Origin',(16.4999999999976,10.2500000000015,36.1));
#3235=CARTESIAN_POINT('',(17.7499999999976,10.2500000000015,35.1));
#3236=CARTESIAN_POINT('',(17.7499999999976,10.2500000000015,38.));
#3237=CARTESIAN_POINT('Origin',(16.4999999999976,10.2500000000015,35.1));
#3238=CARTESIAN_POINT('Origin',(16.4999999999976,-10.2499999999985,38.));
#3239=CARTESIAN_POINT('',(17.7499999999976,-10.2499999999985,36.1));
#3240=CARTESIAN_POINT('Origin',(16.4999999999976,-10.2499999999985,36.1));
#3241=CARTESIAN_POINT('',(17.7499999999976,-10.2499999999985,35.1));
#3242=CARTESIAN_POINT('',(17.7499999999976,-10.2499999999985,38.));
#3243=CARTESIAN_POINT('Origin',(16.4999999999976,-10.2499999999985,35.1));
#3244=CARTESIAN_POINT('Origin',(-4.20000000000243,10.2500000000015,36.1));
#3245=CARTESIAN_POINT('',(-2.20000000000243,10.2500000000015,36.1));
#3246=CARTESIAN_POINT('Origin',(-4.20000000000243,10.2500000000015,36.1));
#3247=CARTESIAN_POINT('Origin',(16.4999999999976,10.2500000000015,36.1));
#3248=CARTESIAN_POINT('',(18.4999999999976,10.2500000000015,36.1));
#3249=CARTESIAN_POINT('Origin',(16.4999999999976,10.2500000000015,36.1));
#3250=CARTESIAN_POINT('Origin',(16.4999999999976,10.2500000000015,38.));
#3251=CARTESIAN_POINT('',(18.4999999999976,10.2500000000015,38.));
#3252=CARTESIAN_POINT('Origin',(16.4999999999976,10.2500000000015,38.));
#3253=CARTESIAN_POINT('',(18.4999999999976,10.2500000000015,38.));
#3254=CARTESIAN_POINT('Origin',(16.4999999999976,-10.2499999999985,36.1));
#3255=CARTESIAN_POINT('',(18.4999999999976,-10.2499999999985,36.1));
#3256=CARTESIAN_POINT('Origin',(16.4999999999976,-10.2499999999985,36.1));
#3257=CARTESIAN_POINT('Origin',(16.4999999999976,-10.2499999999985,38.));
#3258=CARTESIAN_POINT('',(18.4999999999976,-10.2499999999985,38.));
#3259=CARTESIAN_POINT('Origin',(16.4999999999976,-10.2499999999985,38.));
#3260=CARTESIAN_POINT('',(18.4999999999976,-10.2499999999985,38.));
#3261=CARTESIAN_POINT('Origin',(25.6099999999976,12.4100000000015,2.9));
#3262=CARTESIAN_POINT('',(21.2499999999976,9.50000000000145,2.9));
#3263=CARTESIAN_POINT('Origin',(20.2499999999976,10.2500000000015,2.9));
#3264=CARTESIAN_POINT('',(22.6099999999976,9.50000000000145,2.9));
#3265=CARTESIAN_POINT('',(24.1099999999976,9.50000000000145,2.9));
#3266=CARTESIAN_POINT('',(22.6099999999976,-1.47499999999855,2.9));
#3267=CARTESIAN_POINT('Origin',(22.6099999999976,-9.49999999999855,0.449999999999999));
#3268=CARTESIAN_POINT('',(22.1040496217715,-9.49999999999855,0.999999999999999));
#3269=CARTESIAN_POINT('',(21.2499999999976,-9.49999999999855,0.999999999999999));
#3270=CARTESIAN_POINT('',(21.4299999999976,-9.49999999999855,0.999999999999999));
#3271=CARTESIAN_POINT('',(21.2499999999976,-9.49999999999856,2.9));
#3272=CARTESIAN_POINT('',(21.2499999999976,-9.49999999999855,-1.));
#3273=CARTESIAN_POINT('',(22.6099999999976,-9.49999999999855,2.9));
#3274=CARTESIAN_POINT('',(24.1099999999976,-9.49999999999855,2.9));
#3275=CARTESIAN_POINT('',(22.6099999999976,-9.49999999999855,0.449999999999999));
#3276=CARTESIAN_POINT('',(22.6099999999976,-9.49999999999855,0.224999999999998));
#3277=CARTESIAN_POINT('',(22.1040496217715,-9.49999999999855,0.449999999999999));
#3278=CARTESIAN_POINT('',(22.6099999999976,-9.49999999999855,0.449999999999999));
#3279=CARTESIAN_POINT('',(22.1040496217715,-9.49999999999855,-1.));
#3280=CARTESIAN_POINT('Origin',(20.2499999999976,-10.2499999999985,-1.));
#3281=CARTESIAN_POINT('',(19.2499999999976,-9.49999999999855,0.999999999999999));
#3282=CARTESIAN_POINT('Origin',(20.2499999999976,-10.2499999999985,0.999999999999999));
#3283=CARTESIAN_POINT('',(19.2499999999976,-9.49999999999856,2.9));
#3284=CARTESIAN_POINT('',(19.2499999999976,-9.49999999999855,-1.));
#3285=CARTESIAN_POINT('Origin',(20.2499999999976,-10.2499999999985,2.9));
#3286=CARTESIAN_POINT('Origin',(22.6099999999976,9.50000000000145,2.95));
#3287=CARTESIAN_POINT('',(21.2499999999976,9.50000000000145,1.));
#3288=CARTESIAN_POINT('',(22.1040496217715,9.50000000000145,1.));
#3289=CARTESIAN_POINT('',(21.4299999999976,9.50000000000145,1.));
#3290=CARTESIAN_POINT('',(22.1040496217715,9.50000000000145,0.449999999999999));
#3291=CARTESIAN_POINT('',(22.1040496217715,9.50000000000145,-1.));
#3292=CARTESIAN_POINT('',(22.6099999999976,9.50000000000145,0.449999999999999));
#3293=CARTESIAN_POINT('',(22.6099999999976,9.50000000000145,0.449999999999999));
#3294=CARTESIAN_POINT('',(22.6099999999976,9.50000000000145,1.475));
#3295=CARTESIAN_POINT('',(21.2499999999976,9.50000000000145,-1.));
#3296=CARTESIAN_POINT('Origin',(22.6099999999976,9.50000000000145,0.449999999999999));
#3297=CARTESIAN_POINT('',(5.92348066132919,-9.49999999999855,0.449999999999999));
#3298=CARTESIAN_POINT('',(-0.781861506979034,1.02745230230922,0.449999999999997));
#3299=CARTESIAN_POINT('',(18.3959503782237,-9.49999999999855,0.449999999999999));
#3300=CARTESIAN_POINT('',(22.6099999999976,-9.49999999999855,0.449999999999999));
#3301=CARTESIAN_POINT('Origin',(20.2499999999976,-10.2499999999985,0.449999999999999));
#3302=CARTESIAN_POINT('',(22.6099999999976,-2.92999999999855,0.449999999999999));
#3303=CARTESIAN_POINT('Origin',(20.2499999999976,10.2500000000015,0.449999999999999));
#3304=CARTESIAN_POINT('Origin',(20.2499999999976,10.2500000000015,-1.));
#3305=CARTESIAN_POINT('Origin',(20.2499999999976,10.2500000000015,1.));
#3306=CARTESIAN_POINT('Origin',(20.2499999999976,10.2500000000015,1.));
#3307=CARTESIAN_POINT('',(18.2499999999976,10.2500000000015,1.));
#3308=CARTESIAN_POINT('Origin',(20.2499999999976,10.2500000000015,1.));
#3309=CARTESIAN_POINT('Origin',(20.2499999999976,10.2500000000015,1.));
#3310=CARTESIAN_POINT('Origin',(20.2499999999976,10.2500000000015,-1.));
#3311=CARTESIAN_POINT('',(18.2499999999976,10.2500000000015,-1.));
#3312=CARTESIAN_POINT('Origin',(20.2499999999976,-10.2499999999985,0.999999999999999));
#3313=CARTESIAN_POINT('',(18.3959503782237,-9.49999999999855,0.999999999999999));
#3314=CARTESIAN_POINT('',(21.4299999999976,-9.49999999999855,0.999999999999999));
#3315=CARTESIAN_POINT('',(18.2499999999976,-10.2499999999985,0.999999999999999));
#3316=CARTESIAN_POINT('Origin',(20.2499999999976,-10.2499999999985,0.999999999999999));
#3317=CARTESIAN_POINT('Origin',(20.2499999999976,-10.2499999999985,0.999999999999999));
#3318=CARTESIAN_POINT('Origin',(20.2499999999976,-10.2499999999985,-1.));
#3319=CARTESIAN_POINT('',(18.2499999999976,-10.2499999999985,-1.));
#3320=CARTESIAN_POINT('',(18.3959503782237,-9.49999999999855,-1.));
#3321=CARTESIAN_POINT('Origin',(22.6099999999976,-7.49999999999855,36.05));
#3322=CARTESIAN_POINT('',(4.64960318826986,-7.49999999999855,36.05));
#3323=CARTESIAN_POINT('',(0.916541382186704,-1.63905672243532,36.05));
#3324=CARTESIAN_POINT('',(22.6099999999976,-7.49999999999855,36.05));
#3325=CARTESIAN_POINT('',(22.6099999999976,-11.4299999999986,36.05));
#3326=CARTESIAN_POINT('',(22.6099999999976,-7.49999999999855,36.05));
#3327=CARTESIAN_POINT('Origin',(25.6099999999976,12.4100000000015,2.9));
#3328=CARTESIAN_POINT('',(5.92348066132919,-9.49999999999855,2.9));
#3329=CARTESIAN_POINT('',(7.808819321457,-12.4599999999985,2.9));
#3330=CARTESIAN_POINT('',(-3.16130280847857,4.76319824620301,2.9));
#3331=CARTESIAN_POINT('',(22.6099999999976,-12.4599999999986,2.9));
#3332=CARTESIAN_POINT('',(25.6099999999976,-12.4599999999985,2.9));
#3333=CARTESIAN_POINT('',(22.6099999999976,-1.47499999999855,2.9));
#3334=CARTESIAN_POINT('',(24.1099999999976,-9.49999999999855,2.9));
#3335=CARTESIAN_POINT('Origin',(22.6099999999976,-9.49999999999855,0.449999999999999));
#3336=CARTESIAN_POINT('',(5.92348066132919,-9.49999999999854,19.225));
#3337=CARTESIAN_POINT('Origin',(25.6099999999976,-12.4599999999985,2.95));
#3338=CARTESIAN_POINT('',(7.808819321457,-12.4599999999985,35.1));
#3339=CARTESIAN_POINT('',(7.808819321457,-12.4599999999985,36.525));
#3340=CARTESIAN_POINT('',(22.6099999999976,-12.4599999999985,35.1));
#3341=CARTESIAN_POINT('',(25.6099999999976,-12.4599999999985,35.1));
#3342=CARTESIAN_POINT('',(22.6099999999976,-12.4599999999986,20.475));
#3343=CARTESIAN_POINT('Origin',(22.6099999999976,-15.3599999999986,38.));
#3344=CARTESIAN_POINT('',(22.6099999999976,-7.49999999999855,35.1));
#3345=CARTESIAN_POINT('',(22.6099999999976,-13.8849999999986,35.1));
#3346=CARTESIAN_POINT('',(22.6099999999976,-7.49999999999855,17.525));
#3347=CARTESIAN_POINT('',(22.6099999999976,-13.8849999999986,35.1));
#3348=CARTESIAN_POINT('',(22.6099999999976,-6.49999999999855,18.));
#3349=CARTESIAN_POINT('Origin',(22.6099999999976,1.00000000000145,18.));
#3350=CARTESIAN_POINT('Origin',(6.99999999999757,12.4100000000015,18.5000002831221));
#3351=CARTESIAN_POINT('',(3.99999999999757,13.4100000000015,18.5000002831221));
#3352=CARTESIAN_POINT('Origin',(6.99999999999757,13.4100000000015,18.5000002831221));
#3353=CARTESIAN_POINT('',(3.99999999999757,12.4100000000015,18.5000002831221));
#3354=CARTESIAN_POINT('Origin',(-2.43360886997834E-12,12.4100000000015,
25.5000002831221));
#3355=CARTESIAN_POINT('',(-1.39159188665022E-12,13.4100000000015,22.5000002831221));
#3356=CARTESIAN_POINT('Origin',(-2.43360886997834E-12,13.4100000000015,
25.5000002831221));
#3357=CARTESIAN_POINT('',(-1.39159188665022E-12,12.4100000000015,22.5000002831221));
#3358=CARTESIAN_POINT('Origin',(-2.43360886997834E-12,12.4100000000015,
11.5000002831221));
#3359=CARTESIAN_POINT('',(-1.39092575283545E-12,13.4100000000015,14.5000002831221));
#3360=CARTESIAN_POINT('Origin',(-2.43360886997834E-12,13.4100000000015,
11.5000002831221));
#3361=CARTESIAN_POINT('',(-1.39092575283545E-12,12.4100000000015,14.5000002831221));
#3362=CARTESIAN_POINT('Origin',(-7.00000000000243,12.4100000000015,18.5000002831221));
#3363=CARTESIAN_POINT('',(-10.0000000000024,13.4100000000015,18.5000002831221));
#3364=CARTESIAN_POINT('Origin',(-7.00000000000243,13.4100000000015,18.5000002831221));
#3365=CARTESIAN_POINT('',(-10.0000000000024,12.4100000000015,18.5000002831221));
#3366=CARTESIAN_POINT('Origin',(0.,13.4100000000015,18.5));
#3367=CARTESIAN_POINT('',(-10.5,13.4100000000015,18.5));
#3368=CARTESIAN_POINT('Origin',(-7.52576013568692E-16,13.4100000000015,
18.5));
#3369=CARTESIAN_POINT('',(3.,13.4100000000015,18.5));
#3370=CARTESIAN_POINT('Origin',(0.,13.4100000000015,18.5));
#3371=CARTESIAN_POINT('Origin',(-7.52576013568692E-16,12.4100000000015,
18.5));
#3372=CARTESIAN_POINT('',(-10.5,12.4100000000015,18.5));
#3373=CARTESIAN_POINT('Origin',(-20.6100000000024,15.3600000000015,3.));
#3374=CARTESIAN_POINT('',(-25.6100000000024,15.3600000000015,3.));
#3375=CARTESIAN_POINT('Origin',(-20.6100000000024,15.3600000000015,3.));
#3376=CARTESIAN_POINT('Origin',(-23.6100000000024,15.3600000000015,3.));
#3377=CARTESIAN_POINT('Origin',(-23.6100000000024,15.3600000000015,0.));
#3378=CARTESIAN_POINT('',(-25.6100000000024,15.3600000000015,33.));
#3379=CARTESIAN_POINT('',(-25.6100000000024,15.3600000000015,0.));
#3380=CARTESIAN_POINT('Origin',(-23.6100000000024,15.3600000000015,33.));
#3381=CARTESIAN_POINT('Origin',(-20.6100000000024,15.3600000000015,33.));
#3382=CARTESIAN_POINT('',(-20.6100000000024,15.3600000000015,38.));
#3383=CARTESIAN_POINT('Origin',(-20.6100000000024,15.3600000000015,33.));
#3384=CARTESIAN_POINT('Origin',(-20.6100000000024,15.3600000000015,36.));
#3385=CARTESIAN_POINT('Origin',(12.8049999999976,15.3600000000015,36.));
#3386=CARTESIAN_POINT('',(23.6099999999976,15.3600000000015,38.));
#3387=CARTESIAN_POINT('Origin',(23.6099999999976,15.3600000000015,36.));
#3388=CARTESIAN_POINT('',(12.8049999999976,15.3600000000015,38.));
#3389=CARTESIAN_POINT('Origin',(23.6099999999976,15.3600000000015,0.));
#3390=CARTESIAN_POINT('',(25.6099999999976,15.3600000000014,0.));
#3391=CARTESIAN_POINT('Origin',(23.6099999999976,15.3600000000015,0.));
#3392=CARTESIAN_POINT('Origin',(23.6099999999976,15.3600000000014,0.));
#3393=CARTESIAN_POINT('Origin',(23.6099999999976,15.3600000000015,36.));
#3394=CARTESIAN_POINT('',(25.6099999999976,15.3600000000015,36.));
#3395=CARTESIAN_POINT('Origin',(23.6099999999976,15.3600000000014,36.));
#3396=CARTESIAN_POINT('Origin',(23.6099999999976,15.3600000000015,36.));
#3397=CARTESIAN_POINT('Origin',(23.6099999999976,15.3600000000014,19.));
#3398=CARTESIAN_POINT('',(25.6099999999976,15.3600000000014,19.));
#3399=CARTESIAN_POINT('Origin',(23.6099999999976,8.68000000000145,36.));
#3400=CARTESIAN_POINT('',(25.6099999999976,-13.3599999999985,36.));
#3401=CARTESIAN_POINT('',(23.6099999999976,-13.3599999999985,38.));
#3402=CARTESIAN_POINT('Origin',(23.6099999999976,-13.3599999999985,36.));
#3403=CARTESIAN_POINT('',(25.6099999999976,8.68000000000145,36.));
#3404=CARTESIAN_POINT('',(23.6099999999976,8.68000000000145,38.));
#3405=CARTESIAN_POINT('Origin',(-12.8050000000024,-13.3599999999985,36.));
#3406=CARTESIAN_POINT('',(9.56768256901404,-13.3599999999985,38.));
#3407=CARTESIAN_POINT('Origin',(9.56768256901404,-13.3599999999985,36.));
#3408=CARTESIAN_POINT('Origin',(23.6099999999976,-13.3599999999985,36.));
#3409=CARTESIAN_POINT('',(-12.8050000000024,-13.3599999999985,38.));
#3410=CARTESIAN_POINT('Origin',(23.6099999999976,-13.3599999999985,36.));
#3411=CARTESIAN_POINT('Origin',(23.6099999999976,-13.3599999999985,36.));
#3412=CARTESIAN_POINT('Origin',(23.6099999999976,8.68000000000145,0.));
#3413=CARTESIAN_POINT('',(25.6099999999976,-13.3599999999985,0.));
#3414=CARTESIAN_POINT('Origin',(23.6099999999976,-13.3599999999985,0.));
#3415=CARTESIAN_POINT('',(25.6099999999976,8.68000000000145,0.));
#3416=CARTESIAN_POINT('Origin',(23.6099999999976,-13.3599999999985,19.));
#3417=CARTESIAN_POINT('Origin',(23.6099999999976,-13.3599999999985,0.));
#3418=CARTESIAN_POINT('',(25.6099999999976,-13.3599999999985,19.));
#3419=CARTESIAN_POINT('Origin',(23.6099999999976,-13.3599999999985,0.));
#3420=CARTESIAN_POINT('Origin',(23.6099999999976,-13.3599999999985,0.));
#3421=CARTESIAN_POINT('Origin',(-12.8050000000024,-13.3599999999985,0.));
#3422=CARTESIAN_POINT('Origin',(9.56768256901404,-13.3599999999985,0.));
#3423=CARTESIAN_POINT('Origin',(-2.43360886997834E-12,1.44995127016045E-12,
38.));
#3424=CARTESIAN_POINT('',(-8.15195308124125,14.4600000000015,38.));
#3425=CARTESIAN_POINT('',(-6.01100260444762,11.0986869662574,38.));
#3426=CARTESIAN_POINT('',(-3.20188742071866,6.68834885582262,38.));
#3427=CARTESIAN_POINT('',(-2.20000000000243,10.2500000000015,38.));
#3428=CARTESIAN_POINT('Origin',(-4.20000000000243,10.2500000000015,38.));
#3429=CARTESIAN_POINT('',(-4.19656540579539,8.25000294911297,38.));
#3430=CARTESIAN_POINT('Origin',(-4.20000000000243,10.2500000000015,38.));
#3431=CARTESIAN_POINT('',(-3.20188742071866,6.68834885582262,38.));
#3432=CARTESIAN_POINT('',(-20.6100000000024,14.4600000000015,38.));
#3433=CARTESIAN_POINT('',(-20.6100000000024,7.68000000000145,38.));
#3434=CARTESIAN_POINT('',(-12.8050000000024,14.4600000000015,38.));
#3435=CARTESIAN_POINT('Origin',(-4.20000000000243,10.2500000000015,38.));
#3436=CARTESIAN_POINT('Ctrl Pts',(-4.19656540579539,8.25000294911297,38.));
#3437=CARTESIAN_POINT('Ctrl Pts',(-4.26160320884603,8.24989125971748,38.));
#3438=CARTESIAN_POINT('Ctrl Pts',(-4.32768242683435,8.25299768065121,37.995426998202));
#3439=CARTESIAN_POINT('Ctrl Pts',(-4.53336022242615,8.27295013576739,37.9689179722264));
#3440=CARTESIAN_POINT('Ctrl Pts',(-4.67069956916268,8.30212087993082,37.9327424879261));
#3441=CARTESIAN_POINT('Ctrl Pts',(-5.01591344193837,8.40885162757139,37.8138530488585));
#3442=CARTESIAN_POINT('Ctrl Pts',(-5.22905505203217,8.51942242675059,37.7006960036395));
#3443=CARTESIAN_POINT('Ctrl Pts',(-5.50567762915793,8.73057639278211,37.5374716402251));
#3444=CARTESIAN_POINT('Ctrl Pts',(-5.59074319465505,8.80804087427298,37.4843286657712));
#3445=CARTESIAN_POINT('Ctrl Pts',(-5.74788604329877,8.97820559936147,37.4010275880751));
#3446=CARTESIAN_POINT('Ctrl Pts',(-5.82024045033006,9.07092848815588,37.3714397304323));
#3447=CARTESIAN_POINT('Ctrl Pts',(-5.88688342374357,9.17555860341094,37.3714397304323));
#3448=CARTESIAN_POINT('Ctrl Pts',(-5.95352639715708,9.28018871866599,37.3714397304323));
#3449=CARTESIAN_POINT('Ctrl Pts',(-6.00696397562588,9.38496046834415,37.4010275880751));
#3450=CARTESIAN_POINT('Ctrl Pts',(-6.09473404570544,9.59931140336085,37.4843286657712));
#3451=CARTESIAN_POINT('Ctrl Pts',(-6.12896989443387,9.70915130042852,37.5374716402251));
#3452=CARTESIAN_POINT('Ctrl Pts',(-6.20337101402706,10.04910794612,37.7006960036395));
#3453=CARTESIAN_POINT('Ctrl Pts',(-6.21345976310318,10.2890109780446,37.8138530488585));
#3454=CARTESIAN_POINT('Ctrl Pts',(-6.16423000028799,10.6469781565706,37.9327424879261));
#3455=CARTESIAN_POINT('Ctrl Pts',(-6.13259995946499,10.7837720489583,37.9689179722264));
#3456=CARTESIAN_POINT('Ctrl Pts',(-6.06372337526556,10.9785988238474,37.995426998202));
#3457=CARTESIAN_POINT('Ctrl Pts',(-6.03860101302451,11.039795064062,38.));
#3458=CARTESIAN_POINT('Ctrl Pts',(-6.01100260444762,11.0986869662574,38.));
#3459=CARTESIAN_POINT('',(-2.20000000000243,10.2500000000015,38.));
#3460=CARTESIAN_POINT('Origin',(-3.20188742071866,6.68834885582262,-1.));
#3461=CARTESIAN_POINT('',(8.72424085714347,-13.8972206982938,-1.));
#3462=CARTESIAN_POINT('Origin',(9.56768256901404,-13.3599999999985,-1.));
#3463=CARTESIAN_POINT('',(-4.04532913258923,6.15112815752736,-1.));
#3464=CARTESIAN_POINT('Origin',(4.60999999999757,-5.57639023553643,-1.));
#3465=CARTESIAN_POINT('Ctrl Pts',(9.36117959367313,-14.8972206982938,0.));
#3466=CARTESIAN_POINT('Ctrl Pts',(9.36117959367313,-14.8972206982938,-0.224399475256414));
#3467=CARTESIAN_POINT('Ctrl Pts',(9.24494470677755,-14.7147307974144,-0.749129325002755));
#3468=CARTESIAN_POINT('Ctrl Pts',(8.91481248147379,-14.1964199986357,-1.));
#3469=CARTESIAN_POINT('Ctrl Pts',(8.72424085714347,-13.8972206982938,-1.));
#3470=CARTESIAN_POINT('Ctrl Pts',(9.46388164835606,-15.0584639212174,2.69160640162204E-17));
#3471=CARTESIAN_POINT('Ctrl Pts',(9.46388164835606,-15.0584639212174,-0.275298103201137));
#3472=CARTESIAN_POINT('Ctrl Pts',(9.33387110121808,-14.8544310990398,-0.918212572346673));
#3473=CARTESIAN_POINT('Ctrl Pts',(8.95661523934854,-14.2597022958797,-1.26791932929515));
#3474=CARTESIAN_POINT('Ctrl Pts',(8.72424085714347,-13.8972206982938,-1.29919930034189));
#3475=CARTESIAN_POINT('Ctrl Pts',(9.72654531960009,-15.2871170304155,8.96109256424158E-17));
#3476=CARTESIAN_POINT('Ctrl Pts',(9.72654531960009,-15.2871170304155,-0.364094526388386));
#3477=CARTESIAN_POINT('Ctrl Pts',(9.59155092980395,-15.0333442269675,-1.21363221112591));
#3478=CARTESIAN_POINT('Ctrl Pts',(9.19103631847309,-14.264826066671,-1.73619525556099));
#3479=CARTESIAN_POINT('Ctrl Pts',(8.93600608690664,-13.7623392204075,-1.81726763804348));
#3480=CARTESIAN_POINT('Ctrl Pts',(10.0612416084162,-15.3599999999985,1.62193543210771E-16));
#3481=CARTESIAN_POINT('Ctrl Pts',(10.0612416084162,-15.3599999999985,-0.428335393528764));
#3482=CARTESIAN_POINT('Ctrl Pts',(9.93939478286369,-15.0308746514432,-1.42919402169275));
#3483=CARTESIAN_POINT('Ctrl Pts',(9.58818586587082,-14.0669648789024,-1.96359022730042));
#3484=CARTESIAN_POINT('Ctrl Pts',(9.37841469146091,-13.4805520427929,-2.));
#3485=CARTESIAN_POINT('Ctrl Pts',(10.2046213055437,-15.3599999999985,1.92242988492801E-16));
#3486=CARTESIAN_POINT('Ctrl Pts',(10.2046213055437,-15.3599999999985,-0.448798950512828));
#3487=CARTESIAN_POINT('Ctrl Pts',(10.0883864186481,-14.9950201982396,-1.49825865000551));
#3488=CARTESIAN_POINT('Ctrl Pts',(9.75825419334436,-13.9583986006823,-2.));
#3489=CARTESIAN_POINT('Ctrl Pts',(9.56768256901404,-13.3599999999985,-2.));
#3490=CARTESIAN_POINT('',(9.36117959367313,-14.8972206982938,0.));
#3491=CARTESIAN_POINT('Origin',(10.2046213055437,-14.3599999999985,0.));
#3492=CARTESIAN_POINT('Origin',(8.72424085714347,-13.8972206982938,0.));
#3493=CARTESIAN_POINT('Origin',(10.2046213055437,-14.3599999999985,19.));
#3494=CARTESIAN_POINT('',(9.36117959367313,-14.8972206982938,36.));
#3495=CARTESIAN_POINT('Origin',(10.2046213055437,-14.3599999999985,36.));
#3496=CARTESIAN_POINT('',(9.36117959367313,-14.8972206982938,19.));
#3497=CARTESIAN_POINT('Ctrl Pts',(8.72424085714347,-13.8972206982938,37.));
#3498=CARTESIAN_POINT('Ctrl Pts',(8.86716957539121,-14.1216201735502,37.));
#3499=CARTESIAN_POINT('Ctrl Pts',(9.20126663178159,-14.646155795627,36.8172770533086));
#3500=CARTESIAN_POINT('Ctrl Pts',(9.36117959367313,-14.8972206982938,36.2991993003419));
#3501=CARTESIAN_POINT('Ctrl Pts',(9.36117959367313,-14.8972206982938,36.));
#3502=CARTESIAN_POINT('Ctrl Pts',(8.72424085714347,-13.8972206982938,37.2991993003419));
#3503=CARTESIAN_POINT('Ctrl Pts',(8.89852164379727,-14.1690818964832,37.2757393220568));
#3504=CARTESIAN_POINT('Ctrl Pts',(9.28647245843183,-14.7784395959325,37.0040099932118));
#3505=CARTESIAN_POINT('Ctrl Pts',(9.46388164835606,-15.0584639212174,36.3670641376015));
#3506=CARTESIAN_POINT('Ctrl Pts',(9.46388164835606,-15.0584639212174,36.));
#3507=CARTESIAN_POINT('Ctrl Pts',(8.93612258007856,-13.7622650213938,37.8171019177862));
#3508=CARTESIAN_POINT('Ctrl Pts',(9.1273952537534,-14.1391301560914,37.7562976309243));
#3509=CARTESIAN_POINT('Ctrl Pts',(9.54200352716321,-14.9407543314854,37.3316253105945));
#3510=CARTESIAN_POINT('Ctrl Pts',(9.72656177931116,-15.2870826003996,36.4854593685179));
#3511=CARTESIAN_POINT('Ctrl Pts',(9.72656177931116,-15.2870826003996,36.));
#3512=CARTESIAN_POINT('Ctrl Pts',(9.37841469146091,-13.4805520427929,38.));
#3513=CARTESIAN_POINT('Ctrl Pts',(9.53574307226834,-13.920361669875,37.9726926704753));
#3514=CARTESIAN_POINT('Ctrl Pts',(9.89390917948846,-14.9083654061464,37.5629982659848));
#3515=CARTESIAN_POINT('Ctrl Pts',(10.0612416084162,-15.3599999999985,36.5711138580384));
#3516=CARTESIAN_POINT('Ctrl Pts',(10.0612416084162,-15.3599999999985,36.));
#3517=CARTESIAN_POINT('Ctrl Pts',(9.56768256901403,-13.3599999999985,38.));
#3518=CARTESIAN_POINT('Ctrl Pts',(9.71061128726177,-13.8087989505114,38.));
#3519=CARTESIAN_POINT('Ctrl Pts',(10.0447083436522,-14.8578701946649,37.6345541066172));
#3520=CARTESIAN_POINT('Ctrl Pts',(10.2046213055437,-15.3599999999985,36.5983986006838));
#3521=CARTESIAN_POINT('Ctrl Pts',(10.2046213055437,-15.3599999999985,36.));
#3522=CARTESIAN_POINT('',(8.72424085714347,-13.8972206982938,37.));
#3523=CARTESIAN_POINT('Origin',(9.56768256901403,-13.3599999999985,37.));
#3524=CARTESIAN_POINT('Origin',(8.72424085714347,-13.8972206982938,36.));
#3525=CARTESIAN_POINT('Origin',(4.60999999999756,6.20500000000145,-1.));
#3526=CARTESIAN_POINT('Origin',(25.6099999999976,17.3600000000014,38.));
#3527=CARTESIAN_POINT('',(25.6099999999976,1.00000000000145,8.5));
#3528=CARTESIAN_POINT('Origin',(25.6099999999976,1.00000000000145,18.));
#3529=CARTESIAN_POINT('Origin',(25.6099999999976,1.00000000000145,18.));
#3530=CARTESIAN_POINT('',(23.6099999999976,-6.49999999999855,18.));
#3531=CARTESIAN_POINT('',(23.6099999999976,1.00000000000145,10.5));
#3532=CARTESIAN_POINT('Origin',(23.6099999999976,1.00000000000145,18.));
#3533=CARTESIAN_POINT('',(25.6099999999976,-6.49999999999855,18.));
#3534=CARTESIAN_POINT('Origin',(23.6099999999976,1.00000000000145,18.));
#3535=CARTESIAN_POINT('Origin',(23.6099999999976,1.00000000000145,18.));
#3536=CARTESIAN_POINT('Origin',(23.6099999999976,1.00000000000145,8.5));
#3537=CARTESIAN_POINT('Origin',(7.,22.3600000000015,18.5));
#3538=CARTESIAN_POINT('',(8.75,22.3600000000015,18.5));
#3539=CARTESIAN_POINT('Origin',(0.,22.3600000000015,18.5));
#3540=CARTESIAN_POINT('',(3.,22.3600000000015,18.5));
#3541=CARTESIAN_POINT('Origin',(-7.,22.3600000000015,18.5));
#3542=CARTESIAN_POINT('',(-5.25,22.3600000000015,18.5));
#3543=CARTESIAN_POINT('Origin',(0.,22.3600000000015,25.5));
#3544=CARTESIAN_POINT('',(1.75,22.3600000000015,25.5));
#3545=CARTESIAN_POINT('Origin',(0.,22.3600000000015,11.5));
#3546=CARTESIAN_POINT('',(1.75,22.3600000000015,11.5));
#3547=CARTESIAN_POINT('Origin',(22.6099999999976,-7.49999999999855,35.05));
#3548=CARTESIAN_POINT('',(4.64960318826986,-7.49999999999855,35.1));
#3549=CARTESIAN_POINT('',(24.1099999999976,-7.49999999999855,35.1));
#3550=CARTESIAN_POINT('',(4.64960318826986,-7.49999999999855,36.525));
#3551=CARTESIAN_POINT('Origin',(25.6099999999976,-12.4099999999986,35.1));
#3552=CARTESIAN_POINT('',(2.4618462182141,-4.06520031741735,35.1));
#3553=CARTESIAN_POINT('Origin',(25.6099999999976,-12.4099999999986,35.1));
#3554=CARTESIAN_POINT('',(2.4618462182141,-4.06520031741735,35.1));
#3555=CARTESIAN_POINT('Origin',(-8.00000011920929,12.3600000000015,38.));
#3556=CARTESIAN_POINT('',(-8.23436121294348,12.7279491924326,37.));
#3557=CARTESIAN_POINT('',(-4.04532913258923,6.15112815752736,37.));
#3558=CARTESIAN_POINT('Origin',(-9.33757146592159,14.4600000000015,36.));
#3559=CARTESIAN_POINT('Origin',(-3.20188742071866,6.68834885582262,37.));
#3560=CARTESIAN_POINT('Ctrl Pts',(-8.15195308124125,14.4600000000015,38.));
#3561=CARTESIAN_POINT('Ctrl Pts',(-8.18662246100568,14.2878752413377,38.));
#3562=CARTESIAN_POINT('Ctrl Pts',(-8.22438067378997,14.1010816496448,37.9763985331231));
#3563=CARTESIAN_POINT('Ctrl Pts',(-8.28810248304945,13.7408965556938,37.8755969251074));
#3564=CARTESIAN_POINT('Ctrl Pts',(-8.31364813550601,13.5674482662105,37.7983359433112));
#3565=CARTESIAN_POINT('Ctrl Pts',(-8.33842826165758,13.281823802418,37.6239919774007));
#3566=CARTESIAN_POINT('Ctrl Pts',(-8.34181548139509,13.144285732349,37.5160108892738));
#3567=CARTESIAN_POINT('Ctrl Pts',(-8.3143728428533,12.905466163545,37.2699675422398));
#3568=CARTESIAN_POINT('Ctrl Pts',(-8.28290284216216,12.8041600215669,37.1320010281475));
#3569=CARTESIAN_POINT('Ctrl Pts',(-8.23436121294348,12.7279491924326,37.));
#3570=CARTESIAN_POINT('Origin',(-25.6100000000024,15.3600000000015,0.));
#3571=CARTESIAN_POINT('',(-25.6100000000024,14.4600000000015,33.));
#3572=CARTESIAN_POINT('',(-25.6100000000024,14.4600000000015,3.));
#3573=CARTESIAN_POINT('',(-25.6100000000024,14.4600000000015,19.));
#3574=CARTESIAN_POINT('',(-25.6100000000024,7.68000000000145,33.));
#3575=CARTESIAN_POINT('',(-25.6100000000024,7.68000000000145,3.));
#3576=CARTESIAN_POINT('Origin',(-20.6100000000024,7.68000000000145,33.));
#3577=CARTESIAN_POINT('Origin',(-20.6100000000024,14.4600000000015,33.));
#3578=CARTESIAN_POINT('Origin',(-20.6100000000024,7.68000000000145,3.));
#3579=CARTESIAN_POINT('Origin',(-20.6100000000024,14.4600000000015,3.));
#3580=CARTESIAN_POINT('Origin',(-12.8050000000024,14.4600000000015,36.));
#3581=CARTESIAN_POINT('Origin',(-20.6100000000024,14.4600000000015,36.));
#3582=CARTESIAN_POINT('Origin',(-20.6100000000024,14.4600000000015,33.));
#3583=CARTESIAN_POINT('Origin',(-23.6100000000024,14.4600000000015,33.));
#3584=CARTESIAN_POINT('Origin',(-23.6100000000024,14.4600000000015,19.));
#3585=CARTESIAN_POINT('Origin',(-23.6100000000024,14.4600000000015,3.));
#3586=CARTESIAN_POINT('Origin',(-20.6100000000024,14.4600000000015,3.));
#3587=CARTESIAN_POINT('Origin',(15.55,0.,-2.));
#3588=CARTESIAN_POINT('',(10.6,6.0620016557794E-16,-7.));
#3589=CARTESIAN_POINT('Origin',(15.55,0.,-7.));
#3590=CARTESIAN_POINT('',(10.6,6.0620016557794E-16,-2.));
#3591=CARTESIAN_POINT('Origin',(15.55,0.,-7.));
#3592=UNCERTAINTY_MEASURE_WITH_UNIT(LENGTH_MEASURE(0.01),#3596,
'DISTANCE_ACCURACY_VALUE',
'Maximum model space distance between geometric entities at asserted c
onnectivities');
#3593=UNCERTAINTY_MEASURE_WITH_UNIT(LENGTH_MEASURE(0.01),#3596,
'DISTANCE_ACCURACY_VALUE',
'Maximum model space distance between geometric entities at asserted c
onnectivities');
#3594=(
GEOMETRIC_REPRESENTATION_CONTEXT(3)
GLOBAL_UNCERTAINTY_ASSIGNED_CONTEXT((#3592))
GLOBAL_UNIT_ASSIGNED_CONTEXT((#3596,#3598,#3599))
REPRESENTATION_CONTEXT('','3D')
);
#3595=(
GEOMETRIC_REPRESENTATION_CONTEXT(3)
GLOBAL_UNCERTAINTY_ASSIGNED_CONTEXT((#3593))
GLOBAL_UNIT_ASSIGNED_CONTEXT((#3596,#3598,#3599))
REPRESENTATION_CONTEXT('','3D')
);
#3596=(
LENGTH_UNIT()
NAMED_UNIT(*)
SI_UNIT(.MILLI.,.METRE.)
);
#3597=(
LENGTH_UNIT()
NAMED_UNIT(*)
SI_UNIT($,.METRE.)
);
#3598=(
NAMED_UNIT(*)
PLANE_ANGLE_UNIT()
SI_UNIT($,.RADIAN.)
);
#3599=(
NAMED_UNIT(*)
SI_UNIT($,.STERADIAN.)
SOLID_ANGLE_UNIT()
);
#3600=SHAPE_DEFINITION_REPRESENTATION(#3601,#3602);
#3601=PRODUCT_DEFINITION_SHAPE('',$,#3604);
#3602=SHAPE_REPRESENTATION('',(#2046),#3594);
#3603=PRODUCT_DEFINITION_CONTEXT('part definition',#3608,'design');
#3604=PRODUCT_DEFINITION('2026-04-08-09-13-03-120','gripper_base',#3605,
#3603);
#3605=PRODUCT_DEFINITION_FORMATION('',$,#3610);
#3606=PRODUCT_RELATED_PRODUCT_CATEGORY('gripper_base','gripper_base',(#3610));
#3607=APPLICATION_PROTOCOL_DEFINITION('international standard',
'automotive_design',2009,#3608);
#3608=APPLICATION_CONTEXT(
'Core Data for Automotive Mechanical Design Process');
#3609=PRODUCT_CONTEXT('part definition',#3608,'mechanical');
#3610=PRODUCT('2026-04-08-09-13-03-120','gripper_base',$,(#3609));
#3611=PRESENTATION_STYLE_ASSIGNMENT((#3612));
#3612=SURFACE_STYLE_USAGE(.BOTH.,#3613);
#3613=SURFACE_SIDE_STYLE('',(#3614));
#3614=SURFACE_STYLE_FILL_AREA(#3615);
#3615=FILL_AREA_STYLE('\X2\AC15CCA0\X0\ - \X2\C0C8D2F4\X0\',(#3616));
#3616=FILL_AREA_STYLE_COLOUR('\X2\AC15CCA0\X0\ - \X2\C0C8D2F4\X0\',#3617);
#3617=COLOUR_RGB('\X2\AC15CCA0\X0\ - \X2\C0C8D2F4\X0\',0.627450980392157,
0.627450980392157,0.627450980392157);
ENDSEC;
END-ISO-10303-21;
