ISO-10303-21;
HEADER;
/* Generated by software containing ST-Developer
 * from STEP Tools, Inc. (www.steptools.com) 
 */

FILE_DESCRIPTION(
/* description */ (''),
/* implementation_level */ '2;1');

FILE_NAME(
/* name */ 'shoulder_link.step',
/* time_stamp */ '2026-06-11T21:53:58+09:00',
/* author */ (''),
/* organization */ (''),
/* preprocessor_version */ 'ST-DEVELOPER v20.1',
/* originating_system */ 'Autodesk Translation Framework v15.8.0.0',
/* authorisation */ '');

FILE_SCHEMA (('AUTOMOTIVE_DESIGN { 1 0 10303 214 3 1 1 }'));
ENDSEC;

DATA;
#10=MECHANICAL_DESIGN_GEOMETRIC_PRESENTATION_REPRESENTATION('',(#13),#4746);
#11=SHAPE_REPRESENTATION_RELATIONSHIP('SRR','None',#4753,#12);
#12=ADVANCED_BREP_SHAPE_REPRESENTATION('',(#14),#4745);
#13=STYLED_ITEM('',(#4762),#14);
#14=MANIFOLD_SOLID_BREP('\X2\BCF8CCB4\X0\7',#2427);
#15=TOROIDAL_SURFACE('',#2457,24.4,0.1);
#16=TOROIDAL_SURFACE('',#2459,24.4,0.1);
#17=TOROIDAL_SURFACE('',#2464,24.4,0.1);
#18=TOROIDAL_SURFACE('',#2474,23.5,1.);
#19=TOROIDAL_SURFACE('',#2495,23.5,1.);
#20=TOROIDAL_SURFACE('',#2497,23.5,1.);
#21=TOROIDAL_SURFACE('',#2499,23.5,1.);
#22=PLANE('',#2454);
#23=PLANE('',#2469);
#24=PLANE('',#2470);
#25=PLANE('',#2473);
#26=PLANE('',#2476);
#27=PLANE('',#2501);
#28=PLANE('',#2502);
#29=PLANE('',#2507);
#30=PLANE('',#2511);
#31=PLANE('',#2517);
#32=PLANE('',#2523);
#33=PLANE('',#2534);
#34=PLANE('',#2536);
#35=PLANE('',#2542);
#36=PLANE('',#2544);
#37=PLANE('',#2550);
#38=PLANE('',#2555);
#39=PLANE('',#2560);
#40=PLANE('',#2562);
#41=PLANE('',#2592);
#42=PLANE('',#2602);
#43=PLANE('',#2618);
#44=PLANE('',#2626);
#45=PLANE('',#2646);
#46=PLANE('',#2647);
#47=PLANE('',#2648);
#48=PLANE('',#2649);
#49=PLANE('',#2650);
#50=PLANE('',#2651);
#51=PLANE('',#2652);
#52=PLANE('',#2653);
#53=PLANE('',#2654);
#54=PLANE('',#2657);
#55=PLANE('',#2672);
#56=PLANE('',#2673);
#57=PLANE('',#2674);
#58=PLANE('',#2677);
#59=PLANE('',#2678);
#60=FACE_BOUND('',#489,.T.);
#61=FACE_BOUND('',#490,.T.);
#62=FACE_BOUND('',#491,.T.);
#63=FACE_BOUND('',#492,.T.);
#64=FACE_BOUND('',#494,.T.);
#65=FACE_BOUND('',#505,.T.);
#66=FACE_BOUND('',#506,.T.);
#67=FACE_BOUND('',#507,.T.);
#68=FACE_BOUND('',#508,.T.);
#69=FACE_BOUND('',#509,.T.);
#70=FACE_BOUND('',#510,.T.);
#71=FACE_BOUND('',#511,.T.);
#72=FACE_BOUND('',#512,.T.);
#73=FACE_BOUND('',#513,.T.);
#74=FACE_BOUND('',#514,.T.);
#75=FACE_BOUND('',#515,.T.);
#76=FACE_BOUND('',#516,.T.);
#77=FACE_BOUND('',#517,.T.);
#78=FACE_BOUND('',#518,.T.);
#79=FACE_BOUND('',#519,.T.);
#80=FACE_BOUND('',#520,.T.);
#81=FACE_BOUND('',#521,.T.);
#82=FACE_BOUND('',#522,.T.);
#83=FACE_BOUND('',#528,.T.);
#84=FACE_BOUND('',#529,.T.);
#85=FACE_BOUND('',#532,.T.);
#86=FACE_BOUND('',#535,.T.);
#87=FACE_BOUND('',#539,.T.);
#88=FACE_BOUND('',#542,.T.);
#89=FACE_BOUND('',#548,.T.);
#90=FACE_BOUND('',#550,.T.);
#91=FACE_BOUND('',#553,.T.);
#92=FACE_BOUND('',#555,.T.);
#93=FACE_BOUND('',#558,.T.);
#94=FACE_BOUND('',#561,.T.);
#95=FACE_BOUND('',#564,.T.);
#96=FACE_BOUND('',#566,.T.);
#97=FACE_BOUND('',#567,.T.);
#98=FACE_BOUND('',#568,.T.);
#99=FACE_BOUND('',#569,.T.);
#100=FACE_BOUND('',#570,.T.);
#101=FACE_BOUND('',#583,.T.);
#102=FACE_BOUND('',#584,.T.);
#103=FACE_BOUND('',#585,.T.);
#104=FACE_BOUND('',#586,.T.);
#105=FACE_BOUND('',#587,.T.);
#106=FACE_BOUND('',#588,.T.);
#107=FACE_BOUND('',#590,.T.);
#108=FACE_BOUND('',#591,.T.);
#109=FACE_BOUND('',#592,.T.);
#110=FACE_BOUND('',#593,.T.);
#111=FACE_BOUND('',#594,.T.);
#112=FACE_BOUND('',#595,.T.);
#113=FACE_BOUND('',#600,.T.);
#114=FACE_BOUND('',#601,.T.);
#115=FACE_BOUND('',#602,.T.);
#116=FACE_BOUND('',#603,.T.);
#117=FACE_BOUND('',#604,.T.);
#118=FACE_BOUND('',#605,.T.);
#119=FACE_BOUND('',#607,.T.);
#120=FACE_BOUND('',#608,.T.);
#121=FACE_BOUND('',#609,.T.);
#122=FACE_BOUND('',#610,.T.);
#123=FACE_BOUND('',#611,.T.);
#124=FACE_BOUND('',#612,.T.);
#125=FACE_BOUND('',#625,.T.);
#126=FACE_BOUND('',#627,.T.);
#127=FACE_BOUND('',#630,.T.);
#128=FACE_BOUND('',#631,.T.);
#129=FACE_BOUND('',#632,.T.);
#130=FACE_BOUND('',#633,.T.);
#131=FACE_BOUND('',#634,.T.);
#132=FACE_BOUND('',#635,.T.);
#133=FACE_BOUND('',#636,.T.);
#134=FACE_BOUND('',#637,.T.);
#135=FACE_BOUND('',#638,.T.);
#136=FACE_BOUND('',#639,.T.);
#137=FACE_BOUND('',#640,.T.);
#138=FACE_BOUND('',#641,.T.);
#139=FACE_BOUND('',#642,.T.);
#140=FACE_BOUND('',#643,.T.);
#141=FACE_BOUND('',#644,.T.);
#142=FACE_BOUND('',#645,.T.);
#143=FACE_BOUND('',#646,.T.);
#144=FACE_BOUND('',#647,.T.);
#145=FACE_BOUND('',#649,.T.);
#146=FACE_BOUND('',#654,.T.);
#147=FACE_BOUND('',#656,.T.);
#148=FACE_BOUND('',#657,.T.);
#149=FACE_BOUND('',#658,.T.);
#150=FACE_BOUND('',#659,.T.);
#151=FACE_BOUND('',#660,.T.);
#152=FACE_BOUND('',#661,.T.);
#153=FACE_BOUND('',#662,.T.);
#154=CIRCLE('',#2442,24.5);
#155=CIRCLE('',#2443,24.5);
#156=CIRCLE('',#2444,24.5);
#157=CIRCLE('',#2445,24.5);
#158=CIRCLE('',#2446,24.5);
#159=CIRCLE('',#2447,24.5);
#160=CIRCLE('',#2448,24.5);
#161=CIRCLE('',#2449,24.5);
#162=CIRCLE('',#2450,24.5);
#163=CIRCLE('',#2451,24.5);
#164=CIRCLE('',#2452,24.5);
#165=CIRCLE('',#2453,24.5);
#166=CIRCLE('',#2455,18.4);
#167=CIRCLE('',#2456,15.1001237753429);
#168=CIRCLE('',#2458,24.4);
#169=CIRCLE('',#2460,24.4);
#170=CIRCLE('',#2462,0.1);
#171=CIRCLE('',#2463,0.1);
#172=CIRCLE('',#2465,24.4);
#173=CIRCLE('',#2467,0.1);
#174=CIRCLE('',#2468,0.1);
#175=CIRCLE('',#2471,15.1001237753429);
#176=CIRCLE('',#2472,15.1001237753429);
#177=CIRCLE('',#2475,23.5);
#178=CIRCLE('',#2477,1.5);
#179=CIRCLE('',#2478,1.5);
#180=CIRCLE('',#2479,1.5);
#181=CIRCLE('',#2480,1.5);
#182=CIRCLE('',#2481,1.5);
#183=CIRCLE('',#2482,1.5);
#184=CIRCLE('',#2483,1.5);
#185=CIRCLE('',#2484,1.5);
#186=CIRCLE('',#2485,1.5);
#187=CIRCLE('',#2486,1.5);
#188=CIRCLE('',#2487,1.5);
#189=CIRCLE('',#2488,1.5);
#190=CIRCLE('',#2489,1.5);
#191=CIRCLE('',#2490,1.5);
#192=CIRCLE('',#2491,1.5);
#193=CIRCLE('',#2492,1.5);
#194=CIRCLE('',#2493,1.5);
#195=CIRCLE('',#2494,1.5);
#196=CIRCLE('',#2496,23.5);
#197=CIRCLE('',#2498,23.5);
#198=CIRCLE('',#2500,23.5);
#199=CIRCLE('',#2503,1.25);
#200=CIRCLE('',#2504,1.25);
#201=CIRCLE('',#2506,2.);
#202=CIRCLE('',#2508,1.25);
#203=CIRCLE('',#2510,2.);
#204=CIRCLE('',#2512,1.25);
#205=CIRCLE('',#2514,1.25);
#206=CIRCLE('',#2516,1.25);
#207=CIRCLE('',#2518,2.);
#208=CIRCLE('',#2519,2.);
#209=CIRCLE('',#2520,1.25);
#210=CIRCLE('',#2522,2.);
#211=CIRCLE('',#2524,2.);
#212=CIRCLE('',#2525,2.);
#213=CIRCLE('',#2526,1.25);
#214=CIRCLE('',#2528,2.);
#215=CIRCLE('',#2532,2.);
#216=CIRCLE('',#2533,2.);
#217=CIRCLE('',#2535,1.25);
#218=CIRCLE('',#2537,2.);
#219=CIRCLE('',#2538,1.25);
#220=CIRCLE('',#2540,2.);
#221=CIRCLE('',#2541,2.);
#222=CIRCLE('',#2543,1.25);
#223=CIRCLE('',#2545,2.);
#224=CIRCLE('',#2546,1.25);
#225=CIRCLE('',#2548,2.);
#226=CIRCLE('',#2549,2.);
#227=CIRCLE('',#2551,1.25);
#228=CIRCLE('',#2553,2.);
#229=CIRCLE('',#2554,2.);
#230=CIRCLE('',#2556,1.25);
#231=CIRCLE('',#2558,2.);
#232=CIRCLE('',#2559,2.);
#233=CIRCLE('',#2561,1.25);
#234=CIRCLE('',#2563,2.);
#235=CIRCLE('',#2564,2.);
#236=CIRCLE('',#2565,2.);
#237=CIRCLE('',#2566,2.);
#238=CIRCLE('',#2567,9.);
#239=CIRCLE('',#2569,1.25);
#240=CIRCLE('',#2571,1.25);
#241=CIRCLE('',#2573,1.25);
#242=CIRCLE('',#2575,1.25);
#243=CIRCLE('',#2577,1.25);
#244=CIRCLE('',#2579,1.25);
#245=CIRCLE('',#2581,1.25);
#246=CIRCLE('',#2583,2.);
#247=CIRCLE('',#2585,2.);
#248=CIRCLE('',#2587,1.5);
#249=CIRCLE('',#2588,1.5);
#250=CIRCLE('',#2590,1.5);
#251=CIRCLE('',#2591,1.5);
#252=CIRCLE('',#2593,1.5);
#253=CIRCLE('',#2594,1.5);
#254=CIRCLE('',#2595,1.5);
#255=CIRCLE('',#2596,1.5);
#256=CIRCLE('',#2597,1.5);
#257=CIRCLE('',#2598,1.5);
#258=CIRCLE('',#2599,1.5);
#259=CIRCLE('',#2600,1.5);
#260=CIRCLE('',#2601,1.5);
#261=CIRCLE('',#2603,1.5);
#262=CIRCLE('',#2604,1.5);
#263=CIRCLE('',#2605,1.5);
#264=CIRCLE('',#2606,1.5);
#265=CIRCLE('',#2607,1.5);
#266=CIRCLE('',#2608,1.5);
#267=CIRCLE('',#2609,1.5);
#268=CIRCLE('',#2610,1.5);
#269=CIRCLE('',#2613,1.5);
#270=CIRCLE('',#2614,1.5);
#271=CIRCLE('',#2616,1.5);
#272=CIRCLE('',#2617,1.5);
#273=CIRCLE('',#2619,1.5);
#274=CIRCLE('',#2620,1.5);
#275=CIRCLE('',#2621,1.5);
#276=CIRCLE('',#2622,1.5);
#277=CIRCLE('',#2623,1.5);
#278=CIRCLE('',#2624,1.5);
#279=CIRCLE('',#2625,1.5);
#280=CIRCLE('',#2627,1.5);
#281=CIRCLE('',#2628,1.5);
#282=CIRCLE('',#2629,1.5);
#283=CIRCLE('',#2630,1.5);
#284=CIRCLE('',#2631,1.5);
#285=CIRCLE('',#2632,1.5);
#286=CIRCLE('',#2633,1.5);
#287=CIRCLE('',#2634,1.5);
#288=CIRCLE('',#2635,1.5);
#289=CIRCLE('',#2636,1.5);
#290=CIRCLE('',#2637,1.5);
#291=CIRCLE('',#2638,1.5);
#292=CIRCLE('',#2640,1.5);
#293=CIRCLE('',#2642,1.5);
#294=CIRCLE('',#2645,15.1001237753429);
#295=CIRCLE('',#2656,9.);
#296=CIRCLE('',#2658,1.5);
#297=CIRCLE('',#2659,1.5);
#298=CIRCLE('',#2660,1.5);
#299=CIRCLE('',#2661,1.5);
#300=CIRCLE('',#2662,1.5);
#301=CIRCLE('',#2663,1.5);
#302=CIRCLE('',#2664,1.5);
#303=CIRCLE('',#2665,1.5);
#304=CIRCLE('',#2666,1.5);
#305=CIRCLE('',#2667,1.5);
#306=CIRCLE('',#2668,1.5);
#307=CIRCLE('',#2669,1.5);
#308=CIRCLE('',#2670,1.5);
#309=CIRCLE('',#2671,1.5);
#310=CIRCLE('',#2676,18.4);
#311=CYLINDRICAL_SURFACE('',#2441,24.5);
#312=CYLINDRICAL_SURFACE('',#2461,0.1);
#313=CYLINDRICAL_SURFACE('',#2466,0.1);
#314=CYLINDRICAL_SURFACE('',#2505,2.);
#315=CYLINDRICAL_SURFACE('',#2509,2.);
#316=CYLINDRICAL_SURFACE('',#2513,1.25);
#317=CYLINDRICAL_SURFACE('',#2515,1.25);
#318=CYLINDRICAL_SURFACE('',#2521,2.);
#319=CYLINDRICAL_SURFACE('',#2527,2.);
#320=CYLINDRICAL_SURFACE('',#2529,1.25);
#321=CYLINDRICAL_SURFACE('',#2530,1.25);
#322=CYLINDRICAL_SURFACE('',#2531,2.);
#323=CYLINDRICAL_SURFACE('',#2539,2.);
#324=CYLINDRICAL_SURFACE('',#2547,2.);
#325=CYLINDRICAL_SURFACE('',#2552,2.);
#326=CYLINDRICAL_SURFACE('',#2557,2.);
#327=CYLINDRICAL_SURFACE('',#2568,1.25);
#328=CYLINDRICAL_SURFACE('',#2570,1.25);
#329=CYLINDRICAL_SURFACE('',#2572,1.25);
#330=CYLINDRICAL_SURFACE('',#2574,1.25);
#331=CYLINDRICAL_SURFACE('',#2576,1.25);
#332=CYLINDRICAL_SURFACE('',#2578,1.25);
#333=CYLINDRICAL_SURFACE('',#2580,1.25);
#334=CYLINDRICAL_SURFACE('',#2582,2.);
#335=CYLINDRICAL_SURFACE('',#2584,2.);
#336=CYLINDRICAL_SURFACE('',#2586,1.5);
#337=CYLINDRICAL_SURFACE('',#2589,1.5);
#338=CYLINDRICAL_SURFACE('',#2611,1.5);
#339=CYLINDRICAL_SURFACE('',#2612,1.5);
#340=CYLINDRICAL_SURFACE('',#2615,1.5);
#341=CYLINDRICAL_SURFACE('',#2639,1.5);
#342=CYLINDRICAL_SURFACE('',#2641,1.5);
#343=CYLINDRICAL_SURFACE('',#2643,1.5);
#344=CYLINDRICAL_SURFACE('',#2644,15.1001237753429);
#345=CYLINDRICAL_SURFACE('',#2655,9.);
#346=CYLINDRICAL_SURFACE('',#2675,18.4);
#347=CYLINDRICAL_SURFACE('',#2679,1.5);
#348=CYLINDRICAL_SURFACE('',#2680,1.5);
#349=CYLINDRICAL_SURFACE('',#2681,1.5);
#350=CYLINDRICAL_SURFACE('',#2682,1.5);
#351=CYLINDRICAL_SURFACE('',#2683,1.5);
#352=CYLINDRICAL_SURFACE('',#2684,1.5);
#353=CYLINDRICAL_SURFACE('',#2685,1.5);
#354=CYLINDRICAL_SURFACE('',#2686,1.5);
#355=CYLINDRICAL_SURFACE('',#2687,1.5);
#356=CYLINDRICAL_SURFACE('',#2688,1.5);
#357=CYLINDRICAL_SURFACE('',#2689,1.5);
#358=CYLINDRICAL_SURFACE('',#2690,1.5);
#359=CYLINDRICAL_SURFACE('',#2691,1.5);
#360=CYLINDRICAL_SURFACE('',#2692,1.5);
#361=CYLINDRICAL_SURFACE('',#2693,1.5);
#362=CYLINDRICAL_SURFACE('',#2694,1.5);
#363=CYLINDRICAL_SURFACE('',#2695,1.5);
#364=CYLINDRICAL_SURFACE('',#2696,1.5);
#365=CYLINDRICAL_SURFACE('',#2697,1.5);
#366=CYLINDRICAL_SURFACE('',#2698,1.5);
#367=CYLINDRICAL_SURFACE('',#2699,1.5);
#368=CYLINDRICAL_SURFACE('',#2700,1.5);
#369=CYLINDRICAL_SURFACE('',#2701,1.5);
#370=CYLINDRICAL_SURFACE('',#2702,1.5);
#371=CYLINDRICAL_SURFACE('',#2703,1.5);
#372=CYLINDRICAL_SURFACE('',#2704,1.5);
#373=CYLINDRICAL_SURFACE('',#2705,1.5);
#374=CYLINDRICAL_SURFACE('',#2706,1.5);
#375=FACE_OUTER_BOUND('',#486,.T.);
#376=FACE_OUTER_BOUND('',#487,.T.);
#377=FACE_OUTER_BOUND('',#488,.T.);
#378=FACE_OUTER_BOUND('',#493,.T.);
#379=FACE_OUTER_BOUND('',#495,.T.);
#380=FACE_OUTER_BOUND('',#496,.T.);
#381=FACE_OUTER_BOUND('',#497,.T.);
#382=FACE_OUTER_BOUND('',#498,.T.);
#383=FACE_OUTER_BOUND('',#499,.T.);
#384=FACE_OUTER_BOUND('',#500,.T.);
#385=FACE_OUTER_BOUND('',#501,.T.);
#386=FACE_OUTER_BOUND('',#502,.T.);
#387=FACE_OUTER_BOUND('',#503,.T.);
#388=FACE_OUTER_BOUND('',#504,.T.);
#389=FACE_OUTER_BOUND('',#523,.T.);
#390=FACE_OUTER_BOUND('',#524,.T.);
#391=FACE_OUTER_BOUND('',#525,.T.);
#392=FACE_OUTER_BOUND('',#526,.T.);
#393=FACE_OUTER_BOUND('',#527,.T.);
#394=FACE_OUTER_BOUND('',#530,.T.);
#395=FACE_OUTER_BOUND('',#531,.T.);
#396=FACE_OUTER_BOUND('',#533,.T.);
#397=FACE_OUTER_BOUND('',#534,.T.);
#398=FACE_OUTER_BOUND('',#536,.T.);
#399=FACE_OUTER_BOUND('',#537,.T.);
#400=FACE_OUTER_BOUND('',#538,.T.);
#401=FACE_OUTER_BOUND('',#540,.T.);
#402=FACE_OUTER_BOUND('',#541,.T.);
#403=FACE_OUTER_BOUND('',#543,.T.);
#404=FACE_OUTER_BOUND('',#544,.T.);
#405=FACE_OUTER_BOUND('',#545,.T.);
#406=FACE_OUTER_BOUND('',#546,.T.);
#407=FACE_OUTER_BOUND('',#547,.T.);
#408=FACE_OUTER_BOUND('',#549,.T.);
#409=FACE_OUTER_BOUND('',#551,.T.);
#410=FACE_OUTER_BOUND('',#552,.T.);
#411=FACE_OUTER_BOUND('',#554,.T.);
#412=FACE_OUTER_BOUND('',#556,.T.);
#413=FACE_OUTER_BOUND('',#557,.T.);
#414=FACE_OUTER_BOUND('',#559,.T.);
#415=FACE_OUTER_BOUND('',#560,.T.);
#416=FACE_OUTER_BOUND('',#562,.T.);
#417=FACE_OUTER_BOUND('',#563,.T.);
#418=FACE_OUTER_BOUND('',#565,.T.);
#419=FACE_OUTER_BOUND('',#571,.T.);
#420=FACE_OUTER_BOUND('',#572,.T.);
#421=FACE_OUTER_BOUND('',#573,.T.);
#422=FACE_OUTER_BOUND('',#574,.T.);
#423=FACE_OUTER_BOUND('',#575,.T.);
#424=FACE_OUTER_BOUND('',#576,.T.);
#425=FACE_OUTER_BOUND('',#577,.T.);
#426=FACE_OUTER_BOUND('',#578,.T.);
#427=FACE_OUTER_BOUND('',#579,.T.);
#428=FACE_OUTER_BOUND('',#580,.T.);
#429=FACE_OUTER_BOUND('',#581,.T.);
#430=FACE_OUTER_BOUND('',#582,.T.);
#431=FACE_OUTER_BOUND('',#589,.T.);
#432=FACE_OUTER_BOUND('',#596,.T.);
#433=FACE_OUTER_BOUND('',#597,.T.);
#434=FACE_OUTER_BOUND('',#598,.T.);
#435=FACE_OUTER_BOUND('',#599,.T.);
#436=FACE_OUTER_BOUND('',#606,.T.);
#437=FACE_OUTER_BOUND('',#613,.T.);
#438=FACE_OUTER_BOUND('',#614,.T.);
#439=FACE_OUTER_BOUND('',#615,.T.);
#440=FACE_OUTER_BOUND('',#616,.T.);
#441=FACE_OUTER_BOUND('',#617,.T.);
#442=FACE_OUTER_BOUND('',#618,.T.);
#443=FACE_OUTER_BOUND('',#619,.T.);
#444=FACE_OUTER_BOUND('',#620,.T.);
#445=FACE_OUTER_BOUND('',#621,.T.);
#446=FACE_OUTER_BOUND('',#622,.T.);
#447=FACE_OUTER_BOUND('',#623,.T.);
#448=FACE_OUTER_BOUND('',#624,.T.);
#449=FACE_OUTER_BOUND('',#626,.T.);
#450=FACE_OUTER_BOUND('',#628,.T.);
#451=FACE_OUTER_BOUND('',#629,.T.);
#452=FACE_OUTER_BOUND('',#648,.T.);
#453=FACE_OUTER_BOUND('',#650,.T.);
#454=FACE_OUTER_BOUND('',#651,.T.);
#455=FACE_OUTER_BOUND('',#652,.T.);
#456=FACE_OUTER_BOUND('',#653,.T.);
#457=FACE_OUTER_BOUND('',#655,.T.);
#458=FACE_OUTER_BOUND('',#663,.T.);
#459=FACE_OUTER_BOUND('',#664,.T.);
#460=FACE_OUTER_BOUND('',#665,.T.);
#461=FACE_OUTER_BOUND('',#666,.T.);
#462=FACE_OUTER_BOUND('',#667,.T.);
#463=FACE_OUTER_BOUND('',#668,.T.);
#464=FACE_OUTER_BOUND('',#669,.T.);
#465=FACE_OUTER_BOUND('',#670,.T.);
#466=FACE_OUTER_BOUND('',#671,.T.);
#467=FACE_OUTER_BOUND('',#672,.T.);
#468=FACE_OUTER_BOUND('',#673,.T.);
#469=FACE_OUTER_BOUND('',#674,.T.);
#470=FACE_OUTER_BOUND('',#675,.T.);
#471=FACE_OUTER_BOUND('',#676,.T.);
#472=FACE_OUTER_BOUND('',#677,.T.);
#473=FACE_OUTER_BOUND('',#678,.T.);
#474=FACE_OUTER_BOUND('',#679,.T.);
#475=FACE_OUTER_BOUND('',#680,.T.);
#476=FACE_OUTER_BOUND('',#681,.T.);
#477=FACE_OUTER_BOUND('',#682,.T.);
#478=FACE_OUTER_BOUND('',#683,.T.);
#479=FACE_OUTER_BOUND('',#684,.T.);
#480=FACE_OUTER_BOUND('',#685,.T.);
#481=FACE_OUTER_BOUND('',#686,.T.);
#482=FACE_OUTER_BOUND('',#687,.T.);
#483=FACE_OUTER_BOUND('',#688,.T.);
#484=FACE_OUTER_BOUND('',#689,.T.);
#485=FACE_OUTER_BOUND('',#690,.T.);
#486=EDGE_LOOP('',(#1616,#1617,#1618));
#487=EDGE_LOOP('',(#1619,#1620,#1621));
#488=EDGE_LOOP('',(#1622,#1623,#1624,#1625,#1626,#1627,#1628,#1629,#1630,
#1631,#1632,#1633,#1634,#1635,#1636,#1637,#1638,#1639,#1640,#1641,#1642,
#1643,#1644,#1645));
#489=EDGE_LOOP('',(#1646,#1647));
#490=EDGE_LOOP('',(#1648,#1649));
#491=EDGE_LOOP('',(#1650));
#492=EDGE_LOOP('',(#1651));
#493=EDGE_LOOP('',(#1652));
#494=EDGE_LOOP('',(#1653));
#495=EDGE_LOOP('',(#1654,#1655,#1656,#1657));
#496=EDGE_LOOP('',(#1658,#1659,#1660,#1661,#1662));
#497=EDGE_LOOP('',(#1663,#1664,#1665,#1666,#1667,#1668));
#498=EDGE_LOOP('',(#1669,#1670,#1671,#1672));
#499=EDGE_LOOP('',(#1673,#1674,#1675,#1676,#1677,#1678));
#500=EDGE_LOOP('',(#1679,#1680,#1681,#1682,#1683,#1684,#1685,#1686));
#501=EDGE_LOOP('',(#1687,#1688,#1689,#1690,#1691,#1692,#1693));
#502=EDGE_LOOP('',(#1694,#1695,#1696,#1697,#1698,#1699,#1700,#1701));
#503=EDGE_LOOP('',(#1702,#1703,#1704,#1705));
#504=EDGE_LOOP('',(#1706,#1707,#1708,#1709,#1710,#1711,#1712,#1713));
#505=EDGE_LOOP('',(#1714));
#506=EDGE_LOOP('',(#1715));
#507=EDGE_LOOP('',(#1716));
#508=EDGE_LOOP('',(#1717));
#509=EDGE_LOOP('',(#1718));
#510=EDGE_LOOP('',(#1719));
#511=EDGE_LOOP('',(#1720));
#512=EDGE_LOOP('',(#1721));
#513=EDGE_LOOP('',(#1722));
#514=EDGE_LOOP('',(#1723));
#515=EDGE_LOOP('',(#1724));
#516=EDGE_LOOP('',(#1725));
#517=EDGE_LOOP('',(#1726));
#518=EDGE_LOOP('',(#1727));
#519=EDGE_LOOP('',(#1728));
#520=EDGE_LOOP('',(#1729));
#521=EDGE_LOOP('',(#1730));
#522=EDGE_LOOP('',(#1731));
#523=EDGE_LOOP('',(#1732,#1733,#1734,#1735,#1736));
#524=EDGE_LOOP('',(#1737,#1738,#1739,#1740));
#525=EDGE_LOOP('',(#1741,#1742,#1743,#1744));
#526=EDGE_LOOP('',(#1745,#1746,#1747,#1748,#1749,#1750,#1751,#1752,#1753,
#1754,#1755));
#527=EDGE_LOOP('',(#1756,#1757,#1758,#1759,#1760,#1761,#1762,#1763,#1764,
#1765,#1766,#1767));
#528=EDGE_LOOP('',(#1768));
#529=EDGE_LOOP('',(#1769));
#530=EDGE_LOOP('',(#1770,#1771,#1772,#1773));
#531=EDGE_LOOP('',(#1774));
#532=EDGE_LOOP('',(#1775));
#533=EDGE_LOOP('',(#1776,#1777,#1778,#1779));
#534=EDGE_LOOP('',(#1780));
#535=EDGE_LOOP('',(#1781));
#536=EDGE_LOOP('',(#1782,#1783,#1784,#1785));
#537=EDGE_LOOP('',(#1786,#1787,#1788,#1789));
#538=EDGE_LOOP('',(#1790,#1791,#1792,#1793));
#539=EDGE_LOOP('',(#1794));
#540=EDGE_LOOP('',(#1795,#1796,#1797,#1798,#1799,#1800,#1801));
#541=EDGE_LOOP('',(#1802,#1803,#1804,#1805));
#542=EDGE_LOOP('',(#1806));
#543=EDGE_LOOP('',(#1807,#1808,#1809,#1810,#1811,#1812,#1813));
#544=EDGE_LOOP('',(#1814,#1815,#1816,#1817));
#545=EDGE_LOOP('',(#1818,#1819,#1820,#1821));
#546=EDGE_LOOP('',(#1822,#1823,#1824,#1825));
#547=EDGE_LOOP('',(#1826));
#548=EDGE_LOOP('',(#1827));
#549=EDGE_LOOP('',(#1828));
#550=EDGE_LOOP('',(#1829));
#551=EDGE_LOOP('',(#1830,#1831,#1832,#1833));
#552=EDGE_LOOP('',(#1834));
#553=EDGE_LOOP('',(#1835));
#554=EDGE_LOOP('',(#1836));
#555=EDGE_LOOP('',(#1837));
#556=EDGE_LOOP('',(#1838,#1839,#1840,#1841));
#557=EDGE_LOOP('',(#1842));
#558=EDGE_LOOP('',(#1843));
#559=EDGE_LOOP('',(#1844,#1845,#1846,#1847));
#560=EDGE_LOOP('',(#1848));
#561=EDGE_LOOP('',(#1849));
#562=EDGE_LOOP('',(#1850,#1851,#1852,#1853));
#563=EDGE_LOOP('',(#1854));
#564=EDGE_LOOP('',(#1855));
#565=EDGE_LOOP('',(#1856,#1857,#1858,#1859,#1860,#1861,#1862,#1863,#1864,
#1865,#1866,#1867,#1868,#1869,#1870,#1871,#1872,#1873));
#566=EDGE_LOOP('',(#1874));
#567=EDGE_LOOP('',(#1875));
#568=EDGE_LOOP('',(#1876));
#569=EDGE_LOOP('',(#1877));
#570=EDGE_LOOP('',(#1878));
#571=EDGE_LOOP('',(#1879,#1880,#1881,#1882));
#572=EDGE_LOOP('',(#1883,#1884,#1885,#1886));
#573=EDGE_LOOP('',(#1887,#1888,#1889,#1890));
#574=EDGE_LOOP('',(#1891,#1892,#1893,#1894));
#575=EDGE_LOOP('',(#1895,#1896,#1897,#1898));
#576=EDGE_LOOP('',(#1899,#1900,#1901,#1902));
#577=EDGE_LOOP('',(#1903,#1904,#1905,#1906));
#578=EDGE_LOOP('',(#1907,#1908,#1909,#1910,#1911,#1912,#1913,#1914,#1915,
#1916,#1917,#1918,#1919,#1920,#1921,#1922,#1923,#1924,#1925,#1926,#1927,
#1928,#1929));
#579=EDGE_LOOP('',(#1930,#1931,#1932,#1933,#1934,#1935,#1936,#1937,#1938,
#1939,#1940,#1941,#1942,#1943,#1944,#1945,#1946,#1947,#1948,#1949,#1950,
#1951,#1952));
#580=EDGE_LOOP('',(#1953,#1954,#1955,#1956,#1957,#1958));
#581=EDGE_LOOP('',(#1959,#1960,#1961,#1962,#1963,#1964));
#582=EDGE_LOOP('',(#1965,#1966,#1967,#1968,#1969,#1970,#1971,#1972,#1973,
#1974));
#583=EDGE_LOOP('',(#1975));
#584=EDGE_LOOP('',(#1976));
#585=EDGE_LOOP('',(#1977));
#586=EDGE_LOOP('',(#1978));
#587=EDGE_LOOP('',(#1979));
#588=EDGE_LOOP('',(#1980));
#589=EDGE_LOOP('',(#1981,#1982,#1983,#1984,#1985,#1986,#1987,#1988,#1989,
#1990,#1991,#1992,#1993));
#590=EDGE_LOOP('',(#1994));
#591=EDGE_LOOP('',(#1995));
#592=EDGE_LOOP('',(#1996));
#593=EDGE_LOOP('',(#1997));
#594=EDGE_LOOP('',(#1998));
#595=EDGE_LOOP('',(#1999));
#596=EDGE_LOOP('',(#2000,#2001,#2002,#2003,#2004,#2005));
#597=EDGE_LOOP('',(#2006,#2007,#2008,#2009,#2010,#2011));
#598=EDGE_LOOP('',(#2012,#2013,#2014,#2015,#2016,#2017));
#599=EDGE_LOOP('',(#2018,#2019,#2020,#2021,#2022,#2023,#2024,#2025,#2026,
#2027));
#600=EDGE_LOOP('',(#2028));
#601=EDGE_LOOP('',(#2029));
#602=EDGE_LOOP('',(#2030));
#603=EDGE_LOOP('',(#2031));
#604=EDGE_LOOP('',(#2032));
#605=EDGE_LOOP('',(#2033));
#606=EDGE_LOOP('',(#2034,#2035,#2036,#2037,#2038,#2039,#2040,#2041,#2042,
#2043,#2044,#2045,#2046));
#607=EDGE_LOOP('',(#2047));
#608=EDGE_LOOP('',(#2048));
#609=EDGE_LOOP('',(#2049));
#610=EDGE_LOOP('',(#2050));
#611=EDGE_LOOP('',(#2051));
#612=EDGE_LOOP('',(#2052));
#613=EDGE_LOOP('',(#2053,#2054,#2055,#2056,#2057,#2058));
#614=EDGE_LOOP('',(#2059,#2060,#2061,#2062));
#615=EDGE_LOOP('',(#2063,#2064,#2065,#2066));
#616=EDGE_LOOP('',(#2067,#2068,#2069,#2070,#2071,#2072,#2073,#2074));
#617=EDGE_LOOP('',(#2075,#2076,#2077,#2078,#2079));
#618=EDGE_LOOP('',(#2080,#2081,#2082,#2083,#2084,#2085));
#619=EDGE_LOOP('',(#2086,#2087,#2088,#2089,#2090));
#620=EDGE_LOOP('',(#2091,#2092,#2093,#2094,#2095,#2096));
#621=EDGE_LOOP('',(#2097,#2098,#2099,#2100));
#622=EDGE_LOOP('',(#2101,#2102,#2103,#2104));
#623=EDGE_LOOP('',(#2105,#2106,#2107,#2108));
#624=EDGE_LOOP('',(#2109,#2110,#2111,#2112));
#625=EDGE_LOOP('',(#2113));
#626=EDGE_LOOP('',(#2114,#2115,#2116,#2117));
#627=EDGE_LOOP('',(#2118));
#628=EDGE_LOOP('',(#2119,#2120,#2121,#2122));
#629=EDGE_LOOP('',(#2123,#2124,#2125,#2126,#2127,#2128,#2129,#2130));
#630=EDGE_LOOP('',(#2131));
#631=EDGE_LOOP('',(#2132));
#632=EDGE_LOOP('',(#2133));
#633=EDGE_LOOP('',(#2134));
#634=EDGE_LOOP('',(#2135));
#635=EDGE_LOOP('',(#2136));
#636=EDGE_LOOP('',(#2137));
#637=EDGE_LOOP('',(#2138));
#638=EDGE_LOOP('',(#2139));
#639=EDGE_LOOP('',(#2140));
#640=EDGE_LOOP('',(#2141));
#641=EDGE_LOOP('',(#2142));
#642=EDGE_LOOP('',(#2143));
#643=EDGE_LOOP('',(#2144));
#644=EDGE_LOOP('',(#2145));
#645=EDGE_LOOP('',(#2146));
#646=EDGE_LOOP('',(#2147));
#647=EDGE_LOOP('',(#2148));
#648=EDGE_LOOP('',(#2149,#2150,#2151,#2152));
#649=EDGE_LOOP('',(#2153,#2154,#2155,#2156,#2157,#2158,#2159,#2160,#2161,
#2162,#2163,#2164,#2165,#2166,#2167,#2168));
#650=EDGE_LOOP('',(#2169,#2170));
#651=EDGE_LOOP('',(#2171,#2172));
#652=EDGE_LOOP('',(#2173,#2174,#2175,#2176));
#653=EDGE_LOOP('',(#2177));
#654=EDGE_LOOP('',(#2178));
#655=EDGE_LOOP('',(#2179,#2180,#2181,#2182));
#656=EDGE_LOOP('',(#2183));
#657=EDGE_LOOP('',(#2184));
#658=EDGE_LOOP('',(#2185));
#659=EDGE_LOOP('',(#2186));
#660=EDGE_LOOP('',(#2187));
#661=EDGE_LOOP('',(#2188));
#662=EDGE_LOOP('',(#2189));
#663=EDGE_LOOP('',(#2190,#2191,#2192,#2193));
#664=EDGE_LOOP('',(#2194,#2195,#2196,#2197,#2198,#2199));
#665=EDGE_LOOP('',(#2200,#2201,#2202,#2203,#2204,#2205));
#666=EDGE_LOOP('',(#2206,#2207,#2208,#2209));
#667=EDGE_LOOP('',(#2210,#2211,#2212,#2213));
#668=EDGE_LOOP('',(#2214,#2215,#2216,#2217));
#669=EDGE_LOOP('',(#2218,#2219,#2220,#2221,#2222,#2223));
#670=EDGE_LOOP('',(#2224,#2225,#2226,#2227));
#671=EDGE_LOOP('',(#2228,#2229,#2230,#2231));
#672=EDGE_LOOP('',(#2232,#2233,#2234,#2235));
#673=EDGE_LOOP('',(#2236,#2237,#2238,#2239));
#674=EDGE_LOOP('',(#2240,#2241,#2242,#2243));
#675=EDGE_LOOP('',(#2244,#2245,#2246,#2247));
#676=EDGE_LOOP('',(#2248,#2249,#2250,#2251,#2252,#2253));
#677=EDGE_LOOP('',(#2254,#2255,#2256,#2257));
#678=EDGE_LOOP('',(#2258,#2259,#2260,#2261));
#679=EDGE_LOOP('',(#2262,#2263,#2264,#2265));
#680=EDGE_LOOP('',(#2266,#2267,#2268,#2269));
#681=EDGE_LOOP('',(#2270,#2271,#2272,#2273));
#682=EDGE_LOOP('',(#2274,#2275,#2276,#2277));
#683=EDGE_LOOP('',(#2278,#2279,#2280,#2281));
#684=EDGE_LOOP('',(#2282,#2283,#2284,#2285));
#685=EDGE_LOOP('',(#2286,#2287,#2288,#2289,#2290,#2291));
#686=EDGE_LOOP('',(#2292,#2293,#2294,#2295,#2296,#2297));
#687=EDGE_LOOP('',(#2298,#2299,#2300,#2301));
#688=EDGE_LOOP('',(#2302,#2303,#2304,#2305));
#689=EDGE_LOOP('',(#2306,#2307,#2308,#2309));
#690=EDGE_LOOP('',(#2310,#2311,#2312,#2313));
#691=LINE('',#3439,#843);
#692=LINE('',#3515,#844);
#693=LINE('',#3521,#845);
#694=LINE('',#3525,#846);
#695=LINE('',#3529,#847);
#696=LINE('',#3534,#848);
#697=LINE('',#3538,#849);
#698=LINE('',#3543,#850);
#699=LINE('',#3549,#851);
#700=LINE('',#3552,#852);
#701=LINE('',#3778,#853);
#702=LINE('',#3786,#854);
#703=LINE('',#3790,#855);
#704=LINE('',#3792,#856);
#705=LINE('',#3794,#857);
#706=LINE('',#3796,#858);
#707=LINE('',#3798,#859);
#708=LINE('',#3800,#860);
#709=LINE('',#3801,#861);
#710=LINE('',#3804,#862);
#711=LINE('',#3810,#863);
#712=LINE('',#3812,#864);
#713=LINE('',#3814,#865);
#714=LINE('',#3816,#866);
#715=LINE('',#3818,#867);
#716=LINE('',#3819,#868);
#717=LINE('',#3846,#869);
#718=LINE('',#3869,#870);
#719=LINE('',#3956,#871);
#720=LINE('',#3959,#872);
#721=LINE('',#3961,#873);
#722=LINE('',#3963,#874);
#723=LINE('',#3965,#875);
#724=LINE('',#3967,#876);
#725=LINE('',#3969,#877);
#726=LINE('',#3971,#878);
#727=LINE('',#3973,#879);
#728=LINE('',#3974,#880);
#729=LINE('',#3981,#881);
#730=LINE('',#3988,#882);
#731=LINE('',#3995,#883);
#732=LINE('',#3999,#884);
#733=LINE('',#4004,#885);
#734=LINE('',#4009,#886);
#735=LINE('',#4013,#887);
#736=LINE('',#4018,#888);
#737=LINE('',#4023,#889);
#738=LINE('',#4027,#890);
#739=LINE('',#4030,#891);
#740=LINE('',#4032,#892);
#741=LINE('',#4037,#893);
#742=LINE('',#4051,#894);
#743=LINE('',#4065,#895);
#744=LINE('',#4074,#896);
#745=LINE('',#4083,#897);
#746=LINE('',#4095,#898);
#747=LINE('',#4097,#899);
#748=LINE('',#4099,#900);
#749=LINE('',#4101,#901);
#750=LINE('',#4103,#902);
#751=LINE('',#4105,#903);
#752=LINE('',#4107,#904);
#753=LINE('',#4112,#905);
#754=LINE('',#4114,#906);
#755=LINE('',#4117,#907);
#756=LINE('',#4121,#908);
#757=LINE('',#4125,#909);
#758=LINE('',#4129,#910);
#759=LINE('',#4133,#911);
#760=LINE('',#4137,#912);
#761=LINE('',#4141,#913);
#762=LINE('',#4169,#914);
#763=LINE('',#4173,#915);
#764=LINE('',#4205,#916);
#765=LINE('',#4237,#917);
#766=LINE('',#4268,#918);
#767=LINE('',#4269,#919);
#768=LINE('',#4271,#920);
#769=LINE('',#4296,#921);
#770=LINE('',#4320,#922);
#771=LINE('',#4348,#923);
#772=LINE('',#4374,#924);
#773=LINE('',#4399,#925);
#774=LINE('',#4400,#926);
#775=LINE('',#4402,#927);
#776=LINE('',#4434,#928);
#777=LINE('',#4466,#929);
#778=LINE('',#4498,#930);
#779=LINE('',#4501,#931);
#780=LINE('',#4504,#932);
#781=LINE('',#4509,#933);
#782=LINE('',#4514,#934);
#783=LINE('',#4515,#935);
#784=LINE('',#4532,#936);
#785=LINE('',#4549,#937);
#786=LINE('',#4552,#938);
#787=LINE('',#4557,#939);
#788=LINE('',#4563,#940);
#789=LINE('',#4564,#941);
#790=LINE('',#4578,#942);
#791=LINE('',#4602,#943);
#792=LINE('',#4606,#944);
#793=LINE('',#4609,#945);
#794=LINE('',#4611,#946);
#795=LINE('',#4615,#947);
#796=LINE('',#4616,#948);
#797=LINE('',#4617,#949);
#798=LINE('',#4620,#950);
#799=LINE('',#4621,#951);
#800=LINE('',#4622,#952);
#801=LINE('',#4624,#953);
#802=LINE('',#4625,#954);
#803=LINE('',#4630,#955);
#804=LINE('',#4631,#956);
#805=LINE('',#4632,#957);
#806=LINE('',#4635,#958);
#807=LINE('',#4636,#959);
#808=LINE('',#4639,#960);
#809=LINE('',#4640,#961);
#810=LINE('',#4642,#962);
#811=LINE('',#4644,#963);
#812=LINE('',#4648,#964);
#813=LINE('',#4649,#965);
#814=LINE('',#4683,#966);
#815=LINE('',#4688,#967);
#816=LINE('',#4690,#968);
#817=LINE('',#4692,#969);
#818=LINE('',#4694,#970);
#819=LINE('',#4696,#971);
#820=LINE('',#4698,#972);
#821=LINE('',#4700,#973);
#822=LINE('',#4702,#974);
#823=LINE('',#4704,#975);
#824=LINE('',#4706,#976);
#825=LINE('',#4708,#977);
#826=LINE('',#4710,#978);
#827=LINE('',#4712,#979);
#828=LINE('',#4714,#980);
#829=LINE('',#4716,#981);
#830=LINE('',#4718,#982);
#831=LINE('',#4720,#983);
#832=LINE('',#4722,#984);
#833=LINE('',#4724,#985);
#834=LINE('',#4726,#986);
#835=LINE('',#4728,#987);
#836=LINE('',#4730,#988);
#837=LINE('',#4732,#989);
#838=LINE('',#4734,#990);
#839=LINE('',#4736,#991);
#840=LINE('',#4738,#992);
#841=LINE('',#4740,#993);
#842=LINE('',#4742,#994);
#843=VECTOR('',#2709,10.);
#844=VECTOR('',#2710,10.);
#845=VECTOR('',#2715,10.);
#846=VECTOR('',#2718,10.);
#847=VECTOR('',#2721,24.5);
#848=VECTOR('',#2726,10.);
#849=VECTOR('',#2729,24.5);
#850=VECTOR('',#2734,10.);
#851=VECTOR('',#2741,10.);
#852=VECTOR('',#2744,10.);
#853=VECTOR('',#2763,10.);
#854=VECTOR('',#2774,10.);
#855=VECTOR('',#2779,10.);
#856=VECTOR('',#2780,10.);
#857=VECTOR('',#2781,10.);
#858=VECTOR('',#2782,10.);
#859=VECTOR('',#2783,10.);
#860=VECTOR('',#2784,10.);
#861=VECTOR('',#2785,10.);
#862=VECTOR('',#2788,10.);
#863=VECTOR('',#2795,10.);
#864=VECTOR('',#2796,10.);
#865=VECTOR('',#2797,10.);
#866=VECTOR('',#2798,10.);
#867=VECTOR('',#2799,10.);
#868=VECTOR('',#2800,10.);
#869=VECTOR('',#2807,10.);
#870=VECTOR('',#2808,10.);
#871=VECTOR('',#2859,10.);
#872=VECTOR('',#2862,10.);
#873=VECTOR('',#2863,10.);
#874=VECTOR('',#2864,10.);
#875=VECTOR('',#2865,10.);
#876=VECTOR('',#2866,10.);
#877=VECTOR('',#2867,10.);
#878=VECTOR('',#2868,10.);
#879=VECTOR('',#2869,10.);
#880=VECTOR('',#2870,10.);
#881=VECTOR('',#2877,2.);
#882=VECTOR('',#2886,2.);
#883=VECTOR('',#2895,1.25);
#884=VECTOR('',#2900,1.25);
#885=VECTOR('',#2905,10.);
#886=VECTOR('',#2910,10.);
#887=VECTOR('',#2915,2.);
#888=VECTOR('',#2920,10.);
#889=VECTOR('',#2925,10.);
#890=VECTOR('',#2930,2.);
#891=VECTOR('',#2935,1.25);
#892=VECTOR('',#2938,1.25);
#893=VECTOR('',#2943,2.);
#894=VECTOR('',#2960,2.);
#895=VECTOR('',#2977,2.);
#896=VECTOR('',#2988,2.);
#897=VECTOR('',#2999,2.);
#898=VECTOR('',#3012,10.);
#899=VECTOR('',#3013,10.);
#900=VECTOR('',#3014,10.);
#901=VECTOR('',#3015,10.);
#902=VECTOR('',#3016,10.);
#903=VECTOR('',#3017,10.);
#904=VECTOR('',#3018,10.);
#905=VECTOR('',#3023,10.);
#906=VECTOR('',#3026,10.);
#907=VECTOR('',#3029,1.25);
#908=VECTOR('',#3034,1.25);
#909=VECTOR('',#3039,1.25);
#910=VECTOR('',#3044,1.25);
#911=VECTOR('',#3049,1.25);
#912=VECTOR('',#3054,1.25);
#913=VECTOR('',#3059,1.25);
#914=VECTOR('',#3064,10.);
#915=VECTOR('',#3067,10.);
#916=VECTOR('',#3068,10.);
#917=VECTOR('',#3069,10.);
#918=VECTOR('',#3070,10.);
#919=VECTOR('',#3071,2.);
#920=VECTOR('',#3072,10.);
#921=VECTOR('',#3073,10.);
#922=VECTOR('',#3074,10.);
#923=VECTOR('',#3077,10.);
#924=VECTOR('',#3078,10.);
#925=VECTOR('',#3079,10.);
#926=VECTOR('',#3080,2.);
#927=VECTOR('',#3081,10.);
#928=VECTOR('',#3082,10.);
#929=VECTOR('',#3083,10.);
#930=VECTOR('',#3084,10.);
#931=VECTOR('',#3087,10.);
#932=VECTOR('',#3090,1.5);
#933=VECTOR('',#3097,1.5);
#934=VECTOR('',#3104,10.);
#935=VECTOR('',#3105,10.);
#936=VECTOR('',#3126,10.);
#937=VECTOR('',#3145,1.5);
#938=VECTOR('',#3148,1.5);
#939=VECTOR('',#3155,1.5);
#940=VECTOR('',#3164,10.);
#941=VECTOR('',#3165,10.);
#942=VECTOR('',#3180,10.);
#943=VECTOR('',#3207,1.5);
#944=VECTOR('',#3212,1.5);
#945=VECTOR('',#3217,1.5);
#946=VECTOR('',#3220,15.1001237753429);
#947=VECTOR('',#3225,10.);
#948=VECTOR('',#3226,10.);
#949=VECTOR('',#3227,10.);
#950=VECTOR('',#3230,10.);
#951=VECTOR('',#3231,10.);
#952=VECTOR('',#3232,10.);
#953=VECTOR('',#3235,10.);
#954=VECTOR('',#3236,10.);
#955=VECTOR('',#3241,10.);
#956=VECTOR('',#3242,10.);
#957=VECTOR('',#3243,10.);
#958=VECTOR('',#3246,10.);
#959=VECTOR('',#3247,10.);
#960=VECTOR('',#3250,10.);
#961=VECTOR('',#3251,10.);
#962=VECTOR('',#3254,10.);
#963=VECTOR('',#3257,10.);
#964=VECTOR('',#3264,10.);
#965=VECTOR('',#3265,10.);
#966=VECTOR('',#3302,18.4);
#967=VECTOR('',#3311,1.5);
#968=VECTOR('',#3314,1.5);
#969=VECTOR('',#3317,1.5);
#970=VECTOR('',#3320,1.5);
#971=VECTOR('',#3323,1.5);
#972=VECTOR('',#3326,1.5);
#973=VECTOR('',#3329,1.5);
#974=VECTOR('',#3332,1.5);
#975=VECTOR('',#3335,1.5);
#976=VECTOR('',#3338,1.5);
#977=VECTOR('',#3341,1.5);
#978=VECTOR('',#3344,1.5);
#979=VECTOR('',#3347,1.5);
#980=VECTOR('',#3350,1.5);
#981=VECTOR('',#3353,1.5);
#982=VECTOR('',#3356,1.5);
#983=VECTOR('',#3359,1.5);
#984=VECTOR('',#3362,1.5);
#985=VECTOR('',#3365,1.5);
#986=VECTOR('',#3368,1.5);
#987=VECTOR('',#3371,1.5);
#988=VECTOR('',#3374,1.5);
#989=VECTOR('',#3377,1.5);
#990=VECTOR('',#3380,1.5);
#991=VECTOR('',#3383,1.5);
#992=VECTOR('',#3386,1.5);
#993=VECTOR('',#3389,1.5);
#994=VECTOR('',#3392,1.5);
#995=B_SPLINE_CURVE_WITH_KNOTS('',3,(#3420,#3421,#3422,#3423,#3424,#3425,
#3426,#3427,#3428,#3429,#3430,#3431,#3432,#3433,#3434,#3435,#3436,#3437),
 .UNSPECIFIED.,.F.,.F.,(4,2,2,2,2,2,2,2,4),(0.,0.0276783355195135,0.0414507687991462,
0.0480975938925494,0.0515737403998978,0.05326837412596,0.0541466538264193,
0.0545917743784706,0.055029594899336),.UNSPECIFIED.);
#996=B_SPLINE_CURVE_WITH_KNOTS('',3,(#3440,#3441,#3442,#3443,#3444,#3445,
#3446,#3447,#3448,#3449,#3450,#3451,#3452,#3453,#3454,#3455),
 .UNSPECIFIED.,.F.,.F.,(4,3,3,3,3,4),(0.168004458363153,0.189882487036422,
0.211760515709692,0.217789710568992,0.219058225747574,0.219958828458592),
 .UNSPECIFIED.);
#997=B_SPLINE_CURVE_WITH_KNOTS('',3,(#3482,#3483,#3484,#3485,#3486,#3487,
#3488,#3489,#3490,#3491,#3492,#3493,#3494,#3495,#3496,#3497),
 .UNSPECIFIED.,.F.,.F.,(4,2,2,2,2,2,2,4),(0.,0.000826331969521066,0.00179318452767612,
0.00330682253477548,0.00675556332610805,0.0114750511417218,0.0290249632445773,
0.0419074767651407),.UNSPECIFIED.);
#998=B_SPLINE_CURVE_WITH_KNOTS('',3,(#3499,#3500,#3501,#3502,#3503,#3504,
#3505,#3506,#3507,#3508,#3509,#3510,#3511,#3512,#3513,#3514),
 .UNSPECIFIED.,.F.,.F.,(4,3,3,3,3,4),(0.,0.000900602711018036,0.00216911788960047,
0.00819831274890066,0.0300763414221702,0.0519543700954397),
 .UNSPECIFIED.);
#999=B_SPLINE_CURVE_WITH_KNOTS('',3,(#3555,#3556,#3557,#3558,#3559,#3560,
#3561,#3562,#3563,#3564,#3565,#3566,#3567,#3568,#3569,#3570,#3571,#3572),
 .UNSPECIFIED.,.F.,.F.,(4,2,2,2,2,2,2,2,4),(0.,0.0764419226211152,0.15288384524223,
0.233458240045776,0.314032634849321,0.39641880459426,0.478804974339199,
0.556519284673989,0.634233595008779),.UNSPECIFIED.);
#1000=B_SPLINE_CURVE_WITH_KNOTS('',3,(#3573,#3574,#3575,#3576,#3577,#3578,
#3579,#3580,#3581,#3582,#3583,#3584,#3585,#3586,#3587,#3588,#3589,#3590),
 .UNSPECIFIED.,.F.,.F.,(4,2,2,2,2,2,2,2,4),(0.634233595008779,0.709463539329265,
0.784693483649751,0.869547134045642,0.954400784441532,1.03652767664416,
1.11865456884679,1.19354115561427,1.26842774238175),.UNSPECIFIED.);
#1001=B_SPLINE_CURVE_WITH_KNOTS('',3,(#3593,#3594,#3595,#3596,#3597,#3598,
#3599,#3600,#3601,#3602,#3603,#3604,#3605,#3606,#3607,#3608,#3609,#3610),
 .UNSPECIFIED.,.F.,.F.,(4,2,2,2,2,2,2,2,4),(0.,0.0777143103347897,0.155428620669579,
0.237814790414519,0.320200960159458,0.400775354963003,0.481349749766549,
0.557791672387664,0.634233595008779),.UNSPECIFIED.);
#1002=B_SPLINE_CURVE_WITH_KNOTS('',3,(#3611,#3612,#3613,#3614,#3615,#3616,
#3617,#3618,#3619,#3620,#3621,#3622,#3623,#3624,#3625,#3626,#3627,#3628),
 .UNSPECIFIED.,.F.,.F.,(4,2,2,2,2,2,2,2,4),(0.634233595008779,0.709120181776258,
0.784006768543736,0.866133660746368,0.948260552948999,1.03311420334489,
1.11796785374078,1.19319779806127,1.26842774238175),.UNSPECIFIED.);
#1003=B_SPLINE_CURVE_WITH_KNOTS('',3,(#3630,#3631,#3632,#3633,#3634,#3635,
#3636,#3637,#3638,#3639,#3640,#3641,#3642,#3643,#3644,#3645,#3646,#3647,
#3648,#3649,#3650,#3651,#3652,#3653,#3654,#3655,#3656,#3657,#3658,#3659,
#3660,#3661,#3662,#3663),.UNSPECIFIED.,.T.,.F.,(4,2,2,2,2,2,2,2,2,2,2,2,
2,2,2,2,4),(0.,0.0748865867674782,0.149773173534956,0.231900065737588,0.31402695794022,
0.39888060833611,0.483734258732,0.558964203052487,0.634194147372973,0.709424091693459,
0.784654036013945,0.869507686409836,0.954361336805726,1.03648822900836,
1.11861512121099,1.19350170797847,1.26838829474595),.UNSPECIFIED.);
#1004=B_SPLINE_CURVE_WITH_KNOTS('',3,(#3665,#3666,#3667,#3668,#3669,#3670,
#3671,#3672,#3673,#3674,#3675,#3676,#3677,#3678,#3679,#3680,#3681,#3682,
#3683,#3684,#3685,#3686,#3687,#3688,#3689,#3690,#3691,#3692,#3693,#3694,
#3695,#3696,#3697,#3698),.UNSPECIFIED.,.T.,.F.,(4,2,2,2,2,2,2,2,2,2,2,2,
2,2,2,2,4),(0.,0.0752299443204863,0.150459888640973,0.235313539036863,0.320167189432753,
0.402294081635385,0.484420973838016,0.559307560605495,0.634194147372973,
0.709080734140451,0.78396732090793,0.866094213110561,0.948221105313193,
1.03307475570908,1.11792840610497,1.19315835042546,1.26838829474595),
 .UNSPECIFIED.);
#1005=B_SPLINE_CURVE_WITH_KNOTS('',3,(#3707,#3708,#3709,#3710,#3711,#3712,
#3713,#3714,#3715,#3716,#3717,#3718,#3719,#3720,#3721,#3722),
 .UNSPECIFIED.,.F.,.F.,(4,2,2,2,2,2,2,4),(-0.0449763897286996,-0.0447309844328304,
-0.0394105563432741,-0.0343370895029609,-0.0289980520703718,-0.0250055474298835,
-0.0215294597598669,-0.0214429637673347),.UNSPECIFIED.);
#1006=B_SPLINE_CURVE_WITH_KNOTS('',3,(#3725,#3726,#3727,#3728,#3729,#3730,
#3731,#3732,#3733,#3734,#3735,#3736,#3737,#3738,#3739,#3740),
 .UNSPECIFIED.,.F.,.F.,(4,2,2,2,2,2,2,4),(-0.0449763897274314,-0.044730984431698,
-0.039410556342315,-0.0343370895022235,-0.0289980520698692,-0.0250055474295404,
-0.0215294597596352,-0.021442963767105),.UNSPECIFIED.);
#1007=B_SPLINE_CURVE_WITH_KNOTS('',3,(#3743,#3744,#3745,#3746,#3747,#3748,
#3749,#3750,#3751,#3752,#3753,#3754,#3755,#3756),.UNSPECIFIED.,.F.,.F.,
(4,2,2,2,2,2,4),(-0.0189989148354688,-0.0161656351528416,-0.0129268466781616,
-0.00860780038190178,-0.00440920767971821,0.,0.000200198978071464),
 .UNSPECIFIED.);
#1008=B_SPLINE_CURVE_WITH_KNOTS('',3,(#3759,#3760,#3761,#3762,#3763,#3764,
#3765,#3766,#3767,#3768,#3769,#3770,#3771,#3772,#3773,#3774),
 .UNSPECIFIED.,.F.,.F.,(4,2,2,2,2,2,2,4),(-0.000200198978102671,0.,0.00434034751849182,
0.00847922672889592,0.0128347555475115,0.0160917975217865,0.0189275521337678,
0.0189981146261504),.UNSPECIFIED.);
#1009=B_SPLINE_CURVE_WITH_KNOTS('',3,(#3822,#3823,#3824,#3825,#3826,#3827,
#3828,#3829,#3830,#3831),.UNSPECIFIED.,.F.,.F.,(4,2,2,2,4),(0.714120990776032,
0.747587449666189,0.786729869373193,0.83416545903716,0.890667558758418),
 .UNSPECIFIED.);
#1010=B_SPLINE_CURVE_WITH_KNOTS('',3,(#3834,#3835,#3836,#3837,#3838,#3839,
#3840,#3841,#3842,#3843),.UNSPECIFIED.,.F.,.F.,(4,2,2,2,4),(0.537574422793647,
0.594076522514904,0.641512112178871,0.680654531885876,0.714120990776033),
 .UNSPECIFIED.);
#1011=B_SPLINE_CURVE_WITH_KNOTS('',3,(#3847,#3848,#3849,#3850,#3851,#3852,
#3853,#3854,#3855,#3856),.UNSPECIFIED.,.F.,.F.,(4,2,2,2,4),(0.714120990776032,
0.747587449666189,0.786729869373193,0.83416545903716,0.890667558758418),
 .UNSPECIFIED.);
#1012=B_SPLINE_CURVE_WITH_KNOTS('',3,(#3858,#3859,#3860,#3861,#3862,#3863,
#3864,#3865,#3866,#3867),.UNSPECIFIED.,.F.,.F.,(4,2,2,2,4),(0.,0.0334664588901568,
0.0726088785971611,0.120044468261128,0.176546567982386),.UNSPECIFIED.);
#1013=B_SPLINE_CURVE_WITH_KNOTS('',3,(#3870,#3871,#3872,#3873,#3874,#3875,
#3876,#3877,#3878,#3879),.UNSPECIFIED.,.F.,.F.,(4,2,2,2,4),(0.537574422793646,
0.594076522514904,0.641512112178871,0.680654531885875,0.714120990776032),
 .UNSPECIFIED.);
#1014=B_SPLINE_CURVE_WITH_KNOTS('',3,(#3919,#3920,#3921,#3922,#3923,#3924,
#3925,#3926,#3927,#3928),.UNSPECIFIED.,.F.,.F.,(4,2,2,2,4),(0.537574422793646,
0.594076522514904,0.641512112178871,0.680654531885875,0.714120990776032),
 .UNSPECIFIED.);
#1015=B_SPLINE_CURVE_WITH_KNOTS('',3,(#3933,#3934,#3935,#3936,#3937,#3938,
#3939,#3940,#3941,#3942),.UNSPECIFIED.,.F.,.F.,(4,2,2,2,4),(0.,0.0334664588901568,
0.0726088785971611,0.120044468261128,0.176546567982386),.UNSPECIFIED.);
#1016=B_SPLINE_CURVE_WITH_KNOTS('',3,(#3944,#3945,#3946,#3947,#3948,#3949,
#3950,#3951,#3952,#3953),.UNSPECIFIED.,.F.,.F.,(4,2,2,2,4),(0.537574422793646,
0.594076522514904,0.641512112178871,0.680654531885875,0.714120990776032),
 .UNSPECIFIED.);
#1017=B_SPLINE_CURVE_WITH_KNOTS('',3,(#4146,#4147,#4148,#4149,#4150,#4151,
#4152,#4153,#4154,#4155,#4156,#4157,#4158,#4159,#4160,#4161,#4162,#4163,
#4164,#4165,#4166,#4167),.UNSPECIFIED.,.F.,.F.,(4,2,2,2,2,2,2,2,2,2,4),
(0.268439434245313,0.27259366491104,0.316136329646414,0.362245944107337,
0.410173972229335,0.458102000351334,0.506030028473332,0.55395805659533,
0.600067671056253,0.643610335791627,0.647764566457354),.UNSPECIFIED.);
#1018=B_SPLINE_CURVE_WITH_KNOTS('',3,(#4175,#4176,#4177,#4178,#4179,#4180,
#4181,#4182,#4183,#4184,#4185,#4186,#4187,#4188),.UNSPECIFIED.,.F.,.F.,
(4,2,2,2,2,2,4),(0.,0.0712970773911653,0.106945616086748,0.142594154782331,
0.210187144986061,0.282406607347115,0.314520381555002),.UNSPECIFIED.);
#1019=B_SPLINE_CURVE_WITH_KNOTS('',3,(#4190,#4191,#4192,#4193,#4194,#4195,
#4196,#4197,#4198,#4199,#4200,#4201,#4202,#4203),.UNSPECIFIED.,.F.,.F.,
(4,2,2,2,2,2,4),(-0.314520381555002,-0.282406607347115,-0.21018714498606,
-0.14259415478233,-0.106945616086748,-0.0712970773911652,0.),
 .UNSPECIFIED.);
#1020=B_SPLINE_CURVE_WITH_KNOTS('',3,(#4207,#4208,#4209,#4210,#4211,#4212,
#4213,#4214,#4215,#4216,#4217,#4218,#4219,#4220),.UNSPECIFIED.,.F.,.F.,
(4,2,2,2,2,2,4),(0.,0.0712970773911652,0.106945616086748,0.14259415478233,
0.21018714498606,0.282406607347115,0.314520381555002),.UNSPECIFIED.);
#1021=B_SPLINE_CURVE_WITH_KNOTS('',3,(#4222,#4223,#4224,#4225,#4226,#4227,
#4228,#4229,#4230,#4231,#4232,#4233,#4234,#4235),.UNSPECIFIED.,.F.,.F.,
(4,2,2,2,2,2,4),(-0.314520381555002,-0.282406607347115,-0.21018714498606,
-0.14259415478233,-0.106945616086748,-0.0712970773911652,0.),
 .UNSPECIFIED.);
#1022=B_SPLINE_CURVE_WITH_KNOTS('',3,(#4239,#4240,#4241,#4242,#4243,#4244,
#4245,#4246,#4247,#4248,#4249,#4250,#4251,#4252),.UNSPECIFIED.,.F.,.F.,
(4,2,2,2,2,2,4),(0.,0.0712970773911652,0.106945616086748,0.14259415478233,
0.21018714498606,0.282406607347115,0.314520381555002),.UNSPECIFIED.);
#1023=B_SPLINE_CURVE_WITH_KNOTS('',3,(#4254,#4255,#4256,#4257,#4258,#4259,
#4260,#4261,#4262,#4263,#4264,#4265,#4266,#4267),.UNSPECIFIED.,.F.,.F.,
(4,2,2,2,2,2,4),(-0.314520381555002,-0.282406607347115,-0.21018714498606,
-0.14259415478233,-0.106945616086748,-0.0712970773911652,0.),
 .UNSPECIFIED.);
#1024=B_SPLINE_CURVE_WITH_KNOTS('',3,(#4273,#4274,#4275,#4276,#4277,#4278,
#4279,#4280,#4281,#4282,#4283,#4284,#4285,#4286,#4287,#4288,#4289,#4290,
#4291,#4292,#4293,#4294),.UNSPECIFIED.,.F.,.F.,(4,2,2,2,2,2,2,2,2,2,4),
(0.268439434245314,0.27259366491104,0.316136329646414,0.362245944107337,
0.410173972229335,0.458102000351334,0.506030028473332,0.55395805659533,
0.600067671056254,0.643610335791627,0.647764566457354),.UNSPECIFIED.);
#1025=B_SPLINE_CURVE_WITH_KNOTS('',3,(#4298,#4299,#4300,#4301,#4302,#4303,
#4304,#4305,#4306,#4307,#4308,#4309,#4310,#4311,#4312,#4313,#4314,#4315,
#4316,#4317,#4318,#4319),.UNSPECIFIED.,.F.,.F.,(4,2,2,2,2,2,2,2,2,2,4),
(0.268439434245313,0.27259366491104,0.316136329646414,0.362245944107337,
0.410173972229335,0.458102000351334,0.506030028473332,0.55395805659533,
0.600067671056254,0.643610335791627,0.647764566457354),.UNSPECIFIED.);
#1026=B_SPLINE_CURVE_WITH_KNOTS('',3,(#4324,#4325,#4326,#4327,#4328,#4329,
#4330,#4331,#4332,#4333,#4334,#4335,#4336,#4337,#4338,#4339,#4340,#4341,
#4342,#4343,#4344,#4345,#4346),.UNSPECIFIED.,.F.,.F.,(4,2,2,2,2,3,2,2,2,
2,4),(-0.18966256610602,-0.185508335440294,-0.14196567070492,-0.0958560562439963,
-0.0479280281219981,0.,0.0479280281219982,0.0958560562439963,0.14196567070492,
0.185508335440294,0.18966256610602),.UNSPECIFIED.);
#1027=B_SPLINE_CURVE_WITH_KNOTS('',3,(#4350,#4351,#4352,#4353,#4354,#4355,
#4356,#4357,#4358,#4359,#4360,#4361,#4362,#4363,#4364,#4365,#4366,#4367,
#4368,#4369,#4370,#4371,#4372),.UNSPECIFIED.,.F.,.F.,(4,2,2,2,2,3,2,2,2,
2,4),(-0.18966256610602,-0.185508335440294,-0.14196567070492,-0.0958560562439963,
-0.0479280281219981,0.,0.0479280281219981,0.0958560562439963,0.14196567070492,
0.185508335440294,0.18966256610602),.UNSPECIFIED.);
#1028=B_SPLINE_CURVE_WITH_KNOTS('',3,(#4376,#4377,#4378,#4379,#4380,#4381,
#4382,#4383,#4384,#4385,#4386,#4387,#4388,#4389,#4390,#4391,#4392,#4393,
#4394,#4395,#4396,#4397,#4398),.UNSPECIFIED.,.F.,.F.,(4,2,2,2,2,3,2,2,2,
2,4),(-0.189662566106021,-0.185508335440294,-0.14196567070492,-0.0958560562439963,
-0.0479280281219981,0.,0.0479280281219981,0.0958560562439963,0.14196567070492,
0.185508335440294,0.18966256610602),.UNSPECIFIED.);
#1029=B_SPLINE_CURVE_WITH_KNOTS('',3,(#4404,#4405,#4406,#4407,#4408,#4409,
#4410,#4411,#4412,#4413,#4414,#4415,#4416,#4417),.UNSPECIFIED.,.F.,.F.,
(4,2,2,2,2,2,4),(0.709252139416338,0.780549216807503,0.816197755503086,
0.851846294198668,0.919439284402398,0.991658746763453,1.02377252097134),
 .UNSPECIFIED.);
#1030=B_SPLINE_CURVE_WITH_KNOTS('',3,(#4419,#4420,#4421,#4422,#4423,#4424,
#4425,#4426,#4427,#4428,#4429,#4430,#4431,#4432),.UNSPECIFIED.,.F.,.F.,
(4,2,2,2,2,2,4),(0.394731757861336,0.426845532069223,0.499064994430277,
0.566657984634007,0.60230652332959,0.637955062025173,0.709252139416338),
 .UNSPECIFIED.);
#1031=B_SPLINE_CURVE_WITH_KNOTS('',3,(#4436,#4437,#4438,#4439,#4440,#4441,
#4442,#4443,#4444,#4445,#4446,#4447,#4448,#4449),.UNSPECIFIED.,.F.,.F.,
(4,2,2,2,2,2,4),(0.709252139416338,0.780549216807503,0.816197755503086,
0.851846294198668,0.919439284402398,0.991658746763453,1.02377252097134),
 .UNSPECIFIED.);
#1032=B_SPLINE_CURVE_WITH_KNOTS('',3,(#4451,#4452,#4453,#4454,#4455,#4456,
#4457,#4458,#4459,#4460,#4461,#4462,#4463,#4464),.UNSPECIFIED.,.F.,.F.,
(4,2,2,2,2,2,4),(0.394731757861336,0.426845532069223,0.499064994430277,
0.566657984634007,0.60230652332959,0.637955062025173,0.709252139416338),
 .UNSPECIFIED.);
#1033=B_SPLINE_CURVE_WITH_KNOTS('',3,(#4468,#4469,#4470,#4471,#4472,#4473,
#4474,#4475,#4476,#4477,#4478,#4479,#4480,#4481),.UNSPECIFIED.,.F.,.F.,
(4,2,2,2,2,2,4),(0.709252139416338,0.780549216807503,0.816197755503086,
0.851846294198669,0.919439284402399,0.991658746763453,1.02377252097134),
 .UNSPECIFIED.);
#1034=B_SPLINE_CURVE_WITH_KNOTS('',3,(#4483,#4484,#4485,#4486,#4487,#4488,
#4489,#4490,#4491,#4492,#4493,#4494,#4495,#4496),.UNSPECIFIED.,.F.,.F.,
(4,2,2,2,2,2,4),(0.394731757861335,0.426845532069223,0.499064994430277,
0.566657984634007,0.60230652332959,0.637955062025173,0.709252139416338),
 .UNSPECIFIED.);
#1035=VERTEX_POINT('',#3418);
#1036=VERTEX_POINT('',#3419);
#1037=VERTEX_POINT('',#3438);
#1038=VERTEX_POINT('',#3480);
#1039=VERTEX_POINT('',#3481);
#1040=VERTEX_POINT('',#3498);
#1041=VERTEX_POINT('',#3517);
#1042=VERTEX_POINT('',#3518);
#1043=VERTEX_POINT('',#3520);
#1044=VERTEX_POINT('',#3522);
#1045=VERTEX_POINT('',#3524);
#1046=VERTEX_POINT('',#3526);
#1047=VERTEX_POINT('',#3528);
#1048=VERTEX_POINT('',#3531);
#1049=VERTEX_POINT('',#3533);
#1050=VERTEX_POINT('',#3535);
#1051=VERTEX_POINT('',#3537);
#1052=VERTEX_POINT('',#3540);
#1053=VERTEX_POINT('',#3542);
#1054=VERTEX_POINT('',#3546);
#1055=VERTEX_POINT('',#3548);
#1056=VERTEX_POINT('',#3550);
#1057=VERTEX_POINT('',#3553);
#1058=VERTEX_POINT('',#3554);
#1059=VERTEX_POINT('',#3591);
#1060=VERTEX_POINT('',#3592);
#1061=VERTEX_POINT('',#3629);
#1062=VERTEX_POINT('',#3664);
#1063=VERTEX_POINT('',#3700);
#1064=VERTEX_POINT('',#3702);
#1065=VERTEX_POINT('',#3705);
#1066=VERTEX_POINT('',#3724);
#1067=VERTEX_POINT('',#3741);
#1068=VERTEX_POINT('',#3758);
#1069=VERTEX_POINT('',#3775);
#1070=VERTEX_POINT('',#3777);
#1071=VERTEX_POINT('',#3783);
#1072=VERTEX_POINT('',#3785);
#1073=VERTEX_POINT('',#3789);
#1074=VERTEX_POINT('',#3791);
#1075=VERTEX_POINT('',#3793);
#1076=VERTEX_POINT('',#3795);
#1077=VERTEX_POINT('',#3797);
#1078=VERTEX_POINT('',#3799);
#1079=VERTEX_POINT('',#3803);
#1080=VERTEX_POINT('',#3805);
#1081=VERTEX_POINT('',#3809);
#1082=VERTEX_POINT('',#3811);
#1083=VERTEX_POINT('',#3813);
#1084=VERTEX_POINT('',#3815);
#1085=VERTEX_POINT('',#3817);
#1086=VERTEX_POINT('',#3821);
#1087=VERTEX_POINT('',#3832);
#1088=VERTEX_POINT('',#3845);
#1089=VERTEX_POINT('',#3857);
#1090=VERTEX_POINT('',#3868);
#1091=VERTEX_POINT('',#3880);
#1092=VERTEX_POINT('',#3882);
#1093=VERTEX_POINT('',#3884);
#1094=VERTEX_POINT('',#3886);
#1095=VERTEX_POINT('',#3888);
#1096=VERTEX_POINT('',#3890);
#1097=VERTEX_POINT('',#3892);
#1098=VERTEX_POINT('',#3894);
#1099=VERTEX_POINT('',#3896);
#1100=VERTEX_POINT('',#3898);
#1101=VERTEX_POINT('',#3900);
#1102=VERTEX_POINT('',#3902);
#1103=VERTEX_POINT('',#3904);
#1104=VERTEX_POINT('',#3906);
#1105=VERTEX_POINT('',#3908);
#1106=VERTEX_POINT('',#3910);
#1107=VERTEX_POINT('',#3912);
#1108=VERTEX_POINT('',#3914);
#1109=VERTEX_POINT('',#3917);
#1110=VERTEX_POINT('',#3932);
#1111=VERTEX_POINT('',#3943);
#1112=VERTEX_POINT('',#3958);
#1113=VERTEX_POINT('',#3960);
#1114=VERTEX_POINT('',#3962);
#1115=VERTEX_POINT('',#3964);
#1116=VERTEX_POINT('',#3966);
#1117=VERTEX_POINT('',#3968);
#1118=VERTEX_POINT('',#3970);
#1119=VERTEX_POINT('',#3972);
#1120=VERTEX_POINT('',#3975);
#1121=VERTEX_POINT('',#3977);
#1122=VERTEX_POINT('',#3980);
#1123=VERTEX_POINT('',#3984);
#1124=VERTEX_POINT('',#3987);
#1125=VERTEX_POINT('',#3991);
#1126=VERTEX_POINT('',#3994);
#1127=VERTEX_POINT('',#3998);
#1128=VERTEX_POINT('',#4002);
#1129=VERTEX_POINT('',#4003);
#1130=VERTEX_POINT('',#4005);
#1131=VERTEX_POINT('',#4007);
#1132=VERTEX_POINT('',#4010);
#1133=VERTEX_POINT('',#4016);
#1134=VERTEX_POINT('',#4017);
#1135=VERTEX_POINT('',#4019);
#1136=VERTEX_POINT('',#4021);
#1137=VERTEX_POINT('',#4024);
#1138=VERTEX_POINT('',#4034);
#1139=VERTEX_POINT('',#4036);
#1140=VERTEX_POINT('',#4040);
#1141=VERTEX_POINT('',#4043);
#1142=VERTEX_POINT('',#4045);
#1143=VERTEX_POINT('',#4048);
#1144=VERTEX_POINT('',#4050);
#1145=VERTEX_POINT('',#4054);
#1146=VERTEX_POINT('',#4057);
#1147=VERTEX_POINT('',#4059);
#1148=VERTEX_POINT('',#4062);
#1149=VERTEX_POINT('',#4064);
#1150=VERTEX_POINT('',#4068);
#1151=VERTEX_POINT('',#4071);
#1152=VERTEX_POINT('',#4073);
#1153=VERTEX_POINT('',#4077);
#1154=VERTEX_POINT('',#4080);
#1155=VERTEX_POINT('',#4082);
#1156=VERTEX_POINT('',#4086);
#1157=VERTEX_POINT('',#4089);
#1158=VERTEX_POINT('',#4090);
#1159=VERTEX_POINT('',#4092);
#1160=VERTEX_POINT('',#4094);
#1161=VERTEX_POINT('',#4096);
#1162=VERTEX_POINT('',#4098);
#1163=VERTEX_POINT('',#4100);
#1164=VERTEX_POINT('',#4102);
#1165=VERTEX_POINT('',#4104);
#1166=VERTEX_POINT('',#4106);
#1167=VERTEX_POINT('',#4108);
#1168=VERTEX_POINT('',#4110);
#1169=VERTEX_POINT('',#4116);
#1170=VERTEX_POINT('',#4120);
#1171=VERTEX_POINT('',#4124);
#1172=VERTEX_POINT('',#4128);
#1173=VERTEX_POINT('',#4132);
#1174=VERTEX_POINT('',#4136);
#1175=VERTEX_POINT('',#4140);
#1176=VERTEX_POINT('',#4144);
#1177=VERTEX_POINT('',#4145);
#1178=VERTEX_POINT('',#4168);
#1179=VERTEX_POINT('',#4170);
#1180=VERTEX_POINT('',#4172);
#1181=VERTEX_POINT('',#4174);
#1182=VERTEX_POINT('',#4189);
#1183=VERTEX_POINT('',#4204);
#1184=VERTEX_POINT('',#4206);
#1185=VERTEX_POINT('',#4221);
#1186=VERTEX_POINT('',#4236);
#1187=VERTEX_POINT('',#4238);
#1188=VERTEX_POINT('',#4253);
#1189=VERTEX_POINT('',#4270);
#1190=VERTEX_POINT('',#4272);
#1191=VERTEX_POINT('',#4295);
#1192=VERTEX_POINT('',#4297);
#1193=VERTEX_POINT('',#4322);
#1194=VERTEX_POINT('',#4323);
#1195=VERTEX_POINT('',#4347);
#1196=VERTEX_POINT('',#4349);
#1197=VERTEX_POINT('',#4373);
#1198=VERTEX_POINT('',#4375);
#1199=VERTEX_POINT('',#4401);
#1200=VERTEX_POINT('',#4403);
#1201=VERTEX_POINT('',#4418);
#1202=VERTEX_POINT('',#4433);
#1203=VERTEX_POINT('',#4435);
#1204=VERTEX_POINT('',#4450);
#1205=VERTEX_POINT('',#4465);
#1206=VERTEX_POINT('',#4467);
#1207=VERTEX_POINT('',#4482);
#1208=VERTEX_POINT('',#4497);
#1209=VERTEX_POINT('',#4499);
#1210=VERTEX_POINT('',#4503);
#1211=VERTEX_POINT('',#4508);
#1212=VERTEX_POINT('',#4513);
#1213=VERTEX_POINT('',#4519);
#1214=VERTEX_POINT('',#4521);
#1215=VERTEX_POINT('',#4523);
#1216=VERTEX_POINT('',#4525);
#1217=VERTEX_POINT('',#4527);
#1218=VERTEX_POINT('',#4529);
#1219=VERTEX_POINT('',#4533);
#1220=VERTEX_POINT('',#4536);
#1221=VERTEX_POINT('',#4538);
#1222=VERTEX_POINT('',#4540);
#1223=VERTEX_POINT('',#4542);
#1224=VERTEX_POINT('',#4544);
#1225=VERTEX_POINT('',#4546);
#1226=VERTEX_POINT('',#4551);
#1227=VERTEX_POINT('',#4556);
#1228=VERTEX_POINT('',#4562);
#1229=VERTEX_POINT('',#4565);
#1230=VERTEX_POINT('',#4567);
#1231=VERTEX_POINT('',#4569);
#1232=VERTEX_POINT('',#4571);
#1233=VERTEX_POINT('',#4573);
#1234=VERTEX_POINT('',#4575);
#1235=VERTEX_POINT('',#4579);
#1236=VERTEX_POINT('',#4582);
#1237=VERTEX_POINT('',#4585);
#1238=VERTEX_POINT('',#4588);
#1239=VERTEX_POINT('',#4590);
#1240=VERTEX_POINT('',#4592);
#1241=VERTEX_POINT('',#4594);
#1242=VERTEX_POINT('',#4596);
#1243=VERTEX_POINT('',#4598);
#1244=VERTEX_POINT('',#4601);
#1245=VERTEX_POINT('',#4605);
#1246=VERTEX_POINT('',#4614);
#1247=VERTEX_POINT('',#4619);
#1248=VERTEX_POINT('',#4628);
#1249=VERTEX_POINT('',#4629);
#1250=VERTEX_POINT('',#4634);
#1251=VERTEX_POINT('',#4638);
#1252=VERTEX_POINT('',#4650);
#1253=VERTEX_POINT('',#4652);
#1254=VERTEX_POINT('',#4654);
#1255=VERTEX_POINT('',#4656);
#1256=VERTEX_POINT('',#4658);
#1257=VERTEX_POINT('',#4660);
#1258=VERTEX_POINT('',#4662);
#1259=VERTEX_POINT('',#4664);
#1260=VERTEX_POINT('',#4666);
#1261=VERTEX_POINT('',#4668);
#1262=VERTEX_POINT('',#4670);
#1263=VERTEX_POINT('',#4672);
#1264=VERTEX_POINT('',#4674);
#1265=VERTEX_POINT('',#4676);
#1266=VERTEX_POINT('',#4682);
#1267=EDGE_CURVE('',#1035,#1036,#995,.T.);
#1268=EDGE_CURVE('',#1037,#1035,#691,.T.);
#1269=EDGE_CURVE('',#1036,#1037,#996,.F.);
#1270=EDGE_CURVE('',#1038,#1039,#997,.T.);
#1271=EDGE_CURVE('',#1040,#1038,#998,.F.);
#1272=EDGE_CURVE('',#1040,#1039,#692,.T.);
#1273=EDGE_CURVE('',#1041,#1042,#154,.T.);
#1274=EDGE_CURVE('',#1043,#1041,#693,.T.);
#1275=EDGE_CURVE('',#1044,#1043,#155,.T.);
#1276=EDGE_CURVE('',#1044,#1045,#694,.T.);
#1277=EDGE_CURVE('',#1046,#1045,#156,.T.);
#1278=EDGE_CURVE('',#1046,#1047,#695,.T.);
#1279=EDGE_CURVE('',#1047,#1035,#157,.T.);
#1280=EDGE_CURVE('',#1048,#1036,#158,.T.);
#1281=EDGE_CURVE('',#1049,#1048,#696,.T.);
#1282=EDGE_CURVE('',#1050,#1049,#159,.T.);
#1283=EDGE_CURVE('',#1050,#1051,#697,.T.);
#1284=EDGE_CURVE('',#1051,#1051,#160,.T.);
#1285=EDGE_CURVE('',#1052,#1050,#161,.T.);
#1286=EDGE_CURVE('',#1053,#1052,#698,.T.);
#1287=EDGE_CURVE('',#1038,#1053,#162,.T.);
#1288=EDGE_CURVE('',#1039,#1047,#163,.T.);
#1289=EDGE_CURVE('',#1054,#1046,#164,.T.);
#1290=EDGE_CURVE('',#1055,#1054,#699,.T.);
#1291=EDGE_CURVE('',#1056,#1055,#165,.T.);
#1292=EDGE_CURVE('',#1056,#1042,#700,.T.);
#1293=EDGE_CURVE('',#1057,#1058,#999,.T.);
#1294=EDGE_CURVE('',#1058,#1057,#1000,.T.);
#1295=EDGE_CURVE('',#1059,#1060,#1001,.T.);
#1296=EDGE_CURVE('',#1060,#1059,#1002,.T.);
#1297=EDGE_CURVE('',#1061,#1061,#1003,.T.);
#1298=EDGE_CURVE('',#1062,#1062,#1004,.T.);
#1299=EDGE_CURVE('',#1063,#1063,#166,.T.);
#1300=EDGE_CURVE('',#1064,#1064,#167,.T.);
#1301=EDGE_CURVE('',#1065,#1040,#168,.T.);
#1302=EDGE_CURVE('',#1053,#1065,#1005,.T.);
#1303=EDGE_CURVE('',#1049,#1066,#1006,.T.);
#1304=EDGE_CURVE('',#1066,#1067,#169,.T.);
#1305=EDGE_CURVE('',#1067,#1052,#1007,.T.);
#1306=EDGE_CURVE('',#1048,#1068,#1008,.T.);
#1307=EDGE_CURVE('',#1068,#1069,#170,.T.);
#1308=EDGE_CURVE('',#1069,#1070,#701,.T.);
#1309=EDGE_CURVE('',#1070,#1066,#171,.T.);
#1310=EDGE_CURVE('',#1037,#1068,#172,.T.);
#1311=EDGE_CURVE('',#1067,#1071,#173,.T.);
#1312=EDGE_CURVE('',#1071,#1072,#702,.T.);
#1313=EDGE_CURVE('',#1072,#1065,#174,.T.);
#1314=EDGE_CURVE('',#1071,#1073,#703,.T.);
#1315=EDGE_CURVE('',#1074,#1073,#704,.T.);
#1316=EDGE_CURVE('',#1075,#1074,#705,.T.);
#1317=EDGE_CURVE('',#1076,#1075,#706,.T.);
#1318=EDGE_CURVE('',#1077,#1076,#707,.T.);
#1319=EDGE_CURVE('',#1078,#1077,#708,.F.);
#1320=EDGE_CURVE('',#1072,#1078,#709,.T.);
#1321=EDGE_CURVE('',#1070,#1079,#710,.T.);
#1322=EDGE_CURVE('',#1080,#1079,#175,.T.);
#1323=EDGE_CURVE('',#1073,#1080,#176,.T.);
#1324=EDGE_CURVE('',#1069,#1081,#711,.T.);
#1325=EDGE_CURVE('',#1082,#1081,#712,.F.);
#1326=EDGE_CURVE('',#1083,#1082,#713,.T.);
#1327=EDGE_CURVE('',#1084,#1083,#714,.T.);
#1328=EDGE_CURVE('',#1085,#1084,#715,.T.);
#1329=EDGE_CURVE('',#1079,#1085,#716,.T.);
#1330=EDGE_CURVE('',#1042,#1086,#1009,.T.);
#1331=EDGE_CURVE('',#1086,#1087,#177,.T.);
#1332=EDGE_CURVE('',#1087,#1041,#1010,.T.);
#1333=EDGE_CURVE('',#1088,#1087,#717,.T.);
#1334=EDGE_CURVE('',#1045,#1088,#1011,.T.);
#1335=EDGE_CURVE('',#1089,#1044,#1012,.F.);
#1336=EDGE_CURVE('',#1090,#1089,#718,.T.);
#1337=EDGE_CURVE('',#1043,#1090,#1013,.F.);
#1338=EDGE_CURVE('',#1091,#1091,#178,.T.);
#1339=EDGE_CURVE('',#1092,#1092,#179,.T.);
#1340=EDGE_CURVE('',#1093,#1093,#180,.T.);
#1341=EDGE_CURVE('',#1094,#1094,#181,.T.);
#1342=EDGE_CURVE('',#1095,#1095,#182,.T.);
#1343=EDGE_CURVE('',#1096,#1096,#183,.T.);
#1344=EDGE_CURVE('',#1097,#1097,#184,.T.);
#1345=EDGE_CURVE('',#1098,#1098,#185,.T.);
#1346=EDGE_CURVE('',#1099,#1099,#186,.T.);
#1347=EDGE_CURVE('',#1100,#1100,#187,.T.);
#1348=EDGE_CURVE('',#1101,#1101,#188,.T.);
#1349=EDGE_CURVE('',#1102,#1102,#189,.T.);
#1350=EDGE_CURVE('',#1103,#1103,#190,.T.);
#1351=EDGE_CURVE('',#1104,#1104,#191,.T.);
#1352=EDGE_CURVE('',#1105,#1105,#192,.T.);
#1353=EDGE_CURVE('',#1106,#1106,#193,.T.);
#1354=EDGE_CURVE('',#1107,#1107,#194,.T.);
#1355=EDGE_CURVE('',#1108,#1108,#195,.T.);
#1356=EDGE_CURVE('',#1088,#1109,#196,.T.);
#1357=EDGE_CURVE('',#1109,#1054,#1014,.T.);
#1358=EDGE_CURVE('',#1090,#1089,#197,.T.);
#1359=EDGE_CURVE('',#1110,#1056,#1015,.F.);
#1360=EDGE_CURVE('',#1055,#1111,#1016,.F.);
#1361=EDGE_CURVE('',#1111,#1110,#198,.T.);
#1362=EDGE_CURVE('',#1081,#1078,#719,.F.);
#1363=EDGE_CURVE('',#1112,#1077,#720,.T.);
#1364=EDGE_CURVE('',#1112,#1113,#721,.F.);
#1365=EDGE_CURVE('',#1114,#1113,#722,.F.);
#1366=EDGE_CURVE('',#1114,#1115,#723,.F.);
#1367=EDGE_CURVE('',#1115,#1116,#724,.F.);
#1368=EDGE_CURVE('',#1116,#1117,#725,.F.);
#1369=EDGE_CURVE('',#1118,#1117,#726,.F.);
#1370=EDGE_CURVE('',#1119,#1118,#727,.T.);
#1371=EDGE_CURVE('',#1082,#1119,#728,.T.);
#1372=EDGE_CURVE('',#1120,#1120,#199,.F.);
#1373=EDGE_CURVE('',#1121,#1121,#200,.F.);
#1374=EDGE_CURVE('',#1062,#1122,#729,.T.);
#1375=EDGE_CURVE('',#1122,#1122,#201,.T.);
#1376=EDGE_CURVE('',#1123,#1123,#202,.T.);
#1377=EDGE_CURVE('',#1061,#1124,#730,.T.);
#1378=EDGE_CURVE('',#1124,#1124,#203,.T.);
#1379=EDGE_CURVE('',#1125,#1125,#204,.T.);
#1380=EDGE_CURVE('',#1123,#1126,#731,.T.);
#1381=EDGE_CURVE('',#1126,#1126,#205,.F.);
#1382=EDGE_CURVE('',#1125,#1127,#732,.T.);
#1383=EDGE_CURVE('',#1127,#1127,#206,.F.);
#1384=EDGE_CURVE('',#1128,#1129,#733,.T.);
#1385=EDGE_CURVE('',#1130,#1128,#207,.T.);
#1386=EDGE_CURVE('',#1131,#1130,#208,.T.);
#1387=EDGE_CURVE('',#1131,#1129,#734,.T.);
#1388=EDGE_CURVE('',#1132,#1132,#209,.T.);
#1389=EDGE_CURVE('',#1060,#1130,#735,.T.);
#1390=EDGE_CURVE('',#1131,#1128,#210,.T.);
#1391=EDGE_CURVE('',#1133,#1134,#736,.T.);
#1392=EDGE_CURVE('',#1135,#1134,#211,.T.);
#1393=EDGE_CURVE('',#1136,#1135,#212,.T.);
#1394=EDGE_CURVE('',#1136,#1133,#737,.T.);
#1395=EDGE_CURVE('',#1137,#1137,#213,.T.);
#1396=EDGE_CURVE('',#1058,#1135,#738,.T.);
#1397=EDGE_CURVE('',#1136,#1134,#214,.T.);
#1398=EDGE_CURVE('',#1121,#1132,#739,.T.);
#1399=EDGE_CURVE('',#1120,#1137,#740,.T.);
#1400=EDGE_CURVE('',#1138,#1138,#215,.T.);
#1401=EDGE_CURVE('',#1138,#1139,#741,.T.);
#1402=EDGE_CURVE('',#1139,#1139,#216,.T.);
#1403=EDGE_CURVE('',#1140,#1140,#217,.T.);
#1404=EDGE_CURVE('',#1141,#1141,#218,.T.);
#1405=EDGE_CURVE('',#1142,#1142,#219,.T.);
#1406=EDGE_CURVE('',#1143,#1143,#220,.T.);
#1407=EDGE_CURVE('',#1143,#1144,#742,.T.);
#1408=EDGE_CURVE('',#1144,#1144,#221,.T.);
#1409=EDGE_CURVE('',#1145,#1145,#222,.T.);
#1410=EDGE_CURVE('',#1146,#1146,#223,.T.);
#1411=EDGE_CURVE('',#1147,#1147,#224,.T.);
#1412=EDGE_CURVE('',#1148,#1148,#225,.T.);
#1413=EDGE_CURVE('',#1148,#1149,#743,.T.);
#1414=EDGE_CURVE('',#1149,#1149,#226,.T.);
#1415=EDGE_CURVE('',#1150,#1150,#227,.T.);
#1416=EDGE_CURVE('',#1151,#1151,#228,.T.);
#1417=EDGE_CURVE('',#1151,#1152,#744,.T.);
#1418=EDGE_CURVE('',#1152,#1152,#229,.T.);
#1419=EDGE_CURVE('',#1153,#1153,#230,.T.);
#1420=EDGE_CURVE('',#1154,#1154,#231,.T.);
#1421=EDGE_CURVE('',#1154,#1155,#745,.T.);
#1422=EDGE_CURVE('',#1155,#1155,#232,.T.);
#1423=EDGE_CURVE('',#1156,#1156,#233,.T.);
#1424=EDGE_CURVE('',#1157,#1158,#234,.T.);
#1425=EDGE_CURVE('',#1158,#1159,#235,.T.);
#1426=EDGE_CURVE('',#1159,#1160,#746,.T.);
#1427=EDGE_CURVE('',#1160,#1161,#747,.T.);
#1428=EDGE_CURVE('',#1162,#1161,#748,.T.);
#1429=EDGE_CURVE('',#1163,#1162,#749,.T.);
#1430=EDGE_CURVE('',#1164,#1163,#750,.T.);
#1431=EDGE_CURVE('',#1164,#1165,#751,.T.);
#1432=EDGE_CURVE('',#1165,#1166,#752,.T.);
#1433=EDGE_CURVE('',#1166,#1167,#236,.T.);
#1434=EDGE_CURVE('',#1167,#1168,#237,.T.);
#1435=EDGE_CURVE('',#1168,#1112,#753,.T.);
#1436=EDGE_CURVE('',#1076,#1083,#238,.T.);
#1437=EDGE_CURVE('',#1119,#1157,#754,.T.);
#1438=EDGE_CURVE('',#1156,#1169,#755,.T.);
#1439=EDGE_CURVE('',#1169,#1169,#239,.T.);
#1440=EDGE_CURVE('',#1142,#1170,#756,.T.);
#1441=EDGE_CURVE('',#1170,#1170,#240,.T.);
#1442=EDGE_CURVE('',#1145,#1171,#757,.T.);
#1443=EDGE_CURVE('',#1171,#1171,#241,.T.);
#1444=EDGE_CURVE('',#1140,#1172,#758,.T.);
#1445=EDGE_CURVE('',#1172,#1172,#242,.T.);
#1446=EDGE_CURVE('',#1153,#1173,#759,.T.);
#1447=EDGE_CURVE('',#1173,#1173,#243,.T.);
#1448=EDGE_CURVE('',#1150,#1174,#760,.T.);
#1449=EDGE_CURVE('',#1174,#1174,#244,.T.);
#1450=EDGE_CURVE('',#1147,#1175,#761,.T.);
#1451=EDGE_CURVE('',#1175,#1175,#245,.T.);
#1452=EDGE_CURVE('',#1176,#1177,#1017,.T.);
#1453=EDGE_CURVE('',#1178,#1176,#762,.F.);
#1454=EDGE_CURVE('',#1179,#1178,#246,.T.);
#1455=EDGE_CURVE('',#1180,#1179,#763,.F.);
#1456=EDGE_CURVE('',#1181,#1180,#1018,.T.);
#1457=EDGE_CURVE('',#1182,#1181,#1019,.T.);
#1458=EDGE_CURVE('',#1183,#1182,#764,.F.);
#1459=EDGE_CURVE('',#1184,#1183,#1020,.T.);
#1460=EDGE_CURVE('',#1185,#1184,#1021,.T.);
#1461=EDGE_CURVE('',#1186,#1185,#765,.F.);
#1462=EDGE_CURVE('',#1187,#1186,#1022,.T.);
#1463=EDGE_CURVE('',#1188,#1187,#1023,.T.);
#1464=EDGE_CURVE('',#1159,#1188,#766,.F.);
#1465=EDGE_CURVE('',#1158,#1141,#767,.T.);
#1466=EDGE_CURVE('',#1189,#1157,#768,.F.);
#1467=EDGE_CURVE('',#1190,#1189,#1024,.T.);
#1468=EDGE_CURVE('',#1191,#1190,#769,.F.);
#1469=EDGE_CURVE('',#1192,#1191,#1025,.T.);
#1470=EDGE_CURVE('',#1177,#1192,#770,.F.);
#1471=EDGE_CURVE('',#1193,#1194,#1026,.T.);
#1472=EDGE_CURVE('',#1195,#1193,#771,.F.);
#1473=EDGE_CURVE('',#1196,#1195,#1027,.T.);
#1474=EDGE_CURVE('',#1197,#1196,#772,.F.);
#1475=EDGE_CURVE('',#1198,#1197,#1028,.T.);
#1476=EDGE_CURVE('',#1168,#1198,#773,.F.);
#1477=EDGE_CURVE('',#1167,#1146,#774,.T.);
#1478=EDGE_CURVE('',#1199,#1166,#775,.F.);
#1479=EDGE_CURVE('',#1200,#1199,#1029,.T.);
#1480=EDGE_CURVE('',#1201,#1200,#1030,.T.);
#1481=EDGE_CURVE('',#1202,#1201,#776,.F.);
#1482=EDGE_CURVE('',#1203,#1202,#1031,.T.);
#1483=EDGE_CURVE('',#1204,#1203,#1032,.T.);
#1484=EDGE_CURVE('',#1205,#1204,#777,.F.);
#1485=EDGE_CURVE('',#1206,#1205,#1033,.T.);
#1486=EDGE_CURVE('',#1207,#1206,#1034,.T.);
#1487=EDGE_CURVE('',#1208,#1207,#778,.F.);
#1488=EDGE_CURVE('',#1209,#1208,#247,.T.);
#1489=EDGE_CURVE('',#1194,#1209,#779,.F.);
#1490=EDGE_CURVE('',#1098,#1210,#780,.T.);
#1491=EDGE_CURVE('',#1192,#1210,#248,.F.);
#1492=EDGE_CURVE('',#1210,#1191,#249,.F.);
#1493=EDGE_CURVE('',#1097,#1211,#781,.T.);
#1494=EDGE_CURVE('',#1190,#1211,#250,.F.);
#1495=EDGE_CURVE('',#1211,#1189,#251,.F.);
#1496=EDGE_CURVE('',#1212,#1179,#782,.F.);
#1497=EDGE_CURVE('',#1160,#1212,#783,.F.);
#1498=EDGE_CURVE('',#1188,#1186,#252,.F.);
#1499=EDGE_CURVE('',#1185,#1183,#253,.F.);
#1500=EDGE_CURVE('',#1182,#1180,#254,.F.);
#1501=EDGE_CURVE('',#1213,#1213,#255,.F.);
#1502=EDGE_CURVE('',#1214,#1214,#256,.F.);
#1503=EDGE_CURVE('',#1215,#1215,#257,.F.);
#1504=EDGE_CURVE('',#1216,#1216,#258,.F.);
#1505=EDGE_CURVE('',#1217,#1217,#259,.F.);
#1506=EDGE_CURVE('',#1218,#1218,#260,.F.);
#1507=EDGE_CURVE('',#1178,#1118,#784,.F.);
#1508=EDGE_CURVE('',#1176,#1219,#261,.F.);
#1509=EDGE_CURVE('',#1219,#1177,#262,.F.);
#1510=EDGE_CURVE('',#1220,#1220,#263,.F.);
#1511=EDGE_CURVE('',#1221,#1221,#264,.F.);
#1512=EDGE_CURVE('',#1222,#1222,#265,.F.);
#1513=EDGE_CURVE('',#1223,#1223,#266,.F.);
#1514=EDGE_CURVE('',#1224,#1224,#267,.F.);
#1515=EDGE_CURVE('',#1225,#1225,#268,.F.);
#1516=EDGE_CURVE('',#1095,#1187,#785,.T.);
#1517=EDGE_CURVE('',#1206,#1226,#786,.T.);
#1518=EDGE_CURVE('',#1226,#1226,#269,.T.);
#1519=EDGE_CURVE('',#1207,#1205,#270,.F.);
#1520=EDGE_CURVE('',#1203,#1227,#787,.T.);
#1521=EDGE_CURVE('',#1227,#1227,#271,.T.);
#1522=EDGE_CURVE('',#1204,#1202,#272,.F.);
#1523=EDGE_CURVE('',#1201,#1199,#273,.F.);
#1524=EDGE_CURVE('',#1165,#1228,#788,.T.);
#1525=EDGE_CURVE('',#1208,#1228,#789,.F.);
#1526=EDGE_CURVE('',#1229,#1229,#274,.F.);
#1527=EDGE_CURVE('',#1230,#1230,#275,.F.);
#1528=EDGE_CURVE('',#1231,#1231,#276,.F.);
#1529=EDGE_CURVE('',#1232,#1232,#277,.F.);
#1530=EDGE_CURVE('',#1233,#1233,#278,.F.);
#1531=EDGE_CURVE('',#1234,#1234,#279,.F.);
#1532=EDGE_CURVE('',#1113,#1209,#790,.F.);
#1533=EDGE_CURVE('',#1198,#1235,#280,.F.);
#1534=EDGE_CURVE('',#1235,#1197,#281,.F.);
#1535=EDGE_CURVE('',#1196,#1236,#282,.F.);
#1536=EDGE_CURVE('',#1236,#1195,#283,.F.);
#1537=EDGE_CURVE('',#1193,#1237,#284,.F.);
#1538=EDGE_CURVE('',#1237,#1194,#285,.F.);
#1539=EDGE_CURVE('',#1238,#1238,#286,.F.);
#1540=EDGE_CURVE('',#1239,#1239,#287,.F.);
#1541=EDGE_CURVE('',#1240,#1240,#288,.F.);
#1542=EDGE_CURVE('',#1241,#1241,#289,.F.);
#1543=EDGE_CURVE('',#1242,#1242,#290,.F.);
#1544=EDGE_CURVE('',#1243,#1243,#291,.F.);
#1545=EDGE_CURVE('',#1200,#1244,#791,.T.);
#1546=EDGE_CURVE('',#1244,#1244,#292,.T.);
#1547=EDGE_CURVE('',#1238,#1245,#792,.T.);
#1548=EDGE_CURVE('',#1245,#1245,#293,.T.);
#1549=EDGE_CURVE('',#1108,#1220,#793,.T.);
#1550=EDGE_CURVE('',#1064,#1080,#794,.T.);
#1551=EDGE_CURVE('',#1085,#1074,#294,.T.);
#1552=EDGE_CURVE('',#1246,#1114,#795,.T.);
#1553=EDGE_CURVE('',#1246,#1128,#796,.T.);
#1554=EDGE_CURVE('',#1129,#1115,#797,.T.);
#1555=EDGE_CURVE('',#1247,#1246,#798,.T.);
#1556=EDGE_CURVE('',#1247,#1136,#799,.T.);
#1557=EDGE_CURVE('',#1134,#1131,#800,.T.);
#1558=EDGE_CURVE('',#1117,#1247,#801,.T.);
#1559=EDGE_CURVE('',#1116,#1133,#802,.T.);
#1560=EDGE_CURVE('',#1248,#1249,#803,.T.);
#1561=EDGE_CURVE('',#1248,#1162,#804,.T.);
#1562=EDGE_CURVE('',#1249,#1161,#805,.F.);
#1563=EDGE_CURVE('',#1250,#1248,#806,.T.);
#1564=EDGE_CURVE('',#1250,#1163,#807,.T.);
#1565=EDGE_CURVE('',#1251,#1250,#808,.T.);
#1566=EDGE_CURVE('',#1164,#1251,#809,.F.);
#1567=EDGE_CURVE('',#1228,#1251,#810,.F.);
#1568=EDGE_CURVE('',#1249,#1212,#811,.F.);
#1569=EDGE_CURVE('',#1084,#1075,#295,.T.);
#1570=EDGE_CURVE('',#1111,#1110,#812,.T.);
#1571=EDGE_CURVE('',#1086,#1109,#813,.T.);
#1572=EDGE_CURVE('',#1252,#1252,#296,.T.);
#1573=EDGE_CURVE('',#1253,#1253,#297,.T.);
#1574=EDGE_CURVE('',#1254,#1254,#298,.T.);
#1575=EDGE_CURVE('',#1255,#1255,#299,.T.);
#1576=EDGE_CURVE('',#1256,#1256,#300,.T.);
#1577=EDGE_CURVE('',#1257,#1257,#301,.T.);
#1578=EDGE_CURVE('',#1258,#1258,#302,.T.);
#1579=EDGE_CURVE('',#1259,#1259,#303,.T.);
#1580=EDGE_CURVE('',#1260,#1260,#304,.T.);
#1581=EDGE_CURVE('',#1261,#1261,#305,.T.);
#1582=EDGE_CURVE('',#1262,#1262,#306,.T.);
#1583=EDGE_CURVE('',#1263,#1263,#307,.T.);
#1584=EDGE_CURVE('',#1264,#1264,#308,.T.);
#1585=EDGE_CURVE('',#1265,#1265,#309,.T.);
#1586=EDGE_CURVE('',#1063,#1266,#814,.T.);
#1587=EDGE_CURVE('',#1266,#1266,#310,.T.);
#1588=EDGE_CURVE('',#1107,#1221,#815,.T.);
#1589=EDGE_CURVE('',#1106,#1219,#816,.T.);
#1590=EDGE_CURVE('',#1105,#1181,#817,.T.);
#1591=EDGE_CURVE('',#1104,#1218,#818,.T.);
#1592=EDGE_CURVE('',#1103,#1217,#819,.T.);
#1593=EDGE_CURVE('',#1239,#1265,#820,.T.);
#1594=EDGE_CURVE('',#1237,#1264,#821,.T.);
#1595=EDGE_CURVE('',#1234,#1263,#822,.T.);
#1596=EDGE_CURVE('',#1233,#1262,#823,.T.);
#1597=EDGE_CURVE('',#1102,#1222,#824,.T.);
#1598=EDGE_CURVE('',#1101,#1223,#825,.T.);
#1599=EDGE_CURVE('',#1100,#1224,#826,.T.);
#1600=EDGE_CURVE('',#1099,#1225,#827,.T.);
#1601=EDGE_CURVE('',#1096,#1184,#828,.T.);
#1602=EDGE_CURVE('',#1094,#1216,#829,.T.);
#1603=EDGE_CURVE('',#1093,#1215,#830,.T.);
#1604=EDGE_CURVE('',#1092,#1214,#831,.T.);
#1605=EDGE_CURVE('',#1091,#1213,#832,.T.);
#1606=EDGE_CURVE('',#1240,#1261,#833,.T.);
#1607=EDGE_CURVE('',#1241,#1260,#834,.T.);
#1608=EDGE_CURVE('',#1242,#1259,#835,.T.);
#1609=EDGE_CURVE('',#1243,#1258,#836,.T.);
#1610=EDGE_CURVE('',#1236,#1257,#837,.T.);
#1611=EDGE_CURVE('',#1235,#1256,#838,.T.);
#1612=EDGE_CURVE('',#1232,#1255,#839,.T.);
#1613=EDGE_CURVE('',#1231,#1254,#840,.T.);
#1614=EDGE_CURVE('',#1230,#1253,#841,.T.);
#1615=EDGE_CURVE('',#1229,#1252,#842,.T.);
#1616=ORIENTED_EDGE('',*,*,#1267,.F.);
#1617=ORIENTED_EDGE('',*,*,#1268,.F.);
#1618=ORIENTED_EDGE('',*,*,#1269,.F.);
#1619=ORIENTED_EDGE('',*,*,#1270,.F.);
#1620=ORIENTED_EDGE('',*,*,#1271,.F.);
#1621=ORIENTED_EDGE('',*,*,#1272,.T.);
#1622=ORIENTED_EDGE('',*,*,#1273,.F.);
#1623=ORIENTED_EDGE('',*,*,#1274,.F.);
#1624=ORIENTED_EDGE('',*,*,#1275,.F.);
#1625=ORIENTED_EDGE('',*,*,#1276,.T.);
#1626=ORIENTED_EDGE('',*,*,#1277,.F.);
#1627=ORIENTED_EDGE('',*,*,#1278,.T.);
#1628=ORIENTED_EDGE('',*,*,#1279,.T.);
#1629=ORIENTED_EDGE('',*,*,#1267,.T.);
#1630=ORIENTED_EDGE('',*,*,#1280,.F.);
#1631=ORIENTED_EDGE('',*,*,#1281,.F.);
#1632=ORIENTED_EDGE('',*,*,#1282,.F.);
#1633=ORIENTED_EDGE('',*,*,#1283,.T.);
#1634=ORIENTED_EDGE('',*,*,#1284,.T.);
#1635=ORIENTED_EDGE('',*,*,#1283,.F.);
#1636=ORIENTED_EDGE('',*,*,#1285,.F.);
#1637=ORIENTED_EDGE('',*,*,#1286,.F.);
#1638=ORIENTED_EDGE('',*,*,#1287,.F.);
#1639=ORIENTED_EDGE('',*,*,#1270,.T.);
#1640=ORIENTED_EDGE('',*,*,#1288,.T.);
#1641=ORIENTED_EDGE('',*,*,#1278,.F.);
#1642=ORIENTED_EDGE('',*,*,#1289,.F.);
#1643=ORIENTED_EDGE('',*,*,#1290,.F.);
#1644=ORIENTED_EDGE('',*,*,#1291,.F.);
#1645=ORIENTED_EDGE('',*,*,#1292,.T.);
#1646=ORIENTED_EDGE('',*,*,#1293,.T.);
#1647=ORIENTED_EDGE('',*,*,#1294,.T.);
#1648=ORIENTED_EDGE('',*,*,#1295,.T.);
#1649=ORIENTED_EDGE('',*,*,#1296,.T.);
#1650=ORIENTED_EDGE('',*,*,#1297,.T.);
#1651=ORIENTED_EDGE('',*,*,#1298,.T.);
#1652=ORIENTED_EDGE('',*,*,#1299,.T.);
#1653=ORIENTED_EDGE('',*,*,#1300,.T.);
#1654=ORIENTED_EDGE('',*,*,#1301,.T.);
#1655=ORIENTED_EDGE('',*,*,#1271,.T.);
#1656=ORIENTED_EDGE('',*,*,#1287,.T.);
#1657=ORIENTED_EDGE('',*,*,#1302,.T.);
#1658=ORIENTED_EDGE('',*,*,#1285,.T.);
#1659=ORIENTED_EDGE('',*,*,#1282,.T.);
#1660=ORIENTED_EDGE('',*,*,#1303,.T.);
#1661=ORIENTED_EDGE('',*,*,#1304,.T.);
#1662=ORIENTED_EDGE('',*,*,#1305,.T.);
#1663=ORIENTED_EDGE('',*,*,#1281,.T.);
#1664=ORIENTED_EDGE('',*,*,#1306,.T.);
#1665=ORIENTED_EDGE('',*,*,#1307,.T.);
#1666=ORIENTED_EDGE('',*,*,#1308,.T.);
#1667=ORIENTED_EDGE('',*,*,#1309,.T.);
#1668=ORIENTED_EDGE('',*,*,#1303,.F.);
#1669=ORIENTED_EDGE('',*,*,#1280,.T.);
#1670=ORIENTED_EDGE('',*,*,#1269,.T.);
#1671=ORIENTED_EDGE('',*,*,#1310,.T.);
#1672=ORIENTED_EDGE('',*,*,#1306,.F.);
#1673=ORIENTED_EDGE('',*,*,#1286,.T.);
#1674=ORIENTED_EDGE('',*,*,#1305,.F.);
#1675=ORIENTED_EDGE('',*,*,#1311,.T.);
#1676=ORIENTED_EDGE('',*,*,#1312,.T.);
#1677=ORIENTED_EDGE('',*,*,#1313,.T.);
#1678=ORIENTED_EDGE('',*,*,#1302,.F.);
#1679=ORIENTED_EDGE('',*,*,#1312,.F.);
#1680=ORIENTED_EDGE('',*,*,#1314,.T.);
#1681=ORIENTED_EDGE('',*,*,#1315,.F.);
#1682=ORIENTED_EDGE('',*,*,#1316,.F.);
#1683=ORIENTED_EDGE('',*,*,#1317,.F.);
#1684=ORIENTED_EDGE('',*,*,#1318,.F.);
#1685=ORIENTED_EDGE('',*,*,#1319,.F.);
#1686=ORIENTED_EDGE('',*,*,#1320,.F.);
#1687=ORIENTED_EDGE('',*,*,#1304,.F.);
#1688=ORIENTED_EDGE('',*,*,#1309,.F.);
#1689=ORIENTED_EDGE('',*,*,#1321,.T.);
#1690=ORIENTED_EDGE('',*,*,#1322,.F.);
#1691=ORIENTED_EDGE('',*,*,#1323,.F.);
#1692=ORIENTED_EDGE('',*,*,#1314,.F.);
#1693=ORIENTED_EDGE('',*,*,#1311,.F.);
#1694=ORIENTED_EDGE('',*,*,#1308,.F.);
#1695=ORIENTED_EDGE('',*,*,#1324,.T.);
#1696=ORIENTED_EDGE('',*,*,#1325,.F.);
#1697=ORIENTED_EDGE('',*,*,#1326,.F.);
#1698=ORIENTED_EDGE('',*,*,#1327,.F.);
#1699=ORIENTED_EDGE('',*,*,#1328,.F.);
#1700=ORIENTED_EDGE('',*,*,#1329,.F.);
#1701=ORIENTED_EDGE('',*,*,#1321,.F.);
#1702=ORIENTED_EDGE('',*,*,#1330,.T.);
#1703=ORIENTED_EDGE('',*,*,#1331,.T.);
#1704=ORIENTED_EDGE('',*,*,#1332,.T.);
#1705=ORIENTED_EDGE('',*,*,#1273,.T.);
#1706=ORIENTED_EDGE('',*,*,#1332,.F.);
#1707=ORIENTED_EDGE('',*,*,#1333,.F.);
#1708=ORIENTED_EDGE('',*,*,#1334,.F.);
#1709=ORIENTED_EDGE('',*,*,#1276,.F.);
#1710=ORIENTED_EDGE('',*,*,#1335,.F.);
#1711=ORIENTED_EDGE('',*,*,#1336,.F.);
#1712=ORIENTED_EDGE('',*,*,#1337,.F.);
#1713=ORIENTED_EDGE('',*,*,#1274,.T.);
#1714=ORIENTED_EDGE('',*,*,#1338,.T.);
#1715=ORIENTED_EDGE('',*,*,#1339,.T.);
#1716=ORIENTED_EDGE('',*,*,#1340,.T.);
#1717=ORIENTED_EDGE('',*,*,#1341,.T.);
#1718=ORIENTED_EDGE('',*,*,#1342,.T.);
#1719=ORIENTED_EDGE('',*,*,#1343,.T.);
#1720=ORIENTED_EDGE('',*,*,#1344,.T.);
#1721=ORIENTED_EDGE('',*,*,#1345,.T.);
#1722=ORIENTED_EDGE('',*,*,#1346,.T.);
#1723=ORIENTED_EDGE('',*,*,#1347,.T.);
#1724=ORIENTED_EDGE('',*,*,#1348,.T.);
#1725=ORIENTED_EDGE('',*,*,#1349,.T.);
#1726=ORIENTED_EDGE('',*,*,#1350,.T.);
#1727=ORIENTED_EDGE('',*,*,#1351,.T.);
#1728=ORIENTED_EDGE('',*,*,#1352,.T.);
#1729=ORIENTED_EDGE('',*,*,#1353,.T.);
#1730=ORIENTED_EDGE('',*,*,#1354,.T.);
#1731=ORIENTED_EDGE('',*,*,#1355,.T.);
#1732=ORIENTED_EDGE('',*,*,#1334,.T.);
#1733=ORIENTED_EDGE('',*,*,#1356,.T.);
#1734=ORIENTED_EDGE('',*,*,#1357,.T.);
#1735=ORIENTED_EDGE('',*,*,#1289,.T.);
#1736=ORIENTED_EDGE('',*,*,#1277,.T.);
#1737=ORIENTED_EDGE('',*,*,#1335,.T.);
#1738=ORIENTED_EDGE('',*,*,#1275,.T.);
#1739=ORIENTED_EDGE('',*,*,#1337,.T.);
#1740=ORIENTED_EDGE('',*,*,#1358,.T.);
#1741=ORIENTED_EDGE('',*,*,#1359,.T.);
#1742=ORIENTED_EDGE('',*,*,#1291,.T.);
#1743=ORIENTED_EDGE('',*,*,#1360,.T.);
#1744=ORIENTED_EDGE('',*,*,#1361,.T.);
#1745=ORIENTED_EDGE('',*,*,#1301,.F.);
#1746=ORIENTED_EDGE('',*,*,#1313,.F.);
#1747=ORIENTED_EDGE('',*,*,#1320,.T.);
#1748=ORIENTED_EDGE('',*,*,#1362,.F.);
#1749=ORIENTED_EDGE('',*,*,#1324,.F.);
#1750=ORIENTED_EDGE('',*,*,#1307,.F.);
#1751=ORIENTED_EDGE('',*,*,#1310,.F.);
#1752=ORIENTED_EDGE('',*,*,#1268,.T.);
#1753=ORIENTED_EDGE('',*,*,#1279,.F.);
#1754=ORIENTED_EDGE('',*,*,#1288,.F.);
#1755=ORIENTED_EDGE('',*,*,#1272,.F.);
#1756=ORIENTED_EDGE('',*,*,#1325,.T.);
#1757=ORIENTED_EDGE('',*,*,#1362,.T.);
#1758=ORIENTED_EDGE('',*,*,#1319,.T.);
#1759=ORIENTED_EDGE('',*,*,#1363,.F.);
#1760=ORIENTED_EDGE('',*,*,#1364,.T.);
#1761=ORIENTED_EDGE('',*,*,#1365,.F.);
#1762=ORIENTED_EDGE('',*,*,#1366,.T.);
#1763=ORIENTED_EDGE('',*,*,#1367,.T.);
#1764=ORIENTED_EDGE('',*,*,#1368,.T.);
#1765=ORIENTED_EDGE('',*,*,#1369,.F.);
#1766=ORIENTED_EDGE('',*,*,#1370,.F.);
#1767=ORIENTED_EDGE('',*,*,#1371,.F.);
#1768=ORIENTED_EDGE('',*,*,#1372,.T.);
#1769=ORIENTED_EDGE('',*,*,#1373,.T.);
#1770=ORIENTED_EDGE('',*,*,#1298,.F.);
#1771=ORIENTED_EDGE('',*,*,#1374,.T.);
#1772=ORIENTED_EDGE('',*,*,#1375,.T.);
#1773=ORIENTED_EDGE('',*,*,#1374,.F.);
#1774=ORIENTED_EDGE('',*,*,#1375,.F.);
#1775=ORIENTED_EDGE('',*,*,#1376,.F.);
#1776=ORIENTED_EDGE('',*,*,#1297,.F.);
#1777=ORIENTED_EDGE('',*,*,#1377,.T.);
#1778=ORIENTED_EDGE('',*,*,#1378,.T.);
#1779=ORIENTED_EDGE('',*,*,#1377,.F.);
#1780=ORIENTED_EDGE('',*,*,#1378,.F.);
#1781=ORIENTED_EDGE('',*,*,#1379,.F.);
#1782=ORIENTED_EDGE('',*,*,#1376,.T.);
#1783=ORIENTED_EDGE('',*,*,#1380,.T.);
#1784=ORIENTED_EDGE('',*,*,#1381,.F.);
#1785=ORIENTED_EDGE('',*,*,#1380,.F.);
#1786=ORIENTED_EDGE('',*,*,#1379,.T.);
#1787=ORIENTED_EDGE('',*,*,#1382,.T.);
#1788=ORIENTED_EDGE('',*,*,#1383,.F.);
#1789=ORIENTED_EDGE('',*,*,#1382,.F.);
#1790=ORIENTED_EDGE('',*,*,#1384,.F.);
#1791=ORIENTED_EDGE('',*,*,#1385,.F.);
#1792=ORIENTED_EDGE('',*,*,#1386,.F.);
#1793=ORIENTED_EDGE('',*,*,#1387,.T.);
#1794=ORIENTED_EDGE('',*,*,#1388,.F.);
#1795=ORIENTED_EDGE('',*,*,#1295,.F.);
#1796=ORIENTED_EDGE('',*,*,#1296,.F.);
#1797=ORIENTED_EDGE('',*,*,#1389,.T.);
#1798=ORIENTED_EDGE('',*,*,#1385,.T.);
#1799=ORIENTED_EDGE('',*,*,#1390,.F.);
#1800=ORIENTED_EDGE('',*,*,#1386,.T.);
#1801=ORIENTED_EDGE('',*,*,#1389,.F.);
#1802=ORIENTED_EDGE('',*,*,#1391,.T.);
#1803=ORIENTED_EDGE('',*,*,#1392,.F.);
#1804=ORIENTED_EDGE('',*,*,#1393,.F.);
#1805=ORIENTED_EDGE('',*,*,#1394,.T.);
#1806=ORIENTED_EDGE('',*,*,#1395,.F.);
#1807=ORIENTED_EDGE('',*,*,#1293,.F.);
#1808=ORIENTED_EDGE('',*,*,#1294,.F.);
#1809=ORIENTED_EDGE('',*,*,#1396,.T.);
#1810=ORIENTED_EDGE('',*,*,#1392,.T.);
#1811=ORIENTED_EDGE('',*,*,#1397,.F.);
#1812=ORIENTED_EDGE('',*,*,#1393,.T.);
#1813=ORIENTED_EDGE('',*,*,#1396,.F.);
#1814=ORIENTED_EDGE('',*,*,#1373,.F.);
#1815=ORIENTED_EDGE('',*,*,#1398,.T.);
#1816=ORIENTED_EDGE('',*,*,#1388,.T.);
#1817=ORIENTED_EDGE('',*,*,#1398,.F.);
#1818=ORIENTED_EDGE('',*,*,#1372,.F.);
#1819=ORIENTED_EDGE('',*,*,#1399,.T.);
#1820=ORIENTED_EDGE('',*,*,#1395,.T.);
#1821=ORIENTED_EDGE('',*,*,#1399,.F.);
#1822=ORIENTED_EDGE('',*,*,#1400,.F.);
#1823=ORIENTED_EDGE('',*,*,#1401,.T.);
#1824=ORIENTED_EDGE('',*,*,#1402,.T.);
#1825=ORIENTED_EDGE('',*,*,#1401,.F.);
#1826=ORIENTED_EDGE('',*,*,#1402,.F.);
#1827=ORIENTED_EDGE('',*,*,#1403,.F.);
#1828=ORIENTED_EDGE('',*,*,#1404,.F.);
#1829=ORIENTED_EDGE('',*,*,#1405,.F.);
#1830=ORIENTED_EDGE('',*,*,#1406,.F.);
#1831=ORIENTED_EDGE('',*,*,#1407,.T.);
#1832=ORIENTED_EDGE('',*,*,#1408,.T.);
#1833=ORIENTED_EDGE('',*,*,#1407,.F.);
#1834=ORIENTED_EDGE('',*,*,#1408,.F.);
#1835=ORIENTED_EDGE('',*,*,#1409,.F.);
#1836=ORIENTED_EDGE('',*,*,#1410,.F.);
#1837=ORIENTED_EDGE('',*,*,#1411,.F.);
#1838=ORIENTED_EDGE('',*,*,#1412,.F.);
#1839=ORIENTED_EDGE('',*,*,#1413,.T.);
#1840=ORIENTED_EDGE('',*,*,#1414,.T.);
#1841=ORIENTED_EDGE('',*,*,#1413,.F.);
#1842=ORIENTED_EDGE('',*,*,#1414,.F.);
#1843=ORIENTED_EDGE('',*,*,#1415,.F.);
#1844=ORIENTED_EDGE('',*,*,#1416,.F.);
#1845=ORIENTED_EDGE('',*,*,#1417,.T.);
#1846=ORIENTED_EDGE('',*,*,#1418,.T.);
#1847=ORIENTED_EDGE('',*,*,#1417,.F.);
#1848=ORIENTED_EDGE('',*,*,#1418,.F.);
#1849=ORIENTED_EDGE('',*,*,#1419,.F.);
#1850=ORIENTED_EDGE('',*,*,#1420,.F.);
#1851=ORIENTED_EDGE('',*,*,#1421,.T.);
#1852=ORIENTED_EDGE('',*,*,#1422,.T.);
#1853=ORIENTED_EDGE('',*,*,#1421,.F.);
#1854=ORIENTED_EDGE('',*,*,#1422,.F.);
#1855=ORIENTED_EDGE('',*,*,#1423,.F.);
#1856=ORIENTED_EDGE('',*,*,#1424,.T.);
#1857=ORIENTED_EDGE('',*,*,#1425,.T.);
#1858=ORIENTED_EDGE('',*,*,#1426,.T.);
#1859=ORIENTED_EDGE('',*,*,#1427,.T.);
#1860=ORIENTED_EDGE('',*,*,#1428,.F.);
#1861=ORIENTED_EDGE('',*,*,#1429,.F.);
#1862=ORIENTED_EDGE('',*,*,#1430,.F.);
#1863=ORIENTED_EDGE('',*,*,#1431,.T.);
#1864=ORIENTED_EDGE('',*,*,#1432,.T.);
#1865=ORIENTED_EDGE('',*,*,#1433,.T.);
#1866=ORIENTED_EDGE('',*,*,#1434,.T.);
#1867=ORIENTED_EDGE('',*,*,#1435,.T.);
#1868=ORIENTED_EDGE('',*,*,#1363,.T.);
#1869=ORIENTED_EDGE('',*,*,#1318,.T.);
#1870=ORIENTED_EDGE('',*,*,#1436,.T.);
#1871=ORIENTED_EDGE('',*,*,#1326,.T.);
#1872=ORIENTED_EDGE('',*,*,#1371,.T.);
#1873=ORIENTED_EDGE('',*,*,#1437,.T.);
#1874=ORIENTED_EDGE('',*,*,#1420,.T.);
#1875=ORIENTED_EDGE('',*,*,#1416,.T.);
#1876=ORIENTED_EDGE('',*,*,#1412,.T.);
#1877=ORIENTED_EDGE('',*,*,#1406,.T.);
#1878=ORIENTED_EDGE('',*,*,#1400,.T.);
#1879=ORIENTED_EDGE('',*,*,#1423,.T.);
#1880=ORIENTED_EDGE('',*,*,#1438,.T.);
#1881=ORIENTED_EDGE('',*,*,#1439,.F.);
#1882=ORIENTED_EDGE('',*,*,#1438,.F.);
#1883=ORIENTED_EDGE('',*,*,#1405,.T.);
#1884=ORIENTED_EDGE('',*,*,#1440,.T.);
#1885=ORIENTED_EDGE('',*,*,#1441,.F.);
#1886=ORIENTED_EDGE('',*,*,#1440,.F.);
#1887=ORIENTED_EDGE('',*,*,#1409,.T.);
#1888=ORIENTED_EDGE('',*,*,#1442,.T.);
#1889=ORIENTED_EDGE('',*,*,#1443,.F.);
#1890=ORIENTED_EDGE('',*,*,#1442,.F.);
#1891=ORIENTED_EDGE('',*,*,#1403,.T.);
#1892=ORIENTED_EDGE('',*,*,#1444,.T.);
#1893=ORIENTED_EDGE('',*,*,#1445,.F.);
#1894=ORIENTED_EDGE('',*,*,#1444,.F.);
#1895=ORIENTED_EDGE('',*,*,#1419,.T.);
#1896=ORIENTED_EDGE('',*,*,#1446,.T.);
#1897=ORIENTED_EDGE('',*,*,#1447,.F.);
#1898=ORIENTED_EDGE('',*,*,#1446,.F.);
#1899=ORIENTED_EDGE('',*,*,#1415,.T.);
#1900=ORIENTED_EDGE('',*,*,#1448,.T.);
#1901=ORIENTED_EDGE('',*,*,#1449,.F.);
#1902=ORIENTED_EDGE('',*,*,#1448,.F.);
#1903=ORIENTED_EDGE('',*,*,#1411,.T.);
#1904=ORIENTED_EDGE('',*,*,#1450,.T.);
#1905=ORIENTED_EDGE('',*,*,#1451,.F.);
#1906=ORIENTED_EDGE('',*,*,#1450,.F.);
#1907=ORIENTED_EDGE('',*,*,#1452,.F.);
#1908=ORIENTED_EDGE('',*,*,#1453,.F.);
#1909=ORIENTED_EDGE('',*,*,#1454,.F.);
#1910=ORIENTED_EDGE('',*,*,#1455,.F.);
#1911=ORIENTED_EDGE('',*,*,#1456,.F.);
#1912=ORIENTED_EDGE('',*,*,#1457,.F.);
#1913=ORIENTED_EDGE('',*,*,#1458,.F.);
#1914=ORIENTED_EDGE('',*,*,#1459,.F.);
#1915=ORIENTED_EDGE('',*,*,#1460,.F.);
#1916=ORIENTED_EDGE('',*,*,#1461,.F.);
#1917=ORIENTED_EDGE('',*,*,#1462,.F.);
#1918=ORIENTED_EDGE('',*,*,#1463,.F.);
#1919=ORIENTED_EDGE('',*,*,#1464,.F.);
#1920=ORIENTED_EDGE('',*,*,#1425,.F.);
#1921=ORIENTED_EDGE('',*,*,#1465,.T.);
#1922=ORIENTED_EDGE('',*,*,#1404,.T.);
#1923=ORIENTED_EDGE('',*,*,#1465,.F.);
#1924=ORIENTED_EDGE('',*,*,#1424,.F.);
#1925=ORIENTED_EDGE('',*,*,#1466,.F.);
#1926=ORIENTED_EDGE('',*,*,#1467,.F.);
#1927=ORIENTED_EDGE('',*,*,#1468,.F.);
#1928=ORIENTED_EDGE('',*,*,#1469,.F.);
#1929=ORIENTED_EDGE('',*,*,#1470,.F.);
#1930=ORIENTED_EDGE('',*,*,#1471,.F.);
#1931=ORIENTED_EDGE('',*,*,#1472,.F.);
#1932=ORIENTED_EDGE('',*,*,#1473,.F.);
#1933=ORIENTED_EDGE('',*,*,#1474,.F.);
#1934=ORIENTED_EDGE('',*,*,#1475,.F.);
#1935=ORIENTED_EDGE('',*,*,#1476,.F.);
#1936=ORIENTED_EDGE('',*,*,#1434,.F.);
#1937=ORIENTED_EDGE('',*,*,#1477,.T.);
#1938=ORIENTED_EDGE('',*,*,#1410,.T.);
#1939=ORIENTED_EDGE('',*,*,#1477,.F.);
#1940=ORIENTED_EDGE('',*,*,#1433,.F.);
#1941=ORIENTED_EDGE('',*,*,#1478,.F.);
#1942=ORIENTED_EDGE('',*,*,#1479,.F.);
#1943=ORIENTED_EDGE('',*,*,#1480,.F.);
#1944=ORIENTED_EDGE('',*,*,#1481,.F.);
#1945=ORIENTED_EDGE('',*,*,#1482,.F.);
#1946=ORIENTED_EDGE('',*,*,#1483,.F.);
#1947=ORIENTED_EDGE('',*,*,#1484,.F.);
#1948=ORIENTED_EDGE('',*,*,#1485,.F.);
#1949=ORIENTED_EDGE('',*,*,#1486,.F.);
#1950=ORIENTED_EDGE('',*,*,#1487,.F.);
#1951=ORIENTED_EDGE('',*,*,#1488,.F.);
#1952=ORIENTED_EDGE('',*,*,#1489,.F.);
#1953=ORIENTED_EDGE('',*,*,#1345,.F.);
#1954=ORIENTED_EDGE('',*,*,#1490,.T.);
#1955=ORIENTED_EDGE('',*,*,#1491,.F.);
#1956=ORIENTED_EDGE('',*,*,#1469,.T.);
#1957=ORIENTED_EDGE('',*,*,#1492,.F.);
#1958=ORIENTED_EDGE('',*,*,#1490,.F.);
#1959=ORIENTED_EDGE('',*,*,#1344,.F.);
#1960=ORIENTED_EDGE('',*,*,#1493,.T.);
#1961=ORIENTED_EDGE('',*,*,#1494,.F.);
#1962=ORIENTED_EDGE('',*,*,#1467,.T.);
#1963=ORIENTED_EDGE('',*,*,#1495,.F.);
#1964=ORIENTED_EDGE('',*,*,#1493,.F.);
#1965=ORIENTED_EDGE('',*,*,#1455,.T.);
#1966=ORIENTED_EDGE('',*,*,#1496,.F.);
#1967=ORIENTED_EDGE('',*,*,#1497,.F.);
#1968=ORIENTED_EDGE('',*,*,#1426,.F.);
#1969=ORIENTED_EDGE('',*,*,#1464,.T.);
#1970=ORIENTED_EDGE('',*,*,#1498,.T.);
#1971=ORIENTED_EDGE('',*,*,#1461,.T.);
#1972=ORIENTED_EDGE('',*,*,#1499,.T.);
#1973=ORIENTED_EDGE('',*,*,#1458,.T.);
#1974=ORIENTED_EDGE('',*,*,#1500,.T.);
#1975=ORIENTED_EDGE('',*,*,#1501,.T.);
#1976=ORIENTED_EDGE('',*,*,#1502,.T.);
#1977=ORIENTED_EDGE('',*,*,#1503,.T.);
#1978=ORIENTED_EDGE('',*,*,#1504,.T.);
#1979=ORIENTED_EDGE('',*,*,#1505,.T.);
#1980=ORIENTED_EDGE('',*,*,#1506,.T.);
#1981=ORIENTED_EDGE('',*,*,#1470,.T.);
#1982=ORIENTED_EDGE('',*,*,#1491,.T.);
#1983=ORIENTED_EDGE('',*,*,#1492,.T.);
#1984=ORIENTED_EDGE('',*,*,#1468,.T.);
#1985=ORIENTED_EDGE('',*,*,#1494,.T.);
#1986=ORIENTED_EDGE('',*,*,#1495,.T.);
#1987=ORIENTED_EDGE('',*,*,#1466,.T.);
#1988=ORIENTED_EDGE('',*,*,#1437,.F.);
#1989=ORIENTED_EDGE('',*,*,#1370,.T.);
#1990=ORIENTED_EDGE('',*,*,#1507,.F.);
#1991=ORIENTED_EDGE('',*,*,#1453,.T.);
#1992=ORIENTED_EDGE('',*,*,#1508,.T.);
#1993=ORIENTED_EDGE('',*,*,#1509,.T.);
#1994=ORIENTED_EDGE('',*,*,#1510,.T.);
#1995=ORIENTED_EDGE('',*,*,#1511,.T.);
#1996=ORIENTED_EDGE('',*,*,#1512,.T.);
#1997=ORIENTED_EDGE('',*,*,#1513,.T.);
#1998=ORIENTED_EDGE('',*,*,#1514,.T.);
#1999=ORIENTED_EDGE('',*,*,#1515,.T.);
#2000=ORIENTED_EDGE('',*,*,#1342,.F.);
#2001=ORIENTED_EDGE('',*,*,#1516,.T.);
#2002=ORIENTED_EDGE('',*,*,#1462,.T.);
#2003=ORIENTED_EDGE('',*,*,#1498,.F.);
#2004=ORIENTED_EDGE('',*,*,#1463,.T.);
#2005=ORIENTED_EDGE('',*,*,#1516,.F.);
#2006=ORIENTED_EDGE('',*,*,#1486,.T.);
#2007=ORIENTED_EDGE('',*,*,#1517,.T.);
#2008=ORIENTED_EDGE('',*,*,#1518,.F.);
#2009=ORIENTED_EDGE('',*,*,#1517,.F.);
#2010=ORIENTED_EDGE('',*,*,#1485,.T.);
#2011=ORIENTED_EDGE('',*,*,#1519,.F.);
#2012=ORIENTED_EDGE('',*,*,#1483,.T.);
#2013=ORIENTED_EDGE('',*,*,#1520,.T.);
#2014=ORIENTED_EDGE('',*,*,#1521,.F.);
#2015=ORIENTED_EDGE('',*,*,#1520,.F.);
#2016=ORIENTED_EDGE('',*,*,#1482,.T.);
#2017=ORIENTED_EDGE('',*,*,#1522,.F.);
#2018=ORIENTED_EDGE('',*,*,#1487,.T.);
#2019=ORIENTED_EDGE('',*,*,#1519,.T.);
#2020=ORIENTED_EDGE('',*,*,#1484,.T.);
#2021=ORIENTED_EDGE('',*,*,#1522,.T.);
#2022=ORIENTED_EDGE('',*,*,#1481,.T.);
#2023=ORIENTED_EDGE('',*,*,#1523,.T.);
#2024=ORIENTED_EDGE('',*,*,#1478,.T.);
#2025=ORIENTED_EDGE('',*,*,#1432,.F.);
#2026=ORIENTED_EDGE('',*,*,#1524,.T.);
#2027=ORIENTED_EDGE('',*,*,#1525,.F.);
#2028=ORIENTED_EDGE('',*,*,#1526,.T.);
#2029=ORIENTED_EDGE('',*,*,#1527,.T.);
#2030=ORIENTED_EDGE('',*,*,#1528,.T.);
#2031=ORIENTED_EDGE('',*,*,#1529,.T.);
#2032=ORIENTED_EDGE('',*,*,#1530,.T.);
#2033=ORIENTED_EDGE('',*,*,#1531,.T.);
#2034=ORIENTED_EDGE('',*,*,#1489,.T.);
#2035=ORIENTED_EDGE('',*,*,#1532,.F.);
#2036=ORIENTED_EDGE('',*,*,#1364,.F.);
#2037=ORIENTED_EDGE('',*,*,#1435,.F.);
#2038=ORIENTED_EDGE('',*,*,#1476,.T.);
#2039=ORIENTED_EDGE('',*,*,#1533,.T.);
#2040=ORIENTED_EDGE('',*,*,#1534,.T.);
#2041=ORIENTED_EDGE('',*,*,#1474,.T.);
#2042=ORIENTED_EDGE('',*,*,#1535,.T.);
#2043=ORIENTED_EDGE('',*,*,#1536,.T.);
#2044=ORIENTED_EDGE('',*,*,#1472,.T.);
#2045=ORIENTED_EDGE('',*,*,#1537,.T.);
#2046=ORIENTED_EDGE('',*,*,#1538,.T.);
#2047=ORIENTED_EDGE('',*,*,#1539,.T.);
#2048=ORIENTED_EDGE('',*,*,#1540,.T.);
#2049=ORIENTED_EDGE('',*,*,#1541,.T.);
#2050=ORIENTED_EDGE('',*,*,#1542,.T.);
#2051=ORIENTED_EDGE('',*,*,#1543,.T.);
#2052=ORIENTED_EDGE('',*,*,#1544,.T.);
#2053=ORIENTED_EDGE('',*,*,#1480,.T.);
#2054=ORIENTED_EDGE('',*,*,#1545,.T.);
#2055=ORIENTED_EDGE('',*,*,#1546,.F.);
#2056=ORIENTED_EDGE('',*,*,#1545,.F.);
#2057=ORIENTED_EDGE('',*,*,#1479,.T.);
#2058=ORIENTED_EDGE('',*,*,#1523,.F.);
#2059=ORIENTED_EDGE('',*,*,#1539,.F.);
#2060=ORIENTED_EDGE('',*,*,#1547,.T.);
#2061=ORIENTED_EDGE('',*,*,#1548,.F.);
#2062=ORIENTED_EDGE('',*,*,#1547,.F.);
#2063=ORIENTED_EDGE('',*,*,#1355,.F.);
#2064=ORIENTED_EDGE('',*,*,#1549,.T.);
#2065=ORIENTED_EDGE('',*,*,#1510,.F.);
#2066=ORIENTED_EDGE('',*,*,#1549,.F.);
#2067=ORIENTED_EDGE('',*,*,#1300,.F.);
#2068=ORIENTED_EDGE('',*,*,#1550,.T.);
#2069=ORIENTED_EDGE('',*,*,#1322,.T.);
#2070=ORIENTED_EDGE('',*,*,#1329,.T.);
#2071=ORIENTED_EDGE('',*,*,#1551,.T.);
#2072=ORIENTED_EDGE('',*,*,#1315,.T.);
#2073=ORIENTED_EDGE('',*,*,#1323,.T.);
#2074=ORIENTED_EDGE('',*,*,#1550,.F.);
#2075=ORIENTED_EDGE('',*,*,#1552,.F.);
#2076=ORIENTED_EDGE('',*,*,#1553,.T.);
#2077=ORIENTED_EDGE('',*,*,#1384,.T.);
#2078=ORIENTED_EDGE('',*,*,#1554,.T.);
#2079=ORIENTED_EDGE('',*,*,#1366,.F.);
#2080=ORIENTED_EDGE('',*,*,#1390,.T.);
#2081=ORIENTED_EDGE('',*,*,#1553,.F.);
#2082=ORIENTED_EDGE('',*,*,#1555,.F.);
#2083=ORIENTED_EDGE('',*,*,#1556,.T.);
#2084=ORIENTED_EDGE('',*,*,#1397,.T.);
#2085=ORIENTED_EDGE('',*,*,#1557,.T.);
#2086=ORIENTED_EDGE('',*,*,#1558,.F.);
#2087=ORIENTED_EDGE('',*,*,#1368,.F.);
#2088=ORIENTED_EDGE('',*,*,#1559,.T.);
#2089=ORIENTED_EDGE('',*,*,#1394,.F.);
#2090=ORIENTED_EDGE('',*,*,#1556,.F.);
#2091=ORIENTED_EDGE('',*,*,#1367,.F.);
#2092=ORIENTED_EDGE('',*,*,#1554,.F.);
#2093=ORIENTED_EDGE('',*,*,#1387,.F.);
#2094=ORIENTED_EDGE('',*,*,#1557,.F.);
#2095=ORIENTED_EDGE('',*,*,#1391,.F.);
#2096=ORIENTED_EDGE('',*,*,#1559,.F.);
#2097=ORIENTED_EDGE('',*,*,#1560,.F.);
#2098=ORIENTED_EDGE('',*,*,#1561,.T.);
#2099=ORIENTED_EDGE('',*,*,#1428,.T.);
#2100=ORIENTED_EDGE('',*,*,#1562,.F.);
#2101=ORIENTED_EDGE('',*,*,#1563,.F.);
#2102=ORIENTED_EDGE('',*,*,#1564,.T.);
#2103=ORIENTED_EDGE('',*,*,#1429,.T.);
#2104=ORIENTED_EDGE('',*,*,#1561,.F.);
#2105=ORIENTED_EDGE('',*,*,#1565,.F.);
#2106=ORIENTED_EDGE('',*,*,#1566,.F.);
#2107=ORIENTED_EDGE('',*,*,#1430,.T.);
#2108=ORIENTED_EDGE('',*,*,#1564,.F.);
#2109=ORIENTED_EDGE('',*,*,#1566,.T.);
#2110=ORIENTED_EDGE('',*,*,#1567,.F.);
#2111=ORIENTED_EDGE('',*,*,#1524,.F.);
#2112=ORIENTED_EDGE('',*,*,#1431,.F.);
#2113=ORIENTED_EDGE('',*,*,#1383,.T.);
#2114=ORIENTED_EDGE('',*,*,#1562,.T.);
#2115=ORIENTED_EDGE('',*,*,#1427,.F.);
#2116=ORIENTED_EDGE('',*,*,#1497,.T.);
#2117=ORIENTED_EDGE('',*,*,#1568,.F.);
#2118=ORIENTED_EDGE('',*,*,#1381,.T.);
#2119=ORIENTED_EDGE('',*,*,#1317,.T.);
#2120=ORIENTED_EDGE('',*,*,#1569,.F.);
#2121=ORIENTED_EDGE('',*,*,#1327,.T.);
#2122=ORIENTED_EDGE('',*,*,#1436,.F.);
#2123=ORIENTED_EDGE('',*,*,#1330,.F.);
#2124=ORIENTED_EDGE('',*,*,#1292,.F.);
#2125=ORIENTED_EDGE('',*,*,#1359,.F.);
#2126=ORIENTED_EDGE('',*,*,#1570,.F.);
#2127=ORIENTED_EDGE('',*,*,#1360,.F.);
#2128=ORIENTED_EDGE('',*,*,#1290,.T.);
#2129=ORIENTED_EDGE('',*,*,#1357,.F.);
#2130=ORIENTED_EDGE('',*,*,#1571,.F.);
#2131=ORIENTED_EDGE('',*,*,#1572,.T.);
#2132=ORIENTED_EDGE('',*,*,#1573,.T.);
#2133=ORIENTED_EDGE('',*,*,#1574,.T.);
#2134=ORIENTED_EDGE('',*,*,#1575,.T.);
#2135=ORIENTED_EDGE('',*,*,#1546,.T.);
#2136=ORIENTED_EDGE('',*,*,#1521,.T.);
#2137=ORIENTED_EDGE('',*,*,#1576,.T.);
#2138=ORIENTED_EDGE('',*,*,#1577,.T.);
#2139=ORIENTED_EDGE('',*,*,#1578,.T.);
#2140=ORIENTED_EDGE('',*,*,#1579,.T.);
#2141=ORIENTED_EDGE('',*,*,#1580,.T.);
#2142=ORIENTED_EDGE('',*,*,#1581,.T.);
#2143=ORIENTED_EDGE('',*,*,#1582,.T.);
#2144=ORIENTED_EDGE('',*,*,#1583,.T.);
#2145=ORIENTED_EDGE('',*,*,#1518,.T.);
#2146=ORIENTED_EDGE('',*,*,#1584,.T.);
#2147=ORIENTED_EDGE('',*,*,#1585,.T.);
#2148=ORIENTED_EDGE('',*,*,#1548,.T.);
#2149=ORIENTED_EDGE('',*,*,#1331,.F.);
#2150=ORIENTED_EDGE('',*,*,#1571,.T.);
#2151=ORIENTED_EDGE('',*,*,#1356,.F.);
#2152=ORIENTED_EDGE('',*,*,#1333,.T.);
#2153=ORIENTED_EDGE('',*,*,#1454,.T.);
#2154=ORIENTED_EDGE('',*,*,#1507,.T.);
#2155=ORIENTED_EDGE('',*,*,#1369,.T.);
#2156=ORIENTED_EDGE('',*,*,#1558,.T.);
#2157=ORIENTED_EDGE('',*,*,#1555,.T.);
#2158=ORIENTED_EDGE('',*,*,#1552,.T.);
#2159=ORIENTED_EDGE('',*,*,#1365,.T.);
#2160=ORIENTED_EDGE('',*,*,#1532,.T.);
#2161=ORIENTED_EDGE('',*,*,#1488,.T.);
#2162=ORIENTED_EDGE('',*,*,#1525,.T.);
#2163=ORIENTED_EDGE('',*,*,#1567,.T.);
#2164=ORIENTED_EDGE('',*,*,#1565,.T.);
#2165=ORIENTED_EDGE('',*,*,#1563,.T.);
#2166=ORIENTED_EDGE('',*,*,#1560,.T.);
#2167=ORIENTED_EDGE('',*,*,#1568,.T.);
#2168=ORIENTED_EDGE('',*,*,#1496,.T.);
#2169=ORIENTED_EDGE('',*,*,#1358,.F.);
#2170=ORIENTED_EDGE('',*,*,#1336,.T.);
#2171=ORIENTED_EDGE('',*,*,#1361,.F.);
#2172=ORIENTED_EDGE('',*,*,#1570,.T.);
#2173=ORIENTED_EDGE('',*,*,#1299,.F.);
#2174=ORIENTED_EDGE('',*,*,#1586,.T.);
#2175=ORIENTED_EDGE('',*,*,#1587,.T.);
#2176=ORIENTED_EDGE('',*,*,#1586,.F.);
#2177=ORIENTED_EDGE('',*,*,#1284,.F.);
#2178=ORIENTED_EDGE('',*,*,#1587,.F.);
#2179=ORIENTED_EDGE('',*,*,#1316,.T.);
#2180=ORIENTED_EDGE('',*,*,#1551,.F.);
#2181=ORIENTED_EDGE('',*,*,#1328,.T.);
#2182=ORIENTED_EDGE('',*,*,#1569,.T.);
#2183=ORIENTED_EDGE('',*,*,#1439,.T.);
#2184=ORIENTED_EDGE('',*,*,#1441,.T.);
#2185=ORIENTED_EDGE('',*,*,#1443,.T.);
#2186=ORIENTED_EDGE('',*,*,#1445,.T.);
#2187=ORIENTED_EDGE('',*,*,#1447,.T.);
#2188=ORIENTED_EDGE('',*,*,#1449,.T.);
#2189=ORIENTED_EDGE('',*,*,#1451,.T.);
#2190=ORIENTED_EDGE('',*,*,#1354,.F.);
#2191=ORIENTED_EDGE('',*,*,#1588,.T.);
#2192=ORIENTED_EDGE('',*,*,#1511,.F.);
#2193=ORIENTED_EDGE('',*,*,#1588,.F.);
#2194=ORIENTED_EDGE('',*,*,#1353,.F.);
#2195=ORIENTED_EDGE('',*,*,#1589,.T.);
#2196=ORIENTED_EDGE('',*,*,#1508,.F.);
#2197=ORIENTED_EDGE('',*,*,#1452,.T.);
#2198=ORIENTED_EDGE('',*,*,#1509,.F.);
#2199=ORIENTED_EDGE('',*,*,#1589,.F.);
#2200=ORIENTED_EDGE('',*,*,#1352,.F.);
#2201=ORIENTED_EDGE('',*,*,#1590,.T.);
#2202=ORIENTED_EDGE('',*,*,#1456,.T.);
#2203=ORIENTED_EDGE('',*,*,#1500,.F.);
#2204=ORIENTED_EDGE('',*,*,#1457,.T.);
#2205=ORIENTED_EDGE('',*,*,#1590,.F.);
#2206=ORIENTED_EDGE('',*,*,#1351,.F.);
#2207=ORIENTED_EDGE('',*,*,#1591,.T.);
#2208=ORIENTED_EDGE('',*,*,#1506,.F.);
#2209=ORIENTED_EDGE('',*,*,#1591,.F.);
#2210=ORIENTED_EDGE('',*,*,#1350,.F.);
#2211=ORIENTED_EDGE('',*,*,#1592,.T.);
#2212=ORIENTED_EDGE('',*,*,#1505,.F.);
#2213=ORIENTED_EDGE('',*,*,#1592,.F.);
#2214=ORIENTED_EDGE('',*,*,#1540,.F.);
#2215=ORIENTED_EDGE('',*,*,#1593,.T.);
#2216=ORIENTED_EDGE('',*,*,#1585,.F.);
#2217=ORIENTED_EDGE('',*,*,#1593,.F.);
#2218=ORIENTED_EDGE('',*,*,#1471,.T.);
#2219=ORIENTED_EDGE('',*,*,#1538,.F.);
#2220=ORIENTED_EDGE('',*,*,#1594,.T.);
#2221=ORIENTED_EDGE('',*,*,#1584,.F.);
#2222=ORIENTED_EDGE('',*,*,#1594,.F.);
#2223=ORIENTED_EDGE('',*,*,#1537,.F.);
#2224=ORIENTED_EDGE('',*,*,#1531,.F.);
#2225=ORIENTED_EDGE('',*,*,#1595,.T.);
#2226=ORIENTED_EDGE('',*,*,#1583,.F.);
#2227=ORIENTED_EDGE('',*,*,#1595,.F.);
#2228=ORIENTED_EDGE('',*,*,#1530,.F.);
#2229=ORIENTED_EDGE('',*,*,#1596,.T.);
#2230=ORIENTED_EDGE('',*,*,#1582,.F.);
#2231=ORIENTED_EDGE('',*,*,#1596,.F.);
#2232=ORIENTED_EDGE('',*,*,#1349,.F.);
#2233=ORIENTED_EDGE('',*,*,#1597,.T.);
#2234=ORIENTED_EDGE('',*,*,#1512,.F.);
#2235=ORIENTED_EDGE('',*,*,#1597,.F.);
#2236=ORIENTED_EDGE('',*,*,#1348,.F.);
#2237=ORIENTED_EDGE('',*,*,#1598,.T.);
#2238=ORIENTED_EDGE('',*,*,#1513,.F.);
#2239=ORIENTED_EDGE('',*,*,#1598,.F.);
#2240=ORIENTED_EDGE('',*,*,#1347,.F.);
#2241=ORIENTED_EDGE('',*,*,#1599,.T.);
#2242=ORIENTED_EDGE('',*,*,#1514,.F.);
#2243=ORIENTED_EDGE('',*,*,#1599,.F.);
#2244=ORIENTED_EDGE('',*,*,#1346,.F.);
#2245=ORIENTED_EDGE('',*,*,#1600,.T.);
#2246=ORIENTED_EDGE('',*,*,#1515,.F.);
#2247=ORIENTED_EDGE('',*,*,#1600,.F.);
#2248=ORIENTED_EDGE('',*,*,#1343,.F.);
#2249=ORIENTED_EDGE('',*,*,#1601,.T.);
#2250=ORIENTED_EDGE('',*,*,#1459,.T.);
#2251=ORIENTED_EDGE('',*,*,#1499,.F.);
#2252=ORIENTED_EDGE('',*,*,#1460,.T.);
#2253=ORIENTED_EDGE('',*,*,#1601,.F.);
#2254=ORIENTED_EDGE('',*,*,#1341,.F.);
#2255=ORIENTED_EDGE('',*,*,#1602,.T.);
#2256=ORIENTED_EDGE('',*,*,#1504,.F.);
#2257=ORIENTED_EDGE('',*,*,#1602,.F.);
#2258=ORIENTED_EDGE('',*,*,#1340,.F.);
#2259=ORIENTED_EDGE('',*,*,#1603,.T.);
#2260=ORIENTED_EDGE('',*,*,#1503,.F.);
#2261=ORIENTED_EDGE('',*,*,#1603,.F.);
#2262=ORIENTED_EDGE('',*,*,#1339,.F.);
#2263=ORIENTED_EDGE('',*,*,#1604,.T.);
#2264=ORIENTED_EDGE('',*,*,#1502,.F.);
#2265=ORIENTED_EDGE('',*,*,#1604,.F.);
#2266=ORIENTED_EDGE('',*,*,#1338,.F.);
#2267=ORIENTED_EDGE('',*,*,#1605,.T.);
#2268=ORIENTED_EDGE('',*,*,#1501,.F.);
#2269=ORIENTED_EDGE('',*,*,#1605,.F.);
#2270=ORIENTED_EDGE('',*,*,#1541,.F.);
#2271=ORIENTED_EDGE('',*,*,#1606,.T.);
#2272=ORIENTED_EDGE('',*,*,#1581,.F.);
#2273=ORIENTED_EDGE('',*,*,#1606,.F.);
#2274=ORIENTED_EDGE('',*,*,#1542,.F.);
#2275=ORIENTED_EDGE('',*,*,#1607,.T.);
#2276=ORIENTED_EDGE('',*,*,#1580,.F.);
#2277=ORIENTED_EDGE('',*,*,#1607,.F.);
#2278=ORIENTED_EDGE('',*,*,#1543,.F.);
#2279=ORIENTED_EDGE('',*,*,#1608,.T.);
#2280=ORIENTED_EDGE('',*,*,#1579,.F.);
#2281=ORIENTED_EDGE('',*,*,#1608,.F.);
#2282=ORIENTED_EDGE('',*,*,#1544,.F.);
#2283=ORIENTED_EDGE('',*,*,#1609,.T.);
#2284=ORIENTED_EDGE('',*,*,#1578,.F.);
#2285=ORIENTED_EDGE('',*,*,#1609,.F.);
#2286=ORIENTED_EDGE('',*,*,#1473,.T.);
#2287=ORIENTED_EDGE('',*,*,#1536,.F.);
#2288=ORIENTED_EDGE('',*,*,#1610,.T.);
#2289=ORIENTED_EDGE('',*,*,#1577,.F.);
#2290=ORIENTED_EDGE('',*,*,#1610,.F.);
#2291=ORIENTED_EDGE('',*,*,#1535,.F.);
#2292=ORIENTED_EDGE('',*,*,#1475,.T.);
#2293=ORIENTED_EDGE('',*,*,#1534,.F.);
#2294=ORIENTED_EDGE('',*,*,#1611,.T.);
#2295=ORIENTED_EDGE('',*,*,#1576,.F.);
#2296=ORIENTED_EDGE('',*,*,#1611,.F.);
#2297=ORIENTED_EDGE('',*,*,#1533,.F.);
#2298=ORIENTED_EDGE('',*,*,#1529,.F.);
#2299=ORIENTED_EDGE('',*,*,#1612,.T.);
#2300=ORIENTED_EDGE('',*,*,#1575,.F.);
#2301=ORIENTED_EDGE('',*,*,#1612,.F.);
#2302=ORIENTED_EDGE('',*,*,#1528,.F.);
#2303=ORIENTED_EDGE('',*,*,#1613,.T.);
#2304=ORIENTED_EDGE('',*,*,#1574,.F.);
#2305=ORIENTED_EDGE('',*,*,#1613,.F.);
#2306=ORIENTED_EDGE('',*,*,#1527,.F.);
#2307=ORIENTED_EDGE('',*,*,#1614,.T.);
#2308=ORIENTED_EDGE('',*,*,#1573,.F.);
#2309=ORIENTED_EDGE('',*,*,#1614,.F.);
#2310=ORIENTED_EDGE('',*,*,#1526,.F.);
#2311=ORIENTED_EDGE('',*,*,#1615,.T.);
#2312=ORIENTED_EDGE('',*,*,#1572,.F.);
#2313=ORIENTED_EDGE('',*,*,#1615,.F.);
#2314=B_SPLINE_SURFACE_WITH_KNOTS('',3,1,((#3394,#3395),(#3396,#3397),(#3398,
#3399),(#3400,#3401),(#3402,#3403),(#3404,#3405),(#3406,#3407),(#3408,#3409),
(#3410,#3411),(#3412,#3413),(#3414,#3415),(#3416,#3417)),.UNSPECIFIED.,
 .F.,.F.,.F.,(4,2,2,2,2,4),(2,2),(-0.219958828458592,-0.219058225747574,
-0.217789710568992,-0.211760515709692,-0.189882487036422,-0.168004458363153),
(0.,10.),.UNSPECIFIED.);
#2315=B_SPLINE_SURFACE_WITH_KNOTS('',3,1,((#3456,#3457),(#3458,#3459),(#3460,
#3461),(#3462,#3463),(#3464,#3465),(#3466,#3467),(#3468,#3469),(#3470,#3471),
(#3472,#3473),(#3474,#3475),(#3476,#3477),(#3478,#3479)),.UNSPECIFIED.,
 .F.,.F.,.F.,(4,2,2,2,2,4),(2,2),(-0.0519543700954397,-0.0300763414221702,
-0.00819831274890066,-0.00216911788960047,-0.000900602711018036,0.),(0.,
10.),.UNSPECIFIED.);
#2316=ADVANCED_FACE('',(#375),#2314,.F.);
#2317=ADVANCED_FACE('',(#376),#2315,.F.);
#2318=ADVANCED_FACE('',(#377,#60,#61,#62,#63),#311,.T.);
#2319=ADVANCED_FACE('',(#378,#64),#22,.F.);
#2320=ADVANCED_FACE('',(#379),#15,.T.);
#2321=ADVANCED_FACE('',(#380),#16,.T.);
#2322=ADVANCED_FACE('',(#381),#312,.T.);
#2323=ADVANCED_FACE('',(#382),#17,.T.);
#2324=ADVANCED_FACE('',(#383),#313,.T.);
#2325=ADVANCED_FACE('',(#384),#23,.F.);
#2326=ADVANCED_FACE('',(#385),#24,.F.);
#2327=ADVANCED_FACE('',(#386),#25,.F.);
#2328=ADVANCED_FACE('',(#387),#18,.T.);
#2329=ADVANCED_FACE('',(#388,#65,#66,#67,#68,#69,#70,#71,#72,#73,#74,#75,
#76,#77,#78,#79,#80,#81,#82),#26,.T.);
#2330=ADVANCED_FACE('',(#389),#19,.T.);
#2331=ADVANCED_FACE('',(#390),#20,.T.);
#2332=ADVANCED_FACE('',(#391),#21,.T.);
#2333=ADVANCED_FACE('',(#392),#27,.F.);
#2334=ADVANCED_FACE('',(#393,#83,#84),#28,.T.);
#2335=ADVANCED_FACE('',(#394),#314,.F.);
#2336=ADVANCED_FACE('',(#395,#85),#29,.T.);
#2337=ADVANCED_FACE('',(#396),#315,.F.);
#2338=ADVANCED_FACE('',(#397,#86),#30,.T.);
#2339=ADVANCED_FACE('',(#398),#316,.F.);
#2340=ADVANCED_FACE('',(#399),#317,.F.);
#2341=ADVANCED_FACE('',(#400,#87),#31,.F.);
#2342=ADVANCED_FACE('',(#401),#318,.F.);
#2343=ADVANCED_FACE('',(#402,#88),#32,.F.);
#2344=ADVANCED_FACE('',(#403),#319,.F.);
#2345=ADVANCED_FACE('',(#404),#320,.F.);
#2346=ADVANCED_FACE('',(#405),#321,.F.);
#2347=ADVANCED_FACE('',(#406),#322,.F.);
#2348=ADVANCED_FACE('',(#407,#89),#33,.T.);
#2349=ADVANCED_FACE('',(#408,#90),#34,.T.);
#2350=ADVANCED_FACE('',(#409),#323,.F.);
#2351=ADVANCED_FACE('',(#410,#91),#35,.T.);
#2352=ADVANCED_FACE('',(#411,#92),#36,.T.);
#2353=ADVANCED_FACE('',(#412),#324,.F.);
#2354=ADVANCED_FACE('',(#413,#93),#37,.T.);
#2355=ADVANCED_FACE('',(#414),#325,.F.);
#2356=ADVANCED_FACE('',(#415,#94),#38,.T.);
#2357=ADVANCED_FACE('',(#416),#326,.F.);
#2358=ADVANCED_FACE('',(#417,#95),#39,.T.);
#2359=ADVANCED_FACE('',(#418,#96,#97,#98,#99,#100),#40,.T.);
#2360=ADVANCED_FACE('',(#419),#327,.F.);
#2361=ADVANCED_FACE('',(#420),#328,.F.);
#2362=ADVANCED_FACE('',(#421),#329,.F.);
#2363=ADVANCED_FACE('',(#422),#330,.F.);
#2364=ADVANCED_FACE('',(#423),#331,.F.);
#2365=ADVANCED_FACE('',(#424),#332,.F.);
#2366=ADVANCED_FACE('',(#425),#333,.F.);
#2367=ADVANCED_FACE('',(#426),#334,.F.);
#2368=ADVANCED_FACE('',(#427),#335,.F.);
#2369=ADVANCED_FACE('',(#428),#336,.F.);
#2370=ADVANCED_FACE('',(#429),#337,.F.);
#2371=ADVANCED_FACE('',(#430,#101,#102,#103,#104,#105,#106),#41,.T.);
#2372=ADVANCED_FACE('',(#431,#107,#108,#109,#110,#111,#112),#42,.T.);
#2373=ADVANCED_FACE('',(#432),#338,.F.);
#2374=ADVANCED_FACE('',(#433),#339,.F.);
#2375=ADVANCED_FACE('',(#434),#340,.F.);
#2376=ADVANCED_FACE('',(#435,#113,#114,#115,#116,#117,#118),#43,.T.);
#2377=ADVANCED_FACE('',(#436,#119,#120,#121,#122,#123,#124),#44,.T.);
#2378=ADVANCED_FACE('',(#437),#341,.F.);
#2379=ADVANCED_FACE('',(#438),#342,.F.);
#2380=ADVANCED_FACE('',(#439),#343,.F.);
#2381=ADVANCED_FACE('',(#440),#344,.F.);
#2382=ADVANCED_FACE('',(#441),#45,.F.);
#2383=ADVANCED_FACE('',(#442),#46,.F.);
#2384=ADVANCED_FACE('',(#443),#47,.F.);
#2385=ADVANCED_FACE('',(#444),#48,.F.);
#2386=ADVANCED_FACE('',(#445),#49,.F.);
#2387=ADVANCED_FACE('',(#446),#50,.F.);
#2388=ADVANCED_FACE('',(#447),#51,.F.);
#2389=ADVANCED_FACE('',(#448,#125),#52,.T.);
#2390=ADVANCED_FACE('',(#449,#126),#53,.T.);
#2391=ADVANCED_FACE('',(#450),#345,.F.);
#2392=ADVANCED_FACE('',(#451,#127,#128,#129,#130,#131,#132,#133,#134,#135,
#136,#137,#138,#139,#140,#141,#142,#143,#144),#54,.T.);
#2393=ADVANCED_FACE('',(#452,#145),#55,.T.);
#2394=ADVANCED_FACE('',(#453),#56,.T.);
#2395=ADVANCED_FACE('',(#454),#57,.T.);
#2396=ADVANCED_FACE('',(#455),#346,.T.);
#2397=ADVANCED_FACE('',(#456,#146),#58,.F.);
#2398=ADVANCED_FACE('',(#457,#147,#148,#149,#150,#151,#152,#153),#59,.F.);
#2399=ADVANCED_FACE('',(#458),#347,.F.);
#2400=ADVANCED_FACE('',(#459),#348,.F.);
#2401=ADVANCED_FACE('',(#460),#349,.F.);
#2402=ADVANCED_FACE('',(#461),#350,.F.);
#2403=ADVANCED_FACE('',(#462),#351,.F.);
#2404=ADVANCED_FACE('',(#463),#352,.F.);
#2405=ADVANCED_FACE('',(#464),#353,.F.);
#2406=ADVANCED_FACE('',(#465),#354,.F.);
#2407=ADVANCED_FACE('',(#466),#355,.F.);
#2408=ADVANCED_FACE('',(#467),#356,.F.);
#2409=ADVANCED_FACE('',(#468),#357,.F.);
#2410=ADVANCED_FACE('',(#469),#358,.F.);
#2411=ADVANCED_FACE('',(#470),#359,.F.);
#2412=ADVANCED_FACE('',(#471),#360,.F.);
#2413=ADVANCED_FACE('',(#472),#361,.F.);
#2414=ADVANCED_FACE('',(#473),#362,.F.);
#2415=ADVANCED_FACE('',(#474),#363,.F.);
#2416=ADVANCED_FACE('',(#475),#364,.F.);
#2417=ADVANCED_FACE('',(#476),#365,.F.);
#2418=ADVANCED_FACE('',(#477),#366,.F.);
#2419=ADVANCED_FACE('',(#478),#367,.F.);
#2420=ADVANCED_FACE('',(#479),#368,.F.);
#2421=ADVANCED_FACE('',(#480),#369,.F.);
#2422=ADVANCED_FACE('',(#481),#370,.F.);
#2423=ADVANCED_FACE('',(#482),#371,.F.);
#2424=ADVANCED_FACE('',(#483),#372,.F.);
#2425=ADVANCED_FACE('',(#484),#373,.F.);
#2426=ADVANCED_FACE('',(#485),#374,.F.);
#2427=CLOSED_SHELL('',(#2316,#2317,#2318,#2319,#2320,#2321,#2322,#2323,
#2324,#2325,#2326,#2327,#2328,#2329,#2330,#2331,#2332,#2333,#2334,#2335,
#2336,#2337,#2338,#2339,#2340,#2341,#2342,#2343,#2344,#2345,#2346,#2347,
#2348,#2349,#2350,#2351,#2352,#2353,#2354,#2355,#2356,#2357,#2358,#2359,
#2360,#2361,#2362,#2363,#2364,#2365,#2366,#2367,#2368,#2369,#2370,#2371,
#2372,#2373,#2374,#2375,#2376,#2377,#2378,#2379,#2380,#2381,#2382,#2383,
#2384,#2385,#2386,#2387,#2388,#2389,#2390,#2391,#2392,#2393,#2394,#2395,
#2396,#2397,#2398,#2399,#2400,#2401,#2402,#2403,#2404,#2405,#2406,#2407,
#2408,#2409,#2410,#2411,#2412,#2413,#2414,#2415,#2416,#2417,#2418,#2419,
#2420,#2421,#2422,#2423,#2424,#2425,#2426));
#2428=DERIVED_UNIT_ELEMENT(#2430,1.);
#2429=DERIVED_UNIT_ELEMENT(#4748,-3.);
#2430=(
MASS_UNIT()
NAMED_UNIT(*)
SI_UNIT(.KILO.,.GRAM.)
);
#2431=DERIVED_UNIT((#2428,#2429));
#2432=MEASURE_REPRESENTATION_ITEM('density measure',
POSITIVE_RATIO_MEASURE(7850.),#2431);
#2433=PROPERTY_DEFINITION_REPRESENTATION(#2438,#2435);
#2434=PROPERTY_DEFINITION_REPRESENTATION(#2439,#2436);
#2435=REPRESENTATION('material name',(#2437),#4745);
#2436=REPRESENTATION('density',(#2432),#4745);
#2437=DESCRIPTIVE_REPRESENTATION_ITEM('\X2\AC15CCA0\X0\','\X2\AC15CCA0\X0\');
#2438=PROPERTY_DEFINITION('material property','material name',#4755);
#2439=PROPERTY_DEFINITION('material property','density of part',#4755);
#2440=AXIS2_PLACEMENT_3D('',#3393,#2707,#2708);
#2441=AXIS2_PLACEMENT_3D('',#3516,#2711,#2712);
#2442=AXIS2_PLACEMENT_3D('',#3519,#2713,#2714);
#2443=AXIS2_PLACEMENT_3D('',#3523,#2716,#2717);
#2444=AXIS2_PLACEMENT_3D('',#3527,#2719,#2720);
#2445=AXIS2_PLACEMENT_3D('',#3530,#2722,#2723);
#2446=AXIS2_PLACEMENT_3D('',#3532,#2724,#2725);
#2447=AXIS2_PLACEMENT_3D('',#3536,#2727,#2728);
#2448=AXIS2_PLACEMENT_3D('',#3539,#2730,#2731);
#2449=AXIS2_PLACEMENT_3D('',#3541,#2732,#2733);
#2450=AXIS2_PLACEMENT_3D('',#3544,#2735,#2736);
#2451=AXIS2_PLACEMENT_3D('',#3545,#2737,#2738);
#2452=AXIS2_PLACEMENT_3D('',#3547,#2739,#2740);
#2453=AXIS2_PLACEMENT_3D('',#3551,#2742,#2743);
#2454=AXIS2_PLACEMENT_3D('',#3699,#2745,#2746);
#2455=AXIS2_PLACEMENT_3D('',#3701,#2747,#2748);
#2456=AXIS2_PLACEMENT_3D('',#3703,#2749,#2750);
#2457=AXIS2_PLACEMENT_3D('',#3704,#2751,#2752);
#2458=AXIS2_PLACEMENT_3D('',#3706,#2753,#2754);
#2459=AXIS2_PLACEMENT_3D('',#3723,#2755,#2756);
#2460=AXIS2_PLACEMENT_3D('',#3742,#2757,#2758);
#2461=AXIS2_PLACEMENT_3D('',#3757,#2759,#2760);
#2462=AXIS2_PLACEMENT_3D('',#3776,#2761,#2762);
#2463=AXIS2_PLACEMENT_3D('',#3779,#2764,#2765);
#2464=AXIS2_PLACEMENT_3D('',#3780,#2766,#2767);
#2465=AXIS2_PLACEMENT_3D('',#3781,#2768,#2769);
#2466=AXIS2_PLACEMENT_3D('',#3782,#2770,#2771);
#2467=AXIS2_PLACEMENT_3D('',#3784,#2772,#2773);
#2468=AXIS2_PLACEMENT_3D('',#3787,#2775,#2776);
#2469=AXIS2_PLACEMENT_3D('',#3788,#2777,#2778);
#2470=AXIS2_PLACEMENT_3D('',#3802,#2786,#2787);
#2471=AXIS2_PLACEMENT_3D('',#3806,#2789,#2790);
#2472=AXIS2_PLACEMENT_3D('',#3807,#2791,#2792);
#2473=AXIS2_PLACEMENT_3D('',#3808,#2793,#2794);
#2474=AXIS2_PLACEMENT_3D('',#3820,#2801,#2802);
#2475=AXIS2_PLACEMENT_3D('',#3833,#2803,#2804);
#2476=AXIS2_PLACEMENT_3D('',#3844,#2805,#2806);
#2477=AXIS2_PLACEMENT_3D('',#3881,#2809,#2810);
#2478=AXIS2_PLACEMENT_3D('',#3883,#2811,#2812);
#2479=AXIS2_PLACEMENT_3D('',#3885,#2813,#2814);
#2480=AXIS2_PLACEMENT_3D('',#3887,#2815,#2816);
#2481=AXIS2_PLACEMENT_3D('',#3889,#2817,#2818);
#2482=AXIS2_PLACEMENT_3D('',#3891,#2819,#2820);
#2483=AXIS2_PLACEMENT_3D('',#3893,#2821,#2822);
#2484=AXIS2_PLACEMENT_3D('',#3895,#2823,#2824);
#2485=AXIS2_PLACEMENT_3D('',#3897,#2825,#2826);
#2486=AXIS2_PLACEMENT_3D('',#3899,#2827,#2828);
#2487=AXIS2_PLACEMENT_3D('',#3901,#2829,#2830);
#2488=AXIS2_PLACEMENT_3D('',#3903,#2831,#2832);
#2489=AXIS2_PLACEMENT_3D('',#3905,#2833,#2834);
#2490=AXIS2_PLACEMENT_3D('',#3907,#2835,#2836);
#2491=AXIS2_PLACEMENT_3D('',#3909,#2837,#2838);
#2492=AXIS2_PLACEMENT_3D('',#3911,#2839,#2840);
#2493=AXIS2_PLACEMENT_3D('',#3913,#2841,#2842);
#2494=AXIS2_PLACEMENT_3D('',#3915,#2843,#2844);
#2495=AXIS2_PLACEMENT_3D('',#3916,#2845,#2846);
#2496=AXIS2_PLACEMENT_3D('',#3918,#2847,#2848);
#2497=AXIS2_PLACEMENT_3D('',#3929,#2849,#2850);
#2498=AXIS2_PLACEMENT_3D('',#3930,#2851,#2852);
#2499=AXIS2_PLACEMENT_3D('',#3931,#2853,#2854);
#2500=AXIS2_PLACEMENT_3D('',#3954,#2855,#2856);
#2501=AXIS2_PLACEMENT_3D('',#3955,#2857,#2858);
#2502=AXIS2_PLACEMENT_3D('',#3957,#2860,#2861);
#2503=AXIS2_PLACEMENT_3D('',#3976,#2871,#2872);
#2504=AXIS2_PLACEMENT_3D('',#3978,#2873,#2874);
#2505=AXIS2_PLACEMENT_3D('',#3979,#2875,#2876);
#2506=AXIS2_PLACEMENT_3D('',#3982,#2878,#2879);
#2507=AXIS2_PLACEMENT_3D('',#3983,#2880,#2881);
#2508=AXIS2_PLACEMENT_3D('',#3985,#2882,#2883);
#2509=AXIS2_PLACEMENT_3D('',#3986,#2884,#2885);
#2510=AXIS2_PLACEMENT_3D('',#3989,#2887,#2888);
#2511=AXIS2_PLACEMENT_3D('',#3990,#2889,#2890);
#2512=AXIS2_PLACEMENT_3D('',#3992,#2891,#2892);
#2513=AXIS2_PLACEMENT_3D('',#3993,#2893,#2894);
#2514=AXIS2_PLACEMENT_3D('',#3996,#2896,#2897);
#2515=AXIS2_PLACEMENT_3D('',#3997,#2898,#2899);
#2516=AXIS2_PLACEMENT_3D('',#4000,#2901,#2902);
#2517=AXIS2_PLACEMENT_3D('',#4001,#2903,#2904);
#2518=AXIS2_PLACEMENT_3D('',#4006,#2906,#2907);
#2519=AXIS2_PLACEMENT_3D('',#4008,#2908,#2909);
#2520=AXIS2_PLACEMENT_3D('',#4011,#2911,#2912);
#2521=AXIS2_PLACEMENT_3D('',#4012,#2913,#2914);
#2522=AXIS2_PLACEMENT_3D('',#4014,#2916,#2917);
#2523=AXIS2_PLACEMENT_3D('',#4015,#2918,#2919);
#2524=AXIS2_PLACEMENT_3D('',#4020,#2921,#2922);
#2525=AXIS2_PLACEMENT_3D('',#4022,#2923,#2924);
#2526=AXIS2_PLACEMENT_3D('',#4025,#2926,#2927);
#2527=AXIS2_PLACEMENT_3D('',#4026,#2928,#2929);
#2528=AXIS2_PLACEMENT_3D('',#4028,#2931,#2932);
#2529=AXIS2_PLACEMENT_3D('',#4029,#2933,#2934);
#2530=AXIS2_PLACEMENT_3D('',#4031,#2936,#2937);
#2531=AXIS2_PLACEMENT_3D('',#4033,#2939,#2940);
#2532=AXIS2_PLACEMENT_3D('',#4035,#2941,#2942);
#2533=AXIS2_PLACEMENT_3D('',#4038,#2944,#2945);
#2534=AXIS2_PLACEMENT_3D('',#4039,#2946,#2947);
#2535=AXIS2_PLACEMENT_3D('',#4041,#2948,#2949);
#2536=AXIS2_PLACEMENT_3D('',#4042,#2950,#2951);
#2537=AXIS2_PLACEMENT_3D('',#4044,#2952,#2953);
#2538=AXIS2_PLACEMENT_3D('',#4046,#2954,#2955);
#2539=AXIS2_PLACEMENT_3D('',#4047,#2956,#2957);
#2540=AXIS2_PLACEMENT_3D('',#4049,#2958,#2959);
#2541=AXIS2_PLACEMENT_3D('',#4052,#2961,#2962);
#2542=AXIS2_PLACEMENT_3D('',#4053,#2963,#2964);
#2543=AXIS2_PLACEMENT_3D('',#4055,#2965,#2966);
#2544=AXIS2_PLACEMENT_3D('',#4056,#2967,#2968);
#2545=AXIS2_PLACEMENT_3D('',#4058,#2969,#2970);
#2546=AXIS2_PLACEMENT_3D('',#4060,#2971,#2972);
#2547=AXIS2_PLACEMENT_3D('',#4061,#2973,#2974);
#2548=AXIS2_PLACEMENT_3D('',#4063,#2975,#2976);
#2549=AXIS2_PLACEMENT_3D('',#4066,#2978,#2979);
#2550=AXIS2_PLACEMENT_3D('',#4067,#2980,#2981);
#2551=AXIS2_PLACEMENT_3D('',#4069,#2982,#2983);
#2552=AXIS2_PLACEMENT_3D('',#4070,#2984,#2985);
#2553=AXIS2_PLACEMENT_3D('',#4072,#2986,#2987);
#2554=AXIS2_PLACEMENT_3D('',#4075,#2989,#2990);
#2555=AXIS2_PLACEMENT_3D('',#4076,#2991,#2992);
#2556=AXIS2_PLACEMENT_3D('',#4078,#2993,#2994);
#2557=AXIS2_PLACEMENT_3D('',#4079,#2995,#2996);
#2558=AXIS2_PLACEMENT_3D('',#4081,#2997,#2998);
#2559=AXIS2_PLACEMENT_3D('',#4084,#3000,#3001);
#2560=AXIS2_PLACEMENT_3D('',#4085,#3002,#3003);
#2561=AXIS2_PLACEMENT_3D('',#4087,#3004,#3005);
#2562=AXIS2_PLACEMENT_3D('',#4088,#3006,#3007);
#2563=AXIS2_PLACEMENT_3D('',#4091,#3008,#3009);
#2564=AXIS2_PLACEMENT_3D('',#4093,#3010,#3011);
#2565=AXIS2_PLACEMENT_3D('',#4109,#3019,#3020);
#2566=AXIS2_PLACEMENT_3D('',#4111,#3021,#3022);
#2567=AXIS2_PLACEMENT_3D('',#4113,#3024,#3025);
#2568=AXIS2_PLACEMENT_3D('',#4115,#3027,#3028);
#2569=AXIS2_PLACEMENT_3D('',#4118,#3030,#3031);
#2570=AXIS2_PLACEMENT_3D('',#4119,#3032,#3033);
#2571=AXIS2_PLACEMENT_3D('',#4122,#3035,#3036);
#2572=AXIS2_PLACEMENT_3D('',#4123,#3037,#3038);
#2573=AXIS2_PLACEMENT_3D('',#4126,#3040,#3041);
#2574=AXIS2_PLACEMENT_3D('',#4127,#3042,#3043);
#2575=AXIS2_PLACEMENT_3D('',#4130,#3045,#3046);
#2576=AXIS2_PLACEMENT_3D('',#4131,#3047,#3048);
#2577=AXIS2_PLACEMENT_3D('',#4134,#3050,#3051);
#2578=AXIS2_PLACEMENT_3D('',#4135,#3052,#3053);
#2579=AXIS2_PLACEMENT_3D('',#4138,#3055,#3056);
#2580=AXIS2_PLACEMENT_3D('',#4139,#3057,#3058);
#2581=AXIS2_PLACEMENT_3D('',#4142,#3060,#3061);
#2582=AXIS2_PLACEMENT_3D('',#4143,#3062,#3063);
#2583=AXIS2_PLACEMENT_3D('',#4171,#3065,#3066);
#2584=AXIS2_PLACEMENT_3D('',#4321,#3075,#3076);
#2585=AXIS2_PLACEMENT_3D('',#4500,#3085,#3086);
#2586=AXIS2_PLACEMENT_3D('',#4502,#3088,#3089);
#2587=AXIS2_PLACEMENT_3D('',#4505,#3091,#3092);
#2588=AXIS2_PLACEMENT_3D('',#4506,#3093,#3094);
#2589=AXIS2_PLACEMENT_3D('',#4507,#3095,#3096);
#2590=AXIS2_PLACEMENT_3D('',#4510,#3098,#3099);
#2591=AXIS2_PLACEMENT_3D('',#4511,#3100,#3101);
#2592=AXIS2_PLACEMENT_3D('',#4512,#3102,#3103);
#2593=AXIS2_PLACEMENT_3D('',#4516,#3106,#3107);
#2594=AXIS2_PLACEMENT_3D('',#4517,#3108,#3109);
#2595=AXIS2_PLACEMENT_3D('',#4518,#3110,#3111);
#2596=AXIS2_PLACEMENT_3D('',#4520,#3112,#3113);
#2597=AXIS2_PLACEMENT_3D('',#4522,#3114,#3115);
#2598=AXIS2_PLACEMENT_3D('',#4524,#3116,#3117);
#2599=AXIS2_PLACEMENT_3D('',#4526,#3118,#3119);
#2600=AXIS2_PLACEMENT_3D('',#4528,#3120,#3121);
#2601=AXIS2_PLACEMENT_3D('',#4530,#3122,#3123);
#2602=AXIS2_PLACEMENT_3D('',#4531,#3124,#3125);
#2603=AXIS2_PLACEMENT_3D('',#4534,#3127,#3128);
#2604=AXIS2_PLACEMENT_3D('',#4535,#3129,#3130);
#2605=AXIS2_PLACEMENT_3D('',#4537,#3131,#3132);
#2606=AXIS2_PLACEMENT_3D('',#4539,#3133,#3134);
#2607=AXIS2_PLACEMENT_3D('',#4541,#3135,#3136);
#2608=AXIS2_PLACEMENT_3D('',#4543,#3137,#3138);
#2609=AXIS2_PLACEMENT_3D('',#4545,#3139,#3140);
#2610=AXIS2_PLACEMENT_3D('',#4547,#3141,#3142);
#2611=AXIS2_PLACEMENT_3D('',#4548,#3143,#3144);
#2612=AXIS2_PLACEMENT_3D('',#4550,#3146,#3147);
#2613=AXIS2_PLACEMENT_3D('',#4553,#3149,#3150);
#2614=AXIS2_PLACEMENT_3D('',#4554,#3151,#3152);
#2615=AXIS2_PLACEMENT_3D('',#4555,#3153,#3154);
#2616=AXIS2_PLACEMENT_3D('',#4558,#3156,#3157);
#2617=AXIS2_PLACEMENT_3D('',#4559,#3158,#3159);
#2618=AXIS2_PLACEMENT_3D('',#4560,#3160,#3161);
#2619=AXIS2_PLACEMENT_3D('',#4561,#3162,#3163);
#2620=AXIS2_PLACEMENT_3D('',#4566,#3166,#3167);
#2621=AXIS2_PLACEMENT_3D('',#4568,#3168,#3169);
#2622=AXIS2_PLACEMENT_3D('',#4570,#3170,#3171);
#2623=AXIS2_PLACEMENT_3D('',#4572,#3172,#3173);
#2624=AXIS2_PLACEMENT_3D('',#4574,#3174,#3175);
#2625=AXIS2_PLACEMENT_3D('',#4576,#3176,#3177);
#2626=AXIS2_PLACEMENT_3D('',#4577,#3178,#3179);
#2627=AXIS2_PLACEMENT_3D('',#4580,#3181,#3182);
#2628=AXIS2_PLACEMENT_3D('',#4581,#3183,#3184);
#2629=AXIS2_PLACEMENT_3D('',#4583,#3185,#3186);
#2630=AXIS2_PLACEMENT_3D('',#4584,#3187,#3188);
#2631=AXIS2_PLACEMENT_3D('',#4586,#3189,#3190);
#2632=AXIS2_PLACEMENT_3D('',#4587,#3191,#3192);
#2633=AXIS2_PLACEMENT_3D('',#4589,#3193,#3194);
#2634=AXIS2_PLACEMENT_3D('',#4591,#3195,#3196);
#2635=AXIS2_PLACEMENT_3D('',#4593,#3197,#3198);
#2636=AXIS2_PLACEMENT_3D('',#4595,#3199,#3200);
#2637=AXIS2_PLACEMENT_3D('',#4597,#3201,#3202);
#2638=AXIS2_PLACEMENT_3D('',#4599,#3203,#3204);
#2639=AXIS2_PLACEMENT_3D('',#4600,#3205,#3206);
#2640=AXIS2_PLACEMENT_3D('',#4603,#3208,#3209);
#2641=AXIS2_PLACEMENT_3D('',#4604,#3210,#3211);
#2642=AXIS2_PLACEMENT_3D('',#4607,#3213,#3214);
#2643=AXIS2_PLACEMENT_3D('',#4608,#3215,#3216);
#2644=AXIS2_PLACEMENT_3D('',#4610,#3218,#3219);
#2645=AXIS2_PLACEMENT_3D('',#4612,#3221,#3222);
#2646=AXIS2_PLACEMENT_3D('',#4613,#3223,#3224);
#2647=AXIS2_PLACEMENT_3D('',#4618,#3228,#3229);
#2648=AXIS2_PLACEMENT_3D('',#4623,#3233,#3234);
#2649=AXIS2_PLACEMENT_3D('',#4626,#3237,#3238);
#2650=AXIS2_PLACEMENT_3D('',#4627,#3239,#3240);
#2651=AXIS2_PLACEMENT_3D('',#4633,#3244,#3245);
#2652=AXIS2_PLACEMENT_3D('',#4637,#3248,#3249);
#2653=AXIS2_PLACEMENT_3D('',#4641,#3252,#3253);
#2654=AXIS2_PLACEMENT_3D('',#4643,#3255,#3256);
#2655=AXIS2_PLACEMENT_3D('',#4645,#3258,#3259);
#2656=AXIS2_PLACEMENT_3D('',#4646,#3260,#3261);
#2657=AXIS2_PLACEMENT_3D('',#4647,#3262,#3263);
#2658=AXIS2_PLACEMENT_3D('',#4651,#3266,#3267);
#2659=AXIS2_PLACEMENT_3D('',#4653,#3268,#3269);
#2660=AXIS2_PLACEMENT_3D('',#4655,#3270,#3271);
#2661=AXIS2_PLACEMENT_3D('',#4657,#3272,#3273);
#2662=AXIS2_PLACEMENT_3D('',#4659,#3274,#3275);
#2663=AXIS2_PLACEMENT_3D('',#4661,#3276,#3277);
#2664=AXIS2_PLACEMENT_3D('',#4663,#3278,#3279);
#2665=AXIS2_PLACEMENT_3D('',#4665,#3280,#3281);
#2666=AXIS2_PLACEMENT_3D('',#4667,#3282,#3283);
#2667=AXIS2_PLACEMENT_3D('',#4669,#3284,#3285);
#2668=AXIS2_PLACEMENT_3D('',#4671,#3286,#3287);
#2669=AXIS2_PLACEMENT_3D('',#4673,#3288,#3289);
#2670=AXIS2_PLACEMENT_3D('',#4675,#3290,#3291);
#2671=AXIS2_PLACEMENT_3D('',#4677,#3292,#3293);
#2672=AXIS2_PLACEMENT_3D('',#4678,#3294,#3295);
#2673=AXIS2_PLACEMENT_3D('',#4679,#3296,#3297);
#2674=AXIS2_PLACEMENT_3D('',#4680,#3298,#3299);
#2675=AXIS2_PLACEMENT_3D('',#4681,#3300,#3301);
#2676=AXIS2_PLACEMENT_3D('',#4684,#3303,#3304);
#2677=AXIS2_PLACEMENT_3D('',#4685,#3305,#3306);
#2678=AXIS2_PLACEMENT_3D('',#4686,#3307,#3308);
#2679=AXIS2_PLACEMENT_3D('',#4687,#3309,#3310);
#2680=AXIS2_PLACEMENT_3D('',#4689,#3312,#3313);
#2681=AXIS2_PLACEMENT_3D('',#4691,#3315,#3316);
#2682=AXIS2_PLACEMENT_3D('',#4693,#3318,#3319);
#2683=AXIS2_PLACEMENT_3D('',#4695,#3321,#3322);
#2684=AXIS2_PLACEMENT_3D('',#4697,#3324,#3325);
#2685=AXIS2_PLACEMENT_3D('',#4699,#3327,#3328);
#2686=AXIS2_PLACEMENT_3D('',#4701,#3330,#3331);
#2687=AXIS2_PLACEMENT_3D('',#4703,#3333,#3334);
#2688=AXIS2_PLACEMENT_3D('',#4705,#3336,#3337);
#2689=AXIS2_PLACEMENT_3D('',#4707,#3339,#3340);
#2690=AXIS2_PLACEMENT_3D('',#4709,#3342,#3343);
#2691=AXIS2_PLACEMENT_3D('',#4711,#3345,#3346);
#2692=AXIS2_PLACEMENT_3D('',#4713,#3348,#3349);
#2693=AXIS2_PLACEMENT_3D('',#4715,#3351,#3352);
#2694=AXIS2_PLACEMENT_3D('',#4717,#3354,#3355);
#2695=AXIS2_PLACEMENT_3D('',#4719,#3357,#3358);
#2696=AXIS2_PLACEMENT_3D('',#4721,#3360,#3361);
#2697=AXIS2_PLACEMENT_3D('',#4723,#3363,#3364);
#2698=AXIS2_PLACEMENT_3D('',#4725,#3366,#3367);
#2699=AXIS2_PLACEMENT_3D('',#4727,#3369,#3370);
#2700=AXIS2_PLACEMENT_3D('',#4729,#3372,#3373);
#2701=AXIS2_PLACEMENT_3D('',#4731,#3375,#3376);
#2702=AXIS2_PLACEMENT_3D('',#4733,#3378,#3379);
#2703=AXIS2_PLACEMENT_3D('',#4735,#3381,#3382);
#2704=AXIS2_PLACEMENT_3D('',#4737,#3384,#3385);
#2705=AXIS2_PLACEMENT_3D('',#4739,#3387,#3388);
#2706=AXIS2_PLACEMENT_3D('',#4741,#3390,#3391);
#2707=DIRECTION('axis',(0.,0.,1.));
#2708=DIRECTION('refdir',(1.,0.,0.));
#2709=DIRECTION('',(-1.,0.,0.));
#2710=DIRECTION('',(-1.,0.,0.));
#2711=DIRECTION('center_axis',(0.,0.,1.));
#2712=DIRECTION('ref_axis',(1.,0.,0.));
#2713=DIRECTION('center_axis',(0.,0.,1.));
#2714=DIRECTION('ref_axis',(1.,-1.22464679914735E-16,0.));
#2715=DIRECTION('',(0.,0.,1.));
#2716=DIRECTION('center_axis',(0.,0.,1.));
#2717=DIRECTION('ref_axis',(-1.60812264967664E-16,-1.,0.));
#2718=DIRECTION('',(0.,0.,1.));
#2719=DIRECTION('center_axis',(0.,0.,1.));
#2720=DIRECTION('ref_axis',(-1.,0.,0.));
#2721=DIRECTION('',(0.,0.,-1.));
#2722=DIRECTION('center_axis',(0.,0.,1.));
#2723=DIRECTION('ref_axis',(1.,0.,0.));
#2724=DIRECTION('center_axis',(0.,0.,-1.));
#2725=DIRECTION('ref_axis',(-0.979274069466096,-0.202539618028949,0.));
#2726=DIRECTION('',(0.,0.,1.));
#2727=DIRECTION('center_axis',(0.,0.,1.));
#2728=DIRECTION('ref_axis',(-1.,-1.22464679914735E-16,0.));
#2729=DIRECTION('',(0.,0.,-1.));
#2730=DIRECTION('center_axis',(0.,0.,1.));
#2731=DIRECTION('ref_axis',(1.,0.,0.));
#2732=DIRECTION('center_axis',(0.,0.,1.));
#2733=DIRECTION('ref_axis',(-1.,-1.22464679914735E-16,0.));
#2734=DIRECTION('',(0.,0.,-1.));
#2735=DIRECTION('center_axis',(0.,0.,-1.));
#2736=DIRECTION('ref_axis',(-0.979274069466096,0.202539618028949,0.));
#2737=DIRECTION('center_axis',(0.,0.,1.));
#2738=DIRECTION('ref_axis',(1.,0.,0.));
#2739=DIRECTION('center_axis',(0.,0.,1.));
#2740=DIRECTION('ref_axis',(-1.,0.,0.));
#2741=DIRECTION('',(0.,0.,1.));
#2742=DIRECTION('center_axis',(0.,0.,1.));
#2743=DIRECTION('ref_axis',(-1.60812264967664E-16,1.,0.));
#2744=DIRECTION('',(0.,0.,1.));
#2745=DIRECTION('center_axis',(0.,0.,1.));
#2746=DIRECTION('ref_axis',(1.,0.,0.));
#2747=DIRECTION('center_axis',(0.,0.,-1.));
#2748=DIRECTION('ref_axis',(1.,0.,0.));
#2749=DIRECTION('center_axis',(0.,0.,1.));
#2750=DIRECTION('ref_axis',(1.,0.,0.));
#2751=DIRECTION('center_axis',(0.,0.,1.));
#2752=DIRECTION('ref_axis',(1.,0.,0.));
#2753=DIRECTION('center_axis',(0.,0.,1.));
#2754=DIRECTION('ref_axis',(-0.979274069466096,0.202539618028949,0.));
#2755=DIRECTION('center_axis',(0.,0.,-1.));
#2756=DIRECTION('ref_axis',(-1.,0.,0.));
#2757=DIRECTION('center_axis',(0.,0.,-1.));
#2758=DIRECTION('ref_axis',(-1.,-1.22464679914735E-16,0.));
#2759=DIRECTION('center_axis',(0.,0.,-1.));
#2760=DIRECTION('ref_axis',(-0.777501252891618,0.628881389255529,0.));
#2761=DIRECTION('center_axis',(0.,0.,-1.));
#2762=DIRECTION('ref_axis',(-0.777501252891618,0.628881389255529,0.));
#2763=DIRECTION('',(0.,0.,-1.));
#2764=DIRECTION('center_axis',(0.,0.,1.));
#2765=DIRECTION('ref_axis',(-0.777501252891618,0.628881389255529,0.));
#2766=DIRECTION('center_axis',(0.,0.,1.));
#2767=DIRECTION('ref_axis',(1.,0.,0.));
#2768=DIRECTION('center_axis',(0.,0.,1.));
#2769=DIRECTION('ref_axis',(-0.979274069466096,-0.202539618028949,0.));
#2770=DIRECTION('center_axis',(0.,0.,1.));
#2771=DIRECTION('ref_axis',(-0.777501252891618,-0.628881389255529,0.));
#2772=DIRECTION('center_axis',(0.,0.,1.));
#2773=DIRECTION('ref_axis',(-0.777501252891618,-0.628881389255529,0.));
#2774=DIRECTION('',(0.,0.,1.));
#2775=DIRECTION('center_axis',(0.,0.,-1.));
#2776=DIRECTION('ref_axis',(-0.777501252891618,-0.628881389255529,0.));
#2777=DIRECTION('center_axis',(0.,1.,0.));
#2778=DIRECTION('ref_axis',(0.,0.,1.));
#2779=DIRECTION('',(1.,0.,0.));
#2780=DIRECTION('',(0.,0.,-1.));
#2781=DIRECTION('',(-1.,0.,0.));
#2782=DIRECTION('',(0.,0.,-1.));
#2783=DIRECTION('',(1.,0.,0.));
#2784=DIRECTION('',(0.,0.,1.));
#2785=DIRECTION('',(1.,0.,0.));
#2786=DIRECTION('center_axis',(0.,0.,-1.));
#2787=DIRECTION('ref_axis',(0.,1.,0.));
#2788=DIRECTION('',(1.,0.,0.));
#2789=DIRECTION('center_axis',(0.,0.,1.));
#2790=DIRECTION('ref_axis',(1.,0.,0.));
#2791=DIRECTION('center_axis',(0.,0.,1.));
#2792=DIRECTION('ref_axis',(1.,0.,0.));
#2793=DIRECTION('center_axis',(0.,-1.,0.));
#2794=DIRECTION('ref_axis',(0.,0.,-1.));
#2795=DIRECTION('',(1.,0.,0.));
#2796=DIRECTION('',(0.,0.,-1.));
#2797=DIRECTION('',(-1.,0.,0.));
#2798=DIRECTION('',(0.,0.,1.));
#2799=DIRECTION('',(1.,0.,0.));
#2800=DIRECTION('',(0.,0.,1.));
#2801=DIRECTION('center_axis',(0.,0.,1.));
#2802=DIRECTION('ref_axis',(1.,0.,0.));
#2803=DIRECTION('center_axis',(0.,0.,-1.));
#2804=DIRECTION('ref_axis',(1.,-1.22464679914735E-16,0.));
#2805=DIRECTION('center_axis',(-4.53152254949043E-17,-1.,0.));
#2806=DIRECTION('ref_axis',(1.,-4.53152254949043E-17,0.));
#2807=DIRECTION('',(1.,-4.53152254949043E-17,0.));
#2808=DIRECTION('',(-1.,4.53152254949043E-17,0.));
#2809=DIRECTION('center_axis',(4.53152254949043E-17,1.,0.));
#2810=DIRECTION('ref_axis',(1.,0.,0.));
#2811=DIRECTION('center_axis',(4.53152254949043E-17,1.,0.));
#2812=DIRECTION('ref_axis',(1.,0.,0.));
#2813=DIRECTION('center_axis',(4.53152254949043E-17,1.,0.));
#2814=DIRECTION('ref_axis',(1.,0.,0.));
#2815=DIRECTION('center_axis',(4.53152254949043E-17,1.,0.));
#2816=DIRECTION('ref_axis',(1.,0.,0.));
#2817=DIRECTION('center_axis',(4.53152254949043E-17,1.,0.));
#2818=DIRECTION('ref_axis',(1.,0.,0.));
#2819=DIRECTION('center_axis',(4.53152254949043E-17,1.,0.));
#2820=DIRECTION('ref_axis',(1.,0.,0.));
#2821=DIRECTION('center_axis',(4.53152254949043E-17,1.,0.));
#2822=DIRECTION('ref_axis',(1.,0.,0.));
#2823=DIRECTION('center_axis',(4.53152254949043E-17,1.,0.));
#2824=DIRECTION('ref_axis',(1.,0.,0.));
#2825=DIRECTION('center_axis',(4.53152254949043E-17,1.,0.));
#2826=DIRECTION('ref_axis',(1.,0.,0.));
#2827=DIRECTION('center_axis',(4.53152254949043E-17,1.,0.));
#2828=DIRECTION('ref_axis',(1.,0.,0.));
#2829=DIRECTION('center_axis',(4.53152254949043E-17,1.,0.));
#2830=DIRECTION('ref_axis',(1.,0.,0.));
#2831=DIRECTION('center_axis',(4.53152254949043E-17,1.,0.));
#2832=DIRECTION('ref_axis',(1.,0.,0.));
#2833=DIRECTION('center_axis',(4.53152254949043E-17,1.,0.));
#2834=DIRECTION('ref_axis',(1.,0.,0.));
#2835=DIRECTION('center_axis',(4.53152254949043E-17,1.,0.));
#2836=DIRECTION('ref_axis',(1.,0.,0.));
#2837=DIRECTION('center_axis',(4.53152254949043E-17,1.,0.));
#2838=DIRECTION('ref_axis',(1.,0.,0.));
#2839=DIRECTION('center_axis',(4.53152254949043E-17,1.,0.));
#2840=DIRECTION('ref_axis',(1.,0.,0.));
#2841=DIRECTION('center_axis',(4.53152254949043E-17,1.,0.));
#2842=DIRECTION('ref_axis',(1.,0.,0.));
#2843=DIRECTION('center_axis',(4.53152254949043E-17,1.,0.));
#2844=DIRECTION('ref_axis',(1.,0.,0.));
#2845=DIRECTION('center_axis',(0.,0.,1.));
#2846=DIRECTION('ref_axis',(-1.,-1.22464679914735E-16,0.));
#2847=DIRECTION('center_axis',(0.,0.,-1.));
#2848=DIRECTION('ref_axis',(-1.,0.,0.));
#2849=DIRECTION('center_axis',(0.,0.,1.));
#2850=DIRECTION('ref_axis',(1.,0.,0.));
#2851=DIRECTION('center_axis',(0.,0.,-1.));
#2852=DIRECTION('ref_axis',(-1.60812264967664E-16,-1.,0.));
#2853=DIRECTION('center_axis',(0.,0.,1.));
#2854=DIRECTION('ref_axis',(1.,0.,0.));
#2855=DIRECTION('center_axis',(0.,0.,-1.));
#2856=DIRECTION('ref_axis',(-1.60812264967664E-16,1.,0.));
#2857=DIRECTION('center_axis',(0.,0.,1.));
#2858=DIRECTION('ref_axis',(0.,-1.,0.));
#2859=DIRECTION('',(0.,-1.,0.));
#2860=DIRECTION('center_axis',(1.,0.,0.));
#2861=DIRECTION('ref_axis',(0.,1.,0.));
#2862=DIRECTION('',(0.,-1.,0.));
#2863=DIRECTION('',(0.,0.,-1.));
#2864=DIRECTION('',(0.,-1.,0.));
#2865=DIRECTION('',(0.,0.,1.));
#2866=DIRECTION('',(0.,1.,0.));
#2867=DIRECTION('',(0.,0.,-1.));
#2868=DIRECTION('',(0.,-1.,0.));
#2869=DIRECTION('',(0.,0.,1.));
#2870=DIRECTION('',(0.,-1.,0.));
#2871=DIRECTION('center_axis',(1.,0.,0.));
#2872=DIRECTION('ref_axis',(0.,1.,0.));
#2873=DIRECTION('center_axis',(1.,0.,0.));
#2874=DIRECTION('ref_axis',(0.,1.,0.));
#2875=DIRECTION('center_axis',(-1.,0.,0.));
#2876=DIRECTION('ref_axis',(0.,1.,0.));
#2877=DIRECTION('',(-1.,0.,0.));
#2878=DIRECTION('center_axis',(-1.,0.,0.));
#2879=DIRECTION('ref_axis',(0.,1.,0.));
#2880=DIRECTION('center_axis',(1.,0.,0.));
#2881=DIRECTION('ref_axis',(0.,1.,0.));
#2882=DIRECTION('center_axis',(1.,0.,0.));
#2883=DIRECTION('ref_axis',(0.,1.,0.));
#2884=DIRECTION('center_axis',(-1.,0.,0.));
#2885=DIRECTION('ref_axis',(0.,1.,0.));
#2886=DIRECTION('',(-1.,0.,0.));
#2887=DIRECTION('center_axis',(-1.,0.,0.));
#2888=DIRECTION('ref_axis',(0.,1.,0.));
#2889=DIRECTION('center_axis',(1.,0.,0.));
#2890=DIRECTION('ref_axis',(0.,1.,0.));
#2891=DIRECTION('center_axis',(1.,0.,0.));
#2892=DIRECTION('ref_axis',(0.,1.,0.));
#2893=DIRECTION('center_axis',(-1.,0.,0.));
#2894=DIRECTION('ref_axis',(0.,1.,0.));
#2895=DIRECTION('',(-1.,0.,0.));
#2896=DIRECTION('center_axis',(-1.,0.,0.));
#2897=DIRECTION('ref_axis',(0.,1.,0.));
#2898=DIRECTION('center_axis',(-1.,0.,0.));
#2899=DIRECTION('ref_axis',(0.,1.,0.));
#2900=DIRECTION('',(-1.,0.,0.));
#2901=DIRECTION('center_axis',(-1.,0.,0.));
#2902=DIRECTION('ref_axis',(0.,1.,0.));
#2903=DIRECTION('center_axis',(1.,0.,0.));
#2904=DIRECTION('ref_axis',(0.,1.,0.));
#2905=DIRECTION('',(0.,0.,-1.));
#2906=DIRECTION('center_axis',(1.,0.,0.));
#2907=DIRECTION('ref_axis',(0.,1.,0.));
#2908=DIRECTION('center_axis',(1.,0.,0.));
#2909=DIRECTION('ref_axis',(0.,1.,0.));
#2910=DIRECTION('',(0.,1.,0.));
#2911=DIRECTION('center_axis',(-1.,0.,0.));
#2912=DIRECTION('ref_axis',(0.,1.,0.));
#2913=DIRECTION('center_axis',(1.,0.,0.));
#2914=DIRECTION('ref_axis',(0.,1.,0.));
#2915=DIRECTION('',(1.,0.,0.));
#2916=DIRECTION('center_axis',(-1.,0.,0.));
#2917=DIRECTION('ref_axis',(0.,1.,0.));
#2918=DIRECTION('center_axis',(1.,0.,0.));
#2919=DIRECTION('ref_axis',(0.,1.,0.));
#2920=DIRECTION('',(0.,1.,0.));
#2921=DIRECTION('center_axis',(1.,0.,0.));
#2922=DIRECTION('ref_axis',(0.,1.,0.));
#2923=DIRECTION('center_axis',(1.,0.,0.));
#2924=DIRECTION('ref_axis',(0.,1.,0.));
#2925=DIRECTION('',(0.,0.,-1.));
#2926=DIRECTION('center_axis',(-1.,0.,0.));
#2927=DIRECTION('ref_axis',(0.,1.,0.));
#2928=DIRECTION('center_axis',(1.,0.,0.));
#2929=DIRECTION('ref_axis',(0.,1.,0.));
#2930=DIRECTION('',(1.,0.,0.));
#2931=DIRECTION('center_axis',(-1.,0.,0.));
#2932=DIRECTION('ref_axis',(0.,1.,0.));
#2933=DIRECTION('center_axis',(-1.,0.,0.));
#2934=DIRECTION('ref_axis',(0.,1.,0.));
#2935=DIRECTION('',(-1.,0.,0.));
#2936=DIRECTION('center_axis',(-1.,0.,0.));
#2937=DIRECTION('ref_axis',(0.,1.,0.));
#2938=DIRECTION('',(-1.,0.,0.));
#2939=DIRECTION('center_axis',(0.,0.,-1.));
#2940=DIRECTION('ref_axis',(-1.,0.,0.));
#2941=DIRECTION('center_axis',(0.,0.,-1.));
#2942=DIRECTION('ref_axis',(-1.,0.,0.));
#2943=DIRECTION('',(0.,0.,-1.));
#2944=DIRECTION('center_axis',(0.,0.,-1.));
#2945=DIRECTION('ref_axis',(-1.,0.,0.));
#2946=DIRECTION('center_axis',(0.,0.,1.));
#2947=DIRECTION('ref_axis',(-1.,0.,0.));
#2948=DIRECTION('center_axis',(0.,0.,1.));
#2949=DIRECTION('ref_axis',(-1.,0.,0.));
#2950=DIRECTION('center_axis',(0.,0.,1.));
#2951=DIRECTION('ref_axis',(-1.,0.,0.));
#2952=DIRECTION('center_axis',(0.,0.,-1.));
#2953=DIRECTION('ref_axis',(-1.,0.,0.));
#2954=DIRECTION('center_axis',(0.,0.,1.));
#2955=DIRECTION('ref_axis',(-1.,0.,0.));
#2956=DIRECTION('center_axis',(0.,0.,-1.));
#2957=DIRECTION('ref_axis',(-1.,0.,0.));
#2958=DIRECTION('center_axis',(0.,0.,-1.));
#2959=DIRECTION('ref_axis',(-1.,0.,0.));
#2960=DIRECTION('',(0.,0.,-1.));
#2961=DIRECTION('center_axis',(0.,0.,-1.));
#2962=DIRECTION('ref_axis',(-1.,0.,0.));
#2963=DIRECTION('center_axis',(0.,0.,1.));
#2964=DIRECTION('ref_axis',(-1.,0.,0.));
#2965=DIRECTION('center_axis',(0.,0.,1.));
#2966=DIRECTION('ref_axis',(-1.,0.,0.));
#2967=DIRECTION('center_axis',(0.,0.,1.));
#2968=DIRECTION('ref_axis',(-1.,0.,0.));
#2969=DIRECTION('center_axis',(0.,0.,-1.));
#2970=DIRECTION('ref_axis',(-1.,0.,0.));
#2971=DIRECTION('center_axis',(0.,0.,1.));
#2972=DIRECTION('ref_axis',(-1.,0.,0.));
#2973=DIRECTION('center_axis',(0.,0.,-1.));
#2974=DIRECTION('ref_axis',(-1.,0.,0.));
#2975=DIRECTION('center_axis',(0.,0.,-1.));
#2976=DIRECTION('ref_axis',(-1.,0.,0.));
#2977=DIRECTION('',(0.,0.,-1.));
#2978=DIRECTION('center_axis',(0.,0.,-1.));
#2979=DIRECTION('ref_axis',(-1.,0.,0.));
#2980=DIRECTION('center_axis',(0.,0.,1.));
#2981=DIRECTION('ref_axis',(-1.,0.,0.));
#2982=DIRECTION('center_axis',(0.,0.,1.));
#2983=DIRECTION('ref_axis',(-1.,0.,0.));
#2984=DIRECTION('center_axis',(0.,0.,-1.));
#2985=DIRECTION('ref_axis',(-1.,0.,0.));
#2986=DIRECTION('center_axis',(0.,0.,-1.));
#2987=DIRECTION('ref_axis',(-1.,0.,0.));
#2988=DIRECTION('',(0.,0.,-1.));
#2989=DIRECTION('center_axis',(0.,0.,-1.));
#2990=DIRECTION('ref_axis',(-1.,0.,0.));
#2991=DIRECTION('center_axis',(0.,0.,1.));
#2992=DIRECTION('ref_axis',(-1.,0.,0.));
#2993=DIRECTION('center_axis',(0.,0.,1.));
#2994=DIRECTION('ref_axis',(-1.,0.,0.));
#2995=DIRECTION('center_axis',(0.,0.,-1.));
#2996=DIRECTION('ref_axis',(-1.,0.,0.));
#2997=DIRECTION('center_axis',(0.,0.,-1.));
#2998=DIRECTION('ref_axis',(-1.,0.,0.));
#2999=DIRECTION('',(0.,0.,-1.));
#3000=DIRECTION('center_axis',(0.,0.,-1.));
#3001=DIRECTION('ref_axis',(-1.,0.,0.));
#3002=DIRECTION('center_axis',(0.,0.,1.));
#3003=DIRECTION('ref_axis',(-1.,0.,0.));
#3004=DIRECTION('center_axis',(0.,0.,1.));
#3005=DIRECTION('ref_axis',(-1.,0.,0.));
#3006=DIRECTION('center_axis',(0.,0.,1.));
#3007=DIRECTION('ref_axis',(1.,0.,0.));
#3008=DIRECTION('center_axis',(0.,0.,-1.));
#3009=DIRECTION('ref_axis',(-1.,0.,0.));
#3010=DIRECTION('center_axis',(0.,0.,-1.));
#3011=DIRECTION('ref_axis',(-1.,0.,0.));
#3012=DIRECTION('',(1.,0.,0.));
#3013=DIRECTION('',(0.,1.,0.));
#3014=DIRECTION('',(-1.,0.,0.));
#3015=DIRECTION('',(0.,-1.,0.));
#3016=DIRECTION('',(1.,0.,0.));
#3017=DIRECTION('',(0.,1.,0.));
#3018=DIRECTION('',(-1.,0.,0.));
#3019=DIRECTION('center_axis',(0.,0.,-1.));
#3020=DIRECTION('ref_axis',(-1.,0.,0.));
#3021=DIRECTION('center_axis',(0.,0.,-1.));
#3022=DIRECTION('ref_axis',(-1.,0.,0.));
#3023=DIRECTION('',(-1.,0.,0.));
#3024=DIRECTION('center_axis',(0.,0.,-1.));
#3025=DIRECTION('ref_axis',(-1.,0.,0.));
#3026=DIRECTION('',(1.,0.,0.));
#3027=DIRECTION('center_axis',(0.,0.,-1.));
#3028=DIRECTION('ref_axis',(-1.,0.,0.));
#3029=DIRECTION('',(0.,0.,-1.));
#3030=DIRECTION('center_axis',(0.,0.,1.));
#3031=DIRECTION('ref_axis',(-1.,0.,0.));
#3032=DIRECTION('center_axis',(0.,0.,-1.));
#3033=DIRECTION('ref_axis',(-1.,0.,0.));
#3034=DIRECTION('',(0.,0.,-1.));
#3035=DIRECTION('center_axis',(0.,0.,1.));
#3036=DIRECTION('ref_axis',(-1.,0.,0.));
#3037=DIRECTION('center_axis',(0.,0.,-1.));
#3038=DIRECTION('ref_axis',(-1.,0.,0.));
#3039=DIRECTION('',(0.,0.,-1.));
#3040=DIRECTION('center_axis',(0.,0.,1.));
#3041=DIRECTION('ref_axis',(-1.,0.,0.));
#3042=DIRECTION('center_axis',(0.,0.,-1.));
#3043=DIRECTION('ref_axis',(-1.,0.,0.));
#3044=DIRECTION('',(0.,0.,-1.));
#3045=DIRECTION('center_axis',(0.,0.,1.));
#3046=DIRECTION('ref_axis',(-1.,0.,0.));
#3047=DIRECTION('center_axis',(0.,0.,-1.));
#3048=DIRECTION('ref_axis',(-1.,0.,0.));
#3049=DIRECTION('',(0.,0.,-1.));
#3050=DIRECTION('center_axis',(0.,0.,1.));
#3051=DIRECTION('ref_axis',(-1.,0.,0.));
#3052=DIRECTION('center_axis',(0.,0.,-1.));
#3053=DIRECTION('ref_axis',(-1.,0.,0.));
#3054=DIRECTION('',(0.,0.,-1.));
#3055=DIRECTION('center_axis',(0.,0.,1.));
#3056=DIRECTION('ref_axis',(-1.,0.,0.));
#3057=DIRECTION('center_axis',(0.,0.,-1.));
#3058=DIRECTION('ref_axis',(-1.,0.,0.));
#3059=DIRECTION('',(0.,0.,-1.));
#3060=DIRECTION('center_axis',(0.,0.,1.));
#3061=DIRECTION('ref_axis',(-1.,0.,0.));
#3062=DIRECTION('center_axis',(0.,0.,-1.));
#3063=DIRECTION('ref_axis',(-0.983666626549107,-0.179999910593033,0.));
#3064=DIRECTION('',(0.,0.,1.));
#3065=DIRECTION('center_axis',(0.,0.,-1.));
#3066=DIRECTION('ref_axis',(-0.983666626549107,-0.179999910593033,0.));
#3067=DIRECTION('',(0.,0.,-1.));
#3068=DIRECTION('',(0.,0.,-1.));
#3069=DIRECTION('',(0.,0.,-1.));
#3070=DIRECTION('',(0.,0.,-1.));
#3071=DIRECTION('',(0.,0.,-1.));
#3072=DIRECTION('',(0.,0.,1.));
#3073=DIRECTION('',(0.,0.,1.));
#3074=DIRECTION('',(0.,0.,1.));
#3075=DIRECTION('center_axis',(0.,0.,-1.));
#3076=DIRECTION('ref_axis',(0.983666626549107,0.179999910593033,0.));
#3077=DIRECTION('',(0.,0.,-1.));
#3078=DIRECTION('',(0.,0.,-1.));
#3079=DIRECTION('',(0.,0.,-1.));
#3080=DIRECTION('',(0.,0.,-1.));
#3081=DIRECTION('',(0.,0.,1.));
#3082=DIRECTION('',(0.,0.,1.));
#3083=DIRECTION('',(0.,0.,1.));
#3084=DIRECTION('',(0.,0.,1.));
#3085=DIRECTION('center_axis',(0.,0.,-1.));
#3086=DIRECTION('ref_axis',(0.983666626549107,0.179999910593033,0.));
#3087=DIRECTION('',(0.,0.,-1.));
#3088=DIRECTION('center_axis',(0.,1.,0.));
#3089=DIRECTION('ref_axis',(1.,0.,0.));
#3090=DIRECTION('',(0.,1.,0.));
#3091=DIRECTION('center_axis',(0.,1.,0.));
#3092=DIRECTION('ref_axis',(1.,0.,0.));
#3093=DIRECTION('center_axis',(0.,1.,0.));
#3094=DIRECTION('ref_axis',(1.,0.,0.));
#3095=DIRECTION('center_axis',(0.,1.,0.));
#3096=DIRECTION('ref_axis',(1.,0.,0.));
#3097=DIRECTION('',(0.,1.,0.));
#3098=DIRECTION('center_axis',(0.,1.,0.));
#3099=DIRECTION('ref_axis',(1.,0.,0.));
#3100=DIRECTION('center_axis',(0.,1.,0.));
#3101=DIRECTION('ref_axis',(1.,0.,0.));
#3102=DIRECTION('center_axis',(0.,1.,0.));
#3103=DIRECTION('ref_axis',(-1.,0.,0.));
#3104=DIRECTION('',(1.,0.,0.));
#3105=DIRECTION('',(0.,0.,-1.));
#3106=DIRECTION('center_axis',(0.,1.,0.));
#3107=DIRECTION('ref_axis',(1.,0.,0.));
#3108=DIRECTION('center_axis',(0.,1.,0.));
#3109=DIRECTION('ref_axis',(1.,0.,0.));
#3110=DIRECTION('center_axis',(0.,1.,0.));
#3111=DIRECTION('ref_axis',(1.,0.,0.));
#3112=DIRECTION('center_axis',(0.,1.,0.));
#3113=DIRECTION('ref_axis',(1.,0.,0.));
#3114=DIRECTION('center_axis',(0.,1.,0.));
#3115=DIRECTION('ref_axis',(1.,0.,0.));
#3116=DIRECTION('center_axis',(0.,1.,0.));
#3117=DIRECTION('ref_axis',(1.,0.,0.));
#3118=DIRECTION('center_axis',(0.,1.,0.));
#3119=DIRECTION('ref_axis',(1.,0.,0.));
#3120=DIRECTION('center_axis',(0.,1.,0.));
#3121=DIRECTION('ref_axis',(1.,0.,0.));
#3122=DIRECTION('center_axis',(0.,1.,0.));
#3123=DIRECTION('ref_axis',(1.,0.,0.));
#3124=DIRECTION('center_axis',(0.,1.,0.));
#3125=DIRECTION('ref_axis',(-1.,0.,0.));
#3126=DIRECTION('',(1.,0.,0.));
#3127=DIRECTION('center_axis',(0.,1.,0.));
#3128=DIRECTION('ref_axis',(1.,0.,0.));
#3129=DIRECTION('center_axis',(0.,1.,0.));
#3130=DIRECTION('ref_axis',(1.,0.,0.));
#3131=DIRECTION('center_axis',(0.,1.,0.));
#3132=DIRECTION('ref_axis',(1.,0.,0.));
#3133=DIRECTION('center_axis',(0.,1.,0.));
#3134=DIRECTION('ref_axis',(1.,0.,0.));
#3135=DIRECTION('center_axis',(0.,1.,0.));
#3136=DIRECTION('ref_axis',(1.,0.,0.));
#3137=DIRECTION('center_axis',(0.,1.,0.));
#3138=DIRECTION('ref_axis',(1.,0.,0.));
#3139=DIRECTION('center_axis',(0.,1.,0.));
#3140=DIRECTION('ref_axis',(1.,0.,0.));
#3141=DIRECTION('center_axis',(0.,1.,0.));
#3142=DIRECTION('ref_axis',(1.,0.,0.));
#3143=DIRECTION('center_axis',(0.,1.,0.));
#3144=DIRECTION('ref_axis',(1.,0.,0.));
#3145=DIRECTION('',(0.,1.,0.));
#3146=DIRECTION('center_axis',(0.,1.,0.));
#3147=DIRECTION('ref_axis',(1.,0.,0.));
#3148=DIRECTION('',(0.,1.,0.));
#3149=DIRECTION('center_axis',(0.,-1.,0.));
#3150=DIRECTION('ref_axis',(1.,0.,0.));
#3151=DIRECTION('center_axis',(0.,-1.,0.));
#3152=DIRECTION('ref_axis',(1.,0.,0.));
#3153=DIRECTION('center_axis',(0.,1.,0.));
#3154=DIRECTION('ref_axis',(1.,0.,0.));
#3155=DIRECTION('',(0.,1.,0.));
#3156=DIRECTION('center_axis',(0.,-1.,0.));
#3157=DIRECTION('ref_axis',(1.,0.,0.));
#3158=DIRECTION('center_axis',(0.,-1.,0.));
#3159=DIRECTION('ref_axis',(1.,0.,0.));
#3160=DIRECTION('center_axis',(0.,-1.,0.));
#3161=DIRECTION('ref_axis',(1.,0.,0.));
#3162=DIRECTION('center_axis',(0.,-1.,0.));
#3163=DIRECTION('ref_axis',(1.,0.,0.));
#3164=DIRECTION('',(0.,0.,1.));
#3165=DIRECTION('',(-1.,0.,0.));
#3166=DIRECTION('center_axis',(0.,-1.,0.));
#3167=DIRECTION('ref_axis',(1.,0.,0.));
#3168=DIRECTION('center_axis',(0.,-1.,0.));
#3169=DIRECTION('ref_axis',(1.,0.,0.));
#3170=DIRECTION('center_axis',(0.,-1.,0.));
#3171=DIRECTION('ref_axis',(1.,0.,0.));
#3172=DIRECTION('center_axis',(0.,-1.,0.));
#3173=DIRECTION('ref_axis',(1.,0.,0.));
#3174=DIRECTION('center_axis',(0.,-1.,0.));
#3175=DIRECTION('ref_axis',(1.,0.,0.));
#3176=DIRECTION('center_axis',(0.,-1.,0.));
#3177=DIRECTION('ref_axis',(1.,0.,0.));
#3178=DIRECTION('center_axis',(0.,-1.,0.));
#3179=DIRECTION('ref_axis',(1.,0.,0.));
#3180=DIRECTION('',(-1.,0.,0.));
#3181=DIRECTION('center_axis',(0.,-1.,0.));
#3182=DIRECTION('ref_axis',(1.,0.,0.));
#3183=DIRECTION('center_axis',(0.,-1.,0.));
#3184=DIRECTION('ref_axis',(1.,0.,0.));
#3185=DIRECTION('center_axis',(0.,-1.,0.));
#3186=DIRECTION('ref_axis',(1.,0.,0.));
#3187=DIRECTION('center_axis',(0.,-1.,0.));
#3188=DIRECTION('ref_axis',(1.,0.,0.));
#3189=DIRECTION('center_axis',(0.,-1.,0.));
#3190=DIRECTION('ref_axis',(1.,0.,0.));
#3191=DIRECTION('center_axis',(0.,-1.,0.));
#3192=DIRECTION('ref_axis',(1.,0.,0.));
#3193=DIRECTION('center_axis',(0.,-1.,0.));
#3194=DIRECTION('ref_axis',(1.,0.,0.));
#3195=DIRECTION('center_axis',(0.,-1.,0.));
#3196=DIRECTION('ref_axis',(1.,0.,0.));
#3197=DIRECTION('center_axis',(0.,-1.,0.));
#3198=DIRECTION('ref_axis',(1.,0.,0.));
#3199=DIRECTION('center_axis',(0.,-1.,0.));
#3200=DIRECTION('ref_axis',(1.,0.,0.));
#3201=DIRECTION('center_axis',(0.,-1.,0.));
#3202=DIRECTION('ref_axis',(1.,0.,0.));
#3203=DIRECTION('center_axis',(0.,-1.,0.));
#3204=DIRECTION('ref_axis',(1.,0.,0.));
#3205=DIRECTION('center_axis',(0.,1.,0.));
#3206=DIRECTION('ref_axis',(1.,0.,0.));
#3207=DIRECTION('',(0.,1.,0.));
#3208=DIRECTION('center_axis',(0.,-1.,0.));
#3209=DIRECTION('ref_axis',(1.,0.,0.));
#3210=DIRECTION('center_axis',(0.,1.,0.));
#3211=DIRECTION('ref_axis',(1.,0.,0.));
#3212=DIRECTION('',(0.,1.,0.));
#3213=DIRECTION('center_axis',(0.,-1.,0.));
#3214=DIRECTION('ref_axis',(1.,0.,0.));
#3215=DIRECTION('center_axis',(0.,1.,0.));
#3216=DIRECTION('ref_axis',(1.,0.,0.));
#3217=DIRECTION('',(0.,1.,0.));
#3218=DIRECTION('center_axis',(0.,0.,1.));
#3219=DIRECTION('ref_axis',(1.,0.,0.));
#3220=DIRECTION('',(0.,0.,1.));
#3221=DIRECTION('center_axis',(0.,0.,1.));
#3222=DIRECTION('ref_axis',(1.,0.,0.));
#3223=DIRECTION('center_axis',(0.,1.,0.));
#3224=DIRECTION('ref_axis',(1.,0.,0.));
#3225=DIRECTION('',(1.,0.,0.));
#3226=DIRECTION('',(0.,0.,-1.));
#3227=DIRECTION('',(1.,0.,0.));
#3228=DIRECTION('center_axis',(-1.,0.,0.));
#3229=DIRECTION('ref_axis',(0.,1.,0.));
#3230=DIRECTION('',(0.,1.,0.));
#3231=DIRECTION('',(0.,0.,-1.));
#3232=DIRECTION('',(0.,1.,0.));
#3233=DIRECTION('center_axis',(0.,-1.,0.));
#3234=DIRECTION('ref_axis',(-1.,0.,0.));
#3235=DIRECTION('',(-1.,0.,0.));
#3236=DIRECTION('',(-1.,0.,0.));
#3237=DIRECTION('center_axis',(0.,0.,-1.));
#3238=DIRECTION('ref_axis',(-1.,0.,0.));
#3239=DIRECTION('center_axis',(0.,-1.,0.));
#3240=DIRECTION('ref_axis',(-1.,0.,0.));
#3241=DIRECTION('',(-1.,0.,0.));
#3242=DIRECTION('',(0.,0.,-1.));
#3243=DIRECTION('',(0.,0.,1.));
#3244=DIRECTION('center_axis',(1.,0.,0.));
#3245=DIRECTION('ref_axis',(0.,-1.,0.));
#3246=DIRECTION('',(0.,-1.,0.));
#3247=DIRECTION('',(0.,0.,-1.));
#3248=DIRECTION('center_axis',(0.,1.,0.));
#3249=DIRECTION('ref_axis',(1.,0.,0.));
#3250=DIRECTION('',(1.,0.,0.));
#3251=DIRECTION('',(0.,0.,-1.));
#3252=DIRECTION('center_axis',(-1.,0.,0.));
#3253=DIRECTION('ref_axis',(0.,-1.,0.));
#3254=DIRECTION('',(0.,1.,0.));
#3255=DIRECTION('center_axis',(-1.,0.,0.));
#3256=DIRECTION('ref_axis',(0.,-1.,0.));
#3257=DIRECTION('',(0.,1.,0.));
#3258=DIRECTION('center_axis',(0.,0.,-1.));
#3259=DIRECTION('ref_axis',(1.,1.22464679914735E-16,0.));
#3260=DIRECTION('center_axis',(0.,0.,1.));
#3261=DIRECTION('ref_axis',(-1.,0.,0.));
#3262=DIRECTION('center_axis',(0.,1.,0.));
#3263=DIRECTION('ref_axis',(-1.,0.,0.));
#3264=DIRECTION('',(1.,0.,0.));
#3265=DIRECTION('',(-1.,0.,0.));
#3266=DIRECTION('center_axis',(0.,-1.,0.));
#3267=DIRECTION('ref_axis',(1.,0.,0.));
#3268=DIRECTION('center_axis',(0.,-1.,0.));
#3269=DIRECTION('ref_axis',(1.,0.,0.));
#3270=DIRECTION('center_axis',(0.,-1.,0.));
#3271=DIRECTION('ref_axis',(1.,0.,0.));
#3272=DIRECTION('center_axis',(0.,-1.,0.));
#3273=DIRECTION('ref_axis',(1.,0.,0.));
#3274=DIRECTION('center_axis',(0.,-1.,0.));
#3275=DIRECTION('ref_axis',(1.,0.,0.));
#3276=DIRECTION('center_axis',(0.,-1.,0.));
#3277=DIRECTION('ref_axis',(1.,0.,0.));
#3278=DIRECTION('center_axis',(0.,-1.,0.));
#3279=DIRECTION('ref_axis',(1.,0.,0.));
#3280=DIRECTION('center_axis',(0.,-1.,0.));
#3281=DIRECTION('ref_axis',(1.,0.,0.));
#3282=DIRECTION('center_axis',(0.,-1.,0.));
#3283=DIRECTION('ref_axis',(1.,0.,0.));
#3284=DIRECTION('center_axis',(0.,-1.,0.));
#3285=DIRECTION('ref_axis',(1.,0.,0.));
#3286=DIRECTION('center_axis',(0.,-1.,0.));
#3287=DIRECTION('ref_axis',(1.,0.,0.));
#3288=DIRECTION('center_axis',(0.,-1.,0.));
#3289=DIRECTION('ref_axis',(1.,0.,0.));
#3290=DIRECTION('center_axis',(0.,-1.,0.));
#3291=DIRECTION('ref_axis',(1.,0.,0.));
#3292=DIRECTION('center_axis',(0.,-1.,0.));
#3293=DIRECTION('ref_axis',(1.,0.,0.));
#3294=DIRECTION('center_axis',(0.,0.,1.));
#3295=DIRECTION('ref_axis',(-1.,0.,0.));
#3296=DIRECTION('center_axis',(0.,0.,1.));
#3297=DIRECTION('ref_axis',(1.,0.,0.));
#3298=DIRECTION('center_axis',(0.,0.,1.));
#3299=DIRECTION('ref_axis',(1.,0.,0.));
#3300=DIRECTION('center_axis',(0.,0.,1.));
#3301=DIRECTION('ref_axis',(1.,0.,0.));
#3302=DIRECTION('',(0.,0.,1.));
#3303=DIRECTION('center_axis',(0.,0.,-1.));
#3304=DIRECTION('ref_axis',(1.,0.,0.));
#3305=DIRECTION('center_axis',(0.,0.,1.));
#3306=DIRECTION('ref_axis',(1.,0.,0.));
#3307=DIRECTION('center_axis',(0.,0.,1.));
#3308=DIRECTION('ref_axis',(1.,0.,0.));
#3309=DIRECTION('center_axis',(0.,1.,0.));
#3310=DIRECTION('ref_axis',(1.,0.,0.));
#3311=DIRECTION('',(0.,1.,0.));
#3312=DIRECTION('center_axis',(0.,1.,0.));
#3313=DIRECTION('ref_axis',(1.,0.,0.));
#3314=DIRECTION('',(0.,1.,0.));
#3315=DIRECTION('center_axis',(0.,1.,0.));
#3316=DIRECTION('ref_axis',(1.,0.,0.));
#3317=DIRECTION('',(0.,1.,0.));
#3318=DIRECTION('center_axis',(0.,1.,0.));
#3319=DIRECTION('ref_axis',(1.,0.,0.));
#3320=DIRECTION('',(0.,1.,0.));
#3321=DIRECTION('center_axis',(0.,1.,0.));
#3322=DIRECTION('ref_axis',(1.,0.,0.));
#3323=DIRECTION('',(0.,1.,0.));
#3324=DIRECTION('center_axis',(0.,1.,0.));
#3325=DIRECTION('ref_axis',(1.,0.,0.));
#3326=DIRECTION('',(0.,1.,0.));
#3327=DIRECTION('center_axis',(0.,1.,0.));
#3328=DIRECTION('ref_axis',(1.,0.,0.));
#3329=DIRECTION('',(0.,1.,0.));
#3330=DIRECTION('center_axis',(0.,1.,0.));
#3331=DIRECTION('ref_axis',(1.,0.,0.));
#3332=DIRECTION('',(0.,1.,0.));
#3333=DIRECTION('center_axis',(0.,1.,0.));
#3334=DIRECTION('ref_axis',(1.,0.,0.));
#3335=DIRECTION('',(0.,1.,0.));
#3336=DIRECTION('center_axis',(0.,1.,0.));
#3337=DIRECTION('ref_axis',(1.,0.,0.));
#3338=DIRECTION('',(0.,1.,0.));
#3339=DIRECTION('center_axis',(0.,1.,0.));
#3340=DIRECTION('ref_axis',(1.,0.,0.));
#3341=DIRECTION('',(0.,1.,0.));
#3342=DIRECTION('center_axis',(0.,1.,0.));
#3343=DIRECTION('ref_axis',(1.,0.,0.));
#3344=DIRECTION('',(0.,1.,0.));
#3345=DIRECTION('center_axis',(0.,1.,0.));
#3346=DIRECTION('ref_axis',(1.,0.,0.));
#3347=DIRECTION('',(0.,1.,0.));
#3348=DIRECTION('center_axis',(0.,1.,0.));
#3349=DIRECTION('ref_axis',(1.,0.,0.));
#3350=DIRECTION('',(0.,1.,0.));
#3351=DIRECTION('center_axis',(0.,1.,0.));
#3352=DIRECTION('ref_axis',(1.,0.,0.));
#3353=DIRECTION('',(0.,1.,0.));
#3354=DIRECTION('center_axis',(0.,1.,0.));
#3355=DIRECTION('ref_axis',(1.,0.,0.));
#3356=DIRECTION('',(0.,1.,0.));
#3357=DIRECTION('center_axis',(0.,1.,0.));
#3358=DIRECTION('ref_axis',(1.,0.,0.));
#3359=DIRECTION('',(0.,1.,0.));
#3360=DIRECTION('center_axis',(0.,1.,0.));
#3361=DIRECTION('ref_axis',(1.,0.,0.));
#3362=DIRECTION('',(0.,1.,0.));
#3363=DIRECTION('center_axis',(0.,1.,0.));
#3364=DIRECTION('ref_axis',(1.,0.,0.));
#3365=DIRECTION('',(0.,1.,0.));
#3366=DIRECTION('center_axis',(0.,1.,0.));
#3367=DIRECTION('ref_axis',(1.,0.,0.));
#3368=DIRECTION('',(0.,1.,0.));
#3369=DIRECTION('center_axis',(0.,1.,0.));
#3370=DIRECTION('ref_axis',(1.,0.,0.));
#3371=DIRECTION('',(0.,1.,0.));
#3372=DIRECTION('center_axis',(0.,1.,0.));
#3373=DIRECTION('ref_axis',(1.,0.,0.));
#3374=DIRECTION('',(0.,1.,0.));
#3375=DIRECTION('center_axis',(0.,1.,0.));
#3376=DIRECTION('ref_axis',(1.,0.,0.));
#3377=DIRECTION('',(0.,1.,0.));
#3378=DIRECTION('center_axis',(0.,1.,0.));
#3379=DIRECTION('ref_axis',(1.,0.,0.));
#3380=DIRECTION('',(0.,1.,0.));
#3381=DIRECTION('center_axis',(0.,1.,0.));
#3382=DIRECTION('ref_axis',(1.,0.,0.));
#3383=DIRECTION('',(0.,1.,0.));
#3384=DIRECTION('center_axis',(0.,1.,0.));
#3385=DIRECTION('ref_axis',(1.,0.,0.));
#3386=DIRECTION('',(0.,1.,0.));
#3387=DIRECTION('center_axis',(0.,1.,0.));
#3388=DIRECTION('ref_axis',(1.,0.,0.));
#3389=DIRECTION('',(0.,1.,0.));
#3390=DIRECTION('center_axis',(0.,1.,0.));
#3391=DIRECTION('ref_axis',(1.,0.,0.));
#3392=DIRECTION('',(0.,1.,0.));
#3393=CARTESIAN_POINT('',(0.,0.,0.));
#3394=CARTESIAN_POINT('Ctrl Pts',(-24.,-4.92442890089807,9.10000013411045));
#3395=CARTESIAN_POINT('Ctrl Pts',(-124.,-4.92442890089807,9.10000013411045));
#3396=CARTESIAN_POINT('Ctrl Pts',(-24.,-4.92442890089807,9.09699812507372));
#3397=CARTESIAN_POINT('Ctrl Pts',(-124.,-4.92442890089807,9.09699812507372));
#3398=CARTESIAN_POINT('Ctrl Pts',(-24.,-4.92356398703106,9.09350108519803));
#3399=CARTESIAN_POINT('Ctrl Pts',(-124.,-4.92356398703106,9.09350108519803));
#3400=CARTESIAN_POINT('Ctrl Pts',(-24.,-4.9205362593834,9.08693515436343));
#3401=CARTESIAN_POINT('Ctrl Pts',(-124.,-4.9205362593834,9.08693515436343));
#3402=CARTESIAN_POINT('Ctrl Pts',(-24.,-4.91738084929083,9.08296155658806));
#3403=CARTESIAN_POINT('Ctrl Pts',(-124.,-4.91738084929083,9.08296155658806));
#3404=CARTESIAN_POINT('Ctrl Pts',(-24.,-4.90003000852571,9.06591198147966));
#3405=CARTESIAN_POINT('Ctrl Pts',(-124.,-4.90003000852571,9.06591198147966));
#3406=CARTESIAN_POINT('Ctrl Pts',(-24.,-4.87760215980549,9.05704571664011));
#3407=CARTESIAN_POINT('Ctrl Pts',(-124.,-4.87760215980549,9.05704571664011));
#3408=CARTESIAN_POINT('Ctrl Pts',(-24.,-4.78973968548413,9.02648978798307));
#3409=CARTESIAN_POINT('Ctrl Pts',(-124.,-4.78973968548413,9.02648978798307));
#3410=CARTESIAN_POINT('Ctrl Pts',(-24.,-4.71129104524158,9.01681158788526));
#3411=CARTESIAN_POINT('Ctrl Pts',(-124.,-4.71129104524158,9.01681158788526));
#3412=CARTESIAN_POINT('Ctrl Pts',(-24.,-4.55297263721336,9.00255275893839));
#3413=CARTESIAN_POINT('Ctrl Pts',(-124.,-4.55297263721336,9.00255275893839));
#3414=CARTESIAN_POINT('Ctrl Pts',(-24.,-4.47292676224423,9.00000013411045));
#3415=CARTESIAN_POINT('Ctrl Pts',(-124.,-4.47292676224423,9.00000013411045));
#3416=CARTESIAN_POINT('Ctrl Pts',(-24.,-4.4,9.00000013411045));
#3417=CARTESIAN_POINT('Ctrl Pts',(-124.,-4.4,9.00000013411045));
#3418=CARTESIAN_POINT('',(-24.1016596938883,-4.4,9.00000013411045));
#3419=CARTESIAN_POINT('',(-24.,-4.92442890089805,9.10000013411045));
#3420=CARTESIAN_POINT('Ctrl Pts',(-24.1016596938883,-4.4,9.00000013411045));
#3421=CARTESIAN_POINT('Ctrl Pts',(-24.0850903501759,-4.49076106443327,9.00000013411045));
#3422=CARTESIAN_POINT('Ctrl Pts',(-24.0668500172187,-4.58747755444959,9.00401130090328));
#3423=CARTESIAN_POINT('Ctrl Pts',(-24.0409331343892,-4.72075939573283,9.01927312299936));
#3424=CARTESIAN_POINT('Ctrl Pts',(-24.0314105375107,-4.7689865094137,9.02656772683906));
#3425=CARTESIAN_POINT('Ctrl Pts',(-24.0186350856872,-4.83276493672045,9.04201882937727));
#3426=CARTESIAN_POINT('Ctrl Pts',(-24.0140444665049,-4.85551988402029,9.04856161268586));
#3427=CARTESIAN_POINT('Ctrl Pts',(-24.007945693996,-4.88555568177523,9.06102464295838));
#3428=CARTESIAN_POINT('Ctrl Pts',(-24.005657128558,-4.89678594751116,9.06647900575089));
#3429=CARTESIAN_POINT('Ctrl Pts',(-24.0028822388765,-4.91036300623763,9.07617450041863));
#3430=CARTESIAN_POINT('Ctrl Pts',(-24.0019709864033,-4.91481443738,9.07996245469788));
#3431=CARTESIAN_POINT('Ctrl Pts',(-24.0009070308017,-4.92000660284537,9.08650795457953));
#3432=CARTESIAN_POINT('Ctrl Pts',(-24.0005881054339,-4.92156193442377,9.08895808620177));
#3433=CARTESIAN_POINT('Ctrl Pts',(-24.0002454335086,-4.92323262302327,9.09294076659606));
#3434=CARTESIAN_POINT('Ctrl Pts',(-24.0001541976854,-4.92367734342078,9.09432388526177));
#3435=CARTESIAN_POINT('Ctrl Pts',(-24.0000314572393,-4.92427559578355,9.09714912277359));
#3436=CARTESIAN_POINT('Ctrl Pts',(-24.,-4.92442890089807,9.09856685365481));
#3437=CARTESIAN_POINT('Ctrl Pts',(-24.,-4.92442890089807,9.10000013411045));
#3438=CARTESIAN_POINT('',(-24.,-4.4,9.00000013411045));
#3439=CARTESIAN_POINT('',(-24.,-4.4,9.00000013411045));
#3440=CARTESIAN_POINT('Ctrl Pts',(-24.,-4.4,9.00000013411045));
#3441=CARTESIAN_POINT('Ctrl Pts',(-24.,-4.47292676224423,9.00000013411045));
#3442=CARTESIAN_POINT('Ctrl Pts',(-24.,-4.55297263721336,9.00255275893839));
#3443=CARTESIAN_POINT('Ctrl Pts',(-24.,-4.63213184122747,9.00968217341183));
#3444=CARTESIAN_POINT('Ctrl Pts',(-24.,-4.71129104524158,9.01681158788526));
#3445=CARTESIAN_POINT('Ctrl Pts',(-24.,-4.78973968548413,9.02648978798307));
#3446=CARTESIAN_POINT('Ctrl Pts',(-24.,-4.85861997843995,9.05044428429894));
#3447=CARTESIAN_POINT('Ctrl Pts',(-24.,-4.87760215980549,9.05704571664011));
#3448=CARTESIAN_POINT('Ctrl Pts',(-24.,-4.90003000852571,9.06591198147966));
#3449=CARTESIAN_POINT('Ctrl Pts',(-24.,-4.91436486143197,9.07999793584935));
#3450=CARTESIAN_POINT('Ctrl Pts',(-24.,-4.91738084929083,9.08296155658806));
#3451=CARTESIAN_POINT('Ctrl Pts',(-24.,-4.9205362593834,9.08693515436343));
#3452=CARTESIAN_POINT('Ctrl Pts',(-24.,-4.92230689550054,9.09077495623181));
#3453=CARTESIAN_POINT('Ctrl Pts',(-24.,-4.92356398703106,9.09350108519803));
#3454=CARTESIAN_POINT('Ctrl Pts',(-24.,-4.92442890089807,9.09699812507372));
#3455=CARTESIAN_POINT('Ctrl Pts',(-24.,-4.92442890089807,9.10000013411045));
#3456=CARTESIAN_POINT('Ctrl Pts',(-24.,4.4,9.00000013411045));
#3457=CARTESIAN_POINT('Ctrl Pts',(-124.,4.4,9.00000013411045));
#3458=CARTESIAN_POINT('Ctrl Pts',(-24.,4.47292676224423,9.00000013411045));
#3459=CARTESIAN_POINT('Ctrl Pts',(-124.,4.47292676224423,9.00000013411045));
#3460=CARTESIAN_POINT('Ctrl Pts',(-24.,4.55297263721336,9.00255275893839));
#3461=CARTESIAN_POINT('Ctrl Pts',(-124.,4.55297263721336,9.00255275893839));
#3462=CARTESIAN_POINT('Ctrl Pts',(-24.,4.71129104524158,9.01681158788526));
#3463=CARTESIAN_POINT('Ctrl Pts',(-124.,4.71129104524158,9.01681158788526));
#3464=CARTESIAN_POINT('Ctrl Pts',(-24.,4.78973968548413,9.02648978798307));
#3465=CARTESIAN_POINT('Ctrl Pts',(-124.,4.78973968548413,9.02648978798307));
#3466=CARTESIAN_POINT('Ctrl Pts',(-24.,4.87760215980549,9.05704571664011));
#3467=CARTESIAN_POINT('Ctrl Pts',(-124.,4.87760215980549,9.05704571664011));
#3468=CARTESIAN_POINT('Ctrl Pts',(-24.,4.90003000852571,9.06591198147966));
#3469=CARTESIAN_POINT('Ctrl Pts',(-124.,4.90003000852571,9.06591198147966));
#3470=CARTESIAN_POINT('Ctrl Pts',(-24.,4.91738084929083,9.08296155658806));
#3471=CARTESIAN_POINT('Ctrl Pts',(-124.,4.91738084929083,9.08296155658806));
#3472=CARTESIAN_POINT('Ctrl Pts',(-24.,4.9205362593834,9.08693515436343));
#3473=CARTESIAN_POINT('Ctrl Pts',(-124.,4.9205362593834,9.08693515436343));
#3474=CARTESIAN_POINT('Ctrl Pts',(-24.,4.92356398703106,9.09350108519803));
#3475=CARTESIAN_POINT('Ctrl Pts',(-124.,4.92356398703106,9.09350108519803));
#3476=CARTESIAN_POINT('Ctrl Pts',(-24.,4.92442890089805,9.09699812507372));
#3477=CARTESIAN_POINT('Ctrl Pts',(-124.,4.92442890089805,9.09699812507372));
#3478=CARTESIAN_POINT('Ctrl Pts',(-24.,4.92442890089805,9.10000013411045));
#3479=CARTESIAN_POINT('Ctrl Pts',(-124.,4.92442890089805,9.10000013411045));
#3480=CARTESIAN_POINT('',(-24.,4.92442890089805,9.10000013411045));
#3481=CARTESIAN_POINT('',(-24.1016596938883,4.4,9.00000013411045));
#3482=CARTESIAN_POINT('Ctrl Pts',(-24.,4.92442890089807,9.10000013411045));
#3483=CARTESIAN_POINT('Ctrl Pts',(-24.,4.92442890089807,9.09724569421205));
#3484=CARTESIAN_POINT('Ctrl Pts',(-24.000116174093,4.9238627827936,9.09458683333813));
#3485=CARTESIAN_POINT('Ctrl Pts',(-24.0005679988247,4.92166000489345,9.08904797674103));
#3486=CARTESIAN_POINT('Ctrl Pts',(-24.0009299618311,4.91989483878439,9.08630102687172));
#3487=CARTESIAN_POINT('Ctrl Pts',(-24.0019925419755,4.91470898929,9.07994975167683));
#3488=CARTESIAN_POINT('Ctrl Pts',(-24.0028071861765,4.91072947606366,9.07651096483039));
#3489=CARTESIAN_POINT('Ctrl Pts',(-24.0054987014482,4.89756259059221,9.06688524550742));
#3490=CARTESIAN_POINT('Ctrl Pts',(-24.0078215495184,4.88616591136141,9.06130529229499));
#3491=CARTESIAN_POINT('Ctrl Pts',(-24.0128291113349,4.86150690998369,9.05100987085189));
#3492=CARTESIAN_POINT('Ctrl Pts',(-24.0159999151881,4.84582069745747,9.04599831265971));
#3493=CARTESIAN_POINT('Ctrl Pts',(-24.0301153134069,4.77564034010256,9.02660404112599));
#3494=CARTESIAN_POINT('Ctrl Pts',(-24.045398644118,4.6986840516602,9.01468747500362));
#3495=CARTESIAN_POINT('Ctrl Pts',(-24.0760311879265,4.53866488093608,9.00227196517161));
#3496=CARTESIAN_POINT('Ctrl Pts',(-24.08919571194,4.46827332985181,9.00000013411045));
#3497=CARTESIAN_POINT('Ctrl Pts',(-24.1016596938883,4.4,9.00000013411045));
#3498=CARTESIAN_POINT('',(-24.,4.4,9.00000013411045));
#3499=CARTESIAN_POINT('Ctrl Pts',(-24.,4.92442890089805,9.10000013411045));
#3500=CARTESIAN_POINT('Ctrl Pts',(-24.,4.92442890089805,9.09699812507372));
#3501=CARTESIAN_POINT('Ctrl Pts',(-24.,4.92356398703106,9.09350108519803));
#3502=CARTESIAN_POINT('Ctrl Pts',(-24.,4.92230689550054,9.0907749562318));
#3503=CARTESIAN_POINT('Ctrl Pts',(-24.,4.9205362593834,9.08693515436343));
#3504=CARTESIAN_POINT('Ctrl Pts',(-24.,4.91738084929083,9.08296155658806));
#3505=CARTESIAN_POINT('Ctrl Pts',(-24.,4.91436486143197,9.07999793584935));
#3506=CARTESIAN_POINT('Ctrl Pts',(-24.,4.90003000852571,9.06591198147966));
#3507=CARTESIAN_POINT('Ctrl Pts',(-24.,4.87760215980549,9.05704571664011));
#3508=CARTESIAN_POINT('Ctrl Pts',(-24.,4.85861997843995,9.05044428429894));
#3509=CARTESIAN_POINT('Ctrl Pts',(-24.,4.78973968548413,9.02648978798307));
#3510=CARTESIAN_POINT('Ctrl Pts',(-24.,4.71129104524158,9.01681158788526));
#3511=CARTESIAN_POINT('Ctrl Pts',(-24.,4.63213184122747,9.00968217341183));
#3512=CARTESIAN_POINT('Ctrl Pts',(-24.,4.55297263721336,9.00255275893839));
#3513=CARTESIAN_POINT('Ctrl Pts',(-24.,4.47292676224423,9.00000013411045));
#3514=CARTESIAN_POINT('Ctrl Pts',(-24.,4.4,9.00000013411045));
#3515=CARTESIAN_POINT('',(-24.,4.4,9.00000013411045));
#3516=CARTESIAN_POINT('Origin',(0.,0.,0.));
#3517=CARTESIAN_POINT('',(18.2373353316761,-16.36,24.));
#3518=CARTESIAN_POINT('',(18.2373353316761,16.36,24.));
#3519=CARTESIAN_POINT('Origin',(0.,0.,24.));
#3520=CARTESIAN_POINT('',(18.2373353316761,-16.36,6.));
#3521=CARTESIAN_POINT('',(18.2373353316761,-16.36,7.));
#3522=CARTESIAN_POINT('',(-18.2373353316761,-16.36,6.));
#3523=CARTESIAN_POINT('Origin',(0.,0.,6.));
#3524=CARTESIAN_POINT('',(-18.2373353316761,-16.36,24.));
#3525=CARTESIAN_POINT('',(-18.2373353316761,-16.36,7.));
#3526=CARTESIAN_POINT('',(-24.5,-3.00038465791102E-15,24.));
#3527=CARTESIAN_POINT('Origin',(0.,0.,24.));
#3528=CARTESIAN_POINT('',(-24.5,-3.00038465791102E-15,9.00000013411045));
#3529=CARTESIAN_POINT('',(-24.5,-3.00038465791102E-15,0.));
#3530=CARTESIAN_POINT('Origin',(0.,0.,9.00000013411045));
#3531=CARTESIAN_POINT('',(-23.958847335253,-5.12090171415542,9.10000013411045));
#3532=CARTESIAN_POINT('Origin',(0.,0.,9.10000013411045));
#3533=CARTESIAN_POINT('',(-23.958847335253,-5.12090171415542,2.90000004470348));
#3534=CARTESIAN_POINT('',(-23.958847335253,-5.12090171415542,0.));
#3535=CARTESIAN_POINT('',(-24.5,-3.00038465791102E-15,2.90000004470348));
#3536=CARTESIAN_POINT('Origin',(0.,0.,2.90000004470348));
#3537=CARTESIAN_POINT('',(-24.5,-3.00038465791102E-15,1.));
#3538=CARTESIAN_POINT('',(-24.5,-3.00038465791102E-15,0.));
#3539=CARTESIAN_POINT('Origin',(0.,0.,1.));
#3540=CARTESIAN_POINT('',(-23.958847335253,5.12090171415542,2.90000004470348));
#3541=CARTESIAN_POINT('Origin',(0.,0.,2.90000004470348));
#3542=CARTESIAN_POINT('',(-23.958847335253,5.12090171415542,9.10000013411045));
#3543=CARTESIAN_POINT('',(-23.958847335253,5.12090171415542,0.));
#3544=CARTESIAN_POINT('Origin',(0.,0.,9.10000013411045));
#3545=CARTESIAN_POINT('Origin',(0.,0.,9.00000013411045));
#3546=CARTESIAN_POINT('',(-18.2373353316761,16.36,24.));
#3547=CARTESIAN_POINT('Origin',(0.,0.,24.));
#3548=CARTESIAN_POINT('',(-18.2373353316761,16.36,6.));
#3549=CARTESIAN_POINT('',(-18.2373353316761,16.36,7.));
#3550=CARTESIAN_POINT('',(18.2373353316761,16.36,6.));
#3551=CARTESIAN_POINT('Origin',(0.,0.,6.));
#3552=CARTESIAN_POINT('',(18.2373353316761,16.36,7.));
#3553=CARTESIAN_POINT('',(-23.0691894092532,-8.25,9.36000010430813));
#3554=CARTESIAN_POINT('',(-21.2176223927187,-12.25,9.36000010430813));
#3555=CARTESIAN_POINT('Ctrl Pts',(-23.0691894092532,-8.25,9.36000010430813));
#3556=CARTESIAN_POINT('Ctrl Pts',(-23.0691894092532,-8.25,9.61480651304518));
#3557=CARTESIAN_POINT('Ctrl Pts',(-23.050870171443,-8.30177172977216,9.88510412186533));
#3558=CARTESIAN_POINT('Ctrl Pts',(-22.9756183764848,-8.50781934043151,10.3779067577703));
#3559=CARTESIAN_POINT('Ctrl Pts',(-22.9184346843654,-8.66199011560627,10.6004173446606));
#3560=CARTESIAN_POINT('Ctrl Pts',(-22.7803996501636,-9.01897823848341,10.9574054675377));
#3561=CARTESIAN_POINT('Ctrl Pts',(-22.6889974235923,-9.24830128925029,11.1114663666751));
#3562=CARTESIAN_POINT('Ctrl Pts',(-22.4814747740021,-9.74191833681924,11.3126617045418));
#3563=CARTESIAN_POINT('Ctrl Pts',(-22.3651744640909,-10.0060535234471,11.3600001043081));
#3564=CARTESIAN_POINT('Ctrl Pts',(-22.1379165339382,-10.4994317937475,11.3600001043081));
#3565=CARTESIAN_POINT('Ctrl Pts',(-22.0100298172633,-10.7649578139398,11.3107631138923));
#3566=CARTESIAN_POINT('Ctrl Pts',(-21.7626784221427,-11.2566228147945,11.1085332967414));
#3567=CARTESIAN_POINT('Ctrl Pts',(-21.6433919398203,-11.4828617210227,10.9555655080316));
#3568=CARTESIAN_POINT('Ctrl Pts',(-21.452597813743,-11.835281513731,10.6031457153234));
#3569=CARTESIAN_POINT('Ctrl Pts',(-21.3664882393158,-11.9890537201895,10.3832078919229));
#3570=CARTESIAN_POINT('Ctrl Pts',(-21.248734093323,-12.1965375593257,9.89127516328963));
#3571=CARTESIAN_POINT('Ctrl Pts',(-21.2176223927187,-12.25,9.61904780542409));
#3572=CARTESIAN_POINT('Ctrl Pts',(-21.2176223927187,-12.25,9.36000010430813));
#3573=CARTESIAN_POINT('Ctrl Pts',(-21.2176223927187,-12.25,9.36000010430813));
#3574=CARTESIAN_POINT('Ctrl Pts',(-21.2176223927187,-12.25,9.10923362323984));
#3575=CARTESIAN_POINT('Ctrl Pts',(-21.2467948919433,-12.1998520003275,8.84490873860332));
#3576=CARTESIAN_POINT('Ctrl Pts',(-21.3580477255184,-12.0040192921192,8.36468177427141));
#3577=CARTESIAN_POINT('Ctrl Pts',(-21.4396365850424,-11.8585848689943,8.14856395418435));
#3578=CARTESIAN_POINT('Ctrl Pts',(-21.6270993289937,-11.5135527087956,7.78724376957399));
#3579=CARTESIAN_POINT('Ctrl Pts',(-21.7490198615074,-11.2831536503367,7.6258364091227));
#3580=CARTESIAN_POINT('Ctrl Pts',(-22.0028058119987,-10.7798867166466,7.41219356452686));
#3581=CARTESIAN_POINT('Ctrl Pts',(-22.134475489493,-10.5069023209817,7.36000010430813));
#3582=CARTESIAN_POINT('Ctrl Pts',(-22.3673395114841,-10.0013531931339,7.36000010430813));
#3583=CARTESIAN_POINT('Ctrl Pts',(-22.4856718827066,-9.73234010664959,7.40917440761521));
#3584=CARTESIAN_POINT('Ctrl Pts',(-22.6960620018592,-9.23107000820797,7.61773880975944));
#3585=CARTESIAN_POINT('Ctrl Pts',(-22.7883156711281,-8.99897872350432,7.77732945904863));
#3586=CARTESIAN_POINT('Ctrl Pts',(-22.9240685663756,-8.64693383558625,8.14004195503987));
#3587=CARTESIAN_POINT('Ctrl Pts',(-22.9791504771864,-8.4982238155395,8.36001081906372));
#3588=CARTESIAN_POINT('Ctrl Pts',(-23.0515958834277,-8.29970431517999,8.84517459074644));
#3589=CARTESIAN_POINT('Ctrl Pts',(-23.0691894092532,-8.25,9.11037814841653));
#3590=CARTESIAN_POINT('Ctrl Pts',(-23.0691894092532,-8.25,9.36000010430813));
#3591=CARTESIAN_POINT('',(-21.2176223927187,12.25,9.36000010430813));
#3592=CARTESIAN_POINT('',(-23.0691894092532,8.25,9.36000010430813));
#3593=CARTESIAN_POINT('Ctrl Pts',(-21.2176223927187,12.25,9.36000010430813));
#3594=CARTESIAN_POINT('Ctrl Pts',(-21.2176223927187,12.25,9.61904780542409));
#3595=CARTESIAN_POINT('Ctrl Pts',(-21.248734093323,12.1965375593257,9.89127516328964));
#3596=CARTESIAN_POINT('Ctrl Pts',(-21.3664882393158,11.9890537201895,10.3832078919229));
#3597=CARTESIAN_POINT('Ctrl Pts',(-21.452597813743,11.835281513731,10.6031457153234));
#3598=CARTESIAN_POINT('Ctrl Pts',(-21.6433919398203,11.4828617210227,10.9555655080316));
#3599=CARTESIAN_POINT('Ctrl Pts',(-21.7626784221427,11.2566228147945,11.1085332967414));
#3600=CARTESIAN_POINT('Ctrl Pts',(-22.0100298172633,10.7649578139398,11.3107631138923));
#3601=CARTESIAN_POINT('Ctrl Pts',(-22.1379165339382,10.4994317937475,11.3600001043081));
#3602=CARTESIAN_POINT('Ctrl Pts',(-22.3651744640909,10.0060535234471,11.3600001043081));
#3603=CARTESIAN_POINT('Ctrl Pts',(-22.4814747740021,9.74191833681924,11.3126617045418));
#3604=CARTESIAN_POINT('Ctrl Pts',(-22.6889974235923,9.24830128925029,11.1114663666751));
#3605=CARTESIAN_POINT('Ctrl Pts',(-22.7803996501636,9.0189782384834,10.9574054675377));
#3606=CARTESIAN_POINT('Ctrl Pts',(-22.9184346843654,8.66199011560627,10.6004173446606));
#3607=CARTESIAN_POINT('Ctrl Pts',(-22.9756183764848,8.50781934043151,10.3779067577703));
#3608=CARTESIAN_POINT('Ctrl Pts',(-23.050870171443,8.30177172977216,9.88510412186533));
#3609=CARTESIAN_POINT('Ctrl Pts',(-23.0691894092532,8.25,9.61480651304518));
#3610=CARTESIAN_POINT('Ctrl Pts',(-23.0691894092532,8.25,9.36000010430812));
#3611=CARTESIAN_POINT('Ctrl Pts',(-23.0691894092532,8.25,9.36000010430813));
#3612=CARTESIAN_POINT('Ctrl Pts',(-23.0691894092532,8.25,9.11037814841653));
#3613=CARTESIAN_POINT('Ctrl Pts',(-23.0515958834277,8.29970431517998,8.84517459074644));
#3614=CARTESIAN_POINT('Ctrl Pts',(-22.9791504771864,8.4982238155395,8.36001081906372));
#3615=CARTESIAN_POINT('Ctrl Pts',(-22.9240685663756,8.64693383558625,8.14004195503987));
#3616=CARTESIAN_POINT('Ctrl Pts',(-22.7883156711281,8.99897872350432,7.77732945904863));
#3617=CARTESIAN_POINT('Ctrl Pts',(-22.6960620018592,9.23107000820796,7.61773880975944));
#3618=CARTESIAN_POINT('Ctrl Pts',(-22.4856718827066,9.73234010664959,7.40917440761521));
#3619=CARTESIAN_POINT('Ctrl Pts',(-22.3673395114841,10.0013531931339,7.36000010430813));
#3620=CARTESIAN_POINT('Ctrl Pts',(-22.134475489493,10.5069023209817,7.36000010430813));
#3621=CARTESIAN_POINT('Ctrl Pts',(-22.0028058119987,10.7798867166466,7.41219356452686));
#3622=CARTESIAN_POINT('Ctrl Pts',(-21.7490198615074,11.2831536503367,7.6258364091227));
#3623=CARTESIAN_POINT('Ctrl Pts',(-21.6270993289937,11.5135527087956,7.78724376957399));
#3624=CARTESIAN_POINT('Ctrl Pts',(-21.4396365850424,11.8585848689943,8.14856395418435));
#3625=CARTESIAN_POINT('Ctrl Pts',(-21.3580477255184,12.0040192921192,8.3646817742714));
#3626=CARTESIAN_POINT('Ctrl Pts',(-21.2467948919433,12.1998520003275,8.84490873860331));
#3627=CARTESIAN_POINT('Ctrl Pts',(-21.2176223927187,12.25,9.10923362323984));
#3628=CARTESIAN_POINT('Ctrl Pts',(-21.2176223927187,12.25,9.36000010430813));
#3629=CARTESIAN_POINT('',(23.0691894092532,8.25,13.1100001043081));
#3630=CARTESIAN_POINT('Ctrl Pts',(23.0691894092532,8.25,13.1100001043081));
#3631=CARTESIAN_POINT('Ctrl Pts',(23.0691894092532,8.25,13.3596220601997));
#3632=CARTESIAN_POINT('Ctrl Pts',(23.0515958834277,8.29970431517998,13.6248256178698));
#3633=CARTESIAN_POINT('Ctrl Pts',(22.9791504771864,8.4982238155395,14.1099893895525));
#3634=CARTESIAN_POINT('Ctrl Pts',(22.9240685663756,8.64693383558625,14.3299582535764));
#3635=CARTESIAN_POINT('Ctrl Pts',(22.7883156711281,8.99897872350432,14.6926707495676));
#3636=CARTESIAN_POINT('Ctrl Pts',(22.6960620018592,9.23107000820796,14.8522613988568));
#3637=CARTESIAN_POINT('Ctrl Pts',(22.4856718827066,9.73234010664958,15.060825801001));
#3638=CARTESIAN_POINT('Ctrl Pts',(22.3673395114841,10.0013531931339,15.1100001043081));
#3639=CARTESIAN_POINT('Ctrl Pts',(22.134475489493,10.5069023209817,15.1100001043081));
#3640=CARTESIAN_POINT('Ctrl Pts',(22.0028058119987,10.7798867166466,15.0578066440894));
#3641=CARTESIAN_POINT('Ctrl Pts',(21.7490198615074,11.2831536503367,14.8441637994936));
#3642=CARTESIAN_POINT('Ctrl Pts',(21.6270993289937,11.5135527087956,14.6827564390423));
#3643=CARTESIAN_POINT('Ctrl Pts',(21.4396365850424,11.8585848689943,14.3214362544319));
#3644=CARTESIAN_POINT('Ctrl Pts',(21.3580477255184,12.0040192921192,14.1053184343449));
#3645=CARTESIAN_POINT('Ctrl Pts',(21.2467948919433,12.1998520003275,13.6250914700129));
#3646=CARTESIAN_POINT('Ctrl Pts',(21.2176223927188,12.25,13.3607665853764));
#3647=CARTESIAN_POINT('Ctrl Pts',(21.2176223927188,12.25,12.8592336232398));
#3648=CARTESIAN_POINT('Ctrl Pts',(21.2467948919433,12.1998520003275,12.5949087386033));
#3649=CARTESIAN_POINT('Ctrl Pts',(21.3580477255184,12.0040192921192,12.1146817742714));
#3650=CARTESIAN_POINT('Ctrl Pts',(21.4396365850424,11.8585848689943,11.8985639541844));
#3651=CARTESIAN_POINT('Ctrl Pts',(21.6270993289937,11.5135527087956,11.537243769574));
#3652=CARTESIAN_POINT('Ctrl Pts',(21.7490198615074,11.2831536503367,11.3758364091227));
#3653=CARTESIAN_POINT('Ctrl Pts',(22.0028058119987,10.7798867166466,11.1621935645269));
#3654=CARTESIAN_POINT('Ctrl Pts',(22.134475489493,10.5069023209817,11.1100001043081));
#3655=CARTESIAN_POINT('Ctrl Pts',(22.3673395114841,10.0013531931339,11.1100001043081));
#3656=CARTESIAN_POINT('Ctrl Pts',(22.4856718827066,9.73234010664958,11.1591744076152));
#3657=CARTESIAN_POINT('Ctrl Pts',(22.6960620018592,9.23107000820796,11.3677388097594));
#3658=CARTESIAN_POINT('Ctrl Pts',(22.7883156711281,8.99897872350432,11.5273294590486));
#3659=CARTESIAN_POINT('Ctrl Pts',(22.9240685663756,8.64693383558625,11.8900419550399));
#3660=CARTESIAN_POINT('Ctrl Pts',(22.9791504771864,8.4982238155395,12.1100108190637));
#3661=CARTESIAN_POINT('Ctrl Pts',(23.0515958834277,8.29970431517998,12.5951745907464));
#3662=CARTESIAN_POINT('Ctrl Pts',(23.0691894092532,8.25,12.8603781484165));
#3663=CARTESIAN_POINT('Ctrl Pts',(23.0691894092532,8.25,13.1100001043081));
#3664=CARTESIAN_POINT('',(21.2176223927187,-12.25,13.1100001043081));
#3665=CARTESIAN_POINT('Ctrl Pts',(21.2176223927187,-12.25,13.1100001043081));
#3666=CARTESIAN_POINT('Ctrl Pts',(21.2176223927187,-12.25,13.3607665853764));
#3667=CARTESIAN_POINT('Ctrl Pts',(21.2467948919433,-12.1998520003275,13.6250914700129));
#3668=CARTESIAN_POINT('Ctrl Pts',(21.3580477255184,-12.0040192921192,14.1053184343449));
#3669=CARTESIAN_POINT('Ctrl Pts',(21.4396365850424,-11.8585848689943,14.3214362544319));
#3670=CARTESIAN_POINT('Ctrl Pts',(21.6270993289937,-11.5135527087956,14.6827564390423));
#3671=CARTESIAN_POINT('Ctrl Pts',(21.7490198615074,-11.2831536503367,14.8441637994936));
#3672=CARTESIAN_POINT('Ctrl Pts',(22.0028058119987,-10.7798867166466,15.0578066440894));
#3673=CARTESIAN_POINT('Ctrl Pts',(22.134475489493,-10.5069023209817,15.1100001043081));
#3674=CARTESIAN_POINT('Ctrl Pts',(22.3673395114841,-10.0013531931339,15.1100001043081));
#3675=CARTESIAN_POINT('Ctrl Pts',(22.4856718827066,-9.73234010664958,15.060825801001));
#3676=CARTESIAN_POINT('Ctrl Pts',(22.6960620018592,-9.23107000820796,14.8522613988568));
#3677=CARTESIAN_POINT('Ctrl Pts',(22.7883156711281,-8.99897872350432,14.6926707495676));
#3678=CARTESIAN_POINT('Ctrl Pts',(22.9240685663756,-8.64693383558625,14.3299582535764));
#3679=CARTESIAN_POINT('Ctrl Pts',(22.9791504771864,-8.4982238155395,14.1099893895525));
#3680=CARTESIAN_POINT('Ctrl Pts',(23.0515958834277,-8.29970431517998,13.6248256178698));
#3681=CARTESIAN_POINT('Ctrl Pts',(23.0691894092532,-8.25,13.3596220601997));
#3682=CARTESIAN_POINT('Ctrl Pts',(23.0691894092532,-8.25,12.8603781484165));
#3683=CARTESIAN_POINT('Ctrl Pts',(23.0515958834277,-8.29970431517998,12.5951745907464));
#3684=CARTESIAN_POINT('Ctrl Pts',(22.9791504771864,-8.4982238155395,12.1100108190637));
#3685=CARTESIAN_POINT('Ctrl Pts',(22.9240685663756,-8.64693383558625,11.8900419550399));
#3686=CARTESIAN_POINT('Ctrl Pts',(22.7883156711281,-8.99897872350432,11.5273294590486));
#3687=CARTESIAN_POINT('Ctrl Pts',(22.6960620018592,-9.23107000820796,11.3677388097594));
#3688=CARTESIAN_POINT('Ctrl Pts',(22.4856718827066,-9.73234010664958,11.1591744076152));
#3689=CARTESIAN_POINT('Ctrl Pts',(22.3673395114841,-10.0013531931339,11.1100001043081));
#3690=CARTESIAN_POINT('Ctrl Pts',(22.134475489493,-10.5069023209817,11.1100001043081));
#3691=CARTESIAN_POINT('Ctrl Pts',(22.0028058119987,-10.7798867166466,11.1621935645269));
#3692=CARTESIAN_POINT('Ctrl Pts',(21.7490198615074,-11.2831536503367,11.3758364091227));
#3693=CARTESIAN_POINT('Ctrl Pts',(21.6270993289937,-11.5135527087956,11.537243769574));
#3694=CARTESIAN_POINT('Ctrl Pts',(21.4396365850424,-11.8585848689943,11.8985639541844));
#3695=CARTESIAN_POINT('Ctrl Pts',(21.3580477255184,-12.0040192921192,12.1146817742714));
#3696=CARTESIAN_POINT('Ctrl Pts',(21.2467948919433,-12.1998520003275,12.5949087386033));
#3697=CARTESIAN_POINT('Ctrl Pts',(21.2176223927187,-12.25,12.8592336232398));
#3698=CARTESIAN_POINT('Ctrl Pts',(21.2176223927187,-12.25,13.1100001043081));
#3699=CARTESIAN_POINT('Origin',(0.,0.,-1.));
#3700=CARTESIAN_POINT('',(-18.4,-2.25335011043113E-15,-1.));
#3701=CARTESIAN_POINT('Origin',(0.,0.,-1.));
#3702=CARTESIAN_POINT('',(-15.1001237753429,-2.22044604925031E-15,-1.));
#3703=CARTESIAN_POINT('Origin',(0.,0.,-1.));
#3704=CARTESIAN_POINT('Origin',(0.,0.,9.10000013411045));
#3705=CARTESIAN_POINT('',(-23.8817573255737,5.00216623498351,9.00000013411045));
#3706=CARTESIAN_POINT('Origin',(0.,0.,9.00000013411045));
#3707=CARTESIAN_POINT('Ctrl Pts',(-23.958847335253,5.12090171415542,9.10000013411045));
#3708=CARTESIAN_POINT('Ctrl Pts',(-23.9589460653515,5.12043979172645,9.0995287433288));
#3709=CARTESIAN_POINT('Ctrl Pts',(-23.9590415237936,5.11997716405671,9.09905734672551));
#3710=CARTESIAN_POINT('Ctrl Pts',(-23.9611321614488,5.10946948358941,9.08836665909901));
#3711=CARTESIAN_POINT('Ctrl Pts',(-23.9616015912799,5.09904784264503,9.07809796065844));
#3712=CARTESIAN_POINT('Ctrl Pts',(-23.959265467858,5.07866417453762,9.05868622611237));
#3713=CARTESIAN_POINT('Ctrl Pts',(-23.9565954212329,5.0685798112137,9.0493957382193));
#3714=CARTESIAN_POINT('Ctrl Pts',(-23.9475299423134,5.04852559052706,9.03169270233441));
#3715=CARTESIAN_POINT('Ctrl Pts',(-23.9408777905274,5.03844746226743,9.02322714085109));
#3716=CARTESIAN_POINT('Ctrl Pts',(-23.9252749255854,5.02276315717474,9.01113234313394));
#3717=CARTESIAN_POINT('Ctrl Pts',(-23.9173488864943,5.01670143841861,9.00684785551543));
#3718=CARTESIAN_POINT('Ctrl Pts',(-23.9002415076451,5.0075553696654,9.00144595476046));
#3719=CARTESIAN_POINT('Ctrl Pts',(-23.8915885535492,5.00431585253727,9.00006800322095));
#3720=CARTESIAN_POINT('Ctrl Pts',(-23.8822127296709,5.0022634271429,9.00000094679749));
#3721=CARTESIAN_POINT('Ctrl Pts',(-23.8819850483563,5.00221442010821,9.00000013411045));
#3722=CARTESIAN_POINT('Ctrl Pts',(-23.8817573255736,5.00216623498345,9.00000013411045));
#3723=CARTESIAN_POINT('Origin',(0.,0.,2.90000004470348));
#3724=CARTESIAN_POINT('',(-23.8817573255737,-5.00216623498351,3.00000004470348));
#3725=CARTESIAN_POINT('Ctrl Pts',(-23.958847335253,-5.12090171415543,2.90000004470348));
#3726=CARTESIAN_POINT('Ctrl Pts',(-23.9589460653515,-5.12043979172669,2.90047143548489));
#3727=CARTESIAN_POINT('Ctrl Pts',(-23.9590415237936,-5.1199771640568,2.90094283208878));
#3728=CARTESIAN_POINT('Ctrl Pts',(-23.961132161449,-5.10946948358849,2.91163351971382));
#3729=CARTESIAN_POINT('Ctrl Pts',(-23.9616015912799,-5.09904784264504,2.92190221815546));
#3730=CARTESIAN_POINT('Ctrl Pts',(-23.959265467858,-5.07866417453765,2.94131395270153));
#3731=CARTESIAN_POINT('Ctrl Pts',(-23.9565954212329,-5.06857981121369,2.95060444059461));
#3732=CARTESIAN_POINT('Ctrl Pts',(-23.9475299423134,-5.04852559052704,2.96830747647952));
#3733=CARTESIAN_POINT('Ctrl Pts',(-23.9408777905274,-5.03844746226742,2.97677303796284));
#3734=CARTESIAN_POINT('Ctrl Pts',(-23.9252749255853,-5.02276315717472,2.98886783568001));
#3735=CARTESIAN_POINT('Ctrl Pts',(-23.9173488864943,-5.01670143841861,2.99315232329851));
#3736=CARTESIAN_POINT('Ctrl Pts',(-23.9002415076451,-5.00755536966538,2.99855422405349));
#3737=CARTESIAN_POINT('Ctrl Pts',(-23.8915885535492,-5.00431585253729,2.99993217559299));
#3738=CARTESIAN_POINT('Ctrl Pts',(-23.8822127296709,-5.00226342714292,2.99999923201645));
#3739=CARTESIAN_POINT('Ctrl Pts',(-23.8819850483563,-5.00221442010821,3.00000004470348));
#3740=CARTESIAN_POINT('Ctrl Pts',(-23.8817573255736,-5.00216623498345,3.00000004470348));
#3741=CARTESIAN_POINT('',(-23.8817573255737,5.00216623498351,3.00000004470348));
#3742=CARTESIAN_POINT('Origin',(0.,0.,3.00000004470348));
#3743=CARTESIAN_POINT('Ctrl Pts',(-23.8817573255737,5.00216623498346,3.00000004470348));
#3744=CARTESIAN_POINT('Ctrl Pts',(-23.8909111848624,5.00410315076683,3.00000004470348));
#3745=CARTESIAN_POINT('Ctrl Pts',(-23.8995866586047,5.00727983726586,2.99868816357036));
#3746=CARTESIAN_POINT('Ctrl Pts',(-23.9167275358646,5.01628997187199,2.99342596101232));
#3747=CARTESIAN_POINT('Ctrl Pts',(-23.9246721094055,5.02226924195613,2.98922577523948));
#3748=CARTESIAN_POINT('Ctrl Pts',(-23.9403297183276,5.03775778064766,2.97733328376956));
#3749=CARTESIAN_POINT('Ctrl Pts',(-23.9470352212617,5.04771713341604,2.9689945592665));
#3750=CARTESIAN_POINT('Ctrl Pts',(-23.9563526967364,5.06778906499364,2.95132607971325));
#3751=CARTESIAN_POINT('Ctrl Pts',(-23.9591389287149,5.07801984596784,2.94191666424764));
#3752=CARTESIAN_POINT('Ctrl Pts',(-23.961616299774,5.09871607006999,2.92222907316267));
#3753=CARTESIAN_POINT('Ctrl Pts',(-23.9611638672461,5.10931012819554,2.91179565052209));
#3754=CARTESIAN_POINT('Ctrl Pts',(-23.9590415237936,5.11997716405681,2.90094283208876));
#3755=CARTESIAN_POINT('Ctrl Pts',(-23.9589460653515,5.12043979172667,2.9004714354849));
#3756=CARTESIAN_POINT('Ctrl Pts',(-23.958847335253,5.12090171415542,2.90000004470348));
#3757=CARTESIAN_POINT('Origin',(-23.8610561216397,-5.10000007450581,0.));
#3758=CARTESIAN_POINT('',(-23.8817573255737,-5.00216623498351,9.00000013411045));
#3759=CARTESIAN_POINT('Ctrl Pts',(-23.958847335253,-5.12090171415542,9.10000013411045));
#3760=CARTESIAN_POINT('Ctrl Pts',(-23.9589460653515,-5.1204397917266,9.09952874332896));
#3761=CARTESIAN_POINT('Ctrl Pts',(-23.9590415237936,-5.11997716405692,9.0990573467253));
#3762=CARTESIAN_POINT('Ctrl Pts',(-23.961132161449,-5.10946948358858,9.0883666591001));
#3763=CARTESIAN_POINT('Ctrl Pts',(-23.9616015912799,-5.09904784264507,9.07809796065849));
#3764=CARTESIAN_POINT('Ctrl Pts',(-23.959265467858,-5.07866417453763,9.05868622611238));
#3765=CARTESIAN_POINT('Ctrl Pts',(-23.9565954212329,-5.06857981121367,9.04939573821929));
#3766=CARTESIAN_POINT('Ctrl Pts',(-23.9475299423134,-5.04852559052703,9.0316927023344));
#3767=CARTESIAN_POINT('Ctrl Pts',(-23.9408777905274,-5.0384474622674,9.02322714085108));
#3768=CARTESIAN_POINT('Ctrl Pts',(-23.9252749255853,-5.02276315717469,9.01113234313391));
#3769=CARTESIAN_POINT('Ctrl Pts',(-23.9173488864943,-5.0167014384186,9.00684785551542));
#3770=CARTESIAN_POINT('Ctrl Pts',(-23.9002415076451,-5.00755536966536,9.00144595476044));
#3771=CARTESIAN_POINT('Ctrl Pts',(-23.8915885535492,-5.00431585253728,9.00006800322094));
#3772=CARTESIAN_POINT('Ctrl Pts',(-23.8822127296708,-5.00226342714292,9.00000094679749));
#3773=CARTESIAN_POINT('Ctrl Pts',(-23.8819850483562,-5.00221442010821,9.00000013411045));
#3774=CARTESIAN_POINT('Ctrl Pts',(-23.8817573255737,-5.00216623498345,9.00000013411045));
#3775=CARTESIAN_POINT('',(-23.8610561216397,-5.00000007450581,9.00000013411045));
#3776=CARTESIAN_POINT('Origin',(-23.8610561216397,-5.10000007450581,9.00000013411045));
#3777=CARTESIAN_POINT('',(-23.8610561216397,-5.00000007450581,3.00000004470348));
#3778=CARTESIAN_POINT('',(-23.8610561216397,-5.00000007450581,0.));
#3779=CARTESIAN_POINT('Origin',(-23.8610561216397,-5.10000007450581,3.00000004470348));
#3780=CARTESIAN_POINT('Origin',(0.,0.,9.10000013411045));
#3781=CARTESIAN_POINT('Origin',(0.,0.,9.00000013411045));
#3782=CARTESIAN_POINT('Origin',(-23.8610561216397,5.10000007450581,0.));
#3783=CARTESIAN_POINT('',(-23.8610561216397,5.00000007450581,3.00000004470348));
#3784=CARTESIAN_POINT('Origin',(-23.8610561216397,5.10000007450581,3.00000004470348));
#3785=CARTESIAN_POINT('',(-23.8610561216397,5.00000007450581,9.00000013411045));
#3786=CARTESIAN_POINT('',(-23.8610561216397,5.00000007450581,0.));
#3787=CARTESIAN_POINT('Origin',(-23.8610561216397,5.10000007450581,9.00000013411045));
#3788=CARTESIAN_POINT('Origin',(-46.,5.00000007450581,3.00000004470348));
#3789=CARTESIAN_POINT('',(-14.2482889248364,5.00000007450581,3.00000004470348));
#3790=CARTESIAN_POINT('',(-46.,5.00000007450581,3.00000004470348));
#3791=CARTESIAN_POINT('',(-14.2482889248364,5.00000007450581,3.7));
#3792=CARTESIAN_POINT('',(-14.2482889248364,5.00000007450581,0.));
#3793=CARTESIAN_POINT('',(-7.4833147237666,5.00000007450581,3.7));
#3794=CARTESIAN_POINT('',(-23.,5.00000007450581,3.7));
#3795=CARTESIAN_POINT('',(-7.4833147237666,5.00000007450581,7.00000010430813));
#3796=CARTESIAN_POINT('',(-7.4833147237666,5.00000007450581,7.));
#3797=CARTESIAN_POINT('',(-16.05,5.00000007450581,7.));
#3798=CARTESIAN_POINT('',(-23.,5.00000007450581,7.));
#3799=CARTESIAN_POINT('',(-16.05,5.00000007450581,9.00000013411045));
#3800=CARTESIAN_POINT('',(-16.05,5.00000007450581,5.00000002235174));
#3801=CARTESIAN_POINT('',(-24.,5.00000007450581,9.00000013411045));
#3802=CARTESIAN_POINT('Origin',(-46.,-5.00000007450581,3.00000004470348));
#3803=CARTESIAN_POINT('',(-14.2482889248364,-5.00000007450581,3.00000004470348));
#3804=CARTESIAN_POINT('',(-46.,-5.00000007450581,3.00000004470348));
#3805=CARTESIAN_POINT('',(-15.1001237753429,-1.84923182482025E-15,3.00000004470348));
#3806=CARTESIAN_POINT('Origin',(0.,0.,3.00000004470348));
#3807=CARTESIAN_POINT('Origin',(0.,0.,3.00000004470348));
#3808=CARTESIAN_POINT('Origin',(-46.,-5.00000007450581,7.00000010430813));
#3809=CARTESIAN_POINT('',(-16.05,-5.00000007450581,9.00000013411045));
#3810=CARTESIAN_POINT('',(-24.,-5.00000007450581,9.00000013411045));
#3811=CARTESIAN_POINT('',(-16.05,-5.00000007450581,7.));
#3812=CARTESIAN_POINT('',(-16.05,-5.00000007450581,7.00000005215407));
#3813=CARTESIAN_POINT('',(-7.4833147237666,-5.00000007450581,7.00000010430813));
#3814=CARTESIAN_POINT('',(-23.,-5.00000007450581,7.));
#3815=CARTESIAN_POINT('',(-7.4833147237666,-5.00000007450581,3.7));
#3816=CARTESIAN_POINT('',(-7.4833147237666,-5.00000007450581,7.));
#3817=CARTESIAN_POINT('',(-14.2482889248364,-5.00000007450581,3.7));
#3818=CARTESIAN_POINT('',(-23.,-5.00000007450581,3.7));
#3819=CARTESIAN_POINT('',(-14.2482889248364,-5.00000007450581,0.));
#3820=CARTESIAN_POINT('Origin',(0.,0.,24.));
#3821=CARTESIAN_POINT('',(16.8701037341209,16.36,25.));
#3822=CARTESIAN_POINT('Ctrl Pts',(18.2373353316761,16.36,24.));
#3823=CARTESIAN_POINT('Ctrl Pts',(18.2373353316761,16.36,24.1115548629672));
#3824=CARTESIAN_POINT('Ctrl Pts',(18.2054135920715,16.36,24.2415589570218));
#3825=CARTESIAN_POINT('Ctrl Pts',(18.0990047732615,16.36,24.4589422321193));
#3826=CARTESIAN_POINT('Ctrl Pts',(17.9987167229341,16.36,24.5791768830724));
#3827=CARTESIAN_POINT('Ctrl Pts',(17.7770870323631,16.36,24.7640184647882));
#3828=CARTESIAN_POINT('Ctrl Pts',(17.6093901780441,16.36,24.8527874217485));
#3829=CARTESIAN_POINT('Ctrl Pts',(17.2818245581061,16.36,24.9656350127655));
#3830=CARTESIAN_POINT('Ctrl Pts',(17.0584440665251,16.36,25.));
#3831=CARTESIAN_POINT('Ctrl Pts',(16.8701037341209,16.36,25.));
#3832=CARTESIAN_POINT('',(16.8701037341209,-16.36,25.));
#3833=CARTESIAN_POINT('Origin',(0.,0.,25.));
#3834=CARTESIAN_POINT('Ctrl Pts',(16.8701037341209,-16.36,25.));
#3835=CARTESIAN_POINT('Ctrl Pts',(17.0584440665251,-16.36,25.));
#3836=CARTESIAN_POINT('Ctrl Pts',(17.2818245581061,-16.36,24.9656350127655));
#3837=CARTESIAN_POINT('Ctrl Pts',(17.6093901780441,-16.36,24.8527874217485));
#3838=CARTESIAN_POINT('Ctrl Pts',(17.7770870323631,-16.36,24.7640184647882));
#3839=CARTESIAN_POINT('Ctrl Pts',(17.9987167229341,-16.36,24.5791768830724));
#3840=CARTESIAN_POINT('Ctrl Pts',(18.0990047732615,-16.36,24.4589422321193));
#3841=CARTESIAN_POINT('Ctrl Pts',(18.2054135920715,-16.36,24.2415589570218));
#3842=CARTESIAN_POINT('Ctrl Pts',(18.2373353316761,-16.36,24.1115548629672));
#3843=CARTESIAN_POINT('Ctrl Pts',(18.2373353316761,-16.36,24.));
#3844=CARTESIAN_POINT('Origin',(-18.2373353316761,-16.36,7.));
#3845=CARTESIAN_POINT('',(-16.8701037341209,-16.36,25.));
#3846=CARTESIAN_POINT('',(24.5,-16.36,25.));
#3847=CARTESIAN_POINT('Ctrl Pts',(-18.2373353316761,-16.36,24.));
#3848=CARTESIAN_POINT('Ctrl Pts',(-18.2373353316761,-16.36,24.1115548629672));
#3849=CARTESIAN_POINT('Ctrl Pts',(-18.2054135920715,-16.36,24.2415589570218));
#3850=CARTESIAN_POINT('Ctrl Pts',(-18.0990047732615,-16.36,24.4589422321193));
#3851=CARTESIAN_POINT('Ctrl Pts',(-17.9987167229341,-16.36,24.5791768830724));
#3852=CARTESIAN_POINT('Ctrl Pts',(-17.7770870323631,-16.36,24.7640184647882));
#3853=CARTESIAN_POINT('Ctrl Pts',(-17.6093901780441,-16.36,24.8527874217485));
#3854=CARTESIAN_POINT('Ctrl Pts',(-17.2818245581061,-16.36,24.9656350127655));
#3855=CARTESIAN_POINT('Ctrl Pts',(-17.0584440665251,-16.36,25.));
#3856=CARTESIAN_POINT('Ctrl Pts',(-16.8701037341209,-16.36,25.));
#3857=CARTESIAN_POINT('',(-16.8701037341209,-16.36,7.));
#3858=CARTESIAN_POINT('Ctrl Pts',(-18.2373353316761,-16.36,6.));
#3859=CARTESIAN_POINT('Ctrl Pts',(-18.2373353316761,-16.36,6.11155486296719));
#3860=CARTESIAN_POINT('Ctrl Pts',(-18.2054135920715,-16.36,6.24155895702182));
#3861=CARTESIAN_POINT('Ctrl Pts',(-18.0990047732615,-16.36,6.45894223211927));
#3862=CARTESIAN_POINT('Ctrl Pts',(-17.9987167229341,-16.36,6.57917688307244));
#3863=CARTESIAN_POINT('Ctrl Pts',(-17.7770870323631,-16.36,6.76401846478825));
#3864=CARTESIAN_POINT('Ctrl Pts',(-17.6093901780441,-16.36,6.85278742174847));
#3865=CARTESIAN_POINT('Ctrl Pts',(-17.2818245581061,-16.36,6.96563501276553));
#3866=CARTESIAN_POINT('Ctrl Pts',(-17.0584440665251,-16.36,7.));
#3867=CARTESIAN_POINT('Ctrl Pts',(-16.8701037341209,-16.36,7.));
#3868=CARTESIAN_POINT('',(16.8701037341209,-16.36,7.));
#3869=CARTESIAN_POINT('',(-9.11866766583803,-16.36,7.));
#3870=CARTESIAN_POINT('Ctrl Pts',(16.8701037341209,-16.36,7.));
#3871=CARTESIAN_POINT('Ctrl Pts',(17.0584440665251,-16.36,7.));
#3872=CARTESIAN_POINT('Ctrl Pts',(17.2818245581061,-16.36,6.96563501276553));
#3873=CARTESIAN_POINT('Ctrl Pts',(17.6093901780441,-16.36,6.85278742174847));
#3874=CARTESIAN_POINT('Ctrl Pts',(17.7770870323631,-16.36,6.76401846478825));
#3875=CARTESIAN_POINT('Ctrl Pts',(17.9987167229341,-16.36,6.57917688307244));
#3876=CARTESIAN_POINT('Ctrl Pts',(18.0990047732615,-16.36,6.45894223211927));
#3877=CARTESIAN_POINT('Ctrl Pts',(18.2054135920715,-16.36,6.24155895702182));
#3878=CARTESIAN_POINT('Ctrl Pts',(18.2373353316761,-16.36,6.11155486296719));
#3879=CARTESIAN_POINT('Ctrl Pts',(18.2373353316761,-16.36,6.));
#3880=CARTESIAN_POINT('',(9.49999982118607,-16.36,11.0000003129244));
#3881=CARTESIAN_POINT('Origin',(10.9999998211861,-16.36,11.0000003129244));
#3882=CARTESIAN_POINT('',(9.49999982118607,-16.36,16.0000003129244));
#3883=CARTESIAN_POINT('Origin',(10.9999998211861,-16.36,16.0000003129244));
#3884=CARTESIAN_POINT('',(4.89999982118607,-16.36,11.0000003129244));
#3885=CARTESIAN_POINT('Origin',(6.39999982118607,-16.36,11.0000003129244));
#3886=CARTESIAN_POINT('',(4.89999982118607,-16.36,16.0000003129244));
#3887=CARTESIAN_POINT('Origin',(6.39999982118607,-16.36,16.0000003129244));
#3888=CARTESIAN_POINT('',(0.29999982118607,-16.36,11.0000003129244));
#3889=CARTESIAN_POINT('Origin',(1.79999982118607,-16.36,11.0000003129244));
#3890=CARTESIAN_POINT('',(0.29999982118607,-16.36,16.0000003129244));
#3891=CARTESIAN_POINT('Origin',(1.79999982118607,-16.36,16.0000003129244));
#3892=CARTESIAN_POINT('',(-4.30000017881393,-16.36,11.0000003129244));
#3893=CARTESIAN_POINT('Origin',(-2.80000017881393,-16.36,11.0000003129244));
#3894=CARTESIAN_POINT('',(-4.30000017881393,-16.36,16.0000003129244));
#3895=CARTESIAN_POINT('Origin',(-2.80000017881393,-16.36,16.0000003129244));
#3896=CARTESIAN_POINT('',(-8.90000017881393,-16.36,11.0000003129244));
#3897=CARTESIAN_POINT('Origin',(-7.40000017881393,-16.36,11.0000003129244));
#3898=CARTESIAN_POINT('',(-8.90000017881393,-16.36,16.0000003129244));
#3899=CARTESIAN_POINT('Origin',(-7.40000017881393,-16.36,16.0000003129244));
#3900=CARTESIAN_POINT('',(-13.5000001788139,-16.36,11.0000003129244));
#3901=CARTESIAN_POINT('Origin',(-12.0000001788139,-16.36,11.0000003129244));
#3902=CARTESIAN_POINT('',(-13.5000001788139,-16.36,16.0000003129244));
#3903=CARTESIAN_POINT('Origin',(-12.0000001788139,-16.36,16.0000003129244));
#3904=CARTESIAN_POINT('',(9.49999982118607,-16.36,21.0000003129244));
#3905=CARTESIAN_POINT('Origin',(10.9999998211861,-16.36,21.0000003129244));
#3906=CARTESIAN_POINT('',(4.89999982118607,-16.36,21.0000003129244));
#3907=CARTESIAN_POINT('Origin',(6.39999982118607,-16.36,21.0000003129244));
#3908=CARTESIAN_POINT('',(0.29999982118607,-16.36,21.0000003129244));
#3909=CARTESIAN_POINT('Origin',(1.79999982118607,-16.36,21.0000003129244));
#3910=CARTESIAN_POINT('',(-4.30000017881393,-16.36,21.0000003129244));
#3911=CARTESIAN_POINT('Origin',(-2.80000017881393,-16.36,21.0000003129244));
#3912=CARTESIAN_POINT('',(-8.90000017881393,-16.36,21.0000003129244));
#3913=CARTESIAN_POINT('Origin',(-7.40000017881393,-16.36,21.0000003129244));
#3914=CARTESIAN_POINT('',(-13.5000001788139,-16.36,21.0000003129244));
#3915=CARTESIAN_POINT('Origin',(-12.0000001788139,-16.36,21.0000003129244));
#3916=CARTESIAN_POINT('Origin',(0.,0.,24.));
#3917=CARTESIAN_POINT('',(-16.8701037341209,16.36,25.));
#3918=CARTESIAN_POINT('Origin',(0.,0.,25.));
#3919=CARTESIAN_POINT('Ctrl Pts',(-16.8701037341209,16.36,25.));
#3920=CARTESIAN_POINT('Ctrl Pts',(-17.0584440665251,16.36,25.));
#3921=CARTESIAN_POINT('Ctrl Pts',(-17.2818245581061,16.36,24.9656350127655));
#3922=CARTESIAN_POINT('Ctrl Pts',(-17.6093901780441,16.36,24.8527874217485));
#3923=CARTESIAN_POINT('Ctrl Pts',(-17.7770870323631,16.36,24.7640184647882));
#3924=CARTESIAN_POINT('Ctrl Pts',(-17.9987167229341,16.36,24.5791768830724));
#3925=CARTESIAN_POINT('Ctrl Pts',(-18.0990047732615,16.36,24.4589422321193));
#3926=CARTESIAN_POINT('Ctrl Pts',(-18.2054135920715,16.36,24.2415589570218));
#3927=CARTESIAN_POINT('Ctrl Pts',(-18.2373353316761,16.36,24.1115548629672));
#3928=CARTESIAN_POINT('Ctrl Pts',(-18.2373353316761,16.36,24.));
#3929=CARTESIAN_POINT('Origin',(0.,0.,6.));
#3930=CARTESIAN_POINT('Origin',(0.,0.,7.));
#3931=CARTESIAN_POINT('Origin',(0.,0.,6.));
#3932=CARTESIAN_POINT('',(16.8701037341209,16.36,7.));
#3933=CARTESIAN_POINT('Ctrl Pts',(18.2373353316761,16.36,6.));
#3934=CARTESIAN_POINT('Ctrl Pts',(18.2373353316761,16.36,6.11155486296719));
#3935=CARTESIAN_POINT('Ctrl Pts',(18.2054135920715,16.36,6.24155895702182));
#3936=CARTESIAN_POINT('Ctrl Pts',(18.0990047732615,16.36,6.45894223211927));
#3937=CARTESIAN_POINT('Ctrl Pts',(17.9987167229341,16.36,6.57917688307244));
#3938=CARTESIAN_POINT('Ctrl Pts',(17.7770870323631,16.36,6.76401846478825));
#3939=CARTESIAN_POINT('Ctrl Pts',(17.6093901780441,16.36,6.85278742174847));
#3940=CARTESIAN_POINT('Ctrl Pts',(17.2818245581061,16.36,6.96563501276553));
#3941=CARTESIAN_POINT('Ctrl Pts',(17.0584440665251,16.36,7.));
#3942=CARTESIAN_POINT('Ctrl Pts',(16.8701037341209,16.36,7.));
#3943=CARTESIAN_POINT('',(-16.8701037341209,16.36,7.));
#3944=CARTESIAN_POINT('Ctrl Pts',(-16.8701037341209,16.36,7.));
#3945=CARTESIAN_POINT('Ctrl Pts',(-17.0584440665251,16.36,7.));
#3946=CARTESIAN_POINT('Ctrl Pts',(-17.2818245581061,16.36,6.96563501276553));
#3947=CARTESIAN_POINT('Ctrl Pts',(-17.6093901780441,16.36,6.85278742174847));
#3948=CARTESIAN_POINT('Ctrl Pts',(-17.7770870323631,16.36,6.76401846478825));
#3949=CARTESIAN_POINT('Ctrl Pts',(-17.9987167229341,16.36,6.57917688307244));
#3950=CARTESIAN_POINT('Ctrl Pts',(-18.0990047732615,16.36,6.45894223211927));
#3951=CARTESIAN_POINT('Ctrl Pts',(-18.2054135920715,16.36,6.24155895702182));
#3952=CARTESIAN_POINT('Ctrl Pts',(-18.2373353316761,16.36,6.11155486296719));
#3953=CARTESIAN_POINT('Ctrl Pts',(-18.2373353316761,16.36,6.));
#3954=CARTESIAN_POINT('Origin',(0.,0.,7.));
#3955=CARTESIAN_POINT('Origin',(-24.,5.00000007450581,9.00000013411045));
#3956=CARTESIAN_POINT('',(-16.05,-3.6799999627471,9.00000013411045));
#3957=CARTESIAN_POINT('Origin',(-16.05,-12.36,7.));
#3958=CARTESIAN_POINT('',(-16.05,12.41,7.));
#3959=CARTESIAN_POINT('',(-16.05,-6.18,7.));
#3960=CARTESIAN_POINT('',(-16.05,12.41,25.));
#3961=CARTESIAN_POINT('',(-16.05,12.41,7.));
#3962=CARTESIAN_POINT('',(-16.05,10.,25.));
#3963=CARTESIAN_POINT('',(-16.05,-6.18,25.));
#3964=CARTESIAN_POINT('',(-16.05,10.,11.));
#3965=CARTESIAN_POINT('',(-16.05,10.,16.));
#3966=CARTESIAN_POINT('',(-16.05,-10.,11.));
#3967=CARTESIAN_POINT('',(-16.05,-6.18,11.));
#3968=CARTESIAN_POINT('',(-16.05,-10.,25.));
#3969=CARTESIAN_POINT('',(-16.05,-10.,16.));
#3970=CARTESIAN_POINT('',(-16.05,-12.41,25.));
#3971=CARTESIAN_POINT('',(-16.05,-6.18,25.));
#3972=CARTESIAN_POINT('',(-16.05,-12.41,7.));
#3973=CARTESIAN_POINT('',(-16.05,-12.41,7.));
#3974=CARTESIAN_POINT('',(-16.05,-6.18,7.));
#3975=CARTESIAN_POINT('',(-16.05,-11.5,9.36000010430813));
#3976=CARTESIAN_POINT('Origin',(-16.05,-10.25,9.36000010430813));
#3977=CARTESIAN_POINT('',(-16.05,9.,9.36000010430813));
#3978=CARTESIAN_POINT('Origin',(-16.05,10.25,9.36000010430813));
#3979=CARTESIAN_POINT('Origin',(23.5,-10.25,13.1100001043081));
#3980=CARTESIAN_POINT('',(18.,-12.25,13.1100001043081));
#3981=CARTESIAN_POINT('',(23.5,-12.25,13.1100001043081));
#3982=CARTESIAN_POINT('Origin',(18.,-10.25,13.1100001043081));
#3983=CARTESIAN_POINT('Origin',(18.,-10.25,13.1100001043081));
#3984=CARTESIAN_POINT('',(18.,-11.5,13.1100001043081));
#3985=CARTESIAN_POINT('Origin',(18.,-10.25,13.1100001043081));
#3986=CARTESIAN_POINT('Origin',(23.5,10.25,13.1100001043081));
#3987=CARTESIAN_POINT('',(18.,8.25,13.1100001043081));
#3988=CARTESIAN_POINT('',(23.5,8.25,13.1100001043081));
#3989=CARTESIAN_POINT('Origin',(18.,10.25,13.1100001043081));
#3990=CARTESIAN_POINT('Origin',(18.,10.25,13.1100001043081));
#3991=CARTESIAN_POINT('',(18.,9.,13.1100001043081));
#3992=CARTESIAN_POINT('Origin',(18.,10.25,13.1100001043081));
#3993=CARTESIAN_POINT('Origin',(23.5,-10.25,13.1100001043081));
#3994=CARTESIAN_POINT('',(16.05,-11.5,13.1100001043081));
#3995=CARTESIAN_POINT('',(23.5,-11.5,13.1100001043081));
#3996=CARTESIAN_POINT('Origin',(16.05,-10.25,13.1100001043081));
#3997=CARTESIAN_POINT('Origin',(23.5,10.25,13.1100001043081));
#3998=CARTESIAN_POINT('',(16.05,9.,13.1100001043081));
#3999=CARTESIAN_POINT('',(23.5,9.,13.1100001043081));
#4000=CARTESIAN_POINT('Origin',(16.05,10.25,13.1100001043081));
#4001=CARTESIAN_POINT('Origin',(-18.,10.25,9.36000010430813));
#4002=CARTESIAN_POINT('',(-18.,10.,11.3443135876066));
#4003=CARTESIAN_POINT('',(-18.,10.,11.));
#4004=CARTESIAN_POINT('',(-18.,10.,25.));
#4005=CARTESIAN_POINT('',(-18.,8.25,9.36000010430813));
#4006=CARTESIAN_POINT('Origin',(-18.,10.25,9.36000010430813));
#4007=CARTESIAN_POINT('',(-18.,9.10527280886202,11.));
#4008=CARTESIAN_POINT('Origin',(-18.,10.25,9.36000010430813));
#4009=CARTESIAN_POINT('',(-18.,-10.,11.));
#4010=CARTESIAN_POINT('',(-18.,9.,9.36000010430813));
#4011=CARTESIAN_POINT('Origin',(-18.,10.25,9.36000010430813));
#4012=CARTESIAN_POINT('Origin',(-24.,10.25,9.36000010430813));
#4013=CARTESIAN_POINT('',(-24.,8.25,9.36000010430813));
#4014=CARTESIAN_POINT('Origin',(-18.,10.25,9.36000010430813));
#4015=CARTESIAN_POINT('Origin',(-18.,-10.25,9.36000010430813));
#4016=CARTESIAN_POINT('',(-18.,-10.,11.));
#4017=CARTESIAN_POINT('',(-18.,-9.10527280886202,11.));
#4018=CARTESIAN_POINT('',(-18.,-10.,11.));
#4019=CARTESIAN_POINT('',(-18.,-12.25,9.36000010430813));
#4020=CARTESIAN_POINT('Origin',(-18.,-10.25,9.36000010430813));
#4021=CARTESIAN_POINT('',(-18.,-10.,11.3443135876066));
#4022=CARTESIAN_POINT('Origin',(-18.,-10.25,9.36000010430813));
#4023=CARTESIAN_POINT('',(-18.,-10.,25.));
#4024=CARTESIAN_POINT('',(-18.,-11.5,9.36000010430813));
#4025=CARTESIAN_POINT('Origin',(-18.,-10.25,9.36000010430813));
#4026=CARTESIAN_POINT('Origin',(-24.,-10.25,9.36000010430813));
#4027=CARTESIAN_POINT('',(-24.,-12.25,9.36000010430813));
#4028=CARTESIAN_POINT('Origin',(-18.,-10.25,9.36000010430813));
#4029=CARTESIAN_POINT('Origin',(-16.,10.25,9.36000010430813));
#4030=CARTESIAN_POINT('',(-16.,9.,9.36000010430813));
#4031=CARTESIAN_POINT('Origin',(-16.,-10.25,9.36000010430813));
#4032=CARTESIAN_POINT('',(-16.,-11.5,9.36000010430813));
#4033=CARTESIAN_POINT('Origin',(8.48528137423857,8.48528137423857,7.));
#4034=CARTESIAN_POINT('',(10.4852813742386,8.48528137423857,7.));
#4035=CARTESIAN_POINT('Origin',(8.48528137423857,8.48528137423857,7.));
#4036=CARTESIAN_POINT('',(10.4852813742386,8.48528137423857,5.));
#4037=CARTESIAN_POINT('',(10.4852813742386,8.48528137423857,7.));
#4038=CARTESIAN_POINT('Origin',(8.48528137423857,8.48528137423857,5.));
#4039=CARTESIAN_POINT('Origin',(8.48528137423857,8.48528137423857,5.));
#4040=CARTESIAN_POINT('',(9.73528137423857,8.48528137423857,5.));
#4041=CARTESIAN_POINT('Origin',(8.48528137423857,8.48528137423857,5.));
#4042=CARTESIAN_POINT('Origin',(0.,-12.0000001788139,5.));
#4043=CARTESIAN_POINT('',(1.96733325309821,-11.6400003576279,5.));
#4044=CARTESIAN_POINT('Origin',(0.,-12.0000001788139,5.));
#4045=CARTESIAN_POINT('',(1.25,-12.0000001788139,5.));
#4046=CARTESIAN_POINT('Origin',(0.,-12.0000001788139,5.));
#4047=CARTESIAN_POINT('Origin',(12.0000001788139,0.,7.));
#4048=CARTESIAN_POINT('',(14.0000001788139,2.44929359829471E-16,7.));
#4049=CARTESIAN_POINT('Origin',(12.0000001788139,0.,7.));
#4050=CARTESIAN_POINT('',(14.0000001788139,2.44929359829471E-16,5.));
#4051=CARTESIAN_POINT('',(14.0000001788139,-2.44929359829471E-16,7.));
#4052=CARTESIAN_POINT('Origin',(12.0000001788139,0.,5.));
#4053=CARTESIAN_POINT('Origin',(12.0000001788139,0.,5.));
#4054=CARTESIAN_POINT('',(13.2500001788139,1.53080849893419E-16,5.));
#4055=CARTESIAN_POINT('Origin',(12.0000001788139,0.,5.));
#4056=CARTESIAN_POINT('Origin',(0.,12.0000001788139,5.));
#4057=CARTESIAN_POINT('',(-1.96733325309821,11.6400003576279,5.));
#4058=CARTESIAN_POINT('Origin',(0.,12.0000001788139,5.));
#4059=CARTESIAN_POINT('',(1.25,12.0000001788139,5.));
#4060=CARTESIAN_POINT('Origin',(0.,12.0000001788139,5.));
#4061=CARTESIAN_POINT('Origin',(-8.48528137423857,-8.48528137423857,7.));
#4062=CARTESIAN_POINT('',(-6.48528137423857,-8.48528137423857,7.));
#4063=CARTESIAN_POINT('Origin',(-8.48528137423857,-8.48528137423857,7.));
#4064=CARTESIAN_POINT('',(-6.48528137423857,-8.48528137423857,5.));
#4065=CARTESIAN_POINT('',(-6.48528137423857,-8.48528137423857,7.));
#4066=CARTESIAN_POINT('Origin',(-8.48528137423857,-8.48528137423857,5.));
#4067=CARTESIAN_POINT('Origin',(-8.48528137423857,-8.48528137423857,5.));
#4068=CARTESIAN_POINT('',(-7.23528137423857,-8.48528137423857,5.));
#4069=CARTESIAN_POINT('Origin',(-8.48528137423857,-8.48528137423857,5.));
#4070=CARTESIAN_POINT('Origin',(8.77624441943005,-8.18398032074998,7.));
#4071=CARTESIAN_POINT('',(10.77624441943,-8.18398032074998,7.));
#4072=CARTESIAN_POINT('Origin',(8.77624441943005,-8.18398032074998,7.));
#4073=CARTESIAN_POINT('',(10.77624441943,-8.18398032074998,5.));
#4074=CARTESIAN_POINT('',(10.77624441943,-8.18398032074998,7.));
#4075=CARTESIAN_POINT('Origin',(8.77624441943005,-8.18398032074998,5.));
#4076=CARTESIAN_POINT('Origin',(8.77624441943005,-8.18398032074998,5.));
#4077=CARTESIAN_POINT('',(10.02624441943,-8.18398032074998,5.));
#4078=CARTESIAN_POINT('Origin',(8.77624441943005,-8.18398032074998,5.));
#4079=CARTESIAN_POINT('Origin',(-8.48528137423857,8.48528137423857,7.));
#4080=CARTESIAN_POINT('',(-6.48528137423857,8.48528137423857,7.));
#4081=CARTESIAN_POINT('Origin',(-8.48528137423857,8.48528137423857,7.));
#4082=CARTESIAN_POINT('',(-6.48528137423857,8.48528137423857,5.));
#4083=CARTESIAN_POINT('',(-6.48528137423857,8.48528137423857,7.));
#4084=CARTESIAN_POINT('Origin',(-8.48528137423857,8.48528137423857,5.));
#4085=CARTESIAN_POINT('Origin',(-8.48528137423857,8.48528137423857,5.));
#4086=CARTESIAN_POINT('',(-7.23528137423857,8.48528137423857,5.));
#4087=CARTESIAN_POINT('Origin',(-8.48528137423857,8.48528137423857,5.));
#4088=CARTESIAN_POINT('Origin',(0.,0.,7.));
#4089=CARTESIAN_POINT('',(-1.95752398366595,-12.41,7.));
#4090=CARTESIAN_POINT('',(1.96733325309821,-11.6400003576279,7.));
#4091=CARTESIAN_POINT('Origin',(0.,-12.0000001788139,7.));
#4092=CARTESIAN_POINT('',(1.95752398366595,-12.41,7.));
#4093=CARTESIAN_POINT('Origin',(0.,-12.0000001788139,7.));
#4094=CARTESIAN_POINT('',(16.05,-12.41,7.));
#4095=CARTESIAN_POINT('',(8.,-12.41,7.));
#4096=CARTESIAN_POINT('',(16.05,-7.5,7.));
#4097=CARTESIAN_POINT('',(16.05,6.18,7.));
#4098=CARTESIAN_POINT('',(18.,-7.5,7.));
#4099=CARTESIAN_POINT('',(18.,-7.5,7.));
#4100=CARTESIAN_POINT('',(18.,7.5,7.));
#4101=CARTESIAN_POINT('',(18.,7.5,7.));
#4102=CARTESIAN_POINT('',(16.05,7.5,7.));
#4103=CARTESIAN_POINT('',(14.,7.5,7.));
#4104=CARTESIAN_POINT('',(16.05,12.41,7.));
#4105=CARTESIAN_POINT('',(16.05,6.18,7.));
#4106=CARTESIAN_POINT('',(1.95752398366595,12.41,7.));
#4107=CARTESIAN_POINT('',(-8.,12.41,7.));
#4108=CARTESIAN_POINT('',(-1.96733325309821,11.6400003576279,7.));
#4109=CARTESIAN_POINT('Origin',(0.,12.0000001788139,7.));
#4110=CARTESIAN_POINT('',(-1.95752398366595,12.41,7.));
#4111=CARTESIAN_POINT('Origin',(0.,12.0000001788139,7.));
#4112=CARTESIAN_POINT('',(-8.,12.41,7.));
#4113=CARTESIAN_POINT('Origin',(0.,0.,7.));
#4114=CARTESIAN_POINT('',(8.,-12.41,7.));
#4115=CARTESIAN_POINT('Origin',(-8.48528137423857,8.48528137423857,7.));
#4116=CARTESIAN_POINT('',(-7.23528137423857,8.48528137423857,3.7));
#4117=CARTESIAN_POINT('',(-7.23528137423857,8.48528137423857,7.));
#4118=CARTESIAN_POINT('Origin',(-8.48528137423857,8.48528137423857,3.7));
#4119=CARTESIAN_POINT('Origin',(0.,-12.0000001788139,7.));
#4120=CARTESIAN_POINT('',(1.25,-12.0000001788139,3.7));
#4121=CARTESIAN_POINT('',(1.25,-12.0000001788139,7.));
#4122=CARTESIAN_POINT('Origin',(0.,-12.0000001788139,3.7));
#4123=CARTESIAN_POINT('Origin',(12.0000001788139,0.,7.));
#4124=CARTESIAN_POINT('',(13.2500001788139,1.53080849893419E-16,3.7));
#4125=CARTESIAN_POINT('',(13.2500001788139,-1.53080849893419E-16,7.));
#4126=CARTESIAN_POINT('Origin',(12.0000001788139,0.,3.7));
#4127=CARTESIAN_POINT('Origin',(8.48528137423857,8.48528137423857,7.));
#4128=CARTESIAN_POINT('',(9.73528137423857,8.48528137423857,3.7));
#4129=CARTESIAN_POINT('',(9.73528137423857,8.48528137423857,7.));
#4130=CARTESIAN_POINT('Origin',(8.48528137423857,8.48528137423857,3.7));
#4131=CARTESIAN_POINT('Origin',(8.77624441943005,-8.18398032074998,7.));
#4132=CARTESIAN_POINT('',(10.02624441943,-8.18398032074998,3.7));
#4133=CARTESIAN_POINT('',(10.02624441943,-8.18398032074998,7.));
#4134=CARTESIAN_POINT('Origin',(8.77624441943005,-8.18398032074998,3.7));
#4135=CARTESIAN_POINT('Origin',(-8.48528137423857,-8.48528137423857,7.));
#4136=CARTESIAN_POINT('',(-7.23528137423857,-8.48528137423857,3.7));
#4137=CARTESIAN_POINT('',(-7.23528137423857,-8.48528137423857,7.));
#4138=CARTESIAN_POINT('Origin',(-8.48528137423857,-8.48528137423857,3.7));
#4139=CARTESIAN_POINT('Origin',(0.,12.0000001788139,7.));
#4140=CARTESIAN_POINT('',(1.25,12.0000001788139,3.7));
#4141=CARTESIAN_POINT('',(1.25,12.0000001788139,7.));
#4142=CARTESIAN_POINT('Origin',(0.,12.0000001788139,3.7));
#4143=CARTESIAN_POINT('Origin',(0.,-12.0000001788139,25.));
#4144=CARTESIAN_POINT('',(-1.95752398366595,-12.41,22.2410618990711));
#4145=CARTESIAN_POINT('',(-1.95752398366595,-12.41,19.7589387267777));
#4146=CARTESIAN_POINT('Ctrl Pts',(-1.95752398366595,-12.41,22.2410618990711));
#4147=CARTESIAN_POINT('Ctrl Pts',(-1.95449103538074,-12.4244806624362,22.2390030272472));
#4148=CARTESIAN_POINT('Ctrl Pts',(-1.9512994747035,-12.4389173468829,22.2368202754494));
#4149=CARTESIAN_POINT('Ctrl Pts',(-1.91288648437099,-12.6039902086072,22.2103081305415));
#4150=CARTESIAN_POINT('Ctrl Pts',(-1.85984322092903,-12.74785718199,22.171463488441));
#4151=CARTESIAN_POINT('Ctrl Pts',(-1.73870193842171,-12.9987216479416,22.0633075305392));
#4152=CARTESIAN_POINT('Ctrl Pts',(-1.65166561285726,-13.1338537479526,21.9728556742255));
#4153=CARTESIAN_POINT('Ctrl Pts',(-1.5057389978872,-13.3219188531168,21.7689111622669));
#4154=CARTESIAN_POINT('Ctrl Pts',(-1.43084149688648,-13.3992032086812,21.6334635283039));
#4155=CARTESIAN_POINT('Ctrl Pts',(-1.32765893284517,-13.4974634016241,21.3287627258765));
#4156=CARTESIAN_POINT('Ctrl Pts',(-1.30000017881393,-13.5198684412248,21.1597604066644));
#4157=CARTESIAN_POINT('Ctrl Pts',(-1.30000017881393,-13.5198684412248,20.8402402191844));
#4158=CARTESIAN_POINT('Ctrl Pts',(-1.32765893284518,-13.4974634016241,20.6712378999723));
#4159=CARTESIAN_POINT('Ctrl Pts',(-1.43084149688649,-13.3992032086812,20.3665370975449));
#4160=CARTESIAN_POINT('Ctrl Pts',(-1.5057389978872,-13.3219188531168,20.2310894635819));
#4161=CARTESIAN_POINT('Ctrl Pts',(-1.65166561285726,-13.1338537479526,20.0271449516233));
#4162=CARTESIAN_POINT('Ctrl Pts',(-1.73870193842171,-12.9987216479416,19.9366930953095));
#4163=CARTESIAN_POINT('Ctrl Pts',(-1.85984322092903,-12.74785718199,19.8285371374078));
#4164=CARTESIAN_POINT('Ctrl Pts',(-1.91288648437099,-12.6039902086072,19.7896924953073));
#4165=CARTESIAN_POINT('Ctrl Pts',(-1.9512994747035,-12.4389173468829,19.7631803503994));
#4166=CARTESIAN_POINT('Ctrl Pts',(-1.95449103538074,-12.4244806624362,19.7609975986015));
#4167=CARTESIAN_POINT('Ctrl Pts',(-1.95752398366595,-12.41,19.7589387267777));
#4168=CARTESIAN_POINT('',(-1.95752398366595,-12.41,25.));
#4169=CARTESIAN_POINT('',(-1.95752398366595,-12.41,25.));
#4170=CARTESIAN_POINT('',(1.95752398366595,-12.41,25.));
#4171=CARTESIAN_POINT('Origin',(0.,-12.0000001788139,25.));
#4172=CARTESIAN_POINT('',(1.95752398366595,-12.41,22.4917060943153));
#4173=CARTESIAN_POINT('',(1.95752398366595,-12.41,25.));
#4174=CARTESIAN_POINT('',(0.29999982118607,-13.9773721992715,21.0000003129244));
#4175=CARTESIAN_POINT('Ctrl Pts',(0.29999982118607,-13.9773721992715,21.0000003129244));
#4176=CARTESIAN_POINT('Ctrl Pts',(0.29999982118607,-13.9773721992715,21.2376572375616));
#4177=CARTESIAN_POINT('Ctrl Pts',(0.360034993157267,-13.9708198500157,21.4857142972798));
#4178=CARTESIAN_POINT('Ctrl Pts',(0.530953941916707,-13.9291262605896,21.8089353384619));
#4179=CARTESIAN_POINT('Ctrl Pts',(0.600956058144249,-13.9094328192155,21.9089707978725));
#4180=CARTESIAN_POINT('Ctrl Pts',(0.758035543416803,-13.8526339161929,22.0854929152805));
#4181=CARTESIAN_POINT('Ctrl Pts',(0.845126343478265,-13.8154658967145,22.1619474853208));
#4182=CARTESIAN_POINT('Ctrl Pts',(1.10316648637939,-13.6791458565788,22.3443300230837));
#4183=CARTESIAN_POINT('Ctrl Pts',(1.31086461555159,-13.5268174753023,22.426540415316));
#4184=CARTESIAN_POINT('Ctrl Pts',(1.6248491974942,-13.1901327313734,22.4990093962573));
#4185=CARTESIAN_POINT('Ctrl Pts',(1.7662705986876,-12.9723247493279,22.502555367483));
#4186=CARTESIAN_POINT('Ctrl Pts',(1.90175673261218,-12.6294434538656,22.4971267213655));
#4187=CARTESIAN_POINT('Ctrl Pts',(1.93445935074069,-12.5201209556507,22.4941417200464));
#4188=CARTESIAN_POINT('Ctrl Pts',(1.95752398366595,-12.41,22.4917060943153));
#4189=CARTESIAN_POINT('',(1.95752398366595,-12.41,19.5082945315335));
#4190=CARTESIAN_POINT('Ctrl Pts',(1.95752398366595,-12.41,19.5082945315335));
#4191=CARTESIAN_POINT('Ctrl Pts',(1.93445935074069,-12.5201209556507,19.5058589058023));
#4192=CARTESIAN_POINT('Ctrl Pts',(1.90175673261218,-12.6294434538656,19.5028739044832));
#4193=CARTESIAN_POINT('Ctrl Pts',(1.76627059868761,-12.9723247493279,19.4974452583658));
#4194=CARTESIAN_POINT('Ctrl Pts',(1.6248491974942,-13.1901327313734,19.5009912295914));
#4195=CARTESIAN_POINT('Ctrl Pts',(1.31086461555159,-13.5268174753023,19.5734602105328));
#4196=CARTESIAN_POINT('Ctrl Pts',(1.10316648637939,-13.6791458565788,19.6556706027651));
#4197=CARTESIAN_POINT('Ctrl Pts',(0.845126343478266,-13.8154658967145,19.8380531405279));
#4198=CARTESIAN_POINT('Ctrl Pts',(0.7580355434168,-13.8526339161929,19.9145077105683));
#4199=CARTESIAN_POINT('Ctrl Pts',(0.600956058144243,-13.9094328192155,20.0910298279763));
#4200=CARTESIAN_POINT('Ctrl Pts',(0.530953941916703,-13.9291262605896,20.1910652873868));
#4201=CARTESIAN_POINT('Ctrl Pts',(0.360034993157266,-13.9708198500157,20.5142863285689));
#4202=CARTESIAN_POINT('Ctrl Pts',(0.29999982118607,-13.9773721992715,20.7623433882872));
#4203=CARTESIAN_POINT('Ctrl Pts',(0.29999982118607,-13.9773721992715,21.0000003129244));
#4204=CARTESIAN_POINT('',(1.95752398366595,-12.41,17.4917060943153));
#4205=CARTESIAN_POINT('',(1.95752398366595,-12.41,25.));
#4206=CARTESIAN_POINT('',(0.29999982118607,-13.9773721992715,16.0000003129244));
#4207=CARTESIAN_POINT('Ctrl Pts',(0.29999982118607,-13.9773721992715,16.0000003129244));
#4208=CARTESIAN_POINT('Ctrl Pts',(0.29999982118607,-13.9773721992715,16.2376572375616));
#4209=CARTESIAN_POINT('Ctrl Pts',(0.360034993157268,-13.9708198500157,16.4857142972798));
#4210=CARTESIAN_POINT('Ctrl Pts',(0.530953941916706,-13.9291262605896,16.8089353384619));
#4211=CARTESIAN_POINT('Ctrl Pts',(0.600956058144247,-13.9094328192155,16.9089707978725));
#4212=CARTESIAN_POINT('Ctrl Pts',(0.758035543416801,-13.8526339161929,17.0854929152805));
#4213=CARTESIAN_POINT('Ctrl Pts',(0.845126343478265,-13.8154658967145,17.1619474853208));
#4214=CARTESIAN_POINT('Ctrl Pts',(1.10316648637939,-13.6791458565788,17.3443300230837));
#4215=CARTESIAN_POINT('Ctrl Pts',(1.31086461555159,-13.5268174753023,17.426540415316));
#4216=CARTESIAN_POINT('Ctrl Pts',(1.6248491974942,-13.1901327313734,17.4990093962573));
#4217=CARTESIAN_POINT('Ctrl Pts',(1.76627059868761,-12.9723247493279,17.502555367483));
#4218=CARTESIAN_POINT('Ctrl Pts',(1.90175673261218,-12.6294434538656,17.4971267213655));
#4219=CARTESIAN_POINT('Ctrl Pts',(1.93445935074069,-12.5201209556507,17.4941417200464));
#4220=CARTESIAN_POINT('Ctrl Pts',(1.95752398366595,-12.41,17.4917060943153));
#4221=CARTESIAN_POINT('',(1.95752398366595,-12.41,14.5082945315335));
#4222=CARTESIAN_POINT('Ctrl Pts',(1.95752398366595,-12.41,14.5082945315335));
#4223=CARTESIAN_POINT('Ctrl Pts',(1.93445935074069,-12.5201209556507,14.5058589058023));
#4224=CARTESIAN_POINT('Ctrl Pts',(1.90175673261218,-12.6294434538656,14.5028739044832));
#4225=CARTESIAN_POINT('Ctrl Pts',(1.7662705986876,-12.9723247493279,14.4974452583658));
#4226=CARTESIAN_POINT('Ctrl Pts',(1.6248491974942,-13.1901327313734,14.5009912295914));
#4227=CARTESIAN_POINT('Ctrl Pts',(1.31086461555159,-13.5268174753023,14.5734602105328));
#4228=CARTESIAN_POINT('Ctrl Pts',(1.10316648637939,-13.6791458565788,14.6556706027651));
#4229=CARTESIAN_POINT('Ctrl Pts',(0.845126343478265,-13.8154658967145,14.8380531405279));
#4230=CARTESIAN_POINT('Ctrl Pts',(0.758035543416801,-13.8526339161929,14.9145077105683));
#4231=CARTESIAN_POINT('Ctrl Pts',(0.600956058144246,-13.9094328192155,15.0910298279763));
#4232=CARTESIAN_POINT('Ctrl Pts',(0.530953941916706,-13.9291262605896,15.1910652873868));
#4233=CARTESIAN_POINT('Ctrl Pts',(0.360034993157268,-13.9708198500157,15.5142863285689));
#4234=CARTESIAN_POINT('Ctrl Pts',(0.29999982118607,-13.9773721992715,15.7623433882872));
#4235=CARTESIAN_POINT('Ctrl Pts',(0.29999982118607,-13.9773721992715,16.0000003129244));
#4236=CARTESIAN_POINT('',(1.95752398366595,-12.41,12.4917060943153));
#4237=CARTESIAN_POINT('',(1.95752398366595,-12.41,25.));
#4238=CARTESIAN_POINT('',(0.29999982118607,-13.9773721992715,11.0000003129244));
#4239=CARTESIAN_POINT('Ctrl Pts',(0.29999982118607,-13.9773721992715,11.0000003129244));
#4240=CARTESIAN_POINT('Ctrl Pts',(0.29999982118607,-13.9773721992715,11.2376572375616));
#4241=CARTESIAN_POINT('Ctrl Pts',(0.360034993157268,-13.9708198500157,11.4857142972798));
#4242=CARTESIAN_POINT('Ctrl Pts',(0.530953941916706,-13.9291262605896,11.8089353384619));
#4243=CARTESIAN_POINT('Ctrl Pts',(0.600956058144247,-13.9094328192155,11.9089707978725));
#4244=CARTESIAN_POINT('Ctrl Pts',(0.758035543416801,-13.8526339161929,12.0854929152805));
#4245=CARTESIAN_POINT('Ctrl Pts',(0.845126343478265,-13.8154658967145,12.1619474853208));
#4246=CARTESIAN_POINT('Ctrl Pts',(1.10316648637939,-13.6791458565788,12.3443300230837));
#4247=CARTESIAN_POINT('Ctrl Pts',(1.31086461555159,-13.5268174753023,12.426540415316));
#4248=CARTESIAN_POINT('Ctrl Pts',(1.6248491974942,-13.1901327313734,12.4990093962573));
#4249=CARTESIAN_POINT('Ctrl Pts',(1.76627059868761,-12.9723247493279,12.502555367483));
#4250=CARTESIAN_POINT('Ctrl Pts',(1.90175673261218,-12.6294434538656,12.4971267213655));
#4251=CARTESIAN_POINT('Ctrl Pts',(1.93445935074069,-12.5201209556507,12.4941417200464));
#4252=CARTESIAN_POINT('Ctrl Pts',(1.95752398366595,-12.41,12.4917060943153));
#4253=CARTESIAN_POINT('',(1.95752398366595,-12.41,9.50829453153349));
#4254=CARTESIAN_POINT('Ctrl Pts',(1.95752398366595,-12.41,9.50829453153349));
#4255=CARTESIAN_POINT('Ctrl Pts',(1.93445935074069,-12.5201209556507,9.50585890580235));
#4256=CARTESIAN_POINT('Ctrl Pts',(1.90175673261218,-12.6294434538656,9.50287390448324));
#4257=CARTESIAN_POINT('Ctrl Pts',(1.76627059868761,-12.9723247493279,9.4974452583658));
#4258=CARTESIAN_POINT('Ctrl Pts',(1.6248491974942,-13.1901327313734,9.50099122959142));
#4259=CARTESIAN_POINT('Ctrl Pts',(1.31086461555159,-13.5268174753023,9.57346021053281));
#4260=CARTESIAN_POINT('Ctrl Pts',(1.10316648637939,-13.6791458565788,9.65567060276508));
#4261=CARTESIAN_POINT('Ctrl Pts',(0.845126343478265,-13.8154658967145,9.83805314052793));
#4262=CARTESIAN_POINT('Ctrl Pts',(0.758035543416801,-13.8526339161929,9.91450771056826));
#4263=CARTESIAN_POINT('Ctrl Pts',(0.600956058144246,-13.9094328192155,10.0910298279763));
#4264=CARTESIAN_POINT('Ctrl Pts',(0.530953941916706,-13.9291262605896,10.1910652873868));
#4265=CARTESIAN_POINT('Ctrl Pts',(0.360034993157268,-13.9708198500157,10.5142863285689));
#4266=CARTESIAN_POINT('Ctrl Pts',(0.29999982118607,-13.9773721992715,10.7623433882872));
#4267=CARTESIAN_POINT('Ctrl Pts',(0.29999982118607,-13.9773721992715,11.0000003129244));
#4268=CARTESIAN_POINT('',(1.95752398366595,-12.41,25.));
#4269=CARTESIAN_POINT('',(1.96733325309821,-11.6400003576279,25.));
#4270=CARTESIAN_POINT('',(-1.95752398366595,-12.41,9.75893872677768));
#4271=CARTESIAN_POINT('',(-1.95752398366595,-12.41,25.));
#4272=CARTESIAN_POINT('',(-1.95752398366595,-12.41,12.2410618990711));
#4273=CARTESIAN_POINT('Ctrl Pts',(-1.95752398366595,-12.41,12.2410618990711));
#4274=CARTESIAN_POINT('Ctrl Pts',(-1.95449103538074,-12.4244806624362,12.2390030272472));
#4275=CARTESIAN_POINT('Ctrl Pts',(-1.9512994747035,-12.4389173468829,12.2368202754494));
#4276=CARTESIAN_POINT('Ctrl Pts',(-1.91288648437099,-12.6039902086072,12.2103081305415));
#4277=CARTESIAN_POINT('Ctrl Pts',(-1.85984322092903,-12.74785718199,12.171463488441));
#4278=CARTESIAN_POINT('Ctrl Pts',(-1.73870193842171,-12.9987216479416,12.0633075305392));
#4279=CARTESIAN_POINT('Ctrl Pts',(-1.65166561285726,-13.1338537479526,11.9728556742255));
#4280=CARTESIAN_POINT('Ctrl Pts',(-1.5057389978872,-13.3219188531168,11.7689111622669));
#4281=CARTESIAN_POINT('Ctrl Pts',(-1.43084149688648,-13.3992032086812,11.6334635283039));
#4282=CARTESIAN_POINT('Ctrl Pts',(-1.32765893284518,-13.4974634016241,11.3287627258765));
#4283=CARTESIAN_POINT('Ctrl Pts',(-1.30000017881393,-13.5198684412248,11.1597604066644));
#4284=CARTESIAN_POINT('Ctrl Pts',(-1.30000017881393,-13.5198684412248,10.8402402191844));
#4285=CARTESIAN_POINT('Ctrl Pts',(-1.32765893284518,-13.4974634016241,10.6712378999723));
#4286=CARTESIAN_POINT('Ctrl Pts',(-1.43084149688649,-13.3992032086812,10.3665370975449));
#4287=CARTESIAN_POINT('Ctrl Pts',(-1.5057389978872,-13.3219188531168,10.2310894635819));
#4288=CARTESIAN_POINT('Ctrl Pts',(-1.65166561285726,-13.1338537479526,10.0271449516233));
#4289=CARTESIAN_POINT('Ctrl Pts',(-1.73870193842171,-12.9987216479416,9.93669309530955));
#4290=CARTESIAN_POINT('Ctrl Pts',(-1.85984322092903,-12.74785718199,9.8285371374078));
#4291=CARTESIAN_POINT('Ctrl Pts',(-1.91288648437099,-12.6039902086072,9.78969249530731));
#4292=CARTESIAN_POINT('Ctrl Pts',(-1.9512994747035,-12.4389173468829,9.76318035039939));
#4293=CARTESIAN_POINT('Ctrl Pts',(-1.95449103538074,-12.4244806624362,9.76099759860155));
#4294=CARTESIAN_POINT('Ctrl Pts',(-1.95752398366595,-12.41,9.75893872677768));
#4295=CARTESIAN_POINT('',(-1.95752398366595,-12.41,14.7589387267777));
#4296=CARTESIAN_POINT('',(-1.95752398366595,-12.41,25.));
#4297=CARTESIAN_POINT('',(-1.95752398366595,-12.41,17.2410618990711));
#4298=CARTESIAN_POINT('Ctrl Pts',(-1.95752398366595,-12.41,17.2410618990711));
#4299=CARTESIAN_POINT('Ctrl Pts',(-1.95449103538074,-12.4244806624362,17.2390030272472));
#4300=CARTESIAN_POINT('Ctrl Pts',(-1.9512994747035,-12.4389173468829,17.2368202754494));
#4301=CARTESIAN_POINT('Ctrl Pts',(-1.91288648437099,-12.6039902086072,17.2103081305415));
#4302=CARTESIAN_POINT('Ctrl Pts',(-1.85984322092903,-12.74785718199,17.171463488441));
#4303=CARTESIAN_POINT('Ctrl Pts',(-1.73870193842171,-12.9987216479416,17.0633075305392));
#4304=CARTESIAN_POINT('Ctrl Pts',(-1.65166561285726,-13.1338537479526,16.9728556742255));
#4305=CARTESIAN_POINT('Ctrl Pts',(-1.5057389978872,-13.3219188531168,16.7689111622669));
#4306=CARTESIAN_POINT('Ctrl Pts',(-1.43084149688648,-13.3992032086812,16.6334635283039));
#4307=CARTESIAN_POINT('Ctrl Pts',(-1.32765893284518,-13.4974634016241,16.3287627258765));
#4308=CARTESIAN_POINT('Ctrl Pts',(-1.30000017881393,-13.5198684412248,16.1597604066644));
#4309=CARTESIAN_POINT('Ctrl Pts',(-1.30000017881393,-13.5198684412248,15.8402402191844));
#4310=CARTESIAN_POINT('Ctrl Pts',(-1.32765893284518,-13.4974634016241,15.6712378999723));
#4311=CARTESIAN_POINT('Ctrl Pts',(-1.43084149688649,-13.3992032086812,15.3665370975449));
#4312=CARTESIAN_POINT('Ctrl Pts',(-1.5057389978872,-13.3219188531168,15.2310894635819));
#4313=CARTESIAN_POINT('Ctrl Pts',(-1.65166561285726,-13.1338537479526,15.0271449516233));
#4314=CARTESIAN_POINT('Ctrl Pts',(-1.73870193842171,-12.9987216479416,14.9366930953095));
#4315=CARTESIAN_POINT('Ctrl Pts',(-1.85984322092903,-12.74785718199,14.8285371374078));
#4316=CARTESIAN_POINT('Ctrl Pts',(-1.91288648437099,-12.6039902086072,14.7896924953073));
#4317=CARTESIAN_POINT('Ctrl Pts',(-1.9512994747035,-12.4389173468829,14.7631803503994));
#4318=CARTESIAN_POINT('Ctrl Pts',(-1.95449103538074,-12.4244806624362,14.7609975986015));
#4319=CARTESIAN_POINT('Ctrl Pts',(-1.95752398366595,-12.41,14.7589387267777));
#4320=CARTESIAN_POINT('',(-1.95752398366595,-12.41,25.));
#4321=CARTESIAN_POINT('Origin',(0.,12.0000001788139,25.));
#4322=CARTESIAN_POINT('',(-1.95752398366595,12.41,19.7589387267777));
#4323=CARTESIAN_POINT('',(-1.95752398366595,12.41,22.2410618990711));
#4324=CARTESIAN_POINT('Ctrl Pts',(-1.95752398366595,12.41,19.7589387267777));
#4325=CARTESIAN_POINT('Ctrl Pts',(-1.95449103538074,12.4244806624362,19.7609975986015));
#4326=CARTESIAN_POINT('Ctrl Pts',(-1.9512994747035,12.4389173468829,19.7631803503994));
#4327=CARTESIAN_POINT('Ctrl Pts',(-1.91288648437099,12.6039902086072,19.7896924953073));
#4328=CARTESIAN_POINT('Ctrl Pts',(-1.85984322092903,12.74785718199,19.8285371374078));
#4329=CARTESIAN_POINT('Ctrl Pts',(-1.73870193842171,12.9987216479416,19.9366930953096));
#4330=CARTESIAN_POINT('Ctrl Pts',(-1.65166561285726,13.1338537479526,20.0271449516233));
#4331=CARTESIAN_POINT('Ctrl Pts',(-1.5057389978872,13.3219188531168,20.2310894635819));
#4332=CARTESIAN_POINT('Ctrl Pts',(-1.43084149688649,13.3992032086812,20.3665370975449));
#4333=CARTESIAN_POINT('Ctrl Pts',(-1.32765893284518,13.4974634016241,20.6712378999723));
#4334=CARTESIAN_POINT('Ctrl Pts',(-1.30000017881393,13.5198684412248,20.8402402191844));
#4335=CARTESIAN_POINT('Ctrl Pts',(-1.30000017881393,13.5198684412248,21.0000003129244));
#4336=CARTESIAN_POINT('Ctrl Pts',(-1.30000017881393,13.5198684412248,21.1597604066644));
#4337=CARTESIAN_POINT('Ctrl Pts',(-1.32765893284518,13.4974634016241,21.3287627258765));
#4338=CARTESIAN_POINT('Ctrl Pts',(-1.43084149688649,13.3992032086812,21.6334635283039));
#4339=CARTESIAN_POINT('Ctrl Pts',(-1.5057389978872,13.3219188531168,21.7689111622669));
#4340=CARTESIAN_POINT('Ctrl Pts',(-1.65166561285726,13.1338537479526,21.9728556742255));
#4341=CARTESIAN_POINT('Ctrl Pts',(-1.73870193842171,12.9987216479416,22.0633075305392));
#4342=CARTESIAN_POINT('Ctrl Pts',(-1.85984322092903,12.74785718199,22.171463488441));
#4343=CARTESIAN_POINT('Ctrl Pts',(-1.91288648437099,12.6039902086072,22.2103081305415));
#4344=CARTESIAN_POINT('Ctrl Pts',(-1.9512994747035,12.4389173468829,22.2368202754494));
#4345=CARTESIAN_POINT('Ctrl Pts',(-1.95449103538074,12.4244806624362,22.2390030272472));
#4346=CARTESIAN_POINT('Ctrl Pts',(-1.95752398366595,12.41,22.2410618990711));
#4347=CARTESIAN_POINT('',(-1.95752398366595,12.41,17.2410618990711));
#4348=CARTESIAN_POINT('',(-1.95752398366595,12.41,25.));
#4349=CARTESIAN_POINT('',(-1.95752398366595,12.41,14.7589387267777));
#4350=CARTESIAN_POINT('Ctrl Pts',(-1.95752398366595,12.41,14.7589387267777));
#4351=CARTESIAN_POINT('Ctrl Pts',(-1.95449103538075,12.4244806624362,14.7609975986015));
#4352=CARTESIAN_POINT('Ctrl Pts',(-1.9512994747035,12.4389173468829,14.7631803503994));
#4353=CARTESIAN_POINT('Ctrl Pts',(-1.91288648437099,12.6039902086072,14.7896924953073));
#4354=CARTESIAN_POINT('Ctrl Pts',(-1.85984322092903,12.74785718199,14.8285371374078));
#4355=CARTESIAN_POINT('Ctrl Pts',(-1.73870193842171,12.9987216479416,14.9366930953096));
#4356=CARTESIAN_POINT('Ctrl Pts',(-1.65166561285726,13.1338537479526,15.0271449516233));
#4357=CARTESIAN_POINT('Ctrl Pts',(-1.5057389978872,13.3219188531168,15.2310894635819));
#4358=CARTESIAN_POINT('Ctrl Pts',(-1.43084149688648,13.3992032086812,15.3665370975449));
#4359=CARTESIAN_POINT('Ctrl Pts',(-1.32765893284518,13.4974634016241,15.6712378999723));
#4360=CARTESIAN_POINT('Ctrl Pts',(-1.30000017881393,13.5198684412248,15.8402402191844));
#4361=CARTESIAN_POINT('Ctrl Pts',(-1.30000017881393,13.5198684412248,16.0000003129244));
#4362=CARTESIAN_POINT('Ctrl Pts',(-1.30000017881393,13.5198684412248,16.1597604066644));
#4363=CARTESIAN_POINT('Ctrl Pts',(-1.32765893284518,13.4974634016241,16.3287627258765));
#4364=CARTESIAN_POINT('Ctrl Pts',(-1.43084149688648,13.3992032086812,16.6334635283039));
#4365=CARTESIAN_POINT('Ctrl Pts',(-1.5057389978872,13.3219188531168,16.7689111622669));
#4366=CARTESIAN_POINT('Ctrl Pts',(-1.65166561285726,13.1338537479526,16.9728556742255));
#4367=CARTESIAN_POINT('Ctrl Pts',(-1.73870193842171,12.9987216479416,17.0633075305392));
#4368=CARTESIAN_POINT('Ctrl Pts',(-1.85984322092903,12.74785718199,17.171463488441));
#4369=CARTESIAN_POINT('Ctrl Pts',(-1.91288648437099,12.6039902086072,17.2103081305415));
#4370=CARTESIAN_POINT('Ctrl Pts',(-1.9512994747035,12.4389173468829,17.2368202754494));
#4371=CARTESIAN_POINT('Ctrl Pts',(-1.95449103538074,12.4244806624362,17.2390030272472));
#4372=CARTESIAN_POINT('Ctrl Pts',(-1.95752398366595,12.41,17.2410618990711));
#4373=CARTESIAN_POINT('',(-1.95752398366595,12.41,12.2410618990711));
#4374=CARTESIAN_POINT('',(-1.95752398366595,12.41,25.));
#4375=CARTESIAN_POINT('',(-1.95752398366595,12.41,9.75893872677768));
#4376=CARTESIAN_POINT('Ctrl Pts',(-1.95752398366595,12.41,9.75893872677768));
#4377=CARTESIAN_POINT('Ctrl Pts',(-1.95449103538074,12.4244806624362,9.76099759860155));
#4378=CARTESIAN_POINT('Ctrl Pts',(-1.9512994747035,12.4389173468829,9.76318035039939));
#4379=CARTESIAN_POINT('Ctrl Pts',(-1.91288648437099,12.6039902086072,9.7896924953073));
#4380=CARTESIAN_POINT('Ctrl Pts',(-1.85984322092903,12.74785718199,9.8285371374078));
#4381=CARTESIAN_POINT('Ctrl Pts',(-1.73870193842171,12.9987216479416,9.93669309530955));
#4382=CARTESIAN_POINT('Ctrl Pts',(-1.65166561285726,13.1338537479526,10.0271449516233));
#4383=CARTESIAN_POINT('Ctrl Pts',(-1.5057389978872,13.3219188531168,10.2310894635819));
#4384=CARTESIAN_POINT('Ctrl Pts',(-1.43084149688648,13.3992032086812,10.3665370975449));
#4385=CARTESIAN_POINT('Ctrl Pts',(-1.32765893284518,13.4974634016241,10.6712378999723));
#4386=CARTESIAN_POINT('Ctrl Pts',(-1.30000017881393,13.5198684412248,10.8402402191844));
#4387=CARTESIAN_POINT('Ctrl Pts',(-1.30000017881393,13.5198684412248,11.0000003129244));
#4388=CARTESIAN_POINT('Ctrl Pts',(-1.30000017881393,13.5198684412248,11.1597604066644));
#4389=CARTESIAN_POINT('Ctrl Pts',(-1.32765893284518,13.4974634016241,11.3287627258765));
#4390=CARTESIAN_POINT('Ctrl Pts',(-1.43084149688648,13.3992032086812,11.6334635283039));
#4391=CARTESIAN_POINT('Ctrl Pts',(-1.5057389978872,13.3219188531168,11.7689111622669));
#4392=CARTESIAN_POINT('Ctrl Pts',(-1.65166561285726,13.1338537479526,11.9728556742255));
#4393=CARTESIAN_POINT('Ctrl Pts',(-1.73870193842171,12.9987216479416,12.0633075305392));
#4394=CARTESIAN_POINT('Ctrl Pts',(-1.85984322092903,12.74785718199,12.171463488441));
#4395=CARTESIAN_POINT('Ctrl Pts',(-1.91288648437099,12.6039902086072,12.2103081305415));
#4396=CARTESIAN_POINT('Ctrl Pts',(-1.9512994747035,12.4389173468829,12.2368202754494));
#4397=CARTESIAN_POINT('Ctrl Pts',(-1.95449103538074,12.4244806624362,12.2390030272472));
#4398=CARTESIAN_POINT('Ctrl Pts',(-1.95752398366595,12.41,12.2410618990711));
#4399=CARTESIAN_POINT('',(-1.95752398366595,12.41,25.));
#4400=CARTESIAN_POINT('',(-1.96733325309821,11.6400003576279,25.));
#4401=CARTESIAN_POINT('',(1.95752398366595,12.41,9.50829453153349));
#4402=CARTESIAN_POINT('',(1.95752398366595,12.41,25.));
#4403=CARTESIAN_POINT('',(0.29999982118607,13.9773721992715,11.0000003129244));
#4404=CARTESIAN_POINT('Ctrl Pts',(0.29999982118607,13.9773721992715,11.0000003129244));
#4405=CARTESIAN_POINT('Ctrl Pts',(0.29999982118607,13.9773721992715,10.7623433882872));
#4406=CARTESIAN_POINT('Ctrl Pts',(0.360034993157268,13.9708198500157,10.5142863285689));
#4407=CARTESIAN_POINT('Ctrl Pts',(0.530953941916707,13.9291262605896,10.1910652873868));
#4408=CARTESIAN_POINT('Ctrl Pts',(0.600956058144246,13.9094328192155,10.0910298279763));
#4409=CARTESIAN_POINT('Ctrl Pts',(0.758035543416802,13.8526339161929,9.91450771056826));
#4410=CARTESIAN_POINT('Ctrl Pts',(0.845126343478266,13.8154658967145,9.83805314052793));
#4411=CARTESIAN_POINT('Ctrl Pts',(1.10316648637939,13.6791458565788,9.65567060276508));
#4412=CARTESIAN_POINT('Ctrl Pts',(1.31086461555159,13.5268174753023,9.57346021053281));
#4413=CARTESIAN_POINT('Ctrl Pts',(1.62484919749421,13.1901327313734,9.50099122959142));
#4414=CARTESIAN_POINT('Ctrl Pts',(1.76627059868761,12.9723247493279,9.4974452583658));
#4415=CARTESIAN_POINT('Ctrl Pts',(1.90175673261218,12.6294434538656,9.50287390448324));
#4416=CARTESIAN_POINT('Ctrl Pts',(1.93445935074069,12.5201209556507,9.50585890580235));
#4417=CARTESIAN_POINT('Ctrl Pts',(1.95752398366595,12.41,9.50829453153349));
#4418=CARTESIAN_POINT('',(1.95752398366595,12.41,12.4917060943153));
#4419=CARTESIAN_POINT('Ctrl Pts',(1.95752398366595,12.41,12.4917060943153));
#4420=CARTESIAN_POINT('Ctrl Pts',(1.93445935074069,12.5201209556507,12.4941417200464));
#4421=CARTESIAN_POINT('Ctrl Pts',(1.90175673261218,12.6294434538656,12.4971267213655));
#4422=CARTESIAN_POINT('Ctrl Pts',(1.7662705986876,12.9723247493279,12.502555367483));
#4423=CARTESIAN_POINT('Ctrl Pts',(1.62484919749421,13.1901327313734,12.4990093962573));
#4424=CARTESIAN_POINT('Ctrl Pts',(1.31086461555159,13.5268174753023,12.426540415316));
#4425=CARTESIAN_POINT('Ctrl Pts',(1.10316648637939,13.6791458565788,12.3443300230837));
#4426=CARTESIAN_POINT('Ctrl Pts',(0.845126343478266,13.8154658967145,12.1619474853208));
#4427=CARTESIAN_POINT('Ctrl Pts',(0.758035543416803,13.8526339161929,12.0854929152805));
#4428=CARTESIAN_POINT('Ctrl Pts',(0.600956058144247,13.9094328192155,11.9089707978725));
#4429=CARTESIAN_POINT('Ctrl Pts',(0.530953941916707,13.9291262605896,11.8089353384619));
#4430=CARTESIAN_POINT('Ctrl Pts',(0.360034993157267,13.9708198500157,11.4857142972798));
#4431=CARTESIAN_POINT('Ctrl Pts',(0.29999982118607,13.9773721992715,11.2376572375616));
#4432=CARTESIAN_POINT('Ctrl Pts',(0.29999982118607,13.9773721992715,11.0000003129244));
#4433=CARTESIAN_POINT('',(1.95752398366595,12.41,14.5082945315335));
#4434=CARTESIAN_POINT('',(1.95752398366595,12.41,25.));
#4435=CARTESIAN_POINT('',(0.29999982118607,13.9773721992715,16.0000003129244));
#4436=CARTESIAN_POINT('Ctrl Pts',(0.29999982118607,13.9773721992715,16.0000003129244));
#4437=CARTESIAN_POINT('Ctrl Pts',(0.29999982118607,13.9773721992715,15.7623433882872));
#4438=CARTESIAN_POINT('Ctrl Pts',(0.360034993157267,13.9708198500157,15.5142863285689));
#4439=CARTESIAN_POINT('Ctrl Pts',(0.530953941916704,13.9291262605896,15.1910652873868));
#4440=CARTESIAN_POINT('Ctrl Pts',(0.600956058144246,13.9094328192155,15.0910298279763));
#4441=CARTESIAN_POINT('Ctrl Pts',(0.758035543416802,13.8526339161929,14.9145077105683));
#4442=CARTESIAN_POINT('Ctrl Pts',(0.845126343478266,13.8154658967145,14.8380531405279));
#4443=CARTESIAN_POINT('Ctrl Pts',(1.10316648637939,13.6791458565788,14.6556706027651));
#4444=CARTESIAN_POINT('Ctrl Pts',(1.31086461555159,13.5268174753023,14.5734602105328));
#4445=CARTESIAN_POINT('Ctrl Pts',(1.62484919749421,13.1901327313734,14.5009912295914));
#4446=CARTESIAN_POINT('Ctrl Pts',(1.76627059868761,12.9723247493279,14.4974452583658));
#4447=CARTESIAN_POINT('Ctrl Pts',(1.90175673261218,12.6294434538656,14.5028739044832));
#4448=CARTESIAN_POINT('Ctrl Pts',(1.93445935074069,12.5201209556507,14.5058589058023));
#4449=CARTESIAN_POINT('Ctrl Pts',(1.95752398366595,12.41,14.5082945315335));
#4450=CARTESIAN_POINT('',(1.95752398366595,12.41,17.4917060943153));
#4451=CARTESIAN_POINT('Ctrl Pts',(1.95752398366595,12.41,17.4917060943153));
#4452=CARTESIAN_POINT('Ctrl Pts',(1.93445935074069,12.5201209556507,17.4941417200464));
#4453=CARTESIAN_POINT('Ctrl Pts',(1.90175673261218,12.6294434538656,17.4971267213655));
#4454=CARTESIAN_POINT('Ctrl Pts',(1.7662705986876,12.9723247493279,17.502555367483));
#4455=CARTESIAN_POINT('Ctrl Pts',(1.62484919749421,13.1901327313734,17.4990093962573));
#4456=CARTESIAN_POINT('Ctrl Pts',(1.31086461555159,13.5268174753023,17.426540415316));
#4457=CARTESIAN_POINT('Ctrl Pts',(1.10316648637939,13.6791458565788,17.3443300230837));
#4458=CARTESIAN_POINT('Ctrl Pts',(0.845126343478266,13.8154658967145,17.1619474853208));
#4459=CARTESIAN_POINT('Ctrl Pts',(0.758035543416802,13.8526339161929,17.0854929152805));
#4460=CARTESIAN_POINT('Ctrl Pts',(0.600956058144247,13.9094328192155,16.9089707978725));
#4461=CARTESIAN_POINT('Ctrl Pts',(0.530953941916707,13.9291262605896,16.8089353384619));
#4462=CARTESIAN_POINT('Ctrl Pts',(0.360034993157267,13.9708198500157,16.4857142972798));
#4463=CARTESIAN_POINT('Ctrl Pts',(0.29999982118607,13.9773721992715,16.2376572375616));
#4464=CARTESIAN_POINT('Ctrl Pts',(0.29999982118607,13.9773721992715,16.0000003129244));
#4465=CARTESIAN_POINT('',(1.95752398366595,12.41,19.5082945315335));
#4466=CARTESIAN_POINT('',(1.95752398366595,12.41,25.));
#4467=CARTESIAN_POINT('',(0.29999982118607,13.9773721992715,21.0000003129244));
#4468=CARTESIAN_POINT('Ctrl Pts',(0.29999982118607,13.9773721992715,21.0000003129244));
#4469=CARTESIAN_POINT('Ctrl Pts',(0.29999982118607,13.9773721992715,20.7623433882872));
#4470=CARTESIAN_POINT('Ctrl Pts',(0.360034993157267,13.9708198500157,20.5142863285689));
#4471=CARTESIAN_POINT('Ctrl Pts',(0.530953941916707,13.9291262605896,20.1910652873868));
#4472=CARTESIAN_POINT('Ctrl Pts',(0.600956058144249,13.9094328192155,20.0910298279763));
#4473=CARTESIAN_POINT('Ctrl Pts',(0.758035543416805,13.8526339161929,19.9145077105683));
#4474=CARTESIAN_POINT('Ctrl Pts',(0.845126343478267,13.8154658967145,19.8380531405279));
#4475=CARTESIAN_POINT('Ctrl Pts',(1.10316648637939,13.6791458565788,19.6556706027651));
#4476=CARTESIAN_POINT('Ctrl Pts',(1.31086461555159,13.5268174753023,19.5734602105328));
#4477=CARTESIAN_POINT('Ctrl Pts',(1.62484919749421,13.1901327313734,19.5009912295914));
#4478=CARTESIAN_POINT('Ctrl Pts',(1.76627059868761,12.9723247493279,19.4974452583658));
#4479=CARTESIAN_POINT('Ctrl Pts',(1.90175673261218,12.6294434538656,19.5028739044832));
#4480=CARTESIAN_POINT('Ctrl Pts',(1.93445935074069,12.5201209556507,19.5058589058023));
#4481=CARTESIAN_POINT('Ctrl Pts',(1.95752398366595,12.41,19.5082945315335));
#4482=CARTESIAN_POINT('',(1.95752398366595,12.41,22.4917060943153));
#4483=CARTESIAN_POINT('Ctrl Pts',(1.95752398366595,12.41,22.4917060943153));
#4484=CARTESIAN_POINT('Ctrl Pts',(1.93445935074069,12.5201209556507,22.4941417200464));
#4485=CARTESIAN_POINT('Ctrl Pts',(1.90175673261218,12.6294434538656,22.4971267213655));
#4486=CARTESIAN_POINT('Ctrl Pts',(1.7662705986876,12.9723247493279,22.502555367483));
#4487=CARTESIAN_POINT('Ctrl Pts',(1.62484919749421,13.1901327313734,22.4990093962573));
#4488=CARTESIAN_POINT('Ctrl Pts',(1.31086461555159,13.5268174753023,22.426540415316));
#4489=CARTESIAN_POINT('Ctrl Pts',(1.10316648637939,13.6791458565788,22.3443300230837));
#4490=CARTESIAN_POINT('Ctrl Pts',(0.845126343478267,13.8154658967145,22.1619474853208));
#4491=CARTESIAN_POINT('Ctrl Pts',(0.758035543416805,13.8526339161929,22.0854929152805));
#4492=CARTESIAN_POINT('Ctrl Pts',(0.600956058144249,13.9094328192155,21.9089707978725));
#4493=CARTESIAN_POINT('Ctrl Pts',(0.530953941916707,13.9291262605896,21.8089353384619));
#4494=CARTESIAN_POINT('Ctrl Pts',(0.360034993157267,13.9708198500157,21.4857142972798));
#4495=CARTESIAN_POINT('Ctrl Pts',(0.29999982118607,13.9773721992715,21.2376572375616));
#4496=CARTESIAN_POINT('Ctrl Pts',(0.29999982118607,13.9773721992715,21.0000003129244));
#4497=CARTESIAN_POINT('',(1.95752398366595,12.41,25.));
#4498=CARTESIAN_POINT('',(1.95752398366595,12.41,25.));
#4499=CARTESIAN_POINT('',(-1.95752398366595,12.41,25.));
#4500=CARTESIAN_POINT('Origin',(0.,12.0000001788139,25.));
#4501=CARTESIAN_POINT('',(-1.95752398366595,12.41,25.));
#4502=CARTESIAN_POINT('Origin',(-2.80000017881393,-16.36,16.0000003129244));
#4503=CARTESIAN_POINT('',(-4.30000017881393,-12.41,16.0000003129244));
#4504=CARTESIAN_POINT('',(-4.30000017881393,-16.36,16.0000003129244));
#4505=CARTESIAN_POINT('Origin',(-2.80000017881393,-12.41,16.0000003129244));
#4506=CARTESIAN_POINT('Origin',(-2.80000017881393,-12.41,16.0000003129244));
#4507=CARTESIAN_POINT('Origin',(-2.80000017881393,-16.36,11.0000003129244));
#4508=CARTESIAN_POINT('',(-4.30000017881393,-12.41,11.0000003129244));
#4509=CARTESIAN_POINT('',(-4.30000017881393,-16.36,11.0000003129244));
#4510=CARTESIAN_POINT('Origin',(-2.80000017881393,-12.41,11.0000003129244));
#4511=CARTESIAN_POINT('Origin',(-2.80000017881393,-12.41,11.0000003129244));
#4512=CARTESIAN_POINT('Origin',(16.,-12.41,7.));
#4513=CARTESIAN_POINT('',(16.05,-12.41,25.));
#4514=CARTESIAN_POINT('',(8.,-12.41,25.));
#4515=CARTESIAN_POINT('',(16.05,-12.41,7.));
#4516=CARTESIAN_POINT('Origin',(1.79999982118607,-12.41,11.0000003129244));
#4517=CARTESIAN_POINT('Origin',(1.79999982118607,-12.41,16.0000003129244));
#4518=CARTESIAN_POINT('Origin',(1.79999982118607,-12.41,21.0000003129244));
#4519=CARTESIAN_POINT('',(9.49999982118607,-12.41,11.0000003129244));
#4520=CARTESIAN_POINT('Origin',(10.9999998211861,-12.41,11.0000003129244));
#4521=CARTESIAN_POINT('',(9.49999982118607,-12.41,16.0000003129244));
#4522=CARTESIAN_POINT('Origin',(10.9999998211861,-12.41,16.0000003129244));
#4523=CARTESIAN_POINT('',(4.89999982118607,-12.41,11.0000003129244));
#4524=CARTESIAN_POINT('Origin',(6.39999982118607,-12.41,11.0000003129244));
#4525=CARTESIAN_POINT('',(4.89999982118607,-12.41,16.0000003129244));
#4526=CARTESIAN_POINT('Origin',(6.39999982118607,-12.41,16.0000003129244));
#4527=CARTESIAN_POINT('',(9.49999982118607,-12.41,21.0000003129244));
#4528=CARTESIAN_POINT('Origin',(10.9999998211861,-12.41,21.0000003129244));
#4529=CARTESIAN_POINT('',(4.89999982118607,-12.41,21.0000003129244));
#4530=CARTESIAN_POINT('Origin',(6.39999982118607,-12.41,21.0000003129244));
#4531=CARTESIAN_POINT('Origin',(16.,-12.41,7.));
#4532=CARTESIAN_POINT('',(8.,-12.41,25.));
#4533=CARTESIAN_POINT('',(-4.30000017881393,-12.41,21.0000003129244));
#4534=CARTESIAN_POINT('Origin',(-2.80000017881393,-12.41,21.0000003129244));
#4535=CARTESIAN_POINT('Origin',(-2.80000017881393,-12.41,21.0000003129244));
#4536=CARTESIAN_POINT('',(-13.5000001788139,-12.41,21.0000003129244));
#4537=CARTESIAN_POINT('Origin',(-12.0000001788139,-12.41,21.0000003129244));
#4538=CARTESIAN_POINT('',(-8.90000017881393,-12.41,21.0000003129244));
#4539=CARTESIAN_POINT('Origin',(-7.40000017881393,-12.41,21.0000003129244));
#4540=CARTESIAN_POINT('',(-13.5000001788139,-12.41,16.0000003129244));
#4541=CARTESIAN_POINT('Origin',(-12.0000001788139,-12.41,16.0000003129244));
#4542=CARTESIAN_POINT('',(-13.5000001788139,-12.41,11.0000003129244));
#4543=CARTESIAN_POINT('Origin',(-12.0000001788139,-12.41,11.0000003129244));
#4544=CARTESIAN_POINT('',(-8.90000017881393,-12.41,16.0000003129244));
#4545=CARTESIAN_POINT('Origin',(-7.40000017881393,-12.41,16.0000003129244));
#4546=CARTESIAN_POINT('',(-8.90000017881393,-12.41,11.0000003129244));
#4547=CARTESIAN_POINT('Origin',(-7.40000017881393,-12.41,11.0000003129244));
#4548=CARTESIAN_POINT('Origin',(1.79999982118607,-16.36,11.0000003129244));
#4549=CARTESIAN_POINT('',(0.29999982118607,-16.36,11.0000003129244));
#4550=CARTESIAN_POINT('Origin',(1.79999982118607,-16.36,21.0000003129244));
#4551=CARTESIAN_POINT('',(0.29999982118607,16.36,21.0000003129244));
#4552=CARTESIAN_POINT('',(0.29999982118607,-16.36,21.0000003129244));
#4553=CARTESIAN_POINT('Origin',(1.79999982118607,16.36,21.0000003129244));
#4554=CARTESIAN_POINT('Origin',(1.79999982118607,12.41,21.0000003129244));
#4555=CARTESIAN_POINT('Origin',(1.79999982118607,-16.36,16.0000003129244));
#4556=CARTESIAN_POINT('',(0.29999982118607,16.36,16.0000003129244));
#4557=CARTESIAN_POINT('',(0.29999982118607,-16.36,16.0000003129244));
#4558=CARTESIAN_POINT('Origin',(1.79999982118607,16.36,16.0000003129244));
#4559=CARTESIAN_POINT('Origin',(1.79999982118607,12.41,16.0000003129244));
#4560=CARTESIAN_POINT('Origin',(-16.,12.41,7.));
#4561=CARTESIAN_POINT('Origin',(1.79999982118607,12.41,11.0000003129244));
#4562=CARTESIAN_POINT('',(16.05,12.41,25.));
#4563=CARTESIAN_POINT('',(16.05,12.41,7.));
#4564=CARTESIAN_POINT('',(-8.,12.41,25.));
#4565=CARTESIAN_POINT('',(9.49999982118607,12.41,11.0000003129244));
#4566=CARTESIAN_POINT('Origin',(10.9999998211861,12.41,11.0000003129244));
#4567=CARTESIAN_POINT('',(9.49999982118607,12.41,16.0000003129244));
#4568=CARTESIAN_POINT('Origin',(10.9999998211861,12.41,16.0000003129244));
#4569=CARTESIAN_POINT('',(4.89999982118607,12.41,11.0000003129244));
#4570=CARTESIAN_POINT('Origin',(6.39999982118607,12.41,11.0000003129244));
#4571=CARTESIAN_POINT('',(4.89999982118607,12.41,16.0000003129244));
#4572=CARTESIAN_POINT('Origin',(6.39999982118607,12.41,16.0000003129244));
#4573=CARTESIAN_POINT('',(9.49999982118607,12.41,21.0000003129244));
#4574=CARTESIAN_POINT('Origin',(10.9999998211861,12.41,21.0000003129244));
#4575=CARTESIAN_POINT('',(4.89999982118607,12.41,21.0000003129244));
#4576=CARTESIAN_POINT('Origin',(6.39999982118607,12.41,21.0000003129244));
#4577=CARTESIAN_POINT('Origin',(-16.,12.41,7.));
#4578=CARTESIAN_POINT('',(-8.,12.41,25.));
#4579=CARTESIAN_POINT('',(-4.30000017881393,12.41,11.0000003129244));
#4580=CARTESIAN_POINT('Origin',(-2.80000017881393,12.41,11.0000003129244));
#4581=CARTESIAN_POINT('Origin',(-2.80000017881393,12.41,11.0000003129244));
#4582=CARTESIAN_POINT('',(-4.30000017881393,12.41,16.0000003129244));
#4583=CARTESIAN_POINT('Origin',(-2.80000017881393,12.41,16.0000003129244));
#4584=CARTESIAN_POINT('Origin',(-2.80000017881393,12.41,16.0000003129244));
#4585=CARTESIAN_POINT('',(-4.30000017881393,12.41,21.0000003129244));
#4586=CARTESIAN_POINT('Origin',(-2.80000017881393,12.41,21.0000003129244));
#4587=CARTESIAN_POINT('Origin',(-2.80000017881393,12.41,21.0000003129244));
#4588=CARTESIAN_POINT('',(-13.5000001788139,12.41,21.0000003129244));
#4589=CARTESIAN_POINT('Origin',(-12.0000001788139,12.41,21.0000003129244));
#4590=CARTESIAN_POINT('',(-8.90000017881393,12.41,21.0000003129244));
#4591=CARTESIAN_POINT('Origin',(-7.40000017881393,12.41,21.0000003129244));
#4592=CARTESIAN_POINT('',(-13.5000001788139,12.41,16.0000003129244));
#4593=CARTESIAN_POINT('Origin',(-12.0000001788139,12.41,16.0000003129244));
#4594=CARTESIAN_POINT('',(-13.5000001788139,12.41,11.0000003129244));
#4595=CARTESIAN_POINT('Origin',(-12.0000001788139,12.41,11.0000003129244));
#4596=CARTESIAN_POINT('',(-8.90000017881393,12.41,16.0000003129244));
#4597=CARTESIAN_POINT('Origin',(-7.40000017881393,12.41,16.0000003129244));
#4598=CARTESIAN_POINT('',(-8.90000017881393,12.41,11.0000003129244));
#4599=CARTESIAN_POINT('Origin',(-7.40000017881393,12.41,11.0000003129244));
#4600=CARTESIAN_POINT('Origin',(1.79999982118607,-16.36,11.0000003129244));
#4601=CARTESIAN_POINT('',(0.29999982118607,16.36,11.0000003129244));
#4602=CARTESIAN_POINT('',(0.29999982118607,-16.36,11.0000003129244));
#4603=CARTESIAN_POINT('Origin',(1.79999982118607,16.36,11.0000003129244));
#4604=CARTESIAN_POINT('Origin',(-12.0000001788139,-16.36,21.0000003129244));
#4605=CARTESIAN_POINT('',(-13.5000001788139,16.36,21.0000003129244));
#4606=CARTESIAN_POINT('',(-13.5000001788139,-16.36,21.0000003129244));
#4607=CARTESIAN_POINT('Origin',(-12.0000001788139,16.36,21.0000003129244));
#4608=CARTESIAN_POINT('Origin',(-12.0000001788139,-16.36,21.0000003129244));
#4609=CARTESIAN_POINT('',(-13.5000001788139,-16.36,21.0000003129244));
#4610=CARTESIAN_POINT('Origin',(0.,0.,0.));
#4611=CARTESIAN_POINT('',(-15.1001237753429,-1.84923182482025E-15,0.));
#4612=CARTESIAN_POINT('Origin',(0.,0.,3.7));
#4613=CARTESIAN_POINT('Origin',(-18.,10.,25.));
#4614=CARTESIAN_POINT('',(-18.,10.,25.));
#4615=CARTESIAN_POINT('',(-9.,10.,25.));
#4616=CARTESIAN_POINT('',(-18.,10.,25.));
#4617=CARTESIAN_POINT('',(-18.,10.,11.));
#4618=CARTESIAN_POINT('Origin',(-18.,-10.,25.));
#4619=CARTESIAN_POINT('',(-18.,-10.,25.));
#4620=CARTESIAN_POINT('',(-18.,-5.,25.));
#4621=CARTESIAN_POINT('',(-18.,-10.,25.));
#4622=CARTESIAN_POINT('',(-18.,-10.,11.));
#4623=CARTESIAN_POINT('Origin',(-16.,-10.,25.));
#4624=CARTESIAN_POINT('',(-8.,-10.,25.));
#4625=CARTESIAN_POINT('',(-14.,-10.,11.));
#4626=CARTESIAN_POINT('Origin',(-17.,0.,11.));
#4627=CARTESIAN_POINT('Origin',(18.,-7.5,25.));
#4628=CARTESIAN_POINT('',(18.,-7.5,25.));
#4629=CARTESIAN_POINT('',(16.05,-7.5,25.));
#4630=CARTESIAN_POINT('',(9.,-7.5,25.));
#4631=CARTESIAN_POINT('',(18.,-7.5,25.));
#4632=CARTESIAN_POINT('',(16.05,-7.5,16.));
#4633=CARTESIAN_POINT('Origin',(18.,7.5,25.));
#4634=CARTESIAN_POINT('',(18.,7.5,25.));
#4635=CARTESIAN_POINT('',(18.,3.75,25.));
#4636=CARTESIAN_POINT('',(18.,7.5,25.));
#4637=CARTESIAN_POINT('Origin',(16.,7.5,25.));
#4638=CARTESIAN_POINT('',(16.05,7.5,25.));
#4639=CARTESIAN_POINT('',(8.,7.5,25.));
#4640=CARTESIAN_POINT('',(16.05,7.5,16.));
#4641=CARTESIAN_POINT('Origin',(16.05,12.36,7.));
#4642=CARTESIAN_POINT('',(16.05,6.18,25.));
#4643=CARTESIAN_POINT('Origin',(16.05,12.36,7.));
#4644=CARTESIAN_POINT('',(16.05,6.18,25.));
#4645=CARTESIAN_POINT('Origin',(0.,0.,7.));
#4646=CARTESIAN_POINT('Origin',(0.,0.,3.7));
#4647=CARTESIAN_POINT('Origin',(18.2373353316761,16.36,7.));
#4648=CARTESIAN_POINT('',(9.11866766583803,16.36,7.));
#4649=CARTESIAN_POINT('',(-24.5,16.36,25.));
#4650=CARTESIAN_POINT('',(9.49999982118607,16.36,11.0000003129244));
#4651=CARTESIAN_POINT('Origin',(10.9999998211861,16.36,11.0000003129244));
#4652=CARTESIAN_POINT('',(9.49999982118607,16.36,16.0000003129244));
#4653=CARTESIAN_POINT('Origin',(10.9999998211861,16.36,16.0000003129244));
#4654=CARTESIAN_POINT('',(4.89999982118607,16.36,11.0000003129244));
#4655=CARTESIAN_POINT('Origin',(6.39999982118607,16.36,11.0000003129244));
#4656=CARTESIAN_POINT('',(4.89999982118607,16.36,16.0000003129244));
#4657=CARTESIAN_POINT('Origin',(6.39999982118607,16.36,16.0000003129244));
#4658=CARTESIAN_POINT('',(-4.30000017881393,16.36,11.0000003129244));
#4659=CARTESIAN_POINT('Origin',(-2.80000017881393,16.36,11.0000003129244));
#4660=CARTESIAN_POINT('',(-4.30000017881393,16.36,16.0000003129244));
#4661=CARTESIAN_POINT('Origin',(-2.80000017881393,16.36,16.0000003129244));
#4662=CARTESIAN_POINT('',(-8.90000017881393,16.36,11.0000003129244));
#4663=CARTESIAN_POINT('Origin',(-7.40000017881393,16.36,11.0000003129244));
#4664=CARTESIAN_POINT('',(-8.90000017881393,16.36,16.0000003129244));
#4665=CARTESIAN_POINT('Origin',(-7.40000017881393,16.36,16.0000003129244));
#4666=CARTESIAN_POINT('',(-13.5000001788139,16.36,11.0000003129244));
#4667=CARTESIAN_POINT('Origin',(-12.0000001788139,16.36,11.0000003129244));
#4668=CARTESIAN_POINT('',(-13.5000001788139,16.36,16.0000003129244));
#4669=CARTESIAN_POINT('Origin',(-12.0000001788139,16.36,16.0000003129244));
#4670=CARTESIAN_POINT('',(9.49999982118607,16.36,21.0000003129244));
#4671=CARTESIAN_POINT('Origin',(10.9999998211861,16.36,21.0000003129244));
#4672=CARTESIAN_POINT('',(4.89999982118607,16.36,21.0000003129244));
#4673=CARTESIAN_POINT('Origin',(6.39999982118607,16.36,21.0000003129244));
#4674=CARTESIAN_POINT('',(-4.30000017881393,16.36,21.0000003129244));
#4675=CARTESIAN_POINT('Origin',(-2.80000017881393,16.36,21.0000003129244));
#4676=CARTESIAN_POINT('',(-8.90000017881393,16.36,21.0000003129244));
#4677=CARTESIAN_POINT('Origin',(-7.40000017881393,16.36,21.0000003129244));
#4678=CARTESIAN_POINT('Origin',(0.,-2.22044604925031E-15,25.));
#4679=CARTESIAN_POINT('Origin',(0.,0.,7.));
#4680=CARTESIAN_POINT('Origin',(0.,0.,7.));
#4681=CARTESIAN_POINT('Origin',(0.,0.,0.));
#4682=CARTESIAN_POINT('',(-18.4,-2.25335011043113E-15,1.));
#4683=CARTESIAN_POINT('',(-18.4,-2.25335011043113E-15,0.));
#4684=CARTESIAN_POINT('Origin',(0.,0.,1.));
#4685=CARTESIAN_POINT('Origin',(0.,0.,1.));
#4686=CARTESIAN_POINT('Origin',(0.,0.,3.7));
#4687=CARTESIAN_POINT('Origin',(-7.40000017881393,-16.36,21.0000003129244));
#4688=CARTESIAN_POINT('',(-8.90000017881393,-16.36,21.0000003129244));
#4689=CARTESIAN_POINT('Origin',(-2.80000017881393,-16.36,21.0000003129244));
#4690=CARTESIAN_POINT('',(-4.30000017881393,-16.36,21.0000003129244));
#4691=CARTESIAN_POINT('Origin',(1.79999982118607,-16.36,21.0000003129244));
#4692=CARTESIAN_POINT('',(0.29999982118607,-16.36,21.0000003129244));
#4693=CARTESIAN_POINT('Origin',(6.39999982118607,-16.36,21.0000003129244));
#4694=CARTESIAN_POINT('',(4.89999982118607,-16.36,21.0000003129244));
#4695=CARTESIAN_POINT('Origin',(10.9999998211861,-16.36,21.0000003129244));
#4696=CARTESIAN_POINT('',(9.49999982118607,-16.36,21.0000003129244));
#4697=CARTESIAN_POINT('Origin',(-7.40000017881393,-16.36,21.0000003129244));
#4698=CARTESIAN_POINT('',(-8.90000017881393,-16.36,21.0000003129244));
#4699=CARTESIAN_POINT('Origin',(-2.80000017881393,-16.36,21.0000003129244));
#4700=CARTESIAN_POINT('',(-4.30000017881393,-16.36,21.0000003129244));
#4701=CARTESIAN_POINT('Origin',(6.39999982118607,-16.36,21.0000003129244));
#4702=CARTESIAN_POINT('',(4.89999982118607,-16.36,21.0000003129244));
#4703=CARTESIAN_POINT('Origin',(10.9999998211861,-16.36,21.0000003129244));
#4704=CARTESIAN_POINT('',(9.49999982118607,-16.36,21.0000003129244));
#4705=CARTESIAN_POINT('Origin',(-12.0000001788139,-16.36,16.0000003129244));
#4706=CARTESIAN_POINT('',(-13.5000001788139,-16.36,16.0000003129244));
#4707=CARTESIAN_POINT('Origin',(-12.0000001788139,-16.36,11.0000003129244));
#4708=CARTESIAN_POINT('',(-13.5000001788139,-16.36,11.0000003129244));
#4709=CARTESIAN_POINT('Origin',(-7.40000017881393,-16.36,16.0000003129244));
#4710=CARTESIAN_POINT('',(-8.90000017881393,-16.36,16.0000003129244));
#4711=CARTESIAN_POINT('Origin',(-7.40000017881393,-16.36,11.0000003129244));
#4712=CARTESIAN_POINT('',(-8.90000017881393,-16.36,11.0000003129244));
#4713=CARTESIAN_POINT('Origin',(1.79999982118607,-16.36,16.0000003129244));
#4714=CARTESIAN_POINT('',(0.29999982118607,-16.36,16.0000003129244));
#4715=CARTESIAN_POINT('Origin',(6.39999982118607,-16.36,16.0000003129244));
#4716=CARTESIAN_POINT('',(4.89999982118607,-16.36,16.0000003129244));
#4717=CARTESIAN_POINT('Origin',(6.39999982118607,-16.36,11.0000003129244));
#4718=CARTESIAN_POINT('',(4.89999982118607,-16.36,11.0000003129244));
#4719=CARTESIAN_POINT('Origin',(10.9999998211861,-16.36,16.0000003129244));
#4720=CARTESIAN_POINT('',(9.49999982118607,-16.36,16.0000003129244));
#4721=CARTESIAN_POINT('Origin',(10.9999998211861,-16.36,11.0000003129244));
#4722=CARTESIAN_POINT('',(9.49999982118607,-16.36,11.0000003129244));
#4723=CARTESIAN_POINT('Origin',(-12.0000001788139,-16.36,16.0000003129244));
#4724=CARTESIAN_POINT('',(-13.5000001788139,-16.36,16.0000003129244));
#4725=CARTESIAN_POINT('Origin',(-12.0000001788139,-16.36,11.0000003129244));
#4726=CARTESIAN_POINT('',(-13.5000001788139,-16.36,11.0000003129244));
#4727=CARTESIAN_POINT('Origin',(-7.40000017881393,-16.36,16.0000003129244));
#4728=CARTESIAN_POINT('',(-8.90000017881393,-16.36,16.0000003129244));
#4729=CARTESIAN_POINT('Origin',(-7.40000017881393,-16.36,11.0000003129244));
#4730=CARTESIAN_POINT('',(-8.90000017881393,-16.36,11.0000003129244));
#4731=CARTESIAN_POINT('Origin',(-2.80000017881393,-16.36,16.0000003129244));
#4732=CARTESIAN_POINT('',(-4.30000017881393,-16.36,16.0000003129244));
#4733=CARTESIAN_POINT('Origin',(-2.80000017881393,-16.36,11.0000003129244));
#4734=CARTESIAN_POINT('',(-4.30000017881393,-16.36,11.0000003129244));
#4735=CARTESIAN_POINT('Origin',(6.39999982118607,-16.36,16.0000003129244));
#4736=CARTESIAN_POINT('',(4.89999982118607,-16.36,16.0000003129244));
#4737=CARTESIAN_POINT('Origin',(6.39999982118607,-16.36,11.0000003129244));
#4738=CARTESIAN_POINT('',(4.89999982118607,-16.36,11.0000003129244));
#4739=CARTESIAN_POINT('Origin',(10.9999998211861,-16.36,16.0000003129244));
#4740=CARTESIAN_POINT('',(9.49999982118607,-16.36,16.0000003129244));
#4741=CARTESIAN_POINT('Origin',(10.9999998211861,-16.36,11.0000003129244));
#4742=CARTESIAN_POINT('',(9.49999982118607,-16.36,11.0000003129244));
#4743=UNCERTAINTY_MEASURE_WITH_UNIT(LENGTH_MEASURE(0.01),#4747,
'DISTANCE_ACCURACY_VALUE',
'Maximum model space distance between geometric entities at asserted c
onnectivities');
#4744=UNCERTAINTY_MEASURE_WITH_UNIT(LENGTH_MEASURE(0.01),#4747,
'DISTANCE_ACCURACY_VALUE',
'Maximum model space distance between geometric entities at asserted c
onnectivities');
#4745=(
GEOMETRIC_REPRESENTATION_CONTEXT(3)
GLOBAL_UNCERTAINTY_ASSIGNED_CONTEXT((#4743))
GLOBAL_UNIT_ASSIGNED_CONTEXT((#4747,#4749,#4750))
REPRESENTATION_CONTEXT('','3D')
);
#4746=(
GEOMETRIC_REPRESENTATION_CONTEXT(3)
GLOBAL_UNCERTAINTY_ASSIGNED_CONTEXT((#4744))
GLOBAL_UNIT_ASSIGNED_CONTEXT((#4747,#4749,#4750))
REPRESENTATION_CONTEXT('','3D')
);
#4747=(
LENGTH_UNIT()
NAMED_UNIT(*)
SI_UNIT(.MILLI.,.METRE.)
);
#4748=(
LENGTH_UNIT()
NAMED_UNIT(*)
SI_UNIT($,.METRE.)
);
#4749=(
NAMED_UNIT(*)
PLANE_ANGLE_UNIT()
SI_UNIT($,.RADIAN.)
);
#4750=(
NAMED_UNIT(*)
SI_UNIT($,.STERADIAN.)
SOLID_ANGLE_UNIT()
);
#4751=SHAPE_DEFINITION_REPRESENTATION(#4752,#4753);
#4752=PRODUCT_DEFINITION_SHAPE('',$,#4755);
#4753=SHAPE_REPRESENTATION('',(#2440),#4745);
#4754=PRODUCT_DEFINITION_CONTEXT('part definition',#4759,'design');
#4755=PRODUCT_DEFINITION('2026-03-25-15-36-25-053','shoulder_link',#4756,
#4754);
#4756=PRODUCT_DEFINITION_FORMATION('',$,#4761);
#4757=PRODUCT_RELATED_PRODUCT_CATEGORY('shoulder_link','shoulder_link',
(#4761));
#4758=APPLICATION_PROTOCOL_DEFINITION('international standard',
'automotive_design',2009,#4759);
#4759=APPLICATION_CONTEXT(
'Core Data for Automotive Mechanical Design Process');
#4760=PRODUCT_CONTEXT('part definition',#4759,'mechanical');
#4761=PRODUCT('2026-03-25-15-36-25-053','shoulder_link',$,(#4760));
#4762=PRESENTATION_STYLE_ASSIGNMENT((#4763));
#4763=SURFACE_STYLE_USAGE(.BOTH.,#4764);
#4764=SURFACE_SIDE_STYLE('',(#4765));
#4765=SURFACE_STYLE_FILL_AREA(#4766);
#4766=FILL_AREA_STYLE('\X2\AC15CCA0\X0\ - \X2\C0C8D2F4\X0\',(#4767));
#4767=FILL_AREA_STYLE_COLOUR('\X2\AC15CCA0\X0\ - \X2\C0C8D2F4\X0\',#4768);
#4768=COLOUR_RGB('\X2\AC15CCA0\X0\ - \X2\C0C8D2F4\X0\',0.627450980392157,
0.627450980392157,0.627450980392157);
ENDSEC;
END-ISO-10303-21;
