ISO-10303-21;
HEADER;
/* Generated by software containing ST-Developer
 * from STEP Tools, Inc. (www.steptools.com) 
 */

FILE_DESCRIPTION(
/* description */ (''),
/* implementation_level */ '2;1');

FILE_NAME(
/* name */ 'wrist_link.step',
/* time_stamp */ '2026-06-11T21:54:28+09:00',
/* author */ (''),
/* organization */ (''),
/* preprocessor_version */ 'ST-DEVELOPER v20.1',
/* originating_system */ 'Autodesk Translation Framework v15.8.0.0',
/* authorisation */ '');

FILE_SCHEMA (('AUTOMOTIVE_DESIGN { 1 0 10303 214 3 1 1 }'));
ENDSEC;

DATA;
#10=MECHANICAL_DESIGN_GEOMETRIC_PRESENTATION_REPRESENTATION('',(#13),#12975);
#11=SHAPE_REPRESENTATION_RELATIONSHIP('SRR','None',#12982,#12);
#12=ADVANCED_BREP_SHAPE_REPRESENTATION('',(#14),#12974);
#13=STYLED_ITEM('',(#12991),#14);
#14=MANIFOLD_SOLID_BREP('\X2\BCF8CCB4\X0\1',#6479);
#15=(
BOUNDED_SURFACE()
B_SPLINE_SURFACE(2,2,((#10900,#10901,#10902),(#10903,#10904,#10905),(#10906,
#10907,#10908)),.UNSPECIFIED.,.F.,.F.,.F.)
B_SPLINE_SURFACE_WITH_KNOTS((3,3),(3,3),(0.,1.57079632679493),(-1.5707963267949,
-0.523598775598313),.UNSPECIFIED.)
GEOMETRIC_REPRESENTATION_ITEM()
RATIONAL_B_SPLINE_SURFACE(((1.,0.866025403784442,1.),(0.707106781186531,
0.612372435695783,0.707106781186531),(1.,0.866025403784442,1.)))
REPRESENTATION_ITEM('')
SURFACE()
);
#16=(
BOUNDED_SURFACE()
B_SPLINE_SURFACE(2,2,((#10931,#10932,#10933),(#10934,#10935,#10936),(#10937,
#10938,#10939)),.UNSPECIFIED.,.F.,.F.,.F.)
B_SPLINE_SURFACE_WITH_KNOTS((3,3),(3,3),(-8.22258927613022E-13,1.57079632679493),
(-0.523598775598332,-0.0581944183801892),.UNSPECIFIED.)
GEOMETRIC_REPRESENTATION_ITEM()
RATIONAL_B_SPLINE_SURFACE(((1.,0.97304680502612,1.),(0.707106781186197,
0.688047994245533,0.707106781186197),(1.,0.97304680502612,1.)))
REPRESENTATION_ITEM('')
SURFACE()
);
#17=SPHERICAL_SURFACE('',#6793,2.);
#18=SPHERICAL_SURFACE('',#6810,2.);
#19=SPHERICAL_SURFACE('',#6811,2.);
#20=SPHERICAL_SURFACE('',#6823,2.);
#21=SPHERICAL_SURFACE('',#7108,2.);
#22=SPHERICAL_SURFACE('',#7111,2.);
#23=B_SPLINE_SURFACE_WITH_KNOTS('',3,3,((#9852,#9853,#9854,#9855,#9856,
#9857),(#9858,#9859,#9860,#9861,#9862,#9863),(#9864,#9865,#9866,#9867,#9868,
#9869),(#9870,#9871,#9872,#9873,#9874,#9875),(#9876,#9877,#9878,#9879,#9880,
#9881)),.UNSPECIFIED.,.F.,.F.,.F.,(4,1,4),(4,1,1,4),(0.,0.571428571428571,
1.),(-1.5707963267949,-0.897597901025655,-0.448798950512828,2.09522654968445E-17),
 .UNSPECIFIED.);
#24=B_SPLINE_SURFACE_WITH_KNOTS('',3,3,((#9891,#9892,#9893,#9894,#9895,
#9896),(#9897,#9898,#9899,#9900,#9901,#9902),(#9903,#9904,#9905,#9906,#9907,
#9908),(#9909,#9910,#9911,#9912,#9913,#9914),(#9915,#9916,#9917,#9918,#9919,
#9920)),.UNSPECIFIED.,.F.,.F.,.F.,(4,1,4),(4,1,1,4),(0.,0.571428571428571,
1.),(0.,0.069560161416176,0.115933602360293,0.162307043304411),
 .UNSPECIFIED.);
#25=B_SPLINE_SURFACE_WITH_KNOTS('',3,3,((#9928,#9929,#9930,#9931,#9932,
#9933),(#9934,#9935,#9936,#9937,#9938,#9939),(#9940,#9941,#9942,#9943,#9944,
#9945),(#9946,#9947,#9948,#9949,#9950,#9951),(#9952,#9953,#9954,#9955,#9956,
#9957)),.UNSPECIFIED.,.F.,.F.,.F.,(4,1,4),(4,1,1,4),(0.,0.571428571428571,
1.),(0.,0.0347805050941628,0.0695610101883257,0.16230902377276),
 .UNSPECIFIED.);
#26=B_SPLINE_SURFACE_WITH_KNOTS('',3,3,((#9965,#9966,#9967,#9968,#9969,
#9970),(#9971,#9972,#9973,#9974,#9975,#9976),(#9977,#9978,#9979,#9980,#9981,
#9982),(#9983,#9984,#9985,#9986,#9987,#9988),(#9989,#9990,#9991,#9992,#9993,
#9994)),.UNSPECIFIED.,.F.,.F.,.F.,(4,1,4),(4,1,1,4),(0.,0.571428571428571,
1.),(-1.5707963267949,-0.897597901025655,-0.448798950512827,2.97264425175582E-16),
 .UNSPECIFIED.);
#27=B_SPLINE_SURFACE_WITH_KNOTS('',3,3,((#10219,#10220,#10221,#10222),(#10223,
#10224,#10225,#10226),(#10227,#10228,#10229,#10230),(#10231,#10232,#10233,
#10234),(#10235,#10236,#10237,#10238)),.UNSPECIFIED.,.F.,.F.,.F.,(4,1,4),
(4,4),(0.,0.571428571428571,1.),(0.,0.103953315657187),.UNSPECIFIED.);
#28=B_SPLINE_SURFACE_WITH_KNOTS('',3,3,((#10251,#10252,#10253,#10254,#10255,
#10256),(#10257,#10258,#10259,#10260,#10261,#10262),(#10263,#10264,#10265,
#10266,#10267,#10268),(#10269,#10270,#10271,#10272,#10273,#10274),(#10275,
#10276,#10277,#10278,#10279,#10280)),.UNSPECIFIED.,.F.,.F.,.F.,(4,1,4),
(4,1,1,4),(0.,0.571428571428571,1.),(4.48071380618169E-16,0.130555815021565,
0.217593025035941,0.304630235050318),.UNSPECIFIED.);
#29=B_SPLINE_SURFACE_WITH_KNOTS('',3,3,((#10287,#10288,#10289,#10290,#10291),
(#10292,#10293,#10294,#10295,#10296),(#10297,#10298,#10299,#10300,#10301),
(#10302,#10303,#10304,#10305,#10306),(#10307,#10308,#10309,#10310,#10311)),
 .UNSPECIFIED.,.F.,.F.,.F.,(4,1,4),(4,1,4),(0.,0.571428571428571,1.),(0.,
0.081901628945498,0.0955519004364144),.UNSPECIFIED.);
#30=B_SPLINE_SURFACE_WITH_KNOTS('',3,3,((#10343,#10344,#10345,#10346),(#10347,
#10348,#10349,#10350),(#10351,#10352,#10353,#10354),(#10355,#10356,#10357,
#10358),(#10359,#10360,#10361,#10362)),.UNSPECIFIED.,.F.,.F.,.F.,(4,1,4),
(4,4),(0.,0.571428571428571,1.),(0.,0.103953315657187),.UNSPECIFIED.);
#31=B_SPLINE_SURFACE_WITH_KNOTS('',3,3,((#10369,#10370,#10371,#10372,#10373),
(#10374,#10375,#10376,#10377,#10378),(#10379,#10380,#10381,#10382,#10383),
(#10384,#10385,#10386,#10387,#10388),(#10389,#10390,#10391,#10392,#10393)),
 .UNSPECIFIED.,.F.,.F.,.F.,(4,1,4),(4,1,4),(0.,0.571428571428571,1.),(0.,
0.0136502714759824,0.095551900331877),.UNSPECIFIED.);
#32=B_SPLINE_SURFACE_WITH_KNOTS('',3,3,((#10409,#10410,#10411,#10412,#10413),
(#10414,#10415,#10416,#10417,#10418),(#10419,#10420,#10421,#10422,#10423),
(#10424,#10425,#10426,#10427,#10428),(#10429,#10430,#10431,#10432,#10433)),
 .UNSPECIFIED.,.F.,.F.,.F.,(4,1,4),(4,1,4),(0.,0.571428571428571,1.),(0.,
0.130559692564269,0.304639282649961),.UNSPECIFIED.);
#33=B_SPLINE_SURFACE_WITH_KNOTS('',3,3,((#10482,#10483,#10484,#10485,#10486),
(#10487,#10488,#10489,#10490,#10491),(#10492,#10493,#10494,#10495,#10496),
(#10497,#10498,#10499,#10500,#10501),(#10502,#10503,#10504,#10505,#10506)),
 .UNSPECIFIED.,.F.,.F.,.F.,(4,1,4),(4,1,4),(0.,0.571428571428571,1.),(0.,
0.465990922330562,1.08731215210465),.UNSPECIFIED.);
#34=B_SPLINE_SURFACE_WITH_KNOTS('',3,3,((#10564,#10565,#10566,#10567,#10568,
#10569),(#10570,#10571,#10572,#10573,#10574,#10575),(#10576,#10577,#10578,
#10579,#10580,#10581),(#10582,#10583,#10584,#10585,#10586,#10587),(#10588,
#10589,#10590,#10591,#10592,#10593)),.UNSPECIFIED.,.F.,.F.,.F.,(4,1,4),
(4,1,1,4),(0.,0.571428571428571,1.),(0.,0.232875825441704,0.465751650883407,
1.08675385206128),.UNSPECIFIED.);
#35=B_SPLINE_SURFACE_WITH_KNOTS('',3,3,((#10741,#10742,#10743,#10744,#10745),
(#10746,#10747,#10748,#10749,#10750),(#10751,#10752,#10753,#10754,#10755),
(#10756,#10757,#10758,#10759,#10760),(#10761,#10762,#10763,#10764,#10765),
(#10766,#10767,#10768,#10769,#10770)),.UNSPECIFIED.,.F.,.F.,.F.,(4,1,1,
4),(4,1,4),(0.,0.285714285714286,0.571428571428571,1.),(2.44566657434198E-16,
0.00459374847849025,0.0107187464498103),.UNSPECIFIED.);
#36=B_SPLINE_SURFACE_WITH_KNOTS('',3,3,((#10784,#10785,#10786,#10787),(#10788,
#10789,#10790,#10791),(#10792,#10793,#10794,#10795),(#10796,#10797,#10798,
#10799),(#10800,#10801,#10802,#10803),(#10804,#10805,#10806,#10807)),
 .UNSPECIFIED.,.F.,.F.,.F.,(4,1,1,4),(4,4),(0.,0.285714285714286,0.571428571428571,
1.),(-1.04511810352583E-7,0.00466754208950764),.UNSPECIFIED.);
#37=B_SPLINE_SURFACE_WITH_KNOTS('',3,3,((#11000,#11001,#11002,#11003),(#11004,
#11005,#11006,#11007),(#11008,#11009,#11010,#11011),(#11012,#11013,#11014,
#11015),(#11016,#11017,#11018,#11019),(#11020,#11021,#11022,#11023)),
 .UNSPECIFIED.,.F.,.F.,.F.,(4,1,1,4),(4,4),(0.,0.285714285714286,0.571428571428571,
1.),(0.,0.0830378561431583),.UNSPECIFIED.);
#38=B_SPLINE_SURFACE_WITH_KNOTS('',3,3,((#11056,#11057,#11058,#11059,#11060),
(#11061,#11062,#11063,#11064,#11065),(#11066,#11067,#11068,#11069,#11070),
(#11071,#11072,#11073,#11074,#11075),(#11076,#11077,#11078,#11079,#11080),
(#11081,#11082,#11083,#11084,#11085)),.UNSPECIFIED.,.F.,.F.,.F.,(4,1,1,
4),(4,1,4),(0.,0.285714285714286,0.571428571428571,1.),(0.,0.0238725529950767,
0.0477451059901533),.UNSPECIFIED.);
#39=B_SPLINE_SURFACE_WITH_KNOTS('',3,3,((#11121,#11122,#11123,#11124),(#11125,
#11126,#11127,#11128),(#11129,#11130,#11131,#11132),(#11133,#11134,#11135,
#11136),(#11137,#11138,#11139,#11140)),.UNSPECIFIED.,.F.,.F.,.F.,(4,1,4),
(4,4),(0.,0.5,1.),(0.,0.0259190111690812),.UNSPECIFIED.);
#40=B_SPLINE_SURFACE_WITH_KNOTS('',3,3,((#11157,#11158,#11159,#11160,#11161,
#11162),(#11163,#11164,#11165,#11166,#11167,#11168),(#11169,#11170,#11171,
#11172,#11173,#11174),(#11175,#11176,#11177,#11178,#11179,#11180)),
 .UNSPECIFIED.,.F.,.F.,.F.,(4,4),(4,2,4),(0.,1.),(-0.0640768807586308,0.,
0.0003032760332869),.UNSPECIFIED.);
#41=B_SPLINE_SURFACE_WITH_KNOTS('',3,3,((#11199,#11200,#11201,#11202,#11203,
#11204),(#11205,#11206,#11207,#11208,#11209,#11210),(#11211,#11212,#11213,
#11214,#11215,#11216),(#11217,#11218,#11219,#11220,#11221,#11222),(#11223,
#11224,#11225,#11226,#11227,#11228)),.UNSPECIFIED.,.F.,.F.,.F.,(4,1,4),
(4,1,1,4),(0.,0.5,1.),(0.,0.0441208905238089,0.0882417810476177,0.154423116833331),
 .UNSPECIFIED.);
#42=B_SPLINE_SURFACE_WITH_KNOTS('',3,3,((#11236,#11237,#11238,#11239,#11240,
#11241),(#11242,#11243,#11244,#11245,#11246,#11247),(#11248,#11249,#11250,
#11251,#11252,#11253),(#11254,#11255,#11256,#11257,#11258,#11259),(#11260,
#11261,#11262,#11263,#11264,#11265)),.UNSPECIFIED.,.F.,.F.,.F.,(4,1,4),
(4,1,1,4),(0.,0.5,1.),(1.08730216131551E-16,0.066182754496806,0.11030459082801,
0.154426427159214),.UNSPECIFIED.);
#43=B_SPLINE_SURFACE_WITH_KNOTS('',3,3,((#11310,#11311,#11312,#11313,#11314,
#11315,#11316,#11317),(#11318,#11319,#11320,#11321,#11322,#11323,#11324,
#11325),(#11326,#11327,#11328,#11329,#11330,#11331,#11332,#11333),(#11334,
#11335,#11336,#11337,#11338,#11339,#11340,#11341),(#11342,#11343,#11344,
#11345,#11346,#11347,#11348,#11349)),.UNSPECIFIED.,.F.,.F.,.F.,(4,1,4),
(4,1,1,1,1,4),(0.,0.571428571428571,1.),(-0.0982653445993853,-0.0912463914137149,
-0.0842274382280445,-0.0701895318567038,-0.056151625485363,0.),
 .UNSPECIFIED.);
#44=B_SPLINE_SURFACE_WITH_KNOTS('',3,3,((#11377,#11378,#11379,#11380,#11381,
#11382,#11383,#11384),(#11385,#11386,#11387,#11388,#11389,#11390,#11391,
#11392),(#11393,#11394,#11395,#11396,#11397,#11398,#11399,#11400),(#11401,
#11402,#11403,#11404,#11405,#11406,#11407,#11408),(#11409,#11410,#11411,
#11412,#11413,#11414,#11415,#11416)),.UNSPECIFIED.,.F.,.F.,.F.,(4,1,4),
(4,1,1,1,1,4),(0.,0.571428571428571,1.),(-0.210680320226387,-0.168566594236914,
-0.140490776910598,-0.126452868247441,-0.119433913915862,-0.112414959584283),
 .UNSPECIFIED.);
#45=B_SPLINE_SURFACE_WITH_KNOTS('',3,3,((#11444,#11445,#11446,#11447),(#11448,
#11449,#11450,#11451),(#11452,#11453,#11454,#11455),(#11456,#11457,#11458,
#11459)),.UNSPECIFIED.,.F.,.F.,.F.,(4,4),(4,4),(0.,1.),(-0.00637456438682074,
-1.30825822336836E-9),.UNSPECIFIED.);
#46=B_SPLINE_SURFACE_WITH_KNOTS('',3,3,((#11471,#11472,#11473,#11474),(#11475,
#11476,#11477,#11478),(#11479,#11480,#11481,#11482),(#11483,#11484,#11485,
#11486)),.UNSPECIFIED.,.F.,.F.,.F.,(4,4),(4,4),(0.,1.),(-0.00637418259156809,
3.86995523745282E-13),.UNSPECIFIED.);
#47=B_SPLINE_SURFACE_WITH_KNOTS('',3,3,((#11498,#11499,#11500,#11501),(#11502,
#11503,#11504,#11505),(#11506,#11507,#11508,#11509),(#11510,#11511,#11512,
#11513)),.UNSPECIFIED.,.F.,.F.,.F.,(4,4),(4,4),(0.,1.),(-0.0162738148765842,
0.),.UNSPECIFIED.);
#48=B_SPLINE_SURFACE_WITH_KNOTS('',3,3,((#11523,#11524,#11525,#11526),(#11527,
#11528,#11529,#11530),(#11531,#11532,#11533,#11534),(#11535,#11536,#11537,
#11538)),.UNSPECIFIED.,.F.,.F.,.F.,(4,4),(4,4),(0.,1.),(-0.0161983074473324,
7.550742927112E-5),.UNSPECIFIED.);
#49=B_SPLINE_SURFACE_WITH_KNOTS('',3,3,((#11620,#11621,#11622,#11623,#11624,
#11625,#11626,#11627,#11628),(#11629,#11630,#11631,#11632,#11633,#11634,
#11635,#11636,#11637),(#11638,#11639,#11640,#11641,#11642,#11643,#11644,
#11645,#11646),(#11647,#11648,#11649,#11650,#11651,#11652,#11653,#11654,
#11655),(#11656,#11657,#11658,#11659,#11660,#11661,#11662,#11663,#11664),
(#11665,#11666,#11667,#11668,#11669,#11670,#11671,#11672,#11673),(#11674,
#11675,#11676,#11677,#11678,#11679,#11680,#11681,#11682)),.UNSPECIFIED.,
 .F.,.F.,.F.,(4,1,1,1,4),(4,1,1,1,1,1,4),(0.,0.285714285714286,0.571428571428571,
0.857142857142857,1.),(2.63647369218206E-16,0.0576972745850484,0.0865459118775725,
0.115394549170097,0.144243186462621,0.173091823755145,0.201940461047669),
 .UNSPECIFIED.);
#50=B_SPLINE_SURFACE_WITH_KNOTS('',3,3,((#11705,#11706,#11707,#11708,#11709,
#11710,#11711,#11712,#11713),(#11714,#11715,#11716,#11717,#11718,#11719,
#11720,#11721,#11722),(#11723,#11724,#11725,#11726,#11727,#11728,#11729,
#11730,#11731),(#11732,#11733,#11734,#11735,#11736,#11737,#11738,#11739,
#11740),(#11741,#11742,#11743,#11744,#11745,#11746,#11747,#11748,#11749),
(#11750,#11751,#11752,#11753,#11754,#11755,#11756,#11757,#11758),(#11759,
#11760,#11761,#11762,#11763,#11764,#11765,#11766,#11767)),.UNSPECIFIED.,
 .F.,.F.,.F.,(4,1,1,1,4),(4,1,1,1,1,1,4),(0.,0.285714285714286,0.571428571428571,
0.857142857142857,1.),(0.,0.0576972745850482,0.0865459118775724,0.115394549170096,
0.144243186462621,0.173091823755145,0.201940461047669),.UNSPECIFIED.);
#51=B_SPLINE_SURFACE_WITH_KNOTS('',3,3,((#11860,#11861,#11862,#11863,#11864),
(#11865,#11866,#11867,#11868,#11869),(#11870,#11871,#11872,#11873,#11874),
(#11875,#11876,#11877,#11878,#11879),(#11880,#11881,#11882,#11883,#11884)),
 .UNSPECIFIED.,.F.,.F.,.F.,(4,1,4),(4,1,4),(0.,0.571428571428571,1.),(-0.19939127860554,
-0.185150844863414,-0.170910411121287),.UNSPECIFIED.);
#52=B_SPLINE_SURFACE_WITH_KNOTS('',3,3,((#11888,#11889,#11890,#11891,#11892,
#11893,#11894,#11895),(#11896,#11897,#11898,#11899,#11900,#11901,#11902,
#11903),(#11904,#11905,#11906,#11907,#11908,#11909,#11910,#11911),(#11912,
#11913,#11914,#11915,#11916,#11917,#11918,#11919),(#11920,#11921,#11922,
#11923,#11924,#11925,#11926,#11927)),.UNSPECIFIED.,.F.,.F.,.F.,(4,1,4),
(4,1,1,1,1,4),(0.,0.571428571428571,1.),(-0.0289918176291809,-0.0207084411637006,
-0.0165667529309605,-0.00828337646548025,-0.00414168823274013,0.),
 .UNSPECIFIED.);
#53=B_SPLINE_SURFACE_WITH_KNOTS('',3,3,((#11946,#11947,#11948,#11949),(#11950,
#11951,#11952,#11953),(#11954,#11955,#11956,#11957),(#11958,#11959,#11960,
#11961)),.UNSPECIFIED.,.F.,.F.,.F.,(4,4),(4,4),(0.,1.),(-0.00365032328528508,
0.),.UNSPECIFIED.);
#54=B_SPLINE_SURFACE_WITH_KNOTS('',3,3,((#12026,#12027,#12028,#12029,#12030),
(#12031,#12032,#12033,#12034,#12035),(#12036,#12037,#12038,#12039,#12040),
(#12041,#12042,#12043,#12044,#12045),(#12046,#12047,#12048,#12049,#12050)),
 .UNSPECIFIED.,.F.,.F.,.F.,(4,1,4),(4,1,4),(0.,0.571428571428571,1.),(0.,
0.0131641369948814,0.0263282739897627),.UNSPECIFIED.);
#55=B_SPLINE_SURFACE_WITH_KNOTS('',3,3,((#12060,#12061,#12062,#12063,#12064,
#12065),(#12066,#12067,#12068,#12069,#12070,#12071),(#12072,#12073,#12074,
#12075,#12076,#12077),(#12078,#12079,#12080,#12081,#12082,#12083),(#12084,
#12085,#12086,#12087,#12088,#12089)),.UNSPECIFIED.,.F.,.F.,.F.,(4,1,4),
(4,2,4),(0.,0.571428571428571,1.),(-0.0213121856644222,0.,0.000113893919481654),
 .UNSPECIFIED.);
#56=B_SPLINE_SURFACE_WITH_KNOTS('',3,3,((#12107,#12108,#12109,#12110,#12111,
#12112),(#12113,#12114,#12115,#12116,#12117,#12118),(#12119,#12120,#12121,
#12122,#12123,#12124),(#12125,#12126,#12127,#12128,#12129,#12130),(#12131,
#12132,#12133,#12134,#12135,#12136)),.UNSPECIFIED.,.F.,.F.,.F.,(4,1,4),
(4,1,1,4),(0.,0.571428571428571,1.),(-0.0498505542930507,-0.0356075387807499,
-0.021364523268449,2.22252156164479E-15),.UNSPECIFIED.);
#57=B_SPLINE_SURFACE_WITH_KNOTS('',3,3,((#12147,#12148,#12149,#12150,#12151,
#12152),(#12153,#12154,#12155,#12156,#12157,#12158),(#12159,#12160,#12161,
#12162,#12163,#12164),(#12165,#12166,#12167,#12168,#12169,#12170),(#12171,
#12172,#12173,#12174,#12175,#12176)),.UNSPECIFIED.,.F.,.F.,.F.,(4,1,4),
(4,1,1,4),(0.,0.571428571428571,1.),(-0.129135482740998,-0.107770959663391,
-0.0935279442783199,-0.0792849288932487),.UNSPECIFIED.);
#58=B_SPLINE_SURFACE_WITH_KNOTS('',3,3,((#12189,#12190,#12191,#12192),(#12193,
#12194,#12195,#12196),(#12197,#12198,#12199,#12200),(#12201,#12202,#12203,
#12204),(#12205,#12206,#12207,#12208)),.UNSPECIFIED.,.F.,.F.,.F.,(4,1,4),
(4,4),(0.,0.5,1.),(0.184080654641334,0.211455619108589),.UNSPECIFIED.);
#59=B_SPLINE_SURFACE_WITH_KNOTS('',3,3,((#12250,#12251,#12252,#12253,#12254,
#12255),(#12256,#12257,#12258,#12259,#12260,#12261),(#12262,#12263,#12264,
#12265,#12266,#12267),(#12268,#12269,#12270,#12271,#12272,#12273),(#12274,
#12275,#12276,#12277,#12278,#12279)),.UNSPECIFIED.,.F.,.F.,.F.,(4,1,4),
(4,1,1,4),(0.,0.5,1.),(0.,0.0318515602528249,0.045502228932607,0.0637031205056498),
 .UNSPECIFIED.);
#60=B_SPLINE_SURFACE_WITH_KNOTS('',3,3,((#12298,#12299,#12300,#12301),(#12302,
#12303,#12304,#12305),(#12306,#12307,#12308,#12309),(#12310,#12311,#12312,
#12313),(#12314,#12315,#12316,#12317)),.UNSPECIFIED.,.F.,.F.,.F.,(4,1,4),
(4,4),(0.,0.5,1.),(0.,0.0420092813623483),.UNSPECIFIED.);
#61=B_SPLINE_SURFACE_WITH_KNOTS('',3,3,((#12324,#12325,#12326,#12327,#12328),
(#12329,#12330,#12331,#12332,#12333),(#12334,#12335,#12336,#12337,#12338),
(#12339,#12340,#12341,#12342,#12343),(#12344,#12345,#12346,#12347,#12348)),
 .UNSPECIFIED.,.F.,.F.,.F.,(4,1,4),(4,1,4),(0.,0.471152954742083,0.942305909484167),
(0.216082777109042,0.22853916309068,0.245147677732863),.UNSPECIFIED.);
#62=B_SPLINE_SURFACE_WITH_KNOTS('',3,3,((#12372,#12373,#12374,#12375,#12376,
#12377,#12378,#12379,#12380,#12381),(#12382,#12383,#12384,#12385,#12386,
#12387,#12388,#12389,#12390,#12391),(#12392,#12393,#12394,#12395,#12396,
#12397,#12398,#12399,#12400,#12401),(#12402,#12403,#12404,#12405,#12406,
#12407,#12408,#12409,#12410,#12411),(#12412,#12413,#12414,#12415,#12416,
#12417,#12418,#12419,#12420,#12421)),.UNSPECIFIED.,.F.,.F.,.F.,(4,1,4),
(4,1,1,1,1,2,4),(0.,0.571428571428571,1.),(-0.184550651724576,-0.147640521379661,
-0.110730391034746,-0.0738202606898304,-0.0369101303449152,0.,0.00094616359752926),
 .UNSPECIFIED.);
#63=B_SPLINE_SURFACE_WITH_KNOTS('',3,3,((#12453,#12454,#12455,#12456,#12457,
#12458),(#12459,#12460,#12461,#12462,#12463,#12464),(#12465,#12466,#12467,
#12468,#12469,#12470),(#12471,#12472,#12473,#12474,#12475,#12476),(#12477,
#12478,#12479,#12480,#12481,#12482)),.UNSPECIFIED.,.F.,.F.,.F.,(4,1,4),
(4,1,1,4),(0.,0.5,1.),(1.12302883299918E-16,0.043374463283093,0.0722907721384883,
0.101207080993884),.UNSPECIFIED.);
#64=B_SPLINE_SURFACE_WITH_KNOTS('',3,3,((#12504,#12505,#12506,#12507,#12508,
#12509,#12510,#12511),(#12512,#12513,#12514,#12515,#12516,#12517,#12518,
#12519),(#12520,#12521,#12522,#12523,#12524,#12525,#12526,#12527),(#12528,
#12529,#12530,#12531,#12532,#12533,#12534,#12535),(#12536,#12537,#12538,
#12539,#12540,#12541,#12542,#12543)),.UNSPECIFIED.,.F.,.F.,.F.,(4,1,4),
(4,1,1,1,1,4),(0.,0.5,1.),(1.05566331757025,1.08518991716123,1.09995321695672,
1.14424311634319,1.20329631552515,1.26234951470712),.UNSPECIFIED.);
#65=B_SPLINE_SURFACE_WITH_KNOTS('',3,3,((#12565,#12566,#12567,#12568,#12569,
#12570,#12571),(#12572,#12573,#12574,#12575,#12576,#12577,#12578),(#12579,
#12580,#12581,#12582,#12583,#12584,#12585),(#12586,#12587,#12588,#12589,
#12590,#12591,#12592),(#12593,#12594,#12595,#12596,#12597,#12598,#12599)),
 .UNSPECIFIED.,.F.,.F.,.F.,(4,1,4),(4,1,1,1,4),(0.,0.5,1.),(0.,0.0144581554526239,
0.0289163109052478,0.0433744663578716,0.101207088168367),.UNSPECIFIED.);
#66=ELLIPSE('',#6660,0.282842712474619,0.2);
#67=ELLIPSE('',#6662,0.282842712474619,0.2);
#68=ELLIPSE('',#6664,0.282842712474619,0.2);
#69=ELLIPSE('',#6666,0.282842712474619,0.2);
#70=ELLIPSE('',#6668,0.282842712474619,0.2);
#71=ELLIPSE('',#6670,0.282842712474619,0.2);
#72=ELLIPSE('',#6672,0.28284271247462,0.2);
#73=ELLIPSE('',#6674,0.282842712474619,0.2);
#74=ELLIPSE('',#6676,0.282842712474619,0.2);
#75=ELLIPSE('',#6678,0.282842712474619,0.2);
#76=ELLIPSE('',#6680,0.282842712474619,0.2);
#77=ELLIPSE('',#6682,0.282842712474619,0.2);
#78=ELLIPSE('',#6684,0.282842712474616,0.2);
#79=ELLIPSE('',#6686,0.282842712474619,0.2);
#80=ELLIPSE('',#6699,2.23606797749979,2.);
#81=ELLIPSE('',#6700,2.23606797749979,2.);
#82=ELLIPSE('',#6704,2.06638391480603,2.);
#83=ELLIPSE('',#6708,2.06638391480603,2.);
#84=ELLIPSE('',#6711,2.23606797749979,2.);
#85=ELLIPSE('',#6712,2.23606797749979,2.);
#86=ELLIPSE('',#6889,0.707106781186549,0.5);
#87=ELLIPSE('',#7113,1.41421356237307,1.);
#88=ELLIPSE('',#7114,1.03319195740301,1.);
#89=ELLIPSE('',#7115,1.4142135623731,1.);
#90=ELLIPSE('',#7117,1.41421356237309,1.);
#91=ELLIPSE('',#7125,1.4142135623731,1.);
#92=ELLIPSE('',#7126,1.03319195740301,1.);
#93=TOROIDAL_SURFACE('',#6620,9.,3.);
#94=TOROIDAL_SURFACE('',#6804,12.,2.);
#95=TOROIDAL_SURFACE('',#6813,12.,2.);
#96=TOROIDAL_SURFACE('',#6836,13.,3.);
#97=TOROIDAL_SURFACE('',#6842,9.,3.);
#98=TOROIDAL_SURFACE('',#6847,13.,3.);
#99=TOROIDAL_SURFACE('',#6858,4.5,3.5);
#100=TOROIDAL_SURFACE('',#6867,4.5,3.5);
#101=TOROIDAL_SURFACE('',#6871,4.5,3.5);
#102=TOROIDAL_SURFACE('',#6873,4.5,3.5);
#103=TOROIDAL_SURFACE('',#6894,11.5614378277661,0.1);
#104=TOROIDAL_SURFACE('',#6918,11.9,0.1);
#105=TOROIDAL_SURFACE('',#6923,0.3,0.1);
#106=TOROIDAL_SURFACE('',#6928,0.9,0.1);
#107=TOROIDAL_SURFACE('',#6929,11.,1.);
#108=TOROIDAL_SURFACE('',#6953,3.3,0.2);
#109=TOROIDAL_SURFACE('',#6955,4.5,1.);
#110=TOROIDAL_SURFACE('',#6957,12.3267949192431,0.2);
#111=TOROIDAL_SURFACE('',#6968,1.95,0.2);
#112=TOROIDAL_SURFACE('',#6981,1.95,0.2);
#113=TOROIDAL_SURFACE('',#6987,1.95,0.2);
#114=TOROIDAL_SURFACE('',#6996,1.95,0.2);
#115=TOROIDAL_SURFACE('',#7004,11.4677886604558,0.2);
#116=TOROIDAL_SURFACE('',#7017,0.8,0.2);
#117=TOROIDAL_SURFACE('',#7023,0.3,0.2);
#118=TOROIDAL_SURFACE('',#7029,11.8,0.2);
#119=TOROIDAL_SURFACE('',#7037,11.,1.);
#120=TOROIDAL_SURFACE('',#7053,3.3,0.2);
#121=TOROIDAL_SURFACE('',#7057,0.7,0.2);
#122=TOROIDAL_SURFACE('',#7063,4.5,1.);
#123=FACE_BOUND('',#1375,.T.);
#124=FACE_BOUND('',#1376,.T.);
#125=FACE_BOUND('',#1377,.T.);
#126=FACE_BOUND('',#1383,.T.);
#127=FACE_BOUND('',#1387,.T.);
#128=FACE_BOUND('',#1389,.T.);
#129=FACE_BOUND('',#1390,.T.);
#130=FACE_BOUND('',#1391,.T.);
#131=FACE_BOUND('',#1392,.T.);
#132=FACE_BOUND('',#1393,.T.);
#133=FACE_BOUND('',#1394,.T.);
#134=FACE_BOUND('',#1395,.T.);
#135=FACE_BOUND('',#1396,.T.);
#136=FACE_BOUND('',#1397,.T.);
#137=FACE_BOUND('',#1398,.T.);
#138=FACE_BOUND('',#1399,.T.);
#139=FACE_BOUND('',#1400,.T.);
#140=FACE_BOUND('',#1401,.T.);
#141=FACE_BOUND('',#1402,.T.);
#142=FACE_BOUND('',#1403,.T.);
#143=FACE_BOUND('',#1404,.T.);
#144=FACE_BOUND('',#1405,.T.);
#145=FACE_BOUND('',#1406,.T.);
#146=FACE_BOUND('',#1407,.T.);
#147=FACE_BOUND('',#1408,.T.);
#148=FACE_BOUND('',#1409,.T.);
#149=FACE_BOUND('',#1410,.T.);
#150=FACE_BOUND('',#1411,.T.);
#151=FACE_BOUND('',#1412,.T.);
#152=FACE_BOUND('',#1413,.T.);
#153=FACE_BOUND('',#1414,.T.);
#154=FACE_BOUND('',#1415,.T.);
#155=FACE_BOUND('',#1416,.T.);
#156=FACE_BOUND('',#1417,.T.);
#157=FACE_BOUND('',#1418,.T.);
#158=FACE_BOUND('',#1419,.T.);
#159=FACE_BOUND('',#1420,.T.);
#160=FACE_BOUND('',#1421,.T.);
#161=FACE_BOUND('',#1422,.T.);
#162=FACE_BOUND('',#1423,.T.);
#163=FACE_BOUND('',#1424,.T.);
#164=FACE_BOUND('',#1426,.T.);
#165=FACE_BOUND('',#1427,.T.);
#166=FACE_BOUND('',#1428,.T.);
#167=FACE_BOUND('',#1429,.T.);
#168=FACE_BOUND('',#1430,.T.);
#169=FACE_BOUND('',#1431,.T.);
#170=FACE_BOUND('',#1432,.T.);
#171=FACE_BOUND('',#1433,.T.);
#172=FACE_BOUND('',#1434,.T.);
#173=FACE_BOUND('',#1435,.T.);
#174=FACE_BOUND('',#1436,.T.);
#175=FACE_BOUND('',#1437,.T.);
#176=FACE_BOUND('',#1438,.T.);
#177=FACE_BOUND('',#1439,.T.);
#178=FACE_BOUND('',#1440,.T.);
#179=FACE_BOUND('',#1441,.T.);
#180=FACE_BOUND('',#1442,.T.);
#181=FACE_BOUND('',#1443,.T.);
#182=FACE_BOUND('',#1444,.T.);
#183=FACE_BOUND('',#1445,.T.);
#184=FACE_BOUND('',#1446,.T.);
#185=FACE_BOUND('',#1447,.T.);
#186=FACE_BOUND('',#1448,.T.);
#187=FACE_BOUND('',#1449,.T.);
#188=FACE_BOUND('',#1450,.T.);
#189=FACE_BOUND('',#1451,.T.);
#190=FACE_BOUND('',#1452,.T.);
#191=FACE_BOUND('',#1453,.T.);
#192=FACE_BOUND('',#1454,.T.);
#193=FACE_BOUND('',#1455,.T.);
#194=FACE_BOUND('',#1456,.T.);
#195=FACE_BOUND('',#1457,.T.);
#196=FACE_BOUND('',#1458,.T.);
#197=FACE_BOUND('',#1459,.T.);
#198=FACE_BOUND('',#1460,.T.);
#199=FACE_BOUND('',#1461,.T.);
#200=FACE_BOUND('',#1464,.T.);
#201=FACE_BOUND('',#1465,.T.);
#202=FACE_BOUND('',#1466,.T.);
#203=FACE_BOUND('',#1467,.T.);
#204=FACE_BOUND('',#1482,.T.);
#205=FACE_BOUND('',#1483,.T.);
#206=FACE_BOUND('',#1484,.T.);
#207=FACE_BOUND('',#1487,.T.);
#208=FACE_BOUND('',#1490,.T.);
#209=FACE_BOUND('',#1528,.T.);
#210=FACE_BOUND('',#1529,.T.);
#211=FACE_BOUND('',#1530,.T.);
#212=FACE_BOUND('',#1531,.T.);
#213=FACE_BOUND('',#1532,.T.);
#214=FACE_BOUND('',#1533,.T.);
#215=FACE_BOUND('',#1534,.T.);
#216=FACE_BOUND('',#1535,.T.);
#217=FACE_BOUND('',#1536,.T.);
#218=FACE_BOUND('',#1537,.T.);
#219=FACE_BOUND('',#1538,.T.);
#220=FACE_BOUND('',#1539,.T.);
#221=FACE_BOUND('',#1540,.T.);
#222=FACE_BOUND('',#1541,.T.);
#223=FACE_BOUND('',#1542,.T.);
#224=FACE_BOUND('',#1543,.T.);
#225=FACE_BOUND('',#1544,.T.);
#226=FACE_BOUND('',#1545,.T.);
#227=FACE_BOUND('',#1546,.T.);
#228=FACE_BOUND('',#1547,.T.);
#229=FACE_BOUND('',#1548,.T.);
#230=FACE_BOUND('',#1549,.T.);
#231=FACE_BOUND('',#1550,.T.);
#232=FACE_BOUND('',#1551,.T.);
#233=FACE_BOUND('',#1552,.T.);
#234=FACE_BOUND('',#1553,.T.);
#235=FACE_BOUND('',#1554,.T.);
#236=FACE_BOUND('',#1555,.T.);
#237=FACE_BOUND('',#1556,.T.);
#238=FACE_BOUND('',#1557,.T.);
#239=FACE_BOUND('',#1558,.T.);
#240=FACE_BOUND('',#1559,.T.);
#241=FACE_BOUND('',#1560,.T.);
#242=FACE_BOUND('',#1561,.T.);
#243=FACE_BOUND('',#1562,.T.);
#244=FACE_BOUND('',#1563,.T.);
#245=FACE_BOUND('',#1565,.T.);
#246=FACE_BOUND('',#1566,.T.);
#247=FACE_BOUND('',#1567,.T.);
#248=FACE_BOUND('',#1568,.T.);
#249=FACE_BOUND('',#1569,.T.);
#250=FACE_BOUND('',#1570,.T.);
#251=FACE_BOUND('',#1571,.T.);
#252=FACE_BOUND('',#1572,.T.);
#253=FACE_BOUND('',#1573,.T.);
#254=FACE_BOUND('',#1574,.T.);
#255=FACE_BOUND('',#1575,.T.);
#256=FACE_BOUND('',#1576,.T.);
#257=FACE_BOUND('',#1577,.T.);
#258=FACE_BOUND('',#1578,.T.);
#259=FACE_BOUND('',#1579,.T.);
#260=FACE_BOUND('',#1580,.T.);
#261=FACE_BOUND('',#1581,.T.);
#262=FACE_BOUND('',#1582,.T.);
#263=FACE_BOUND('',#1583,.T.);
#264=FACE_BOUND('',#1584,.T.);
#265=FACE_BOUND('',#1585,.T.);
#266=FACE_BOUND('',#1586,.T.);
#267=FACE_BOUND('',#1587,.T.);
#268=FACE_BOUND('',#1588,.T.);
#269=FACE_BOUND('',#1589,.T.);
#270=FACE_BOUND('',#1590,.T.);
#271=FACE_BOUND('',#1591,.T.);
#272=FACE_BOUND('',#1592,.T.);
#273=FACE_BOUND('',#1593,.T.);
#274=FACE_BOUND('',#1594,.T.);
#275=FACE_BOUND('',#1595,.T.);
#276=FACE_BOUND('',#1596,.T.);
#277=FACE_BOUND('',#1597,.T.);
#278=FACE_BOUND('',#1598,.T.);
#279=FACE_BOUND('',#1599,.T.);
#280=FACE_BOUND('',#1600,.T.);
#281=FACE_BOUND('',#1644,.T.);
#282=FACE_BOUND('',#1645,.T.);
#283=FACE_BOUND('',#1674,.T.);
#284=FACE_BOUND('',#1683,.T.);
#285=FACE_BOUND('',#1684,.T.);
#286=FACE_BOUND('',#1685,.T.);
#287=FACE_BOUND('',#1686,.T.);
#288=FACE_BOUND('',#1699,.T.);
#289=FACE_BOUND('',#1700,.T.);
#290=FACE_BOUND('',#1755,.T.);
#291=FACE_BOUND('',#1758,.T.);
#292=FACE_BOUND('',#1761,.T.);
#293=FACE_BOUND('',#1763,.T.);
#294=FACE_BOUND('',#1793,.T.);
#295=FACE_BOUND('',#1794,.T.);
#296=FACE_BOUND('',#1808,.T.);
#297=FACE_BOUND('',#1811,.T.);
#298=FACE_BOUND('',#1814,.T.);
#299=FACE_BOUND('',#1817,.T.);
#300=FACE_BOUND('',#1820,.T.);
#301=FACE_BOUND('',#1823,.T.);
#302=FACE_BOUND('',#1825,.T.);
#303=FACE_BOUND('',#1828,.T.);
#304=B_SPLINE_CURVE_WITH_KNOTS('',3,(#9179,#9180,#9181,#9182,#9183,#9184),
 .UNSPECIFIED.,.F.,.F.,(4,1,1,4),(-0.162307043304411,-0.115933602360293,
-0.069560161416176,0.),.UNSPECIFIED.);
#305=B_SPLINE_CURVE_WITH_KNOTS('',3,(#9187,#9188,#9189,#9190,#9191,#9192),
 .UNSPECIFIED.,.F.,.F.,(4,1,1,4),(-0.16230902377276,-0.0695610101883257,
-0.0347805050941628,0.),.UNSPECIFIED.);
#306=B_SPLINE_CURVE_WITH_KNOTS('',3,(#9498,#9499,#9500,#9501,#9502,#9503,
#9504,#9505,#9506,#9507),.UNSPECIFIED.,.F.,.F.,(4,2,2,2,4),(0.0955835542710088,
0.110922646752382,0.222043432015953,0.33348324611057,0.445368264163425),
 .UNSPECIFIED.);
#307=B_SPLINE_CURVE_WITH_KNOTS('',3,(#9517,#9518,#9519,#9520,#9521,#9522,
#9523,#9524,#9525,#9526),.UNSPECIFIED.,.F.,.F.,(4,2,2,2,4),(1.33785242977315,
1.44973744723943,1.5611772610697,1.67229804629853,1.68763713890036),
 .UNSPECIFIED.);
#308=B_SPLINE_CURVE_WITH_KNOTS('',3,(#9532,#9533,#9534,#9535),
 .UNSPECIFIED.,.F.,.F.,(4,4),(0.732790770666438,0.797088375725985),
 .UNSPECIFIED.);
#309=B_SPLINE_CURVE_WITH_KNOTS('',3,(#9537,#9538,#9539,#9540,#9541,#9542,
#9543,#9544,#9545,#9546,#9547,#9548,#9549,#9550),.UNSPECIFIED.,.F.,.F.,
(4,2,2,2,2,2,4),(0.797088375725985,0.83824737995843,0.959805225205491,1.07956905339308,
1.19776390643217,1.32036477009055,1.35106777864815),.UNSPECIFIED.);
#310=B_SPLINE_CURVE_WITH_KNOTS('',3,(#9562,#9563,#9564,#9565,#9566,#9567,
#9568,#9569,#9570,#9571,#9572,#9573),.UNSPECIFIED.,.F.,.F.,(4,2,2,2,2,4),
(0.732790770667066,0.838247379959214,0.959805225206446,1.0795690533942,
1.19776390643345,1.28680932701271),.UNSPECIFIED.);
#311=B_SPLINE_CURVE_WITH_KNOTS('',3,(#9575,#9576,#9577,#9578,#9579,#9580),
 .UNSPECIFIED.,.F.,.F.,(4,2,4),(1.28680932701271,1.32036477009199,1.35106777864964),
 .UNSPECIFIED.);
#312=B_SPLINE_CURVE_WITH_KNOTS('',3,(#9594,#9595,#9596,#9597,#9598,#9599,
#9600,#9601,#9602,#9603),.UNSPECIFIED.,.F.,.F.,(4,2,2,2,4),(0.0955835542580027,
0.110922646859827,0.222043432088654,0.333483245918932,0.445368263385207),
 .UNSPECIFIED.);
#313=B_SPLINE_CURVE_WITH_KNOTS('',3,(#9609,#9610,#9611,#9612,#9613,#9614,
#9615,#9616,#9617,#9618),.UNSPECIFIED.,.F.,.F.,(4,2,2,2,4),(1.33785244319911,
1.44973746125196,1.56117727534658,1.67229806061015,1.68763715309152),
 .UNSPECIFIED.);
#314=B_SPLINE_CURVE_WITH_KNOTS('',3,(#9672,#9673,#9674,#9675,#9676,#9677,
#9678,#9679,#9680,#9681,#9682,#9683,#9684,#9685,#9686,#9687,#9688,#9689,
#9690,#9691,#9692,#9693,#9694,#9695),.UNSPECIFIED.,.F.,.F.,(4,2,2,2,2,2,
2,2,2,2,2,4),(0.235761095699883,0.23616735723093,0.236863255756494,0.237559154282058,
0.238950951333186,0.241734545435442,0.247301733639955,0.25843611004898,
0.266642660217017,0.270745935301036,0.274849210385055,0.275355898958123),
 .UNSPECIFIED.);
#315=B_SPLINE_CURVE_WITH_KNOTS('',3,(#9699,#9700,#9701,#9702,#9703,#9704,
#9705,#9706,#9707,#9708,#9709,#9710,#9711,#9712,#9713,#9714,#9715,#9716,
#9717,#9718,#9719,#9720,#9721,#9722),.UNSPECIFIED.,.F.,.F.,(4,2,2,2,2,2,
2,2,2,2,2,4),(0.0395339106831168,0.0400405992561848,0.0441438743402036,
0.0482471494242223,0.0564536995922599,0.067588076001285,0.0731552642057975,
0.0759388583080538,0.077330655359182,0.078026553884746,0.0787224524103101,
0.0791287139413567),.UNSPECIFIED.);
#316=B_SPLINE_CURVE_WITH_KNOTS('',3,(#9738,#9739,#9740,#9741),
 .UNSPECIFIED.,.F.,.F.,(4,4),(0.263086998423184,0.26680738251736),
 .UNSPECIFIED.);
#317=B_SPLINE_CURVE_WITH_KNOTS('',3,(#9812,#9813,#9814,#9815),
 .UNSPECIFIED.,.F.,.F.,(4,4),(0.,0.00372038409417587),.UNSPECIFIED.);
#318=B_SPLINE_CURVE_WITH_KNOTS('',3,(#10012,#10013,#10014,#10015,#10016,
#10017),.UNSPECIFIED.,.F.,.F.,(4,1,1,4),(-0.304630235050318,-0.217593025035941,
-0.130555815021565,-4.48071380618169E-16),.UNSPECIFIED.);
#319=B_SPLINE_CURVE_WITH_KNOTS('',3,(#10019,#10020,#10021,#10022),
 .UNSPECIFIED.,.F.,.F.,(4,4),(-0.103953315657187,0.),.UNSPECIFIED.);
#320=B_SPLINE_CURVE_WITH_KNOTS('',3,(#10026,#10027,#10028,#10029,#10030),
 .UNSPECIFIED.,.F.,.F.,(4,1,4),(-0.0955519004364144,-0.081901628945498,
0.),.UNSPECIFIED.);
#321=B_SPLINE_CURVE_WITH_KNOTS('',3,(#10110,#10111,#10112,#10113,#10114),
 .UNSPECIFIED.,.F.,.F.,(4,1,4),(-0.095551900331877,-0.0136502714759824,
0.),.UNSPECIFIED.);
#322=B_SPLINE_CURVE_WITH_KNOTS('',3,(#10118,#10119,#10120,#10121),
 .UNSPECIFIED.,.F.,.F.,(4,4),(0.,0.103953315657187),.UNSPECIFIED.);
#323=B_SPLINE_CURVE_WITH_KNOTS('',3,(#10123,#10124,#10125,#10126,#10127),
 .UNSPECIFIED.,.F.,.F.,(4,1,4),(-0.304639282649961,-0.130559692564269,0.),
 .UNSPECIFIED.);
#324=B_SPLINE_CURVE_WITH_KNOTS('',3,(#10243,#10244,#10245,#10246),
 .UNSPECIFIED.,.F.,.F.,(4,4),(0.,0.103953315657187),.UNSPECIFIED.);
#325=B_SPLINE_CURVE_WITH_KNOTS('',3,(#10281,#10282,#10283,#10284,#10285,
#10286),.UNSPECIFIED.,.F.,.F.,(4,1,1,4),(4.48071380618169E-16,0.130555815021565,
0.217593025035941,0.304630235050318),.UNSPECIFIED.);
#326=B_SPLINE_CURVE_WITH_KNOTS('',3,(#10314,#10315,#10316,#10317,#10318),
 .UNSPECIFIED.,.F.,.F.,(4,1,4),(0.,0.081901628945498,0.0955519004364144),
 .UNSPECIFIED.);
#327=B_SPLINE_CURVE_WITH_KNOTS('',3,(#10364,#10365,#10366,#10367),
 .UNSPECIFIED.,.F.,.F.,(4,4),(-0.103953315657187,0.),.UNSPECIFIED.);
#328=B_SPLINE_CURVE_WITH_KNOTS('',3,(#10394,#10395,#10396,#10397,#10398),
 .UNSPECIFIED.,.F.,.F.,(4,1,4),(0.,0.0136502714759824,0.095551900331877),
 .UNSPECIFIED.);
#329=B_SPLINE_CURVE_WITH_KNOTS('',3,(#10434,#10435,#10436,#10437,#10438),
 .UNSPECIFIED.,.F.,.F.,(4,1,4),(0.,0.130559692564269,0.304639282649961),
 .UNSPECIFIED.);
#330=B_SPLINE_CURVE_WITH_KNOTS('',3,(#10449,#10450,#10451,#10452,#10453,
#10454,#10455,#10456,#10457,#10458),.UNSPECIFIED.,.F.,.F.,(4,2,2,2,4),(0.,
0.121569938460739,0.243139876921478,0.325475094237764,0.407810311554049),
 .UNSPECIFIED.);
#331=B_SPLINE_CURVE_WITH_KNOTS('',3,(#10466,#10467,#10468,#10469,#10470,
#10471),.UNSPECIFIED.,.F.,.F.,(4,1,1,4),(-1.00361386576354,-0.465751650883407,
-0.232875825441704,0.),.UNSPECIFIED.);
#332=B_SPLINE_CURVE_WITH_KNOTS('',3,(#10474,#10475,#10476,#10477,#10478),
 .UNSPECIFIED.,.F.,.F.,(4,1,4),(0.,0.465990922330562,1.0041142768911),
 .UNSPECIFIED.);
#333=B_SPLINE_CURVE_WITH_KNOTS('',3,(#10508,#10509,#10510,#10511,#10512),
 .UNSPECIFIED.,.F.,.F.,(4,1,4),(-1.08731215210465,-0.465990922330562,0.),
 .UNSPECIFIED.);
#334=B_SPLINE_CURVE_WITH_KNOTS('',3,(#10524,#10525,#10526,#10527,#10528,
#10529,#10530,#10531,#10532,#10533,#10534,#10535,#10536,#10537),
 .UNSPECIFIED.,.F.,.F.,(4,2,2,2,2,2,4),(0.732790770667248,0.838247379959448,
0.959805225206754,1.07956905339458,1.1977639064339,1.32036477009251,1.35106777865017),
 .UNSPECIFIED.);
#335=B_SPLINE_CURVE_WITH_KNOTS('',3,(#10541,#10542,#10543,#10544,#10545,
#10546,#10547,#10548,#10549,#10550,#10551,#10552,#10553,#10554),
 .UNSPECIFIED.,.F.,.F.,(4,2,2,2,2,2,4),(0.732790770667343,0.838247379959566,
0.959805225206893,1.07956905339474,1.19776390643409,1.32036477009272,1.35106777865039),
 .UNSPECIFIED.);
#336=B_SPLINE_CURVE_WITH_KNOTS('',3,(#10594,#10595,#10596,#10597,#10598,
#10599),.UNSPECIFIED.,.F.,.F.,(4,1,1,4),(0.,0.232875825441704,0.465751650883407,
1.08675385206128),.UNSPECIFIED.);
#337=B_SPLINE_CURVE_WITH_KNOTS('',3,(#10610,#10611,#10612,#10613,#10614),
 .UNSPECIFIED.,.F.,.F.,(4,1,4),(0.,0.0238725529950767,0.0477451059901533),
 .UNSPECIFIED.);
#338=B_SPLINE_CURVE_WITH_KNOTS('',3,(#10662,#10663,#10664,#10665),
 .UNSPECIFIED.,.F.,.F.,(4,4),(0.725138184887797,0.819608674703713),
 .UNSPECIFIED.);
#339=B_SPLINE_CURVE_WITH_KNOTS('',3,(#10667,#10668,#10669,#10670),
 .UNSPECIFIED.,.F.,.F.,(4,4),(0.819608674703713,0.87612499696214),
 .UNSPECIFIED.);
#340=B_SPLINE_CURVE_WITH_KNOTS('',3,(#10674,#10675,#10676,#10677,#10678,
#10679),.UNSPECIFIED.,.F.,.F.,(4,2,4),(0.0645560443586083,0.0651330514137215,
0.0654353614332511),.UNSPECIFIED.);
#341=B_SPLINE_CURVE_WITH_KNOTS('',3,(#10720,#10721,#10722,#10723,#10724,
#10725,#10726,#10727,#10728,#10729),.UNSPECIFIED.,.F.,.F.,(4,2,2,2,4),(0.0279339296582383,
0.0494912962660301,0.0543078366449453,0.0556315295264691,0.056955222407993),
 .UNSPECIFIED.);
#342=B_SPLINE_CURVE_WITH_KNOTS('',3,(#10774,#10775,#10776,#10777,#10778),
 .UNSPECIFIED.,.F.,.F.,(4,1,4),(-0.0107187464498103,-0.00459374847849025,
-2.44566657434198E-16),.UNSPECIFIED.);
#343=B_SPLINE_CURVE_WITH_KNOTS('',3,(#10779,#10780,#10781,#10782,#10783),
 .UNSPECIFIED.,.F.,.F.,(4,1,4),(2.44566657434198E-16,0.00459374847849025,
0.0107187464498103),.UNSPECIFIED.);
#344=B_SPLINE_CURVE_WITH_KNOTS('',3,(#10810,#10811,#10812,#10813,#10814,
#10815,#10816,#10817,#10818,#10819,#10820,#10821,#10822,#10823,#10824,#10825,
#10826,#10827,#10828,#10829,#10830,#10831,#10832,#10833,#10834,#10835,#10836,
#10837,#10838,#10839,#10840,#10841,#10842,#10843,#10844,#10845,#10846,#10847,
#10848,#10849,#10850,#10851,#10852,#10853,#10854,#10855,#10856,#10857,#10858,
#10859,#10860,#10861,#10862,#10863,#10864,#10865,#10866,#10867,#10868,#10869,
#10870,#10871,#10872,#10873),.UNSPECIFIED.,.F.,.F.,(4,3,3,3,3,3,3,3,3,3,
3,3,3,3,3,3,3,3,3,3,3,4),(0.,0.00186303801340475,0.00226687390609458,0.00302668121425571,
0.00325587903229279,0.00330501603882039,0.00335166246509989,0.00368605770710449,
0.00404877632229406,0.00457760001319658,0.005556854793029,0.0056777887642069,
0.00763022438994714,0.0109094947254902,0.014670123301015,0.0170984822232247,
0.0173369203677197,0.0210063958659099,0.0234465092148185,0.0255782937026721,
0.0269974737194503,0.0304724616515243),.UNSPECIFIED.);
#345=B_SPLINE_CURVE_WITH_KNOTS('',3,(#10874,#10875,#10876,#10877),
 .UNSPECIFIED.,.F.,.F.,(4,4),(-0.00365667504170087,1.04511810352583E-7),
 .UNSPECIFIED.);
#346=B_SPLINE_CURVE_WITH_KNOTS('',3,(#10878,#10879,#10880,#10881,#10882,
#10883,#10884),.UNSPECIFIED.,.F.,.F.,(4,3,4),(0.0177380401116968,0.0191904270164402,
0.0200082256028631),.UNSPECIFIED.);
#347=B_SPLINE_CURVE_WITH_KNOTS('',3,(#10896,#10897,#10898,#10899),
 .UNSPECIFIED.,.F.,.F.,(4,4),(0.633179488440364,0.689695810698791),
 .UNSPECIFIED.);
#348=B_SPLINE_CURVE_WITH_KNOTS('',3,(#10919,#10920,#10921,#10922,#10923,
#10924,#10925,#10926,#10927,#10928),.UNSPECIFIED.,.F.,.F.,(4,2,2,2,4),(-0.0569552224079935,
-0.0556315295264695,-0.0543078366449455,-0.049491296266031,-0.0279339296582383),
 .UNSPECIFIED.);
#349=B_SPLINE_CURVE_WITH_KNOTS('',3,(#10942,#10943,#10944,#10945,#10946,
#10947,#10948,#10949,#10950,#10951,#10952,#10953,#10954,#10955,#10956,#10957,
#10958,#10959,#10960,#10961,#10962,#10963,#10964,#10965,#10966,#10967,#10968,
#10969,#10970,#10971),.UNSPECIFIED.,.F.,.F.,(4,2,2,2,2,2,2,2,2,2,2,2,2,
2,4),(0.0245784041321064,0.0262916571397726,0.0286043007212147,0.0310659708833374,
0.0323510204507231,0.0328763131212674,0.033179815309193,0.0334651899650417,
0.0336414140638608,0.0337758260654195,0.0339041769558635,0.0340486792827206,
0.0343501810443726,0.0347620944374189,0.034925551911193),.UNSPECIFIED.);
#350=B_SPLINE_CURVE_WITH_KNOTS('',3,(#10979,#10980,#10981,#10982,#10983,
#10984),.UNSPECIFIED.,.F.,.F.,(4,1,1,4),(0.,0.0441208905238089,0.0882417810476177,
0.154423116833331),.UNSPECIFIED.);
#351=B_SPLINE_CURVE_WITH_KNOTS('',3,(#10991,#10992,#10993,#10994,#10995,
#10996),.UNSPECIFIED.,.F.,.F.,(4,2,4),(0.0508126579820114,0.0557724840697934,
0.0560970692549223),.UNSPECIFIED.);
#352=B_SPLINE_CURVE_WITH_KNOTS('',3,(#11025,#11026,#11027,#11028),
 .UNSPECIFIED.,.F.,.F.,(4,4),(-0.0768186692385216,0.),.UNSPECIFIED.);
#353=B_SPLINE_CURVE_WITH_KNOTS('',3,(#11032,#11033,#11034,#11035),
 .UNSPECIFIED.,.F.,.F.,(4,4),(0.,0.0637471520990932),.UNSPECIFIED.);
#354=B_SPLINE_CURVE_WITH_KNOTS('',3,(#11037,#11038,#11039,#11040),
 .UNSPECIFIED.,.F.,.F.,(4,4),(0.0637455477210074,0.0807659931720547),
 .UNSPECIFIED.);
#355=B_SPLINE_CURVE_WITH_KNOTS('',3,(#11041,#11042,#11043,#11044,#11045,
#11046,#11047),.UNSPECIFIED.,.F.,.F.,(4,3,4),(-0.000113280818513499,0.,
0.00311334381584606),.UNSPECIFIED.);
#356=B_SPLINE_CURVE_WITH_KNOTS('',3,(#11048,#11049,#11050,#11051),
 .UNSPECIFIED.,.F.,.F.,(4,4),(0.0768186692386575,0.0770712215869225),
 .UNSPECIFIED.);
#357=B_SPLINE_CURVE_WITH_KNOTS('',3,(#11088,#11089,#11090,#11091,#11092),
 .UNSPECIFIED.,.F.,.F.,(4,1,4),(-0.0477451059901533,-0.0238725529950767,
0.),.UNSPECIFIED.);
#358=B_SPLINE_CURVE_WITH_KNOTS('',3,(#11143,#11144,#11145,#11146,#11147),
 .UNSPECIFIED.,.F.,.F.,(4,1,4),(0.,0.5,1.),.UNSPECIFIED.);
#359=B_SPLINE_CURVE_WITH_KNOTS('',3,(#11149,#11150,#11151,#11152),
 .UNSPECIFIED.,.F.,.F.,(4,4),(0.,0.0259190111690812),.UNSPECIFIED.);
#360=B_SPLINE_CURVE_WITH_KNOTS('',3,(#11182,#11183,#11184,#11185,#11186,
#11187),.UNSPECIFIED.,.F.,.F.,(4,2,4),(-0.0640768807586308,0.,0.0003032760332869),
 .UNSPECIFIED.);
#361=B_SPLINE_CURVE_WITH_KNOTS('',3,(#11188,#11189,#11190,#11191,#11192,
#11193),.UNSPECIFIED.,.F.,.F.,(4,2,4),(-0.0003032760332869,0.,0.0640768807586308),
 .UNSPECIFIED.);
#362=B_SPLINE_CURVE_WITH_KNOTS('',3,(#11229,#11230,#11231,#11232,#11233,
#11234),.UNSPECIFIED.,.F.,.F.,(4,1,1,4),(-0.154423116833331,-0.0882417810476177,
-0.0441208905238089,0.),.UNSPECIFIED.);
#363=B_SPLINE_CURVE_WITH_KNOTS('',3,(#11269,#11270,#11271,#11272,#11273,
#11274),.UNSPECIFIED.,.F.,.F.,(4,1,1,4),(-0.154426427159214,-0.11030459082801,
-0.066182754496806,-1.08730216131551E-16),.UNSPECIFIED.);
#364=B_SPLINE_CURVE_WITH_KNOTS('',3,(#11275,#11276,#11277,#11278,#11279,
#11280),.UNSPECIFIED.,.F.,.F.,(4,1,1,4),(1.08730216131551E-16,0.066182754496806,
0.11030459082801,0.154426427159214),.UNSPECIFIED.);
#365=B_SPLINE_CURVE_WITH_KNOTS('',3,(#11353,#11354,#11355,#11356,#11357,
#11358,#11359,#11360),.UNSPECIFIED.,.F.,.F.,(4,1,1,1,1,4),(-0.0982653445993853,
-0.0912463914137149,-0.0842274382280445,-0.0701895318567038,-0.056151625485363,
0.),.UNSPECIFIED.);
#366=B_SPLINE_CURVE_WITH_KNOTS('',3,(#11361,#11362,#11363,#11364,#11365,
#11366,#11367,#11368,#11369,#11370,#11371,#11372,#11373,#11374,#11375,#11376),
 .UNSPECIFIED.,.F.,.F.,(4,3,3,3,3,4),(0.191066512461134,0.197494961955377,
0.203923411449621,0.216780310438107,0.229637209426593,0.281064805380538),
 .UNSPECIFIED.);
#367=B_SPLINE_CURVE_WITH_KNOTS('',3,(#11420,#11421,#11422,#11423,#11424,
#11425,#11426,#11427,#11428,#11429,#11430,#11431,#11432,#11433,#11434,#11435),
 .UNSPECIFIED.,.F.,.F.,(4,3,3,3,3,4),(0.222036689753629,0.26060738671857,
0.286321184695198,0.299178083683512,0.305606533177669,0.312034982671826),
 .UNSPECIFIED.);
#368=B_SPLINE_CURVE_WITH_KNOTS('',3,(#11436,#11437,#11438,#11439,#11440,
#11441,#11442,#11443),.UNSPECIFIED.,.F.,.F.,(4,1,1,1,1,4),(-0.210680320226387,
-0.168566594236914,-0.140490776910598,-0.126452868247441,-0.119433913915862,
-0.112414959584283),.UNSPECIFIED.);
#369=B_SPLINE_CURVE_WITH_KNOTS('',3,(#11463,#11464,#11465,#11466),
 .UNSPECIFIED.,.F.,.F.,(4,4),(-0.00637456438682074,-2.11002662833661E-9),
 .UNSPECIFIED.);
#370=B_SPLINE_CURVE_WITH_KNOTS('',3,(#11467,#11468,#11469,#11470),
 .UNSPECIFIED.,.F.,.F.,(4,4),(0.186594315564622,0.191066512461134),
 .UNSPECIFIED.);
#371=B_SPLINE_CURVE_WITH_KNOTS('',3,(#11490,#11491,#11492,#11493),
 .UNSPECIFIED.,.F.,.F.,(4,4),(0.312034982671826,0.316507179569546),
 .UNSPECIFIED.);
#372=B_SPLINE_CURVE_WITH_KNOTS('',3,(#11494,#11495,#11496,#11497),
 .UNSPECIFIED.,.F.,.F.,(4,4),(-0.00637418179089395,3.86995523745282E-13),
 .UNSPECIFIED.);
#373=B_SPLINE_CURVE_WITH_KNOTS('',3,(#11515,#11516,#11517,#11518),
 .UNSPECIFIED.,.F.,.F.,(4,4),(0.175238995222918,0.186594315564622),
 .UNSPECIFIED.);
#374=B_SPLINE_CURVE_WITH_KNOTS('',3,(#11519,#11520,#11521,#11522),
 .UNSPECIFIED.,.F.,.F.,(4,4),(-0.0162738148765842,0.),.UNSPECIFIED.);
#375=B_SPLINE_CURVE_WITH_KNOTS('',3,(#11540,#11541,#11542,#11543),
 .UNSPECIFIED.,.F.,.F.,(4,4),(-0.0161983074473324,7.550742927112E-5),
 .UNSPECIFIED.);
#376=B_SPLINE_CURVE_WITH_KNOTS('',3,(#11544,#11545,#11546,#11547),
 .UNSPECIFIED.,.F.,.F.,(4,4),(0.316507179569546,0.327862499911245),
 .UNSPECIFIED.);
#377=B_SPLINE_CURVE_WITH_KNOTS('',3,(#11562,#11563,#11564,#11565,#11566,
#11567),.UNSPECIFIED.,.F.,.F.,(4,1,1,4),(0.00284308486304184,0.021364523268449,
0.0356075387807499,0.0498505542930507),.UNSPECIFIED.);
#378=B_SPLINE_CURVE_WITH_KNOTS('',3,(#11589,#11590,#11591,#11592,#11593,
#11594),.UNSPECIFIED.,.F.,.F.,(4,1,1,4),(0.0792849288932487,0.0935279442783199,
0.107770959663391,0.126292397928887),.UNSPECIFIED.);
#379=B_SPLINE_CURVE_WITH_KNOTS('',3,(#11683,#11684,#11685,#11686,#11687,
#11688,#11689,#11690,#11691),.UNSPECIFIED.,.F.,.F.,(4,1,1,1,1,1,4),(-0.201940461047669,
-0.173091823755145,-0.144243186462621,-0.115394549170097,-0.0865459118775725,
-0.0576972745850484,-2.63647369218206E-16),.UNSPECIFIED.);
#380=B_SPLINE_CURVE_WITH_KNOTS('',3,(#11692,#11693,#11694,#11695,#11696,
#11697,#11698,#11699,#11700),.UNSPECIFIED.,.F.,.F.,(4,1,1,1,1,1,4),(2.63647369218206E-16,
0.0576972745850484,0.0865459118775725,0.115394549170097,0.144243186462621,
0.173091823755145,0.201940461047669),.UNSPECIFIED.);
#381=B_SPLINE_CURVE_WITH_KNOTS('',3,(#11770,#11771,#11772,#11773,#11774,
#11775,#11776,#11777,#11778),.UNSPECIFIED.,.F.,.F.,(4,1,1,1,1,1,4),(-0.201940461047669,
-0.173091823755145,-0.144243186462621,-0.115394549170096,-0.0865459118775724,
-0.0576972745850482,0.),.UNSPECIFIED.);
#382=B_SPLINE_CURVE_WITH_KNOTS('',3,(#11782,#11783,#11784,#11785,#11786,
#11787),.UNSPECIFIED.,.F.,.F.,(4,1,1,4),(0.,0.0576972745850482,0.0865459118775724,
0.100969344908066),.UNSPECIFIED.);
#383=B_SPLINE_CURVE_WITH_KNOTS('',3,(#11788,#11789,#11790,#11791,#11792,
#11793,#11794),.UNSPECIFIED.,.F.,.F.,(4,1,1,1,4),(0.100969344908066,0.115394549170096,
0.144243186462621,0.173091823755145,0.201940461047669),.UNSPECIFIED.);
#384=B_SPLINE_CURVE_WITH_KNOTS('',3,(#11803,#11804,#11805,#11806,#11807,
#11808,#11809,#11810),.UNSPECIFIED.,.F.,.F.,(4,1,1,1,1,4),(0.,0.00414168823274013,
0.00828337646548025,0.0165667529309605,0.0207084411637006,0.0289918176291809),
 .UNSPECIFIED.);
#385=B_SPLINE_CURVE_WITH_KNOTS('',3,(#11811,#11812,#11813,#11814,#11815),
 .UNSPECIFIED.,.F.,.F.,(4,1,4),(0.170910411121287,0.185150844863414,0.19939127860554),
 .UNSPECIFIED.);
#386=B_SPLINE_CURVE_WITH_KNOTS('',3,(#11822,#11823,#11824,#11825,#11826,
#11827,#11828,#11829,#11830,#11831,#11832,#11833,#11834,#11835,#11836,#11837,
#11838,#11839,#11840,#11841,#11842,#11843,#11844,#11845,#11846,#11847,#11848,
#11849,#11850,#11851,#11852),.UNSPECIFIED.,.F.,.F.,(4,3,3,3,3,3,3,3,3,3,
4),(-0.02646517347353,-0.0224672977852776,-0.0186849056173865,-0.0145510979649297,
-0.0111184631827714,-0.0108948934083655,-0.00686765673108947,-0.0054041924988958,
-0.00134446819850118,0.,0.000119426576014276),.UNSPECIFIED.);
#387=B_SPLINE_CURVE_WITH_KNOTS('',3,(#11930,#11931,#11932,#11933,#11934,
#11935,#11936,#11937,#11938,#11939,#11940,#11941,#11942,#11943,#11944,#11945),
 .UNSPECIFIED.,.F.,.F.,(4,3,3,3,3,4),(0.00630647026104727,0.0210087642520057,
0.0283599112475045,0.0430622052385022,0.0504133522340011,0.0577644992294999),
 .UNSPECIFIED.);
#388=B_SPLINE_CURVE_WITH_KNOTS('',3,(#11963,#11964,#11965,#11966),
 .UNSPECIFIED.,.F.,.F.,(4,4),(0.,0.00365032328528508),.UNSPECIFIED.);
#389=B_SPLINE_CURVE_WITH_KNOTS('',3,(#11967,#11968,#11969,#11970),
 .UNSPECIFIED.,.F.,.F.,(4,4),(0.,0.00423633884929851),.UNSPECIFIED.);
#390=B_SPLINE_CURVE_WITH_KNOTS('',3,(#11973,#11974,#11975,#11976,#11977,
#11978,#11979),.UNSPECIFIED.,.F.,.F.,(4,1,1,1,4),(0.,0.0144581554526239,
0.0289163109052478,0.0433744663578716,0.101207088168367),.UNSPECIFIED.);
#391=B_SPLINE_CURVE_WITH_KNOTS('',3,(#11986,#11987,#11988,#11989),
 .UNSPECIFIED.,.F.,.F.,(4,4),(0.00365039656185468,0.0420092813623483),
 .UNSPECIFIED.);
#392=B_SPLINE_CURVE_WITH_KNOTS('',3,(#11992,#11993,#11994,#11995,#11996,
#11997,#11998,#11999,#12000,#12001,#12002,#12003,#12004,#12005,#12006,#12007,
#12008,#12009,#12010,#12011,#12012,#12013,#12014,#12015,#12016,#12017,#12018,
#12019,#12020,#12021,#12022),.UNSPECIFIED.,.F.,.F.,(4,3,3,3,3,3,3,3,3,3,
4),(-0.0265729782152377,-0.0264535870445856,-0.0223927653554186,-0.020526174112853,
-0.0165026176085471,-0.015333964770208,-0.0144967217452776,-0.0103713605970468,
-0.00671290216426768,-0.00273406082561781,0.),.UNSPECIFIED.);
#393=B_SPLINE_CURVE_WITH_KNOTS('',3,(#12054,#12055,#12056,#12057,#12058),
 .UNSPECIFIED.,.F.,.F.,(4,1,4),(-0.0263282739897627,-0.0131641369948814,
0.),.UNSPECIFIED.);
#394=B_SPLINE_CURVE_WITH_KNOTS('',3,(#12091,#12092,#12093,#12094,#12095,
#12096,#12097,#12098,#12099,#12100),.UNSPECIFIED.,.F.,.F.,(4,2,2,2,4),(0.,
0.00808105118334645,0.0173483563213206,0.0246566730194674,0.0343457465622845),
 .UNSPECIFIED.);
#395=B_SPLINE_CURVE_WITH_KNOTS('',3,(#12101,#12102,#12103,#12104,#12105,
#12106),.UNSPECIFIED.,.F.,.F.,(4,2,4),(-0.000113893343883578,0.,0.0213121856644222),
 .UNSPECIFIED.);
#396=B_SPLINE_CURVE_WITH_KNOTS('',3,(#12137,#12138,#12139,#12140,#12141,
#12142,#12143,#12144,#12145,#12146),.UNSPECIFIED.,.F.,.F.,(4,3,3,4),(0.130077993306194,
0.14943270841336,0.162335851818139,0.175238995222918),.UNSPECIFIED.);
#397=B_SPLINE_CURVE_WITH_KNOTS('',3,(#12177,#12178,#12179,#12180,#12181,
#12182,#12183,#12184,#12185,#12186),.UNSPECIFIED.,.F.,.F.,(4,3,3,4),(0.327862499911245,
0.340765643316025,0.353668786720805,0.373023501827973),.UNSPECIFIED.);
#398=B_SPLINE_CURVE_WITH_KNOTS('',3,(#12212,#12213,#12214,#12215),
 .UNSPECIFIED.,.F.,.F.,(4,4),(-0.211455619108589,-0.205513258807505),
 .UNSPECIFIED.);
#399=B_SPLINE_CURVE_WITH_KNOTS('',3,(#12216,#12217,#12218,#12219),
 .UNSPECIFIED.,.F.,.F.,(4,4),(0.184080654641334,0.211455619108589),
 .UNSPECIFIED.);
#400=B_SPLINE_CURVE_WITH_KNOTS('',3,(#12282,#12283,#12284,#12285,#12286,
#12287),.UNSPECIFIED.,.F.,.F.,(4,1,1,4),(-0.0637031205056498,-0.045502228932607,
-0.0318515602528249,0.),.UNSPECIFIED.);
#401=B_SPLINE_CURVE_WITH_KNOTS('',3,(#12288,#12289,#12290,#12291,#12292,
#12293),.UNSPECIFIED.,.F.,.F.,(4,1,1,4),(0.,0.0318515602528249,0.045502228932607,
0.0637031205056498),.UNSPECIFIED.);
#402=B_SPLINE_CURVE_WITH_KNOTS('',3,(#12319,#12320,#12321,#12322),
 .UNSPECIFIED.,.F.,.F.,(4,4),(-0.0420092813623483,0.),.UNSPECIFIED.);
#403=B_SPLINE_CURVE_WITH_KNOTS('',3,(#12349,#12350,#12351,#12352,#12353),
 .UNSPECIFIED.,.F.,.F.,(4,1,4),(0.216082777109042,0.22853916309068,0.245147677732863),
 .UNSPECIFIED.);
#404=B_SPLINE_CURVE_WITH_KNOTS('',3,(#12423,#12424,#12425,#12426,#12427,
#12428,#12429,#12430,#12431,#12432),.UNSPECIFIED.,.F.,.F.,(4,1,1,1,1,2,
4),(-0.184550651724576,-0.147640521379661,-0.110730391034746,-0.0738202606898304,
-0.0369101303449152,0.,0.000946163397457299),.UNSPECIFIED.);
#405=B_SPLINE_CURVE_WITH_KNOTS('',3,(#12433,#12434,#12435,#12436,#12437,
#12438,#12439,#12440,#12441,#12442),.UNSPECIFIED.,.F.,.F.,(4,2,1,1,1,1,
4),(-0.000946163397593407,0.,0.0369101303449152,0.0738202606898304,0.110730391034746,
0.147640521379661,0.184550651724576),.UNSPECIFIED.);
#406=B_SPLINE_CURVE_WITH_KNOTS('',3,(#12486,#12487,#12488,#12489,#12490,
#12491),.UNSPECIFIED.,.F.,.F.,(4,1,1,4),(-0.101207080993884,-0.0722907721384883,
-0.043374463283093,-1.12302883299918E-16),.UNSPECIFIED.);
#407=B_SPLINE_CURVE_WITH_KNOTS('',3,(#12492,#12493,#12494,#12495,#12496,
#12497),.UNSPECIFIED.,.F.,.F.,(4,1,1,4),(1.12302883299918E-16,0.043374463283093,
0.0722907721384883,0.101207080993884),.UNSPECIFIED.);
#408=B_SPLINE_CURVE_WITH_KNOTS('',3,(#12544,#12545,#12546,#12547,#12548,
#12549,#12550,#12551),.UNSPECIFIED.,.F.,.F.,(4,1,1,1,1,4),(-1.26234951470712,
-1.20329631552515,-1.14424311634319,-1.09995321695672,-1.08518991716123,
-1.05566331757025),.UNSPECIFIED.);
#409=B_SPLINE_CURVE_WITH_KNOTS('',3,(#12552,#12553,#12554,#12555),
 .UNSPECIFIED.,.F.,.F.,(4,4),(1.05566331757025,1.06576334165966),
 .UNSPECIFIED.);
#410=B_SPLINE_CURVE_WITH_KNOTS('',3,(#12601,#12602,#12603,#12604,#12605,
#12606,#12607),.UNSPECIFIED.,.F.,.F.,(4,1,1,1,4),(-0.101207088168367,-0.0433744663578716,
-0.0289163109052478,-0.0144581554526239,0.),.UNSPECIFIED.);
#411=B_SPLINE_CURVE_WITH_KNOTS('',3,(#12643,#12644,#12645,#12646),
 .UNSPECIFIED.,.F.,.F.,(4,4),(0.689695810698791,0.784166300514706),
 .UNSPECIFIED.);
#412=B_SPLINE_CURVE_WITH_KNOTS('',3,(#12693,#12694,#12695,#12696),
 .UNSPECIFIED.,.F.,.F.,(4,4),(0.733049255162048,0.758184420309474),
 .UNSPECIFIED.);
#413=B_SPLINE_CURVE_WITH_KNOTS('',3,(#12703,#12704,#12705,#12706),
 .UNSPECIFIED.,.F.,.F.,(4,4),(0.,0.0251351651474255),.UNSPECIFIED.);
#414=B_SPLINE_CURVE_WITH_KNOTS('',3,(#12720,#12721,#12722,#12723),
 .UNSPECIFIED.,.F.,.F.,(4,4),(0.,0.0251351896087927),.UNSPECIFIED.);
#415=B_SPLINE_CURVE_WITH_KNOTS('',3,(#12727,#12728,#12729,#12730),
 .UNSPECIFIED.,.F.,.F.,(4,4),(0.733126122105453,0.758261311714245),
 .UNSPECIFIED.);
#416=B_SPLINE_CURVE_WITH_KNOTS('',3,(#12763,#12764,#12765,#12766,#12767,
#12768,#12769,#12770,#12771,#12772),.UNSPECIFIED.,.F.,.F.,(4,2,2,2,4),(1.01821852911234,
1.10055374642862,1.18288896374491,1.30445890220565,1.42602884066639),
 .UNSPECIFIED.);
#417=CYLINDRICAL_SURFACE('',#6496,12.);
#418=CYLINDRICAL_SURFACE('',#6502,2.);
#419=CYLINDRICAL_SURFACE('',#6505,12.);
#420=CYLINDRICAL_SURFACE('',#6508,2.);
#421=CYLINDRICAL_SURFACE('',#6511,2.);
#422=CYLINDRICAL_SURFACE('',#6645,2.);
#423=CYLINDRICAL_SURFACE('',#6649,2.);
#424=CYLINDRICAL_SURFACE('',#6653,1.25);
#425=CYLINDRICAL_SURFACE('',#6654,1.25);
#426=CYLINDRICAL_SURFACE('',#6655,0.2);
#427=CYLINDRICAL_SURFACE('',#6659,0.2);
#428=CYLINDRICAL_SURFACE('',#6661,0.2);
#429=CYLINDRICAL_SURFACE('',#6663,0.2);
#430=CYLINDRICAL_SURFACE('',#6665,0.2);
#431=CYLINDRICAL_SURFACE('',#6667,0.2);
#432=CYLINDRICAL_SURFACE('',#6669,0.2);
#433=CYLINDRICAL_SURFACE('',#6671,0.2);
#434=CYLINDRICAL_SURFACE('',#6673,0.2);
#435=CYLINDRICAL_SURFACE('',#6675,0.2);
#436=CYLINDRICAL_SURFACE('',#6677,0.2);
#437=CYLINDRICAL_SURFACE('',#6679,0.2);
#438=CYLINDRICAL_SURFACE('',#6681,0.2);
#439=CYLINDRICAL_SURFACE('',#6683,0.2);
#440=CYLINDRICAL_SURFACE('',#6685,0.2);
#441=CYLINDRICAL_SURFACE('',#6687,0.2);
#442=CYLINDRICAL_SURFACE('',#6701,1.);
#443=CYLINDRICAL_SURFACE('',#6705,1.);
#444=CYLINDRICAL_SURFACE('',#6709,1.);
#445=CYLINDRICAL_SURFACE('',#6713,2.);
#446=CYLINDRICAL_SURFACE('',#6791,2.);
#447=CYLINDRICAL_SURFACE('',#6797,2.);
#448=CYLINDRICAL_SURFACE('',#6801,2.);
#449=CYLINDRICAL_SURFACE('',#6807,2.);
#450=CYLINDRICAL_SURFACE('',#6816,2.);
#451=CYLINDRICAL_SURFACE('',#6820,2.);
#452=CYLINDRICAL_SURFACE('',#6827,2.);
#453=CYLINDRICAL_SURFACE('',#6829,2.);
#454=CYLINDRICAL_SURFACE('',#6830,2.);
#455=CYLINDRICAL_SURFACE('',#6831,3.5);
#456=CYLINDRICAL_SURFACE('',#6833,3.5);
#457=CYLINDRICAL_SURFACE('',#6840,3.);
#458=CYLINDRICAL_SURFACE('',#6845,3.);
#459=CYLINDRICAL_SURFACE('',#6852,12.);
#460=CYLINDRICAL_SURFACE('',#6857,10.);
#461=CYLINDRICAL_SURFACE('',#6863,3.5);
#462=CYLINDRICAL_SURFACE('',#6875,1.);
#463=CYLINDRICAL_SURFACE('',#6877,2.);
#464=CYLINDRICAL_SURFACE('',#6886,3.);
#465=CYLINDRICAL_SURFACE('',#6888,0.5);
#466=CYLINDRICAL_SURFACE('',#6890,1.75);
#467=CYLINDRICAL_SURFACE('',#6892,0.1);
#468=CYLINDRICAL_SURFACE('',#6899,11.6614378277661);
#469=CYLINDRICAL_SURFACE('',#6902,12.5);
#470=CYLINDRICAL_SURFACE('',#6908,0.1);
#471=CYLINDRICAL_SURFACE('',#6912,0.2);
#472=CYLINDRICAL_SURFACE('',#6915,0.1);
#473=CYLINDRICAL_SURFACE('',#6921,0.1);
#474=CYLINDRICAL_SURFACE('',#6926,0.1);
#475=CYLINDRICAL_SURFACE('',#6931,0.2);
#476=CYLINDRICAL_SURFACE('',#6933,0.2);
#477=CYLINDRICAL_SURFACE('',#6939,0.2);
#478=CYLINDRICAL_SURFACE('',#6941,0.2);
#479=CYLINDRICAL_SURFACE('',#6943,0.2);
#480=CYLINDRICAL_SURFACE('',#6966,0.2);
#481=CYLINDRICAL_SURFACE('',#6979,1.75);
#482=CYLINDRICAL_SURFACE('',#6985,1.75);
#483=CYLINDRICAL_SURFACE('',#6992,1.75);
#484=CYLINDRICAL_SURFACE('',#6998,0.5);
#485=CYLINDRICAL_SURFACE('',#7000,1.75);
#486=CYLINDRICAL_SURFACE('',#7002,0.200000000000002);
#487=CYLINDRICAL_SURFACE('',#7011,0.2);
#488=CYLINDRICAL_SURFACE('',#7015,0.2);
#489=CYLINDRICAL_SURFACE('',#7021,0.2);
#490=CYLINDRICAL_SURFACE('',#7027,0.2);
#491=CYLINDRICAL_SURFACE('',#7034,0.2);
#492=CYLINDRICAL_SURFACE('',#7040,12.);
#493=CYLINDRICAL_SURFACE('',#7042,1.);
#494=CYLINDRICAL_SURFACE('',#7043,0.1);
#495=CYLINDRICAL_SURFACE('',#7048,0.5);
#496=CYLINDRICAL_SURFACE('',#7051,0.5);
#497=CYLINDRICAL_SURFACE('',#7060,0.2);
#498=CYLINDRICAL_SURFACE('',#7062,0.5);
#499=CYLINDRICAL_SURFACE('',#7065,3.5);
#500=CYLINDRICAL_SURFACE('',#7066,3.5);
#501=CYLINDRICAL_SURFACE('',#7067,2.);
#502=CYLINDRICAL_SURFACE('',#7071,2.);
#503=CYLINDRICAL_SURFACE('',#7075,2.);
#504=CYLINDRICAL_SURFACE('',#7081,12.5);
#505=CYLINDRICAL_SURFACE('',#7083,12.5);
#506=CYLINDRICAL_SURFACE('',#7093,1.25);
#507=CYLINDRICAL_SURFACE('',#7094,1.25);
#508=CYLINDRICAL_SURFACE('',#7095,1.25);
#509=CYLINDRICAL_SURFACE('',#7096,1.25);
#510=CYLINDRICAL_SURFACE('',#7098,1.5);
#511=CYLINDRICAL_SURFACE('',#7099,1.5);
#512=CYLINDRICAL_SURFACE('',#7101,1.);
#513=CYLINDRICAL_SURFACE('',#7102,0.5);
#514=CYLINDRICAL_SURFACE('',#7103,2.);
#515=CYLINDRICAL_SURFACE('',#7105,2.);
#516=CYLINDRICAL_SURFACE('',#7109,2.);
#517=CYLINDRICAL_SURFACE('',#7112,1.);
#518=CYLINDRICAL_SURFACE('',#7116,1.);
#519=CYLINDRICAL_SURFACE('',#7124,1.);
#520=CYLINDRICAL_SURFACE('',#7127,1.);
#521=CYLINDRICAL_SURFACE('',#7130,2.);
#522=CYLINDRICAL_SURFACE('',#7132,1.);
#523=CYLINDRICAL_SURFACE('',#7134,3.);
#524=CYLINDRICAL_SURFACE('',#7135,3.);
#525=CYLINDRICAL_SURFACE('',#7136,3.);
#526=CYLINDRICAL_SURFACE('',#7140,3.);
#527=CYLINDRICAL_SURFACE('',#7144,3.);
#528=CYLINDRICAL_SURFACE('',#7148,3.);
#529=CYLINDRICAL_SURFACE('',#7152,3.);
#530=CYLINDRICAL_SURFACE('',#7155,3.);
#531=CYLINDRICAL_SURFACE('',#7159,3.);
#532=CYLINDRICAL_SURFACE('',#7162,1.75);
#533=CYLINDRICAL_SURFACE('',#7163,1.75);
#534=CYLINDRICAL_SURFACE('',#7164,1.75);
#535=CYLINDRICAL_SURFACE('',#7165,1.75);
#536=CYLINDRICAL_SURFACE('',#7166,1.5);
#537=CYLINDRICAL_SURFACE('',#7167,1.5);
#538=CYLINDRICAL_SURFACE('',#7168,1.5);
#539=CYLINDRICAL_SURFACE('',#7169,1.5);
#540=CYLINDRICAL_SURFACE('',#7170,1.5);
#541=CYLINDRICAL_SURFACE('',#7171,1.5);
#542=CYLINDRICAL_SURFACE('',#7172,1.5);
#543=CYLINDRICAL_SURFACE('',#7173,1.5);
#544=CYLINDRICAL_SURFACE('',#7174,1.5);
#545=CYLINDRICAL_SURFACE('',#7175,1.5);
#546=CYLINDRICAL_SURFACE('',#7176,1.5);
#547=CYLINDRICAL_SURFACE('',#7177,1.5);
#548=CYLINDRICAL_SURFACE('',#7178,1.5);
#549=CYLINDRICAL_SURFACE('',#7179,1.5);
#550=CYLINDRICAL_SURFACE('',#7180,1.5);
#551=CYLINDRICAL_SURFACE('',#7181,1.5);
#552=CYLINDRICAL_SURFACE('',#7182,1.5);
#553=CYLINDRICAL_SURFACE('',#7183,1.5);
#554=CYLINDRICAL_SURFACE('',#7184,1.5);
#555=CYLINDRICAL_SURFACE('',#7185,1.5);
#556=CYLINDRICAL_SURFACE('',#7186,1.5);
#557=CYLINDRICAL_SURFACE('',#7187,1.5);
#558=CYLINDRICAL_SURFACE('',#7188,1.5);
#559=CYLINDRICAL_SURFACE('',#7189,1.5);
#560=CYLINDRICAL_SURFACE('',#7190,1.5);
#561=CYLINDRICAL_SURFACE('',#7191,1.5);
#562=CYLINDRICAL_SURFACE('',#7192,1.5);
#563=CYLINDRICAL_SURFACE('',#7193,1.5);
#564=CYLINDRICAL_SURFACE('',#7194,1.5);
#565=CYLINDRICAL_SURFACE('',#7195,1.5);
#566=CYLINDRICAL_SURFACE('',#7196,1.5);
#567=CYLINDRICAL_SURFACE('',#7197,1.5);
#568=CYLINDRICAL_SURFACE('',#7198,1.5);
#569=CYLINDRICAL_SURFACE('',#7199,1.5);
#570=CYLINDRICAL_SURFACE('',#7200,1.5);
#571=CYLINDRICAL_SURFACE('',#7201,1.5);
#572=CYLINDRICAL_SURFACE('',#7202,1.5);
#573=CYLINDRICAL_SURFACE('',#7203,1.5);
#574=CYLINDRICAL_SURFACE('',#7204,1.5);
#575=CYLINDRICAL_SURFACE('',#7205,1.5);
#576=CYLINDRICAL_SURFACE('',#7206,1.5);
#577=CYLINDRICAL_SURFACE('',#7207,1.5);
#578=CYLINDRICAL_SURFACE('',#7208,1.5);
#579=CYLINDRICAL_SURFACE('',#7209,1.5);
#580=CYLINDRICAL_SURFACE('',#7210,1.5);
#581=CYLINDRICAL_SURFACE('',#7211,1.5);
#582=CYLINDRICAL_SURFACE('',#7212,1.5);
#583=CYLINDRICAL_SURFACE('',#7213,1.5);
#584=CYLINDRICAL_SURFACE('',#7214,1.5);
#585=CYLINDRICAL_SURFACE('',#7215,1.5);
#586=CYLINDRICAL_SURFACE('',#7216,1.5);
#587=CYLINDRICAL_SURFACE('',#7217,1.5);
#588=CYLINDRICAL_SURFACE('',#7218,1.5);
#589=CYLINDRICAL_SURFACE('',#7219,1.5);
#590=CYLINDRICAL_SURFACE('',#7220,1.5);
#591=CYLINDRICAL_SURFACE('',#7221,1.5);
#592=CYLINDRICAL_SURFACE('',#7222,1.5);
#593=CYLINDRICAL_SURFACE('',#7223,1.5);
#594=CYLINDRICAL_SURFACE('',#7224,1.5);
#595=CYLINDRICAL_SURFACE('',#7225,1.5);
#596=CYLINDRICAL_SURFACE('',#7226,1.5);
#597=CYLINDRICAL_SURFACE('',#7227,1.5);
#598=CYLINDRICAL_SURFACE('',#7228,1.5);
#599=CYLINDRICAL_SURFACE('',#7229,1.5);
#600=CYLINDRICAL_SURFACE('',#7230,1.5);
#601=CYLINDRICAL_SURFACE('',#7231,1.5);
#602=CYLINDRICAL_SURFACE('',#7232,1.5);
#603=CYLINDRICAL_SURFACE('',#7233,1.5);
#604=CYLINDRICAL_SURFACE('',#7234,1.5);
#605=CYLINDRICAL_SURFACE('',#7235,1.5);
#606=CIRCLE('',#6495,12.);
#607=CIRCLE('',#6497,12.);
#608=CIRCLE('',#6498,12.);
#609=CIRCLE('',#6499,12.);
#610=CIRCLE('',#6500,12.);
#611=CIRCLE('',#6501,12.);
#612=CIRCLE('',#6503,2.);
#613=CIRCLE('',#6504,2.);
#614=CIRCLE('',#6506,12.);
#615=CIRCLE('',#6507,12.);
#616=CIRCLE('',#6509,2.);
#617=CIRCLE('',#6510,2.);
#618=CIRCLE('',#6512,2.);
#619=CIRCLE('',#6513,2.);
#620=CIRCLE('',#6515,2.);
#621=CIRCLE('',#6516,2.);
#622=CIRCLE('',#6517,2.);
#623=CIRCLE('',#6523,1.25);
#624=CIRCLE('',#6527,1.25);
#625=CIRCLE('',#6529,1.);
#626=CIRCLE('',#6530,1.5);
#627=CIRCLE('',#6531,1.5);
#628=CIRCLE('',#6532,1.5);
#629=CIRCLE('',#6533,1.5);
#630=CIRCLE('',#6534,1.5);
#631=CIRCLE('',#6535,1.5);
#632=CIRCLE('',#6536,1.5);
#633=CIRCLE('',#6537,1.5);
#634=CIRCLE('',#6538,1.5);
#635=CIRCLE('',#6539,1.5);
#636=CIRCLE('',#6540,1.5);
#637=CIRCLE('',#6541,1.5);
#638=CIRCLE('',#6542,1.5);
#639=CIRCLE('',#6543,1.5);
#640=CIRCLE('',#6544,1.5);
#641=CIRCLE('',#6545,1.5);
#642=CIRCLE('',#6546,1.5);
#643=CIRCLE('',#6547,1.5);
#644=CIRCLE('',#6548,1.5);
#645=CIRCLE('',#6549,1.5);
#646=CIRCLE('',#6550,1.5);
#647=CIRCLE('',#6551,1.5);
#648=CIRCLE('',#6552,1.5);
#649=CIRCLE('',#6553,1.5);
#650=CIRCLE('',#6554,1.5);
#651=CIRCLE('',#6555,1.5);
#652=CIRCLE('',#6556,1.5);
#653=CIRCLE('',#6557,1.5);
#654=CIRCLE('',#6558,1.5);
#655=CIRCLE('',#6559,1.5);
#656=CIRCLE('',#6560,1.5);
#657=CIRCLE('',#6561,1.5);
#658=CIRCLE('',#6562,1.5);
#659=CIRCLE('',#6563,1.5);
#660=CIRCLE('',#6564,1.5);
#661=CIRCLE('',#6565,1.5);
#662=CIRCLE('',#6567,0.5);
#663=CIRCLE('',#6568,1.);
#664=CIRCLE('',#6569,1.5);
#665=CIRCLE('',#6570,1.5);
#666=CIRCLE('',#6571,1.5);
#667=CIRCLE('',#6572,1.5);
#668=CIRCLE('',#6573,1.5);
#669=CIRCLE('',#6574,1.5);
#670=CIRCLE('',#6575,1.5);
#671=CIRCLE('',#6576,1.5);
#672=CIRCLE('',#6577,1.5);
#673=CIRCLE('',#6578,1.5);
#674=CIRCLE('',#6579,1.5);
#675=CIRCLE('',#6580,1.5);
#676=CIRCLE('',#6581,1.5);
#677=CIRCLE('',#6582,1.5);
#678=CIRCLE('',#6583,1.5);
#679=CIRCLE('',#6584,1.5);
#680=CIRCLE('',#6585,1.5);
#681=CIRCLE('',#6586,1.5);
#682=CIRCLE('',#6587,1.5);
#683=CIRCLE('',#6588,1.5);
#684=CIRCLE('',#6589,1.5);
#685=CIRCLE('',#6590,1.5);
#686=CIRCLE('',#6591,1.5);
#687=CIRCLE('',#6592,1.5);
#688=CIRCLE('',#6593,1.5);
#689=CIRCLE('',#6594,1.5);
#690=CIRCLE('',#6595,1.5);
#691=CIRCLE('',#6596,1.5);
#692=CIRCLE('',#6597,1.5);
#693=CIRCLE('',#6598,1.5);
#694=CIRCLE('',#6599,1.5);
#695=CIRCLE('',#6600,1.5);
#696=CIRCLE('',#6601,1.5);
#697=CIRCLE('',#6602,1.5);
#698=CIRCLE('',#6603,1.5);
#699=CIRCLE('',#6604,1.5);
#700=CIRCLE('',#6607,1.25);
#701=CIRCLE('',#6608,1.25);
#702=CIRCLE('',#6609,1.25);
#703=CIRCLE('',#6610,1.25);
#704=CIRCLE('',#6616,11.8284271247462);
#705=CIRCLE('',#6621,9.);
#706=CIRCLE('',#6622,9.);
#707=CIRCLE('',#6623,3.);
#708=CIRCLE('',#6624,12.);
#709=CIRCLE('',#6625,3.);
#710=CIRCLE('',#6626,9.);
#711=CIRCLE('',#6627,9.);
#712=CIRCLE('',#6632,11.8284271247462);
#713=CIRCLE('',#6634,9.);
#714=CIRCLE('',#6635,3.);
#715=CIRCLE('',#6636,3.);
#716=CIRCLE('',#6637,9.);
#717=CIRCLE('',#6638,9.);
#718=CIRCLE('',#6639,3.);
#719=CIRCLE('',#6640,3.);
#720=CIRCLE('',#6641,9.);
#721=CIRCLE('',#6642,3.);
#722=CIRCLE('',#6643,3.);
#723=CIRCLE('',#6644,1.75);
#724=CIRCLE('',#6646,2.);
#725=CIRCLE('',#6648,1.25);
#726=CIRCLE('',#6650,2.);
#727=CIRCLE('',#6652,1.25);
#728=CIRCLE('',#6656,0.2);
#729=CIRCLE('',#6657,0.2);
#730=CIRCLE('',#6696,0.5);
#731=CIRCLE('',#6698,1.);
#732=CIRCLE('',#6702,1.);
#733=CIRCLE('',#6703,1.);
#734=CIRCLE('',#6706,1.);
#735=CIRCLE('',#6707,1.);
#736=CIRCLE('',#6710,1.);
#737=CIRCLE('',#6714,2.);
#738=CIRCLE('',#6716,12.);
#739=CIRCLE('',#6717,1.5);
#740=CIRCLE('',#6718,1.5);
#741=CIRCLE('',#6719,1.5);
#742=CIRCLE('',#6720,1.5);
#743=CIRCLE('',#6721,1.5);
#744=CIRCLE('',#6722,1.5);
#745=CIRCLE('',#6723,1.5);
#746=CIRCLE('',#6724,1.5);
#747=CIRCLE('',#6725,1.5);
#748=CIRCLE('',#6726,1.5);
#749=CIRCLE('',#6727,1.5);
#750=CIRCLE('',#6728,1.5);
#751=CIRCLE('',#6729,1.5);
#752=CIRCLE('',#6730,1.5);
#753=CIRCLE('',#6731,1.5);
#754=CIRCLE('',#6732,1.5);
#755=CIRCLE('',#6733,1.5);
#756=CIRCLE('',#6734,1.5);
#757=CIRCLE('',#6735,1.5);
#758=CIRCLE('',#6736,1.5);
#759=CIRCLE('',#6737,1.5);
#760=CIRCLE('',#6738,1.5);
#761=CIRCLE('',#6739,1.5);
#762=CIRCLE('',#6740,1.5);
#763=CIRCLE('',#6741,1.5);
#764=CIRCLE('',#6742,1.5);
#765=CIRCLE('',#6743,1.5);
#766=CIRCLE('',#6744,1.5);
#767=CIRCLE('',#6745,1.5);
#768=CIRCLE('',#6746,1.5);
#769=CIRCLE('',#6747,1.5);
#770=CIRCLE('',#6748,1.5);
#771=CIRCLE('',#6749,1.5);
#772=CIRCLE('',#6750,1.5);
#773=CIRCLE('',#6751,1.5);
#774=CIRCLE('',#6752,1.5);
#775=CIRCLE('',#6754,12.);
#776=CIRCLE('',#6755,1.5);
#777=CIRCLE('',#6756,1.5);
#778=CIRCLE('',#6757,1.5);
#779=CIRCLE('',#6758,1.5);
#780=CIRCLE('',#6759,1.5);
#781=CIRCLE('',#6760,1.5);
#782=CIRCLE('',#6761,1.5);
#783=CIRCLE('',#6762,1.5);
#784=CIRCLE('',#6763,1.5);
#785=CIRCLE('',#6764,1.5);
#786=CIRCLE('',#6765,1.5);
#787=CIRCLE('',#6766,1.5);
#788=CIRCLE('',#6767,1.5);
#789=CIRCLE('',#6768,1.5);
#790=CIRCLE('',#6769,1.5);
#791=CIRCLE('',#6770,1.5);
#792=CIRCLE('',#6771,1.5);
#793=CIRCLE('',#6772,1.5);
#794=CIRCLE('',#6773,1.5);
#795=CIRCLE('',#6774,1.5);
#796=CIRCLE('',#6775,1.5);
#797=CIRCLE('',#6776,1.5);
#798=CIRCLE('',#6777,1.5);
#799=CIRCLE('',#6778,1.5);
#800=CIRCLE('',#6779,1.5);
#801=CIRCLE('',#6780,1.5);
#802=CIRCLE('',#6781,1.5);
#803=CIRCLE('',#6782,1.5);
#804=CIRCLE('',#6783,1.5);
#805=CIRCLE('',#6784,1.5);
#806=CIRCLE('',#6785,1.5);
#807=CIRCLE('',#6786,1.5);
#808=CIRCLE('',#6787,1.5);
#809=CIRCLE('',#6788,1.5);
#810=CIRCLE('',#6789,1.5);
#811=CIRCLE('',#6790,1.5);
#812=CIRCLE('',#6792,2.);
#813=CIRCLE('',#6794,2.);
#814=CIRCLE('',#6795,2.);
#815=CIRCLE('',#6796,2.);
#816=CIRCLE('',#6798,2.);
#817=CIRCLE('',#6799,2.);
#818=CIRCLE('',#6800,2.);
#819=CIRCLE('',#6802,2.);
#820=CIRCLE('',#6803,2.);
#821=CIRCLE('',#6805,2.);
#822=CIRCLE('',#6806,10.);
#823=CIRCLE('',#6808,2.);
#824=CIRCLE('',#6809,2.);
#825=CIRCLE('',#6812,2.);
#826=CIRCLE('',#6814,2.);
#827=CIRCLE('',#6815,10.);
#828=CIRCLE('',#6817,2.);
#829=CIRCLE('',#6818,2.);
#830=CIRCLE('',#6819,2.00000000000001);
#831=CIRCLE('',#6821,2.);
#832=CIRCLE('',#6822,2.);
#833=CIRCLE('',#6824,2.);
#834=CIRCLE('',#6825,2.);
#835=CIRCLE('',#6828,2.);
#836=CIRCLE('',#6832,3.5);
#837=CIRCLE('',#6834,3.5);
#838=CIRCLE('',#6835,3.);
#839=CIRCLE('',#6837,3.);
#840=CIRCLE('',#6838,13.);
#841=CIRCLE('',#6839,10.);
#842=CIRCLE('',#6841,3.00000000000001);
#843=CIRCLE('',#6843,3.00000000000001);
#844=CIRCLE('',#6844,12.);
#845=CIRCLE('',#6846,3.);
#846=CIRCLE('',#6848,3.);
#847=CIRCLE('',#6849,13.);
#848=CIRCLE('',#6850,10.);
#849=CIRCLE('',#6853,12.);
#850=CIRCLE('',#6854,12.);
#851=CIRCLE('',#6856,0.3);
#852=CIRCLE('',#6859,4.5);
#853=CIRCLE('',#6860,3.5);
#854=CIRCLE('',#6861,1.);
#855=CIRCLE('',#6862,3.5);
#856=CIRCLE('',#6864,3.5);
#857=CIRCLE('',#6865,3.5);
#858=CIRCLE('',#6866,3.5);
#859=CIRCLE('',#6868,3.5);
#860=CIRCLE('',#6869,1.);
#861=CIRCLE('',#6870,4.5);
#862=CIRCLE('',#6872,1.);
#863=CIRCLE('',#6874,1.);
#864=CIRCLE('',#6876,1.);
#865=CIRCLE('',#6878,2.);
#866=CIRCLE('',#6880,3.);
#867=CIRCLE('',#6881,1.);
#868=CIRCLE('',#6882,1.);
#869=CIRCLE('',#6883,3.);
#870=CIRCLE('',#6884,2.);
#871=CIRCLE('',#6885,2.);
#872=CIRCLE('',#6887,3.);
#873=CIRCLE('',#6891,1.75);
#874=CIRCLE('',#6893,0.100000000000002);
#875=CIRCLE('',#6895,0.100000000000001);
#876=CIRCLE('',#6896,11.5614378277661);
#877=CIRCLE('',#6897,11.6614378277661);
#878=CIRCLE('',#6898,0.100000000000002);
#879=CIRCLE('',#6900,11.6614378277661);
#880=CIRCLE('',#6903,12.5);
#881=CIRCLE('',#6904,0.0999999999999997);
#882=CIRCLE('',#6905,0.2);
#883=CIRCLE('',#6906,0.0999999999999971);
#884=CIRCLE('',#6907,0.1);
#885=CIRCLE('',#6909,0.2);
#886=CIRCLE('',#6911,0.9);
#887=CIRCLE('',#6913,0.199999999999996);
#888=CIRCLE('',#6914,0.100000000000001);
#889=CIRCLE('',#6916,0.0999999999999982);
#890=CIRCLE('',#6917,0.1);
#891=CIRCLE('',#6919,0.0999999999999988);
#892=CIRCLE('',#6920,11.9);
#893=CIRCLE('',#6922,0.1);
#894=CIRCLE('',#6924,0.1);
#895=CIRCLE('',#6925,0.2);
#896=CIRCLE('',#6927,0.1);
#897=CIRCLE('',#6930,1.);
#898=CIRCLE('',#6932,0.199999999999996);
#899=CIRCLE('',#6934,0.2);
#900=CIRCLE('',#6935,0.199999999999996);
#901=CIRCLE('',#6937,3.3);
#902=CIRCLE('',#6938,0.199999999999996);
#903=CIRCLE('',#6940,0.199999999999996);
#904=CIRCLE('',#6942,0.199999999999996);
#905=CIRCLE('',#6946,4.5);
#906=CIRCLE('',#6947,12.5);
#907=CIRCLE('',#6948,12.5);
#908=CIRCLE('',#6949,1.75);
#909=CIRCLE('',#6950,1.75);
#910=CIRCLE('',#6951,1.75);
#911=CIRCLE('',#6952,1.75);
#912=CIRCLE('',#6954,3.5);
#913=CIRCLE('',#6956,3.5);
#914=CIRCLE('',#6958,0.200000000000001);
#915=CIRCLE('',#6959,12.3267949192431);
#916=CIRCLE('',#6960,0.2);
#917=CIRCLE('',#6961,12.5);
#918=CIRCLE('',#6962,0.200000000000001);
#919=CIRCLE('',#6963,0.199999999999998);
#920=CIRCLE('',#6964,0.200000000000004);
#921=CIRCLE('',#6965,0.199999999999999);
#922=CIRCLE('',#6967,0.2);
#923=CIRCLE('',#6969,1.95);
#924=CIRCLE('',#6970,0.2);
#925=CIRCLE('',#6971,1.75);
#926=CIRCLE('',#6972,1.75);
#927=CIRCLE('',#6974,1.95);
#928=CIRCLE('',#6975,4.5);
#929=CIRCLE('',#6976,1.95);
#930=CIRCLE('',#6977,11.4677886604558);
#931=CIRCLE('',#6978,1.95);
#932=CIRCLE('',#6980,1.75);
#933=CIRCLE('',#6982,0.2);
#934=CIRCLE('',#6983,1.75);
#935=CIRCLE('',#6984,1.75);
#936=CIRCLE('',#6986,1.75);
#937=CIRCLE('',#6988,0.2);
#938=CIRCLE('',#6989,1.75);
#939=CIRCLE('',#6990,1.75);
#940=CIRCLE('',#6991,0.200000000000004);
#941=CIRCLE('',#6993,1.75);
#942=CIRCLE('',#6994,0.199999999999996);
#943=CIRCLE('',#6995,0.2);
#944=CIRCLE('',#6997,1.75);
#945=CIRCLE('',#6999,0.499999999999998);
#946=CIRCLE('',#7001,1.75);
#947=CIRCLE('',#7003,0.2);
#948=CIRCLE('',#7005,0.2);
#949=CIRCLE('',#7006,11.6614378277661);
#950=CIRCLE('',#7007,0.199999999999995);
#951=CIRCLE('',#7008,11.6614378277661);
#952=CIRCLE('',#7009,0.199999999999996);
#953=CIRCLE('',#7012,0.2);
#954=CIRCLE('',#7013,0.2);
#955=CIRCLE('',#7014,0.200000000000003);
#956=CIRCLE('',#7016,0.2);
#957=CIRCLE('',#7018,0.2);
#958=CIRCLE('',#7019,0.8);
#959=CIRCLE('',#7020,1.);
#960=CIRCLE('',#7022,0.2);
#961=CIRCLE('',#7024,0.2);
#962=CIRCLE('',#7025,0.1);
#963=CIRCLE('',#7026,0.3);
#964=CIRCLE('',#7028,0.2);
#965=CIRCLE('',#7030,0.199999999999996);
#966=CIRCLE('',#7031,11.8);
#967=CIRCLE('',#7032,12.);
#968=CIRCLE('',#7033,0.200000000000001);
#969=CIRCLE('',#7035,0.200000000000001);
#970=CIRCLE('',#7036,0.2);
#971=CIRCLE('',#7038,12.);
#972=CIRCLE('',#7039,1.);
#973=CIRCLE('',#7044,0.0999999999999979);
#974=CIRCLE('',#7046,0.7);
#975=CIRCLE('',#7047,3.3);
#976=CIRCLE('',#7049,0.499999999999998);
#977=CIRCLE('',#7050,0.499999999999998);
#978=CIRCLE('',#7052,0.499999999999989);
#979=CIRCLE('',#7054,0.2);
#980=CIRCLE('',#7055,3.5);
#981=CIRCLE('',#7058,0.2);
#982=CIRCLE('',#7059,0.5);
#983=CIRCLE('',#7061,0.499999999999994);
#984=CIRCLE('',#7064,3.5);
#985=CIRCLE('',#7068,2.);
#986=CIRCLE('',#7070,1.25);
#987=CIRCLE('',#7072,2.);
#988=CIRCLE('',#7074,1.25);
#989=CIRCLE('',#7076,2.);
#990=CIRCLE('',#7078,1.25);
#991=CIRCLE('',#7080,1.25);
#992=CIRCLE('',#7084,12.5);
#993=CIRCLE('',#7104,2.);
#994=CIRCLE('',#7106,2.);
#995=CIRCLE('',#7107,2.);
#996=CIRCLE('',#7110,2.);
#997=CIRCLE('',#7119,3.);
#998=CIRCLE('',#7120,3.);
#999=CIRCLE('',#7121,3.);
#1000=CIRCLE('',#7122,3.);
#1001=CIRCLE('',#7137,3.);
#1002=CIRCLE('',#7139,1.75);
#1003=CIRCLE('',#7141,3.);
#1004=CIRCLE('',#7143,1.75);
#1005=CIRCLE('',#7145,3.);
#1006=CIRCLE('',#7147,1.75);
#1007=CIRCLE('',#7149,3.);
#1008=CIRCLE('',#7151,1.75);
#1009=CIRCLE('',#7153,3.);
#1010=CIRCLE('',#7156,3.);
#1011=CIRCLE('',#7160,3.);
#1012=FACE_OUTER_BOUND('',#1367,.T.);
#1013=FACE_OUTER_BOUND('',#1368,.T.);
#1014=FACE_OUTER_BOUND('',#1369,.T.);
#1015=FACE_OUTER_BOUND('',#1370,.T.);
#1016=FACE_OUTER_BOUND('',#1371,.T.);
#1017=FACE_OUTER_BOUND('',#1372,.T.);
#1018=FACE_OUTER_BOUND('',#1373,.T.);
#1019=FACE_OUTER_BOUND('',#1374,.T.);
#1020=FACE_OUTER_BOUND('',#1378,.T.);
#1021=FACE_OUTER_BOUND('',#1379,.T.);
#1022=FACE_OUTER_BOUND('',#1380,.T.);
#1023=FACE_OUTER_BOUND('',#1381,.T.);
#1024=FACE_OUTER_BOUND('',#1382,.T.);
#1025=FACE_OUTER_BOUND('',#1384,.T.);
#1026=FACE_OUTER_BOUND('',#1385,.T.);
#1027=FACE_OUTER_BOUND('',#1386,.T.);
#1028=FACE_OUTER_BOUND('',#1388,.T.);
#1029=FACE_OUTER_BOUND('',#1425,.T.);
#1030=FACE_OUTER_BOUND('',#1462,.T.);
#1031=FACE_OUTER_BOUND('',#1463,.T.);
#1032=FACE_OUTER_BOUND('',#1468,.T.);
#1033=FACE_OUTER_BOUND('',#1469,.T.);
#1034=FACE_OUTER_BOUND('',#1470,.T.);
#1035=FACE_OUTER_BOUND('',#1471,.T.);
#1036=FACE_OUTER_BOUND('',#1472,.T.);
#1037=FACE_OUTER_BOUND('',#1473,.T.);
#1038=FACE_OUTER_BOUND('',#1474,.T.);
#1039=FACE_OUTER_BOUND('',#1475,.T.);
#1040=FACE_OUTER_BOUND('',#1476,.T.);
#1041=FACE_OUTER_BOUND('',#1477,.T.);
#1042=FACE_OUTER_BOUND('',#1478,.T.);
#1043=FACE_OUTER_BOUND('',#1479,.T.);
#1044=FACE_OUTER_BOUND('',#1480,.T.);
#1045=FACE_OUTER_BOUND('',#1481,.T.);
#1046=FACE_OUTER_BOUND('',#1485,.T.);
#1047=FACE_OUTER_BOUND('',#1486,.T.);
#1048=FACE_OUTER_BOUND('',#1488,.T.);
#1049=FACE_OUTER_BOUND('',#1489,.T.);
#1050=FACE_OUTER_BOUND('',#1491,.T.);
#1051=FACE_OUTER_BOUND('',#1492,.T.);
#1052=FACE_OUTER_BOUND('',#1493,.T.);
#1053=FACE_OUTER_BOUND('',#1494,.T.);
#1054=FACE_OUTER_BOUND('',#1495,.T.);
#1055=FACE_OUTER_BOUND('',#1496,.T.);
#1056=FACE_OUTER_BOUND('',#1497,.T.);
#1057=FACE_OUTER_BOUND('',#1498,.T.);
#1058=FACE_OUTER_BOUND('',#1499,.T.);
#1059=FACE_OUTER_BOUND('',#1500,.T.);
#1060=FACE_OUTER_BOUND('',#1501,.T.);
#1061=FACE_OUTER_BOUND('',#1502,.T.);
#1062=FACE_OUTER_BOUND('',#1503,.T.);
#1063=FACE_OUTER_BOUND('',#1504,.T.);
#1064=FACE_OUTER_BOUND('',#1505,.T.);
#1065=FACE_OUTER_BOUND('',#1506,.T.);
#1066=FACE_OUTER_BOUND('',#1507,.T.);
#1067=FACE_OUTER_BOUND('',#1508,.T.);
#1068=FACE_OUTER_BOUND('',#1509,.T.);
#1069=FACE_OUTER_BOUND('',#1510,.T.);
#1070=FACE_OUTER_BOUND('',#1511,.T.);
#1071=FACE_OUTER_BOUND('',#1512,.T.);
#1072=FACE_OUTER_BOUND('',#1513,.T.);
#1073=FACE_OUTER_BOUND('',#1514,.T.);
#1074=FACE_OUTER_BOUND('',#1515,.T.);
#1075=FACE_OUTER_BOUND('',#1516,.T.);
#1076=FACE_OUTER_BOUND('',#1517,.T.);
#1077=FACE_OUTER_BOUND('',#1518,.T.);
#1078=FACE_OUTER_BOUND('',#1519,.T.);
#1079=FACE_OUTER_BOUND('',#1520,.T.);
#1080=FACE_OUTER_BOUND('',#1521,.T.);
#1081=FACE_OUTER_BOUND('',#1522,.T.);
#1082=FACE_OUTER_BOUND('',#1523,.T.);
#1083=FACE_OUTER_BOUND('',#1524,.T.);
#1084=FACE_OUTER_BOUND('',#1525,.T.);
#1085=FACE_OUTER_BOUND('',#1526,.T.);
#1086=FACE_OUTER_BOUND('',#1527,.T.);
#1087=FACE_OUTER_BOUND('',#1564,.T.);
#1088=FACE_OUTER_BOUND('',#1601,.T.);
#1089=FACE_OUTER_BOUND('',#1602,.T.);
#1090=FACE_OUTER_BOUND('',#1603,.T.);
#1091=FACE_OUTER_BOUND('',#1604,.T.);
#1092=FACE_OUTER_BOUND('',#1605,.T.);
#1093=FACE_OUTER_BOUND('',#1606,.T.);
#1094=FACE_OUTER_BOUND('',#1607,.T.);
#1095=FACE_OUTER_BOUND('',#1608,.T.);
#1096=FACE_OUTER_BOUND('',#1609,.T.);
#1097=FACE_OUTER_BOUND('',#1610,.T.);
#1098=FACE_OUTER_BOUND('',#1611,.T.);
#1099=FACE_OUTER_BOUND('',#1612,.T.);
#1100=FACE_OUTER_BOUND('',#1613,.T.);
#1101=FACE_OUTER_BOUND('',#1614,.T.);
#1102=FACE_OUTER_BOUND('',#1615,.T.);
#1103=FACE_OUTER_BOUND('',#1616,.T.);
#1104=FACE_OUTER_BOUND('',#1617,.T.);
#1105=FACE_OUTER_BOUND('',#1618,.T.);
#1106=FACE_OUTER_BOUND('',#1619,.T.);
#1107=FACE_OUTER_BOUND('',#1620,.T.);
#1108=FACE_OUTER_BOUND('',#1621,.T.);
#1109=FACE_OUTER_BOUND('',#1622,.T.);
#1110=FACE_OUTER_BOUND('',#1623,.T.);
#1111=FACE_OUTER_BOUND('',#1624,.T.);
#1112=FACE_OUTER_BOUND('',#1625,.T.);
#1113=FACE_OUTER_BOUND('',#1626,.T.);
#1114=FACE_OUTER_BOUND('',#1627,.T.);
#1115=FACE_OUTER_BOUND('',#1628,.T.);
#1116=FACE_OUTER_BOUND('',#1629,.T.);
#1117=FACE_OUTER_BOUND('',#1630,.T.);
#1118=FACE_OUTER_BOUND('',#1631,.T.);
#1119=FACE_OUTER_BOUND('',#1632,.T.);
#1120=FACE_OUTER_BOUND('',#1633,.T.);
#1121=FACE_OUTER_BOUND('',#1634,.T.);
#1122=FACE_OUTER_BOUND('',#1635,.T.);
#1123=FACE_OUTER_BOUND('',#1636,.T.);
#1124=FACE_OUTER_BOUND('',#1637,.T.);
#1125=FACE_OUTER_BOUND('',#1638,.T.);
#1126=FACE_OUTER_BOUND('',#1639,.T.);
#1127=FACE_OUTER_BOUND('',#1640,.T.);
#1128=FACE_OUTER_BOUND('',#1641,.T.);
#1129=FACE_OUTER_BOUND('',#1642,.T.);
#1130=FACE_OUTER_BOUND('',#1643,.T.);
#1131=FACE_OUTER_BOUND('',#1646,.T.);
#1132=FACE_OUTER_BOUND('',#1647,.T.);
#1133=FACE_OUTER_BOUND('',#1648,.T.);
#1134=FACE_OUTER_BOUND('',#1649,.T.);
#1135=FACE_OUTER_BOUND('',#1650,.T.);
#1136=FACE_OUTER_BOUND('',#1651,.T.);
#1137=FACE_OUTER_BOUND('',#1652,.T.);
#1138=FACE_OUTER_BOUND('',#1653,.T.);
#1139=FACE_OUTER_BOUND('',#1654,.T.);
#1140=FACE_OUTER_BOUND('',#1655,.T.);
#1141=FACE_OUTER_BOUND('',#1656,.T.);
#1142=FACE_OUTER_BOUND('',#1657,.T.);
#1143=FACE_OUTER_BOUND('',#1658,.T.);
#1144=FACE_OUTER_BOUND('',#1659,.T.);
#1145=FACE_OUTER_BOUND('',#1660,.T.);
#1146=FACE_OUTER_BOUND('',#1661,.T.);
#1147=FACE_OUTER_BOUND('',#1662,.T.);
#1148=FACE_OUTER_BOUND('',#1663,.T.);
#1149=FACE_OUTER_BOUND('',#1664,.T.);
#1150=FACE_OUTER_BOUND('',#1665,.T.);
#1151=FACE_OUTER_BOUND('',#1666,.T.);
#1152=FACE_OUTER_BOUND('',#1667,.T.);
#1153=FACE_OUTER_BOUND('',#1668,.T.);
#1154=FACE_OUTER_BOUND('',#1669,.T.);
#1155=FACE_OUTER_BOUND('',#1670,.T.);
#1156=FACE_OUTER_BOUND('',#1671,.T.);
#1157=FACE_OUTER_BOUND('',#1672,.T.);
#1158=FACE_OUTER_BOUND('',#1673,.T.);
#1159=FACE_OUTER_BOUND('',#1675,.T.);
#1160=FACE_OUTER_BOUND('',#1676,.T.);
#1161=FACE_OUTER_BOUND('',#1677,.T.);
#1162=FACE_OUTER_BOUND('',#1678,.T.);
#1163=FACE_OUTER_BOUND('',#1679,.T.);
#1164=FACE_OUTER_BOUND('',#1680,.T.);
#1165=FACE_OUTER_BOUND('',#1681,.T.);
#1166=FACE_OUTER_BOUND('',#1682,.T.);
#1167=FACE_OUTER_BOUND('',#1687,.T.);
#1168=FACE_OUTER_BOUND('',#1688,.T.);
#1169=FACE_OUTER_BOUND('',#1689,.T.);
#1170=FACE_OUTER_BOUND('',#1690,.T.);
#1171=FACE_OUTER_BOUND('',#1691,.T.);
#1172=FACE_OUTER_BOUND('',#1692,.T.);
#1173=FACE_OUTER_BOUND('',#1693,.T.);
#1174=FACE_OUTER_BOUND('',#1694,.T.);
#1175=FACE_OUTER_BOUND('',#1695,.T.);
#1176=FACE_OUTER_BOUND('',#1696,.T.);
#1177=FACE_OUTER_BOUND('',#1697,.T.);
#1178=FACE_OUTER_BOUND('',#1698,.T.);
#1179=FACE_OUTER_BOUND('',#1701,.T.);
#1180=FACE_OUTER_BOUND('',#1702,.T.);
#1181=FACE_OUTER_BOUND('',#1703,.T.);
#1182=FACE_OUTER_BOUND('',#1704,.T.);
#1183=FACE_OUTER_BOUND('',#1705,.T.);
#1184=FACE_OUTER_BOUND('',#1706,.T.);
#1185=FACE_OUTER_BOUND('',#1707,.T.);
#1186=FACE_OUTER_BOUND('',#1708,.T.);
#1187=FACE_OUTER_BOUND('',#1709,.T.);
#1188=FACE_OUTER_BOUND('',#1710,.T.);
#1189=FACE_OUTER_BOUND('',#1711,.T.);
#1190=FACE_OUTER_BOUND('',#1712,.T.);
#1191=FACE_OUTER_BOUND('',#1713,.T.);
#1192=FACE_OUTER_BOUND('',#1714,.T.);
#1193=FACE_OUTER_BOUND('',#1715,.T.);
#1194=FACE_OUTER_BOUND('',#1716,.T.);
#1195=FACE_OUTER_BOUND('',#1717,.T.);
#1196=FACE_OUTER_BOUND('',#1718,.T.);
#1197=FACE_OUTER_BOUND('',#1719,.T.);
#1198=FACE_OUTER_BOUND('',#1720,.T.);
#1199=FACE_OUTER_BOUND('',#1721,.T.);
#1200=FACE_OUTER_BOUND('',#1722,.T.);
#1201=FACE_OUTER_BOUND('',#1723,.T.);
#1202=FACE_OUTER_BOUND('',#1724,.T.);
#1203=FACE_OUTER_BOUND('',#1725,.T.);
#1204=FACE_OUTER_BOUND('',#1726,.T.);
#1205=FACE_OUTER_BOUND('',#1727,.T.);
#1206=FACE_OUTER_BOUND('',#1728,.T.);
#1207=FACE_OUTER_BOUND('',#1729,.T.);
#1208=FACE_OUTER_BOUND('',#1730,.T.);
#1209=FACE_OUTER_BOUND('',#1731,.T.);
#1210=FACE_OUTER_BOUND('',#1732,.T.);
#1211=FACE_OUTER_BOUND('',#1733,.T.);
#1212=FACE_OUTER_BOUND('',#1734,.T.);
#1213=FACE_OUTER_BOUND('',#1735,.T.);
#1214=FACE_OUTER_BOUND('',#1736,.T.);
#1215=FACE_OUTER_BOUND('',#1737,.T.);
#1216=FACE_OUTER_BOUND('',#1738,.T.);
#1217=FACE_OUTER_BOUND('',#1739,.T.);
#1218=FACE_OUTER_BOUND('',#1740,.T.);
#1219=FACE_OUTER_BOUND('',#1741,.T.);
#1220=FACE_OUTER_BOUND('',#1742,.T.);
#1221=FACE_OUTER_BOUND('',#1743,.T.);
#1222=FACE_OUTER_BOUND('',#1744,.T.);
#1223=FACE_OUTER_BOUND('',#1745,.T.);
#1224=FACE_OUTER_BOUND('',#1746,.T.);
#1225=FACE_OUTER_BOUND('',#1747,.T.);
#1226=FACE_OUTER_BOUND('',#1748,.T.);
#1227=FACE_OUTER_BOUND('',#1749,.T.);
#1228=FACE_OUTER_BOUND('',#1750,.T.);
#1229=FACE_OUTER_BOUND('',#1751,.T.);
#1230=FACE_OUTER_BOUND('',#1752,.T.);
#1231=FACE_OUTER_BOUND('',#1753,.T.);
#1232=FACE_OUTER_BOUND('',#1754,.T.);
#1233=FACE_OUTER_BOUND('',#1756,.T.);
#1234=FACE_OUTER_BOUND('',#1757,.T.);
#1235=FACE_OUTER_BOUND('',#1759,.T.);
#1236=FACE_OUTER_BOUND('',#1760,.T.);
#1237=FACE_OUTER_BOUND('',#1762,.T.);
#1238=FACE_OUTER_BOUND('',#1764,.T.);
#1239=FACE_OUTER_BOUND('',#1765,.T.);
#1240=FACE_OUTER_BOUND('',#1766,.T.);
#1241=FACE_OUTER_BOUND('',#1767,.T.);
#1242=FACE_OUTER_BOUND('',#1768,.T.);
#1243=FACE_OUTER_BOUND('',#1769,.T.);
#1244=FACE_OUTER_BOUND('',#1770,.T.);
#1245=FACE_OUTER_BOUND('',#1771,.T.);
#1246=FACE_OUTER_BOUND('',#1772,.T.);
#1247=FACE_OUTER_BOUND('',#1773,.T.);
#1248=FACE_OUTER_BOUND('',#1774,.T.);
#1249=FACE_OUTER_BOUND('',#1775,.T.);
#1250=FACE_OUTER_BOUND('',#1776,.T.);
#1251=FACE_OUTER_BOUND('',#1777,.T.);
#1252=FACE_OUTER_BOUND('',#1778,.T.);
#1253=FACE_OUTER_BOUND('',#1779,.T.);
#1254=FACE_OUTER_BOUND('',#1780,.T.);
#1255=FACE_OUTER_BOUND('',#1781,.T.);
#1256=FACE_OUTER_BOUND('',#1782,.T.);
#1257=FACE_OUTER_BOUND('',#1783,.T.);
#1258=FACE_OUTER_BOUND('',#1784,.T.);
#1259=FACE_OUTER_BOUND('',#1785,.T.);
#1260=FACE_OUTER_BOUND('',#1786,.T.);
#1261=FACE_OUTER_BOUND('',#1787,.T.);
#1262=FACE_OUTER_BOUND('',#1788,.T.);
#1263=FACE_OUTER_BOUND('',#1789,.T.);
#1264=FACE_OUTER_BOUND('',#1790,.T.);
#1265=FACE_OUTER_BOUND('',#1791,.T.);
#1266=FACE_OUTER_BOUND('',#1792,.T.);
#1267=FACE_OUTER_BOUND('',#1795,.T.);
#1268=FACE_OUTER_BOUND('',#1796,.T.);
#1269=FACE_OUTER_BOUND('',#1797,.T.);
#1270=FACE_OUTER_BOUND('',#1798,.T.);
#1271=FACE_OUTER_BOUND('',#1799,.T.);
#1272=FACE_OUTER_BOUND('',#1800,.T.);
#1273=FACE_OUTER_BOUND('',#1801,.T.);
#1274=FACE_OUTER_BOUND('',#1802,.T.);
#1275=FACE_OUTER_BOUND('',#1803,.T.);
#1276=FACE_OUTER_BOUND('',#1804,.T.);
#1277=FACE_OUTER_BOUND('',#1805,.T.);
#1278=FACE_OUTER_BOUND('',#1806,.T.);
#1279=FACE_OUTER_BOUND('',#1807,.T.);
#1280=FACE_OUTER_BOUND('',#1809,.T.);
#1281=FACE_OUTER_BOUND('',#1810,.T.);
#1282=FACE_OUTER_BOUND('',#1812,.T.);
#1283=FACE_OUTER_BOUND('',#1813,.T.);
#1284=FACE_OUTER_BOUND('',#1815,.T.);
#1285=FACE_OUTER_BOUND('',#1816,.T.);
#1286=FACE_OUTER_BOUND('',#1818,.T.);
#1287=FACE_OUTER_BOUND('',#1819,.T.);
#1288=FACE_OUTER_BOUND('',#1821,.T.);
#1289=FACE_OUTER_BOUND('',#1822,.T.);
#1290=FACE_OUTER_BOUND('',#1824,.T.);
#1291=FACE_OUTER_BOUND('',#1826,.T.);
#1292=FACE_OUTER_BOUND('',#1827,.T.);
#1293=FACE_OUTER_BOUND('',#1829,.T.);
#1294=FACE_OUTER_BOUND('',#1830,.T.);
#1295=FACE_OUTER_BOUND('',#1831,.T.);
#1296=FACE_OUTER_BOUND('',#1832,.T.);
#1297=FACE_OUTER_BOUND('',#1833,.T.);
#1298=FACE_OUTER_BOUND('',#1834,.T.);
#1299=FACE_OUTER_BOUND('',#1835,.T.);
#1300=FACE_OUTER_BOUND('',#1836,.T.);
#1301=FACE_OUTER_BOUND('',#1837,.T.);
#1302=FACE_OUTER_BOUND('',#1838,.T.);
#1303=FACE_OUTER_BOUND('',#1839,.T.);
#1304=FACE_OUTER_BOUND('',#1840,.T.);
#1305=FACE_OUTER_BOUND('',#1841,.T.);
#1306=FACE_OUTER_BOUND('',#1842,.T.);
#1307=FACE_OUTER_BOUND('',#1843,.T.);
#1308=FACE_OUTER_BOUND('',#1844,.T.);
#1309=FACE_OUTER_BOUND('',#1845,.T.);
#1310=FACE_OUTER_BOUND('',#1846,.T.);
#1311=FACE_OUTER_BOUND('',#1847,.T.);
#1312=FACE_OUTER_BOUND('',#1848,.T.);
#1313=FACE_OUTER_BOUND('',#1849,.T.);
#1314=FACE_OUTER_BOUND('',#1850,.T.);
#1315=FACE_OUTER_BOUND('',#1851,.T.);
#1316=FACE_OUTER_BOUND('',#1852,.T.);
#1317=FACE_OUTER_BOUND('',#1853,.T.);
#1318=FACE_OUTER_BOUND('',#1854,.T.);
#1319=FACE_OUTER_BOUND('',#1855,.T.);
#1320=FACE_OUTER_BOUND('',#1856,.T.);
#1321=FACE_OUTER_BOUND('',#1857,.T.);
#1322=FACE_OUTER_BOUND('',#1858,.T.);
#1323=FACE_OUTER_BOUND('',#1859,.T.);
#1324=FACE_OUTER_BOUND('',#1860,.T.);
#1325=FACE_OUTER_BOUND('',#1861,.T.);
#1326=FACE_OUTER_BOUND('',#1862,.T.);
#1327=FACE_OUTER_BOUND('',#1863,.T.);
#1328=FACE_OUTER_BOUND('',#1864,.T.);
#1329=FACE_OUTER_BOUND('',#1865,.T.);
#1330=FACE_OUTER_BOUND('',#1866,.T.);
#1331=FACE_OUTER_BOUND('',#1867,.T.);
#1332=FACE_OUTER_BOUND('',#1868,.T.);
#1333=FACE_OUTER_BOUND('',#1869,.T.);
#1334=FACE_OUTER_BOUND('',#1870,.T.);
#1335=FACE_OUTER_BOUND('',#1871,.T.);
#1336=FACE_OUTER_BOUND('',#1872,.T.);
#1337=FACE_OUTER_BOUND('',#1873,.T.);
#1338=FACE_OUTER_BOUND('',#1874,.T.);
#1339=FACE_OUTER_BOUND('',#1875,.T.);
#1340=FACE_OUTER_BOUND('',#1876,.T.);
#1341=FACE_OUTER_BOUND('',#1877,.T.);
#1342=FACE_OUTER_BOUND('',#1878,.T.);
#1343=FACE_OUTER_BOUND('',#1879,.T.);
#1344=FACE_OUTER_BOUND('',#1880,.T.);
#1345=FACE_OUTER_BOUND('',#1881,.T.);
#1346=FACE_OUTER_BOUND('',#1882,.T.);
#1347=FACE_OUTER_BOUND('',#1883,.T.);
#1348=FACE_OUTER_BOUND('',#1884,.T.);
#1349=FACE_OUTER_BOUND('',#1885,.T.);
#1350=FACE_OUTER_BOUND('',#1886,.T.);
#1351=FACE_OUTER_BOUND('',#1887,.T.);
#1352=FACE_OUTER_BOUND('',#1888,.T.);
#1353=FACE_OUTER_BOUND('',#1889,.T.);
#1354=FACE_OUTER_BOUND('',#1890,.T.);
#1355=FACE_OUTER_BOUND('',#1891,.T.);
#1356=FACE_OUTER_BOUND('',#1892,.T.);
#1357=FACE_OUTER_BOUND('',#1893,.T.);
#1358=FACE_OUTER_BOUND('',#1894,.T.);
#1359=FACE_OUTER_BOUND('',#1895,.T.);
#1360=FACE_OUTER_BOUND('',#1896,.T.);
#1361=FACE_OUTER_BOUND('',#1897,.T.);
#1362=FACE_OUTER_BOUND('',#1898,.T.);
#1363=FACE_OUTER_BOUND('',#1899,.T.);
#1364=FACE_OUTER_BOUND('',#1900,.T.);
#1365=FACE_OUTER_BOUND('',#1901,.T.);
#1366=FACE_OUTER_BOUND('',#1902,.T.);
#1367=EDGE_LOOP('',(#4179,#4180,#4181,#4182));
#1368=EDGE_LOOP('',(#4183,#4184,#4185,#4186));
#1369=EDGE_LOOP('',(#4187,#4188,#4189,#4190,#4191,#4192,#4193,#4194,#4195,
#4196,#4197,#4198,#4199,#4200));
#1370=EDGE_LOOP('',(#4201,#4202,#4203,#4204));
#1371=EDGE_LOOP('',(#4205,#4206,#4207,#4208,#4209,#4210));
#1372=EDGE_LOOP('',(#4211,#4212,#4213,#4214));
#1373=EDGE_LOOP('',(#4215,#4216,#4217,#4218));
#1374=EDGE_LOOP('',(#4219,#4220,#4221,#4222,#4223,#4224));
#1375=EDGE_LOOP('',(#4225));
#1376=EDGE_LOOP('',(#4226));
#1377=EDGE_LOOP('',(#4227,#4228,#4229,#4230,#4231,#4232,#4233,#4234));
#1378=EDGE_LOOP('',(#4235,#4236,#4237,#4238));
#1379=EDGE_LOOP('',(#4239,#4240,#4241,#4242));
#1380=EDGE_LOOP('',(#4243,#4244,#4245,#4246));
#1381=EDGE_LOOP('',(#4247,#4248,#4249,#4250));
#1382=EDGE_LOOP('',(#4251,#4252,#4253,#4254,#4255,#4256));
#1383=EDGE_LOOP('',(#4257));
#1384=EDGE_LOOP('',(#4258,#4259,#4260,#4261));
#1385=EDGE_LOOP('',(#4262,#4263,#4264,#4265,#4266,#4267,#4268,#4269,#4270,
#4271));
#1386=EDGE_LOOP('',(#4272,#4273,#4274,#4275,#4276,#4277));
#1387=EDGE_LOOP('',(#4278));
#1388=EDGE_LOOP('',(#4279,#4280,#4281,#4282,#4283,#4284,#4285,#4286));
#1389=EDGE_LOOP('',(#4287));
#1390=EDGE_LOOP('',(#4288));
#1391=EDGE_LOOP('',(#4289));
#1392=EDGE_LOOP('',(#4290));
#1393=EDGE_LOOP('',(#4291));
#1394=EDGE_LOOP('',(#4292));
#1395=EDGE_LOOP('',(#4293));
#1396=EDGE_LOOP('',(#4294));
#1397=EDGE_LOOP('',(#4295));
#1398=EDGE_LOOP('',(#4296));
#1399=EDGE_LOOP('',(#4297));
#1400=EDGE_LOOP('',(#4298));
#1401=EDGE_LOOP('',(#4299));
#1402=EDGE_LOOP('',(#4300));
#1403=EDGE_LOOP('',(#4301));
#1404=EDGE_LOOP('',(#4302));
#1405=EDGE_LOOP('',(#4303));
#1406=EDGE_LOOP('',(#4304));
#1407=EDGE_LOOP('',(#4305));
#1408=EDGE_LOOP('',(#4306));
#1409=EDGE_LOOP('',(#4307));
#1410=EDGE_LOOP('',(#4308));
#1411=EDGE_LOOP('',(#4309));
#1412=EDGE_LOOP('',(#4310));
#1413=EDGE_LOOP('',(#4311));
#1414=EDGE_LOOP('',(#4312));
#1415=EDGE_LOOP('',(#4313));
#1416=EDGE_LOOP('',(#4314));
#1417=EDGE_LOOP('',(#4315));
#1418=EDGE_LOOP('',(#4316));
#1419=EDGE_LOOP('',(#4317));
#1420=EDGE_LOOP('',(#4318));
#1421=EDGE_LOOP('',(#4319));
#1422=EDGE_LOOP('',(#4320));
#1423=EDGE_LOOP('',(#4321));
#1424=EDGE_LOOP('',(#4322));
#1425=EDGE_LOOP('',(#4323,#4324,#4325,#4326,#4327,#4328,#4329,#4330,#4331,
#4332,#4333));
#1426=EDGE_LOOP('',(#4334));
#1427=EDGE_LOOP('',(#4335));
#1428=EDGE_LOOP('',(#4336));
#1429=EDGE_LOOP('',(#4337));
#1430=EDGE_LOOP('',(#4338));
#1431=EDGE_LOOP('',(#4339));
#1432=EDGE_LOOP('',(#4340));
#1433=EDGE_LOOP('',(#4341));
#1434=EDGE_LOOP('',(#4342));
#1435=EDGE_LOOP('',(#4343));
#1436=EDGE_LOOP('',(#4344));
#1437=EDGE_LOOP('',(#4345));
#1438=EDGE_LOOP('',(#4346));
#1439=EDGE_LOOP('',(#4347));
#1440=EDGE_LOOP('',(#4348));
#1441=EDGE_LOOP('',(#4349));
#1442=EDGE_LOOP('',(#4350));
#1443=EDGE_LOOP('',(#4351));
#1444=EDGE_LOOP('',(#4352));
#1445=EDGE_LOOP('',(#4353));
#1446=EDGE_LOOP('',(#4354));
#1447=EDGE_LOOP('',(#4355));
#1448=EDGE_LOOP('',(#4356));
#1449=EDGE_LOOP('',(#4357));
#1450=EDGE_LOOP('',(#4358));
#1451=EDGE_LOOP('',(#4359));
#1452=EDGE_LOOP('',(#4360));
#1453=EDGE_LOOP('',(#4361));
#1454=EDGE_LOOP('',(#4362));
#1455=EDGE_LOOP('',(#4363));
#1456=EDGE_LOOP('',(#4364));
#1457=EDGE_LOOP('',(#4365));
#1458=EDGE_LOOP('',(#4366));
#1459=EDGE_LOOP('',(#4367));
#1460=EDGE_LOOP('',(#4368));
#1461=EDGE_LOOP('',(#4369));
#1462=EDGE_LOOP('',(#4370,#4371,#4372,#4373));
#1463=EDGE_LOOP('',(#4374,#4375,#4376,#4377,#4378,#4379,#4380,#4381,#4382,
#4383,#4384,#4385));
#1464=EDGE_LOOP('',(#4386));
#1465=EDGE_LOOP('',(#4387));
#1466=EDGE_LOOP('',(#4388));
#1467=EDGE_LOOP('',(#4389));
#1468=EDGE_LOOP('',(#4390,#4391,#4392,#4393));
#1469=EDGE_LOOP('',(#4394,#4395,#4396,#4397,#4398,#4399,#4400,#4401));
#1470=EDGE_LOOP('',(#4402,#4403,#4404,#4405));
#1471=EDGE_LOOP('',(#4406,#4407,#4408,#4409,#4410,#4411));
#1472=EDGE_LOOP('',(#4412,#4413,#4414,#4415));
#1473=EDGE_LOOP('',(#4416,#4417,#4418,#4419));
#1474=EDGE_LOOP('',(#4420,#4421,#4422,#4423));
#1475=EDGE_LOOP('',(#4424,#4425,#4426,#4427));
#1476=EDGE_LOOP('',(#4428,#4429,#4430,#4431,#4432,#4433,#4434,#4435,#4436,
#4437,#4438,#4439,#4440,#4441));
#1477=EDGE_LOOP('',(#4442,#4443,#4444,#4445));
#1478=EDGE_LOOP('',(#4446,#4447,#4448,#4449));
#1479=EDGE_LOOP('',(#4450,#4451,#4452,#4453));
#1480=EDGE_LOOP('',(#4454,#4455,#4456,#4457));
#1481=EDGE_LOOP('',(#4458,#4459,#4460,#4461,#4462,#4463,#4464,#4465,#4466,
#4467,#4468,#4469,#4470,#4471));
#1482=EDGE_LOOP('',(#4472));
#1483=EDGE_LOOP('',(#4473));
#1484=EDGE_LOOP('',(#4474));
#1485=EDGE_LOOP('',(#4475,#4476,#4477,#4478));
#1486=EDGE_LOOP('',(#4479));
#1487=EDGE_LOOP('',(#4480));
#1488=EDGE_LOOP('',(#4481,#4482,#4483,#4484));
#1489=EDGE_LOOP('',(#4485));
#1490=EDGE_LOOP('',(#4486));
#1491=EDGE_LOOP('',(#4487,#4488,#4489,#4490));
#1492=EDGE_LOOP('',(#4491,#4492,#4493,#4494));
#1493=EDGE_LOOP('',(#4495,#4496,#4497,#4498,#4499,#4500));
#1494=EDGE_LOOP('',(#4501,#4502,#4503,#4504));
#1495=EDGE_LOOP('',(#4505,#4506,#4507,#4508,#4509));
#1496=EDGE_LOOP('',(#4510,#4511,#4512,#4513));
#1497=EDGE_LOOP('',(#4514,#4515,#4516,#4517,#4518));
#1498=EDGE_LOOP('',(#4519,#4520,#4521,#4522));
#1499=EDGE_LOOP('',(#4523,#4524,#4525,#4526));
#1500=EDGE_LOOP('',(#4527,#4528,#4529,#4530));
#1501=EDGE_LOOP('',(#4531,#4532,#4533,#4534,#4535));
#1502=EDGE_LOOP('',(#4536,#4537,#4538,#4539));
#1503=EDGE_LOOP('',(#4540,#4541,#4542,#4543,#4544));
#1504=EDGE_LOOP('',(#4545,#4546,#4547,#4548));
#1505=EDGE_LOOP('',(#4549,#4550,#4551,#4552));
#1506=EDGE_LOOP('',(#4553,#4554,#4555,#4556));
#1507=EDGE_LOOP('',(#4557,#4558,#4559,#4560));
#1508=EDGE_LOOP('',(#4561,#4562,#4563,#4564));
#1509=EDGE_LOOP('',(#4565,#4566,#4567,#4568,#4569));
#1510=EDGE_LOOP('',(#4570,#4571,#4572,#4573,#4574));
#1511=EDGE_LOOP('',(#4575,#4576,#4577,#4578,#4579));
#1512=EDGE_LOOP('',(#4580,#4581,#4582,#4583,#4584));
#1513=EDGE_LOOP('',(#4585,#4586,#4587,#4588));
#1514=EDGE_LOOP('',(#4589,#4590,#4591,#4592));
#1515=EDGE_LOOP('',(#4593,#4594,#4595,#4596,#4597));
#1516=EDGE_LOOP('',(#4598,#4599,#4600,#4601));
#1517=EDGE_LOOP('',(#4602,#4603,#4604,#4605,#4606,#4607,#4608));
#1518=EDGE_LOOP('',(#4609,#4610,#4611,#4612,#4613));
#1519=EDGE_LOOP('',(#4614,#4615,#4616));
#1520=EDGE_LOOP('',(#4617,#4618,#4619,#4620));
#1521=EDGE_LOOP('',(#4621,#4622,#4623,#4624));
#1522=EDGE_LOOP('',(#4625,#4626,#4627,#4628));
#1523=EDGE_LOOP('',(#4629,#4630,#4631,#4632));
#1524=EDGE_LOOP('',(#4633,#4634,#4635,#4636));
#1525=EDGE_LOOP('',(#4637,#4638,#4639));
#1526=EDGE_LOOP('',(#4640,#4641,#4642,#4643));
#1527=EDGE_LOOP('',(#4644,#4645,#4646,#4647,#4648,#4649,#4650,#4651,#4652,
#4653));
#1528=EDGE_LOOP('',(#4654));
#1529=EDGE_LOOP('',(#4655));
#1530=EDGE_LOOP('',(#4656));
#1531=EDGE_LOOP('',(#4657));
#1532=EDGE_LOOP('',(#4658));
#1533=EDGE_LOOP('',(#4659));
#1534=EDGE_LOOP('',(#4660));
#1535=EDGE_LOOP('',(#4661));
#1536=EDGE_LOOP('',(#4662));
#1537=EDGE_LOOP('',(#4663));
#1538=EDGE_LOOP('',(#4664));
#1539=EDGE_LOOP('',(#4665));
#1540=EDGE_LOOP('',(#4666));
#1541=EDGE_LOOP('',(#4667));
#1542=EDGE_LOOP('',(#4668));
#1543=EDGE_LOOP('',(#4669));
#1544=EDGE_LOOP('',(#4670));
#1545=EDGE_LOOP('',(#4671));
#1546=EDGE_LOOP('',(#4672));
#1547=EDGE_LOOP('',(#4673));
#1548=EDGE_LOOP('',(#4674));
#1549=EDGE_LOOP('',(#4675));
#1550=EDGE_LOOP('',(#4676));
#1551=EDGE_LOOP('',(#4677));
#1552=EDGE_LOOP('',(#4678));
#1553=EDGE_LOOP('',(#4679));
#1554=EDGE_LOOP('',(#4680));
#1555=EDGE_LOOP('',(#4681));
#1556=EDGE_LOOP('',(#4682));
#1557=EDGE_LOOP('',(#4683));
#1558=EDGE_LOOP('',(#4684));
#1559=EDGE_LOOP('',(#4685));
#1560=EDGE_LOOP('',(#4686));
#1561=EDGE_LOOP('',(#4687));
#1562=EDGE_LOOP('',(#4688));
#1563=EDGE_LOOP('',(#4689));
#1564=EDGE_LOOP('',(#4690,#4691,#4692,#4693,#4694,#4695,#4696,#4697,#4698,
#4699));
#1565=EDGE_LOOP('',(#4700));
#1566=EDGE_LOOP('',(#4701));
#1567=EDGE_LOOP('',(#4702));
#1568=EDGE_LOOP('',(#4703));
#1569=EDGE_LOOP('',(#4704));
#1570=EDGE_LOOP('',(#4705));
#1571=EDGE_LOOP('',(#4706));
#1572=EDGE_LOOP('',(#4707));
#1573=EDGE_LOOP('',(#4708));
#1574=EDGE_LOOP('',(#4709));
#1575=EDGE_LOOP('',(#4710));
#1576=EDGE_LOOP('',(#4711));
#1577=EDGE_LOOP('',(#4712));
#1578=EDGE_LOOP('',(#4713));
#1579=EDGE_LOOP('',(#4714));
#1580=EDGE_LOOP('',(#4715));
#1581=EDGE_LOOP('',(#4716));
#1582=EDGE_LOOP('',(#4717));
#1583=EDGE_LOOP('',(#4718));
#1584=EDGE_LOOP('',(#4719));
#1585=EDGE_LOOP('',(#4720));
#1586=EDGE_LOOP('',(#4721));
#1587=EDGE_LOOP('',(#4722));
#1588=EDGE_LOOP('',(#4723));
#1589=EDGE_LOOP('',(#4724));
#1590=EDGE_LOOP('',(#4725));
#1591=EDGE_LOOP('',(#4726));
#1592=EDGE_LOOP('',(#4727));
#1593=EDGE_LOOP('',(#4728));
#1594=EDGE_LOOP('',(#4729));
#1595=EDGE_LOOP('',(#4730));
#1596=EDGE_LOOP('',(#4731));
#1597=EDGE_LOOP('',(#4732));
#1598=EDGE_LOOP('',(#4733));
#1599=EDGE_LOOP('',(#4734));
#1600=EDGE_LOOP('',(#4735));
#1601=EDGE_LOOP('',(#4736,#4737,#4738,#4739));
#1602=EDGE_LOOP('',(#4740,#4741,#4742));
#1603=EDGE_LOOP('',(#4743,#4744,#4745,#4746));
#1604=EDGE_LOOP('',(#4747,#4748,#4749,#4750));
#1605=EDGE_LOOP('',(#4751,#4752,#4753,#4754));
#1606=EDGE_LOOP('',(#4755,#4756,#4757,#4758));
#1607=EDGE_LOOP('',(#4759,#4760,#4761,#4762));
#1608=EDGE_LOOP('',(#4763,#4764,#4765,#4766));
#1609=EDGE_LOOP('',(#4767,#4768,#4769,#4770,#4771,#4772,#4773,#4774));
#1610=EDGE_LOOP('',(#4775,#4776,#4777));
#1611=EDGE_LOOP('',(#4778,#4779,#4780));
#1612=EDGE_LOOP('',(#4781,#4782,#4783,#4784));
#1613=EDGE_LOOP('',(#4785,#4786,#4787,#4788));
#1614=EDGE_LOOP('',(#4789,#4790,#4791,#4792));
#1615=EDGE_LOOP('',(#4793,#4794,#4795,#4796));
#1616=EDGE_LOOP('',(#4797,#4798,#4799,#4800));
#1617=EDGE_LOOP('',(#4801,#4802,#4803));
#1618=EDGE_LOOP('',(#4804,#4805,#4806,#4807));
#1619=EDGE_LOOP('',(#4808,#4809,#4810,#4811,#4812,#4813,#4814,#4815,#4816,
#4817,#4818,#4819,#4820,#4821,#4822,#4823,#4824,#4825,#4826,#4827));
#1620=EDGE_LOOP('',(#4828,#4829,#4830,#4831));
#1621=EDGE_LOOP('',(#4832,#4833,#4834,#4835));
#1622=EDGE_LOOP('',(#4836,#4837,#4838,#4839));
#1623=EDGE_LOOP('',(#4840,#4841,#4842,#4843));
#1624=EDGE_LOOP('',(#4844,#4845,#4846,#4847));
#1625=EDGE_LOOP('',(#4848,#4849,#4850,#4851));
#1626=EDGE_LOOP('',(#4852,#4853,#4854,#4855));
#1627=EDGE_LOOP('',(#4856,#4857,#4858,#4859));
#1628=EDGE_LOOP('',(#4860,#4861,#4862,#4863,#4864,#4865,#4866,#4867,#4868,
#4869,#4870,#4871));
#1629=EDGE_LOOP('',(#4872,#4873,#4874,#4875));
#1630=EDGE_LOOP('',(#4876,#4877,#4878,#4879));
#1631=EDGE_LOOP('',(#4880,#4881,#4882,#4883));
#1632=EDGE_LOOP('',(#4884,#4885,#4886,#4887,#4888));
#1633=EDGE_LOOP('',(#4889,#4890,#4891,#4892,#4893,#4894,#4895));
#1634=EDGE_LOOP('',(#4896,#4897,#4898,#4899,#4900,#4901,#4902,#4903));
#1635=EDGE_LOOP('',(#4904,#4905,#4906,#4907,#4908,#4909,#4910,#4911));
#1636=EDGE_LOOP('',(#4912,#4913,#4914,#4915,#4916));
#1637=EDGE_LOOP('',(#4917,#4918,#4919,#4920,#4921,#4922,#4923,#4924));
#1638=EDGE_LOOP('',(#4925,#4926,#4927,#4928,#4929));
#1639=EDGE_LOOP('',(#4930,#4931,#4932,#4933));
#1640=EDGE_LOOP('',(#4934,#4935,#4936,#4937));
#1641=EDGE_LOOP('',(#4938,#4939,#4940,#4941,#4942,#4943,#4944,#4945,#4946));
#1642=EDGE_LOOP('',(#4947,#4948,#4949,#4950));
#1643=EDGE_LOOP('',(#4951,#4952,#4953,#4954,#4955,#4956,#4957,#4958,#4959,
#4960,#4961,#4962,#4963,#4964,#4965,#4966,#4967,#4968));
#1644=EDGE_LOOP('',(#4969));
#1645=EDGE_LOOP('',(#4970));
#1646=EDGE_LOOP('',(#4971,#4972,#4973,#4974,#4975,#4976));
#1647=EDGE_LOOP('',(#4977,#4978,#4979,#4980));
#1648=EDGE_LOOP('',(#4981,#4982,#4983,#4984));
#1649=EDGE_LOOP('',(#4985,#4986,#4987,#4988));
#1650=EDGE_LOOP('',(#4989,#4990,#4991,#4992));
#1651=EDGE_LOOP('',(#4993,#4994,#4995,#4996));
#1652=EDGE_LOOP('',(#4997,#4998,#4999,#5000));
#1653=EDGE_LOOP('',(#5001,#5002,#5003,#5004));
#1654=EDGE_LOOP('',(#5005,#5006,#5007,#5008));
#1655=EDGE_LOOP('',(#5009,#5010,#5011,#5012));
#1656=EDGE_LOOP('',(#5013,#5014,#5015,#5016));
#1657=EDGE_LOOP('',(#5017,#5018,#5019,#5020));
#1658=EDGE_LOOP('',(#5021,#5022,#5023,#5024));
#1659=EDGE_LOOP('',(#5025,#5026,#5027,#5028,#5029,#5030));
#1660=EDGE_LOOP('',(#5031,#5032,#5033,#5034,#5035,#5036));
#1661=EDGE_LOOP('',(#5037,#5038,#5039,#5040,#5041,#5042,#5043));
#1662=EDGE_LOOP('',(#5044,#5045,#5046,#5047));
#1663=EDGE_LOOP('',(#5048,#5049,#5050,#5051));
#1664=EDGE_LOOP('',(#5052,#5053,#5054,#5055));
#1665=EDGE_LOOP('',(#5056,#5057,#5058,#5059));
#1666=EDGE_LOOP('',(#5060,#5061,#5062,#5063));
#1667=EDGE_LOOP('',(#5064,#5065,#5066,#5067));
#1668=EDGE_LOOP('',(#5068,#5069,#5070,#5071,#5072));
#1669=EDGE_LOOP('',(#5073,#5074,#5075,#5076,#5077,#5078));
#1670=EDGE_LOOP('',(#5079,#5080,#5081,#5082,#5083,#5084));
#1671=EDGE_LOOP('',(#5085,#5086,#5087,#5088));
#1672=EDGE_LOOP('',(#5089,#5090,#5091,#5092));
#1673=EDGE_LOOP('',(#5093,#5094,#5095,#5096,#5097,#5098));
#1674=EDGE_LOOP('',(#5099));
#1675=EDGE_LOOP('',(#5100,#5101,#5102));
#1676=EDGE_LOOP('',(#5103,#5104,#5105,#5106));
#1677=EDGE_LOOP('',(#5107,#5108,#5109,#5110));
#1678=EDGE_LOOP('',(#5111,#5112,#5113,#5114));
#1679=EDGE_LOOP('',(#5115,#5116,#5117,#5118));
#1680=EDGE_LOOP('',(#5119,#5120,#5121,#5122));
#1681=EDGE_LOOP('',(#5123,#5124,#5125,#5126,#5127,#5128,#5129));
#1682=EDGE_LOOP('',(#5130,#5131,#5132,#5133,#5134,#5135,#5136,#5137,#5138));
#1683=EDGE_LOOP('',(#5139));
#1684=EDGE_LOOP('',(#5140));
#1685=EDGE_LOOP('',(#5141));
#1686=EDGE_LOOP('',(#5142));
#1687=EDGE_LOOP('',(#5143,#5144,#5145,#5146));
#1688=EDGE_LOOP('',(#5147,#5148,#5149,#5150));
#1689=EDGE_LOOP('',(#5151,#5152,#5153,#5154));
#1690=EDGE_LOOP('',(#5155,#5156,#5157,#5158));
#1691=EDGE_LOOP('',(#5159,#5160,#5161,#5162));
#1692=EDGE_LOOP('',(#5163,#5164,#5165,#5166));
#1693=EDGE_LOOP('',(#5167,#5168,#5169,#5170));
#1694=EDGE_LOOP('',(#5171,#5172,#5173));
#1695=EDGE_LOOP('',(#5174,#5175,#5176));
#1696=EDGE_LOOP('',(#5177,#5178,#5179,#5180));
#1697=EDGE_LOOP('',(#5181,#5182,#5183,#5184,#5185));
#1698=EDGE_LOOP('',(#5186,#5187,#5188,#5189,#5190,#5191,#5192,#5193,#5194,
#5195,#5196,#5197,#5198,#5199,#5200,#5201,#5202));
#1699=EDGE_LOOP('',(#5203));
#1700=EDGE_LOOP('',(#5204));
#1701=EDGE_LOOP('',(#5205,#5206,#5207,#5208,#5209));
#1702=EDGE_LOOP('',(#5210,#5211,#5212,#5213,#5214));
#1703=EDGE_LOOP('',(#5215,#5216,#5217,#5218,#5219));
#1704=EDGE_LOOP('',(#5220,#5221,#5222,#5223,#5224));
#1705=EDGE_LOOP('',(#5225,#5226,#5227,#5228));
#1706=EDGE_LOOP('',(#5229,#5230,#5231,#5232,#5233,#5234));
#1707=EDGE_LOOP('',(#5235,#5236,#5237,#5238,#5239));
#1708=EDGE_LOOP('',(#5240,#5241,#5242,#5243));
#1709=EDGE_LOOP('',(#5244,#5245,#5246,#5247,#5248,#5249,#5250));
#1710=EDGE_LOOP('',(#5251,#5252,#5253,#5254,#5255,#5256));
#1711=EDGE_LOOP('',(#5257,#5258,#5259,#5260));
#1712=EDGE_LOOP('',(#5261,#5262,#5263,#5264));
#1713=EDGE_LOOP('',(#5265,#5266,#5267,#5268));
#1714=EDGE_LOOP('',(#5269,#5270,#5271,#5272));
#1715=EDGE_LOOP('',(#5273,#5274,#5275));
#1716=EDGE_LOOP('',(#5276,#5277,#5278,#5279,#5280,#5281,#5282));
#1717=EDGE_LOOP('',(#5283,#5284,#5285,#5286));
#1718=EDGE_LOOP('',(#5287,#5288,#5289,#5290));
#1719=EDGE_LOOP('',(#5291,#5292,#5293));
#1720=EDGE_LOOP('',(#5294,#5295,#5296,#5297));
#1721=EDGE_LOOP('',(#5298,#5299,#5300,#5301));
#1722=EDGE_LOOP('',(#5302,#5303,#5304,#5305));
#1723=EDGE_LOOP('',(#5306,#5307,#5308,#5309));
#1724=EDGE_LOOP('',(#5310,#5311,#5312,#5313));
#1725=EDGE_LOOP('',(#5314,#5315,#5316,#5317));
#1726=EDGE_LOOP('',(#5318,#5319,#5320,#5321));
#1727=EDGE_LOOP('',(#5322,#5323,#5324,#5325));
#1728=EDGE_LOOP('',(#5326,#5327,#5328,#5329));
#1729=EDGE_LOOP('',(#5330,#5331,#5332,#5333));
#1730=EDGE_LOOP('',(#5334,#5335,#5336,#5337));
#1731=EDGE_LOOP('',(#5338,#5339,#5340,#5341,#5342));
#1732=EDGE_LOOP('',(#5343,#5344,#5345));
#1733=EDGE_LOOP('',(#5346,#5347,#5348,#5349,#5350,#5351));
#1734=EDGE_LOOP('',(#5352,#5353,#5354,#5355,#5356,#5357,#5358));
#1735=EDGE_LOOP('',(#5359,#5360,#5361,#5362,#5363,#5364,#5365));
#1736=EDGE_LOOP('',(#5366,#5367,#5368,#5369,#5370,#5371,#5372,#5373,#5374,
#5375,#5376));
#1737=EDGE_LOOP('',(#5377,#5378,#5379,#5380));
#1738=EDGE_LOOP('',(#5381,#5382,#5383));
#1739=EDGE_LOOP('',(#5384,#5385,#5386,#5387,#5388,#5389,#5390));
#1740=EDGE_LOOP('',(#5391,#5392,#5393,#5394,#5395,#5396,#5397,#5398));
#1741=EDGE_LOOP('',(#5399,#5400,#5401,#5402));
#1742=EDGE_LOOP('',(#5403,#5404,#5405,#5406));
#1743=EDGE_LOOP('',(#5407,#5408,#5409,#5410));
#1744=EDGE_LOOP('',(#5411,#5412,#5413,#5414));
#1745=EDGE_LOOP('',(#5415,#5416,#5417,#5418,#5419,#5420,#5421));
#1746=EDGE_LOOP('',(#5422,#5423,#5424,#5425));
#1747=EDGE_LOOP('',(#5426,#5427,#5428,#5429));
#1748=EDGE_LOOP('',(#5430,#5431,#5432,#5433));
#1749=EDGE_LOOP('',(#5434,#5435,#5436,#5437));
#1750=EDGE_LOOP('',(#5438,#5439,#5440,#5441));
#1751=EDGE_LOOP('',(#5442,#5443,#5444,#5445));
#1752=EDGE_LOOP('',(#5446,#5447,#5448,#5449));
#1753=EDGE_LOOP('',(#5450,#5451,#5452,#5453));
#1754=EDGE_LOOP('',(#5454));
#1755=EDGE_LOOP('',(#5455));
#1756=EDGE_LOOP('',(#5456,#5457,#5458,#5459));
#1757=EDGE_LOOP('',(#5460));
#1758=EDGE_LOOP('',(#5461));
#1759=EDGE_LOOP('',(#5462,#5463,#5464,#5465));
#1760=EDGE_LOOP('',(#5466,#5467));
#1761=EDGE_LOOP('',(#5468));
#1762=EDGE_LOOP('',(#5469,#5470));
#1763=EDGE_LOOP('',(#5471));
#1764=EDGE_LOOP('',(#5472,#5473,#5474,#5475));
#1765=EDGE_LOOP('',(#5476,#5477,#5478,#5479));
#1766=EDGE_LOOP('',(#5480,#5481,#5482,#5483));
#1767=EDGE_LOOP('',(#5484,#5485,#5486,#5487,#5488,#5489,#5490));
#1768=EDGE_LOOP('',(#5491,#5492,#5493,#5494,#5495));
#1769=EDGE_LOOP('',(#5496,#5497,#5498,#5499,#5500,#5501));
#1770=EDGE_LOOP('',(#5502,#5503,#5504,#5505));
#1771=EDGE_LOOP('',(#5506,#5507,#5508,#5509));
#1772=EDGE_LOOP('',(#5510,#5511,#5512,#5513,#5514,#5515,#5516,#5517));
#1773=EDGE_LOOP('',(#5518,#5519,#5520,#5521));
#1774=EDGE_LOOP('',(#5522,#5523,#5524,#5525,#5526,#5527,#5528,#5529));
#1775=EDGE_LOOP('',(#5530,#5531,#5532,#5533));
#1776=EDGE_LOOP('',(#5534,#5535,#5536,#5537));
#1777=EDGE_LOOP('',(#5538,#5539,#5540,#5541));
#1778=EDGE_LOOP('',(#5542,#5543,#5544,#5545));
#1779=EDGE_LOOP('',(#5546,#5547,#5548,#5549,#5550));
#1780=EDGE_LOOP('',(#5551,#5552,#5553,#5554));
#1781=EDGE_LOOP('',(#5555,#5556,#5557,#5558));
#1782=EDGE_LOOP('',(#5559,#5560,#5561,#5562));
#1783=EDGE_LOOP('',(#5563,#5564,#5565,#5566,#5567,#5568,#5569,#5570));
#1784=EDGE_LOOP('',(#5571,#5572,#5573,#5574,#5575));
#1785=EDGE_LOOP('',(#5576,#5577,#5578,#5579,#5580,#5581,#5582,#5583));
#1786=EDGE_LOOP('',(#5584,#5585,#5586,#5587));
#1787=EDGE_LOOP('',(#5588,#5589,#5590));
#1788=EDGE_LOOP('',(#5591,#5592,#5593,#5594,#5595,#5596,#5597,#5598));
#1789=EDGE_LOOP('',(#5599,#5600,#5601));
#1790=EDGE_LOOP('',(#5602,#5603,#5604,#5605,#5606));
#1791=EDGE_LOOP('',(#5607,#5608,#5609,#5610,#5611,#5612,#5613,#5614,#5615,
#5616));
#1792=EDGE_LOOP('',(#5617,#5618,#5619,#5620,#5621,#5622,#5623,#5624,#5625,
#5626,#5627,#5628,#5629,#5630,#5631,#5632));
#1793=EDGE_LOOP('',(#5633));
#1794=EDGE_LOOP('',(#5634));
#1795=EDGE_LOOP('',(#5635,#5636,#5637,#5638));
#1796=EDGE_LOOP('',(#5639,#5640,#5641,#5642,#5643));
#1797=EDGE_LOOP('',(#5644,#5645,#5646,#5647,#5648,#5649));
#1798=EDGE_LOOP('',(#5650,#5651,#5652,#5653,#5654,#5655,#5656,#5657));
#1799=EDGE_LOOP('',(#5658,#5659,#5660,#5661));
#1800=EDGE_LOOP('',(#5662,#5663,#5664,#5665));
#1801=EDGE_LOOP('',(#5666,#5667,#5668,#5669));
#1802=EDGE_LOOP('',(#5670,#5671,#5672,#5673,#5674,#5675,#5676,#5677,#5678));
#1803=EDGE_LOOP('',(#5679,#5680,#5681,#5682));
#1804=EDGE_LOOP('',(#5683,#5684,#5685,#5686,#5687));
#1805=EDGE_LOOP('',(#5688,#5689,#5690,#5691,#5692));
#1806=EDGE_LOOP('',(#5693,#5694,#5695,#5696,#5697,#5698));
#1807=EDGE_LOOP('',(#5699));
#1808=EDGE_LOOP('',(#5700));
#1809=EDGE_LOOP('',(#5701,#5702,#5703,#5704));
#1810=EDGE_LOOP('',(#5705));
#1811=EDGE_LOOP('',(#5706));
#1812=EDGE_LOOP('',(#5707,#5708,#5709,#5710));
#1813=EDGE_LOOP('',(#5711));
#1814=EDGE_LOOP('',(#5712));
#1815=EDGE_LOOP('',(#5713,#5714,#5715,#5716,#5717,#5718));
#1816=EDGE_LOOP('',(#5719));
#1817=EDGE_LOOP('',(#5720));
#1818=EDGE_LOOP('',(#5721,#5722,#5723,#5724));
#1819=EDGE_LOOP('',(#5725));
#1820=EDGE_LOOP('',(#5726));
#1821=EDGE_LOOP('',(#5727,#5728,#5729,#5730,#5731,#5732));
#1822=EDGE_LOOP('',(#5733));
#1823=EDGE_LOOP('',(#5734));
#1824=EDGE_LOOP('',(#5735));
#1825=EDGE_LOOP('',(#5736));
#1826=EDGE_LOOP('',(#5737,#5738,#5739,#5740));
#1827=EDGE_LOOP('',(#5741));
#1828=EDGE_LOOP('',(#5742));
#1829=EDGE_LOOP('',(#5743,#5744,#5745,#5746));
#1830=EDGE_LOOP('',(#5747,#5748,#5749,#5750));
#1831=EDGE_LOOP('',(#5751,#5752,#5753,#5754));
#1832=EDGE_LOOP('',(#5755,#5756,#5757,#5758));
#1833=EDGE_LOOP('',(#5759,#5760,#5761,#5762));
#1834=EDGE_LOOP('',(#5763,#5764,#5765,#5766));
#1835=EDGE_LOOP('',(#5767,#5768,#5769,#5770));
#1836=EDGE_LOOP('',(#5771,#5772,#5773,#5774));
#1837=EDGE_LOOP('',(#5775,#5776,#5777,#5778));
#1838=EDGE_LOOP('',(#5779,#5780,#5781,#5782));
#1839=EDGE_LOOP('',(#5783,#5784,#5785,#5786));
#1840=EDGE_LOOP('',(#5787,#5788,#5789,#5790));
#1841=EDGE_LOOP('',(#5791,#5792,#5793,#5794));
#1842=EDGE_LOOP('',(#5795,#5796,#5797,#5798));
#1843=EDGE_LOOP('',(#5799,#5800,#5801,#5802));
#1844=EDGE_LOOP('',(#5803,#5804,#5805,#5806));
#1845=EDGE_LOOP('',(#5807,#5808,#5809,#5810));
#1846=EDGE_LOOP('',(#5811,#5812,#5813,#5814));
#1847=EDGE_LOOP('',(#5815,#5816,#5817,#5818));
#1848=EDGE_LOOP('',(#5819,#5820,#5821,#5822));
#1849=EDGE_LOOP('',(#5823,#5824,#5825,#5826));
#1850=EDGE_LOOP('',(#5827,#5828,#5829,#5830));
#1851=EDGE_LOOP('',(#5831,#5832,#5833,#5834));
#1852=EDGE_LOOP('',(#5835,#5836,#5837,#5838));
#1853=EDGE_LOOP('',(#5839,#5840,#5841,#5842));
#1854=EDGE_LOOP('',(#5843,#5844,#5845,#5846));
#1855=EDGE_LOOP('',(#5847,#5848,#5849,#5850));
#1856=EDGE_LOOP('',(#5851,#5852,#5853,#5854));
#1857=EDGE_LOOP('',(#5855,#5856,#5857,#5858));
#1858=EDGE_LOOP('',(#5859,#5860,#5861,#5862));
#1859=EDGE_LOOP('',(#5863,#5864,#5865,#5866));
#1860=EDGE_LOOP('',(#5867,#5868,#5869,#5870));
#1861=EDGE_LOOP('',(#5871,#5872,#5873,#5874));
#1862=EDGE_LOOP('',(#5875,#5876,#5877,#5878));
#1863=EDGE_LOOP('',(#5879,#5880,#5881,#5882));
#1864=EDGE_LOOP('',(#5883,#5884,#5885,#5886));
#1865=EDGE_LOOP('',(#5887,#5888,#5889,#5890));
#1866=EDGE_LOOP('',(#5891,#5892,#5893,#5894));
#1867=EDGE_LOOP('',(#5895,#5896,#5897,#5898));
#1868=EDGE_LOOP('',(#5899,#5900,#5901,#5902));
#1869=EDGE_LOOP('',(#5903,#5904,#5905,#5906));
#1870=EDGE_LOOP('',(#5907,#5908,#5909,#5910));
#1871=EDGE_LOOP('',(#5911,#5912,#5913,#5914));
#1872=EDGE_LOOP('',(#5915,#5916,#5917,#5918));
#1873=EDGE_LOOP('',(#5919,#5920,#5921,#5922));
#1874=EDGE_LOOP('',(#5923,#5924,#5925,#5926));
#1875=EDGE_LOOP('',(#5927,#5928,#5929,#5930));
#1876=EDGE_LOOP('',(#5931,#5932,#5933,#5934));
#1877=EDGE_LOOP('',(#5935,#5936,#5937,#5938));
#1878=EDGE_LOOP('',(#5939,#5940,#5941,#5942));
#1879=EDGE_LOOP('',(#5943,#5944,#5945,#5946));
#1880=EDGE_LOOP('',(#5947,#5948,#5949,#5950));
#1881=EDGE_LOOP('',(#5951,#5952,#5953,#5954));
#1882=EDGE_LOOP('',(#5955,#5956,#5957,#5958));
#1883=EDGE_LOOP('',(#5959,#5960,#5961,#5962));
#1884=EDGE_LOOP('',(#5963,#5964,#5965,#5966));
#1885=EDGE_LOOP('',(#5967,#5968,#5969,#5970));
#1886=EDGE_LOOP('',(#5971,#5972,#5973,#5974));
#1887=EDGE_LOOP('',(#5975,#5976,#5977,#5978));
#1888=EDGE_LOOP('',(#5979,#5980,#5981,#5982));
#1889=EDGE_LOOP('',(#5983,#5984,#5985,#5986));
#1890=EDGE_LOOP('',(#5987,#5988,#5989,#5990));
#1891=EDGE_LOOP('',(#5991,#5992,#5993,#5994));
#1892=EDGE_LOOP('',(#5995,#5996,#5997,#5998));
#1893=EDGE_LOOP('',(#5999,#6000,#6001,#6002));
#1894=EDGE_LOOP('',(#6003,#6004,#6005,#6006));
#1895=EDGE_LOOP('',(#6007,#6008,#6009,#6010));
#1896=EDGE_LOOP('',(#6011,#6012,#6013,#6014));
#1897=EDGE_LOOP('',(#6015,#6016,#6017,#6018));
#1898=EDGE_LOOP('',(#6019,#6020,#6021,#6022));
#1899=EDGE_LOOP('',(#6023,#6024,#6025,#6026));
#1900=EDGE_LOOP('',(#6027,#6028,#6029,#6030));
#1901=EDGE_LOOP('',(#6031,#6032,#6033,#6034));
#1902=EDGE_LOOP('',(#6035,#6036,#6037,#6038));
#1903=LINE('',#9112,#2287);
#1904=LINE('',#9114,#2288);
#1905=LINE('',#9116,#2289);
#1906=LINE('',#9117,#2290);
#1907=LINE('',#9122,#2291);
#1908=LINE('',#9123,#2292);
#1909=LINE('',#9129,#2293);
#1910=LINE('',#9133,#2294);
#1911=LINE('',#9135,#2295);
#1912=LINE('',#9138,#2296);
#1913=LINE('',#9142,#2297);
#1914=LINE('',#9144,#2298);
#1915=LINE('',#9147,#2299);
#1916=LINE('',#9152,#2300);
#1917=LINE('',#9158,#2301);
#1918=LINE('',#9162,#2302);
#1919=LINE('',#9163,#2303);
#1920=LINE('',#9173,#2304);
#1921=LINE('',#9175,#2305);
#1922=LINE('',#9177,#2306);
#1923=LINE('',#9186,#2307);
#1924=LINE('',#9199,#2308);
#1925=LINE('',#9200,#2309);
#1926=LINE('',#9203,#2310);
#1927=LINE('',#9205,#2311);
#1928=LINE('',#9206,#2312);
#1929=LINE('',#9208,#2313);
#1930=LINE('',#9213,#2314);
#1931=LINE('',#9215,#2315);
#1932=LINE('',#9217,#2316);
#1933=LINE('',#9218,#2317);
#1934=LINE('',#9222,#2318);
#1935=LINE('',#9224,#2319);
#1936=LINE('',#9226,#2320);
#1937=LINE('',#9227,#2321);
#1938=LINE('',#9228,#2322);
#1939=LINE('',#9233,#2323);
#1940=LINE('',#9235,#2324);
#1941=LINE('',#9236,#2325);
#1942=LINE('',#9239,#2326);
#1943=LINE('',#9241,#2327);
#1944=LINE('',#9243,#2328);
#1945=LINE('',#9245,#2329);
#1946=LINE('',#9247,#2330);
#1947=LINE('',#9249,#2331);
#1948=LINE('',#9251,#2332);
#1949=LINE('',#9252,#2333);
#1950=LINE('',#9256,#2334);
#1951=LINE('',#9258,#2335);
#1952=LINE('',#9260,#2336);
#1953=LINE('',#9261,#2337);
#1954=LINE('',#9262,#2338);
#1955=LINE('',#9267,#2339);
#1956=LINE('',#9269,#2340);
#1957=LINE('',#9271,#2341);
#1958=LINE('',#9275,#2342);
#1959=LINE('',#9277,#2343);
#1960=LINE('',#9278,#2344);
#1961=LINE('',#9354,#2345);
#1962=LINE('',#9356,#2346);
#1963=LINE('',#9359,#2347);
#1964=LINE('',#9361,#2348);
#1965=LINE('',#9363,#2349);
#1966=LINE('',#9367,#2350);
#1967=LINE('',#9368,#2351);
#1968=LINE('',#9442,#2352);
#1969=LINE('',#9443,#2353);
#1970=LINE('',#9446,#2354);
#1971=LINE('',#9447,#2355);
#1972=LINE('',#9448,#2356);
#1973=LINE('',#9460,#2357);
#1974=LINE('',#9461,#2358);
#1975=LINE('',#9462,#2359);
#1976=LINE('',#9466,#2360);
#1977=LINE('',#9468,#2361);
#1978=LINE('',#9469,#2362);
#1979=LINE('',#9471,#2363);
#1980=LINE('',#9472,#2364);
#1981=LINE('',#9476,#2365);
#1982=LINE('',#9477,#2366);
#1983=LINE('',#9478,#2367);
#1984=LINE('',#9482,#2368);
#1985=LINE('',#9483,#2369);
#1986=LINE('',#9485,#2370);
#1987=LINE('',#9486,#2371);
#1988=LINE('',#9492,#2372);
#1989=LINE('',#9494,#2373);
#1990=LINE('',#9495,#2374);
#1991=LINE('',#9509,#2375);
#1992=LINE('',#9510,#2376);
#1993=LINE('',#9513,#2377);
#1994=LINE('',#9514,#2378);
#1995=LINE('',#9527,#2379);
#1996=LINE('',#9585,#2380);
#1997=LINE('',#9587,#2381);
#1998=LINE('',#9589,#2382);
#1999=LINE('',#9590,#2383);
#2000=LINE('',#9604,#2384);
#2001=LINE('',#9605,#2385);
#2002=LINE('',#9619,#2386);
#2003=LINE('',#9620,#2387);
#2004=LINE('',#9633,#2388);
#2005=LINE('',#9635,#2389);
#2006=LINE('',#9637,#2390);
#2007=LINE('',#9653,#2391);
#2008=LINE('',#9660,#2392);
#2009=LINE('',#9666,#2393);
#2010=LINE('',#9668,#2394);
#2011=LINE('',#9697,#2395);
#2012=LINE('',#9726,#2396);
#2013=LINE('',#9730,#2397);
#2014=LINE('',#9732,#2398);
#2015=LINE('',#9733,#2399);
#2016=LINE('',#9736,#2400);
#2017=LINE('',#9743,#2401);
#2018=LINE('',#9747,#2402);
#2019=LINE('',#9750,#2403);
#2020=LINE('',#9753,#2404);
#2021=LINE('',#9755,#2405);
#2022=LINE('',#9758,#2406);
#2023=LINE('',#9762,#2407);
#2024=LINE('',#9766,#2408);
#2025=LINE('',#9770,#2409);
#2026=LINE('',#9774,#2410);
#2027=LINE('',#9776,#2411);
#2028=LINE('',#9779,#2412);
#2029=LINE('',#9781,#2413);
#2030=LINE('',#9785,#2414);
#2031=LINE('',#9789,#2415);
#2032=LINE('',#9793,#2416);
#2033=LINE('',#9795,#2417);
#2034=LINE('',#9799,#2418);
#2035=LINE('',#9802,#2419);
#2036=LINE('',#9805,#2420);
#2037=LINE('',#9808,#2421);
#2038=LINE('',#9811,#2422);
#2039=LINE('',#9816,#2423);
#2040=LINE('',#9819,#2424);
#2041=LINE('',#9820,#2425);
#2042=LINE('',#9823,#2426);
#2043=LINE('',#9825,#2427);
#2044=LINE('',#9826,#2428);
#2045=LINE('',#9828,#2429);
#2046=LINE('',#9830,#2430);
#2047=LINE('',#9834,#2431);
#2048=LINE('',#9835,#2432);
#2049=LINE('',#9838,#2433);
#2050=LINE('',#9839,#2434);
#2051=LINE('',#9842,#2435);
#2052=LINE('',#9844,#2436);
#2053=LINE('',#9846,#2437);
#2054=LINE('',#9848,#2438);
#2055=LINE('',#9851,#2439);
#2056=LINE('',#9890,#2440);
#2057=LINE('',#9926,#2441);
#2058=LINE('',#9963,#2442);
#2059=LINE('',#10000,#2443);
#2060=LINE('',#10003,#2444);
#2061=LINE('',#10006,#2445);
#2062=LINE('',#10008,#2446);
#2063=LINE('',#10010,#2447);
#2064=LINE('',#10024,#2448);
#2065=LINE('',#10106,#2449);
#2066=LINE('',#10116,#2450);
#2067=LINE('',#10129,#2451);
#2068=LINE('',#10131,#2452);
#2069=LINE('',#10132,#2453);
#2070=LINE('',#10207,#2454);
#2071=LINE('',#10218,#2455);
#2072=LINE('',#10250,#2456);
#2073=LINE('',#10324,#2457);
#2074=LINE('',#10327,#2458);
#2075=LINE('',#10329,#2459);
#2076=LINE('',#10341,#2460);
#2077=LINE('',#10403,#2461);
#2078=LINE('',#10440,#2462);
#2079=LINE('',#10443,#2463);
#2080=LINE('',#10447,#2464);
#2081=LINE('',#10459,#2465);
#2082=LINE('',#10465,#2466);
#2083=LINE('',#10480,#2467);
#2084=LINE('',#10522,#2468);
#2085=LINE('',#10558,#2469);
#2086=LINE('',#10602,#2470);
#2087=LINE('',#10603,#2471);
#2088=LINE('',#10606,#2472);
#2089=LINE('',#10616,#2473);
#2090=LINE('',#10620,#2474);
#2091=LINE('',#10622,#2475);
#2092=LINE('',#10625,#2476);
#2093=LINE('',#10640,#2477);
#2094=LINE('',#10643,#2478);
#2095=LINE('',#10645,#2479);
#2096=LINE('',#10648,#2480);
#2097=LINE('',#10660,#2481);
#2098=LINE('',#10672,#2482);
#2099=LINE('',#10684,#2483);
#2100=LINE('',#10687,#2484);
#2101=LINE('',#10691,#2485);
#2102=LINE('',#10695,#2486);
#2103=LINE('',#10699,#2487);
#2104=LINE('',#10701,#2488);
#2105=LINE('',#10702,#2489);
#2106=LINE('',#10709,#2490);
#2107=LINE('',#10716,#2491);
#2108=LINE('',#10731,#2492);
#2109=LINE('',#10734,#2493);
#2110=LINE('',#10887,#2494);
#2111=LINE('',#10891,#2495);
#2112=LINE('',#10892,#2496);
#2113=LINE('',#10929,#2497);
#2114=LINE('',#10930,#2498);
#2115=LINE('',#10977,#2499);
#2116=LINE('',#10986,#2500);
#2117=LINE('',#10988,#2501);
#2118=LINE('',#10989,#2502);
#2119=LINE('',#10998,#2503);
#2120=LINE('',#11055,#2504);
#2121=LINE('',#11100,#2505);
#2122=LINE('',#11111,#2506);
#2123=LINE('',#11114,#2507);
#2124=LINE('',#11117,#2508);
#2125=LINE('',#11120,#2509);
#2126=LINE('',#11155,#2510);
#2127=LINE('',#11198,#2511);
#2128=LINE('',#11282,#2512);
#2129=LINE('',#11283,#2513);
#2130=LINE('',#11551,#2514);
#2131=LINE('',#11569,#2515);
#2132=LINE('',#11571,#2516);
#2133=LINE('',#11575,#2517);
#2134=LINE('',#11579,#2518);
#2135=LINE('',#11583,#2519);
#2136=LINE('',#11587,#2520);
#2137=LINE('',#11595,#2521);
#2138=LINE('',#11600,#2522);
#2139=LINE('',#11610,#2523);
#2140=LINE('',#11703,#2524);
#2141=LINE('',#11801,#2525);
#2142=LINE('',#11818,#2526);
#2143=LINE('',#11855,#2527);
#2144=LINE('',#11981,#2528);
#2145=LINE('',#11983,#2529);
#2146=LINE('',#11985,#2530);
#2147=LINE('',#12024,#2531);
#2148=LINE('',#12059,#2532);
#2149=LINE('',#12230,#2533);
#2150=LINE('',#12231,#2534);
#2151=LINE('',#12242,#2535);
#2152=LINE('',#12243,#2536);
#2153=LINE('',#12297,#2537);
#2154=LINE('',#12359,#2538);
#2155=LINE('',#12360,#2539);
#2156=LINE('',#12362,#2540);
#2157=LINE('',#12363,#2541);
#2158=LINE('',#12365,#2542);
#2159=LINE('',#12368,#2543);
#2160=LINE('',#12371,#2544);
#2161=LINE('',#12445,#2545);
#2162=LINE('',#12451,#2546);
#2163=LINE('',#12502,#2547);
#2164=LINE('',#12503,#2548);
#2165=LINE('',#12610,#2549);
#2166=LINE('',#12617,#2550);
#2167=LINE('',#12624,#2551);
#2168=LINE('',#12638,#2552);
#2169=LINE('',#12649,#2553);
#2170=LINE('',#12650,#2554);
#2171=LINE('',#12652,#2555);
#2172=LINE('',#12654,#2556);
#2173=LINE('',#12655,#2557);
#2174=LINE('',#12658,#2558);
#2175=LINE('',#12659,#2559);
#2176=LINE('',#12661,#2560);
#2177=LINE('',#12664,#2561);
#2178=LINE('',#12665,#2562);
#2179=LINE('',#12667,#2563);
#2180=LINE('',#12668,#2564);
#2181=LINE('',#12672,#2565);
#2182=LINE('',#12674,#2566);
#2183=LINE('',#12676,#2567);
#2184=LINE('',#12678,#2568);
#2185=LINE('',#12680,#2569);
#2186=LINE('',#12682,#2570);
#2187=LINE('',#12684,#2571);
#2188=LINE('',#12686,#2572);
#2189=LINE('',#12688,#2573);
#2190=LINE('',#12698,#2574);
#2191=LINE('',#12701,#2575);
#2192=LINE('',#12707,#2576);
#2193=LINE('',#12711,#2577);
#2194=LINE('',#12713,#2578);
#2195=LINE('',#12718,#2579);
#2196=LINE('',#12725,#2580);
#2197=LINE('',#12731,#2581);
#2198=LINE('',#12739,#2582);
#2199=LINE('',#12744,#2583);
#2200=LINE('',#12745,#2584);
#2201=LINE('',#12746,#2585);
#2202=LINE('',#12758,#2586);
#2203=LINE('',#12759,#2587);
#2204=LINE('',#12775,#2588);
#2205=LINE('',#12777,#2589);
#2206=LINE('',#12782,#2590);
#2207=LINE('',#12789,#2591);
#2208=LINE('',#12796,#2592);
#2209=LINE('',#12803,#2593);
#2210=LINE('',#12810,#2594);
#2211=LINE('',#12815,#2595);
#2212=LINE('',#12821,#2596);
#2213=LINE('',#12825,#2597);
#2214=LINE('',#12827,#2598);
#2215=LINE('',#12829,#2599);
#2216=LINE('',#12831,#2600);
#2217=LINE('',#12833,#2601);
#2218=LINE('',#12835,#2602);
#2219=LINE('',#12837,#2603);
#2220=LINE('',#12839,#2604);
#2221=LINE('',#12841,#2605);
#2222=LINE('',#12843,#2606);
#2223=LINE('',#12845,#2607);
#2224=LINE('',#12847,#2608);
#2225=LINE('',#12849,#2609);
#2226=LINE('',#12851,#2610);
#2227=LINE('',#12853,#2611);
#2228=LINE('',#12855,#2612);
#2229=LINE('',#12857,#2613);
#2230=LINE('',#12859,#2614);
#2231=LINE('',#12861,#2615);
#2232=LINE('',#12863,#2616);
#2233=LINE('',#12865,#2617);
#2234=LINE('',#12867,#2618);
#2235=LINE('',#12869,#2619);
#2236=LINE('',#12871,#2620);
#2237=LINE('',#12873,#2621);
#2238=LINE('',#12875,#2622);
#2239=LINE('',#12877,#2623);
#2240=LINE('',#12879,#2624);
#2241=LINE('',#12881,#2625);
#2242=LINE('',#12883,#2626);
#2243=LINE('',#12885,#2627);
#2244=LINE('',#12887,#2628);
#2245=LINE('',#12889,#2629);
#2246=LINE('',#12891,#2630);
#2247=LINE('',#12893,#2631);
#2248=LINE('',#12895,#2632);
#2249=LINE('',#12897,#2633);
#2250=LINE('',#12899,#2634);
#2251=LINE('',#12901,#2635);
#2252=LINE('',#12903,#2636);
#2253=LINE('',#12905,#2637);
#2254=LINE('',#12907,#2638);
#2255=LINE('',#12909,#2639);
#2256=LINE('',#12911,#2640);
#2257=LINE('',#12913,#2641);
#2258=LINE('',#12915,#2642);
#2259=LINE('',#12917,#2643);
#2260=LINE('',#12919,#2644);
#2261=LINE('',#12921,#2645);
#2262=LINE('',#12923,#2646);
#2263=LINE('',#12925,#2647);
#2264=LINE('',#12927,#2648);
#2265=LINE('',#12929,#2649);
#2266=LINE('',#12931,#2650);
#2267=LINE('',#12933,#2651);
#2268=LINE('',#12935,#2652);
#2269=LINE('',#12937,#2653);
#2270=LINE('',#12939,#2654);
#2271=LINE('',#12941,#2655);
#2272=LINE('',#12943,#2656);
#2273=LINE('',#12945,#2657);
#2274=LINE('',#12947,#2658);
#2275=LINE('',#12949,#2659);
#2276=LINE('',#12951,#2660);
#2277=LINE('',#12953,#2661);
#2278=LINE('',#12955,#2662);
#2279=LINE('',#12957,#2663);
#2280=LINE('',#12959,#2664);
#2281=LINE('',#12961,#2665);
#2282=LINE('',#12963,#2666);
#2283=LINE('',#12965,#2667);
#2284=LINE('',#12967,#2668);
#2285=LINE('',#12969,#2669);
#2286=LINE('',#12971,#2670);
#2287=VECTOR('',#7240,10.);
#2288=VECTOR('',#7241,10.);
#2289=VECTOR('',#7242,10.);
#2290=VECTOR('',#7243,10.);
#2291=VECTOR('',#7248,10.);
#2292=VECTOR('',#7249,10.);
#2293=VECTOR('',#7254,10.);
#2294=VECTOR('',#7257,10.);
#2295=VECTOR('',#7258,10.);
#2296=VECTOR('',#7261,10.);
#2297=VECTOR('',#7264,10.);
#2298=VECTOR('',#7265,10.);
#2299=VECTOR('',#7268,10.);
#2300=VECTOR('',#7273,10.);
#2301=VECTOR('',#7280,10.);
#2302=VECTOR('',#7283,10.);
#2303=VECTOR('',#7284,10.);
#2304=VECTOR('',#7299,10.);
#2305=VECTOR('',#7300,10.);
#2306=VECTOR('',#7301,10.);
#2307=VECTOR('',#7302,10.);
#2308=VECTOR('',#7309,10.);
#2309=VECTOR('',#7310,10.);
#2310=VECTOR('',#7313,10.);
#2311=VECTOR('',#7314,10.);
#2312=VECTOR('',#7315,10.);
#2313=VECTOR('',#7318,10.);
#2314=VECTOR('',#7323,10.);
#2315=VECTOR('',#7324,10.);
#2316=VECTOR('',#7325,10.);
#2317=VECTOR('',#7326,10.);
#2318=VECTOR('',#7329,10.);
#2319=VECTOR('',#7330,10.);
#2320=VECTOR('',#7331,10.);
#2321=VECTOR('',#7332,10.);
#2322=VECTOR('',#7333,10.);
#2323=VECTOR('',#7338,10.);
#2324=VECTOR('',#7339,10.);
#2325=VECTOR('',#7340,10.);
#2326=VECTOR('',#7343,10.);
#2327=VECTOR('',#7344,10.);
#2328=VECTOR('',#7345,10.);
#2329=VECTOR('',#7346,10.);
#2330=VECTOR('',#7347,10.);
#2331=VECTOR('',#7348,10.);
#2332=VECTOR('',#7349,10.);
#2333=VECTOR('',#7350,10.);
#2334=VECTOR('',#7353,10.);
#2335=VECTOR('',#7354,10.);
#2336=VECTOR('',#7355,10.);
#2337=VECTOR('',#7356,10.);
#2338=VECTOR('',#7357,10.);
#2339=VECTOR('',#7362,10.);
#2340=VECTOR('',#7363,10.);
#2341=VECTOR('',#7364,10.);
#2342=VECTOR('',#7367,10.);
#2343=VECTOR('',#7368,10.);
#2344=VECTOR('',#7369,10.);
#2345=VECTOR('',#7444,10.);
#2346=VECTOR('',#7445,10.);
#2347=VECTOR('',#7448,10.);
#2348=VECTOR('',#7449,10.);
#2349=VECTOR('',#7450,10.);
#2350=VECTOR('',#7453,10.);
#2351=VECTOR('',#7454,10.);
#2352=VECTOR('',#7529,10.);
#2353=VECTOR('',#7530,10.);
#2354=VECTOR('',#7533,10.);
#2355=VECTOR('',#7534,10.);
#2356=VECTOR('',#7535,10.);
#2357=VECTOR('',#7546,10.);
#2358=VECTOR('',#7547,10.);
#2359=VECTOR('',#7548,10.);
#2360=VECTOR('',#7551,10.);
#2361=VECTOR('',#7552,10.);
#2362=VECTOR('',#7553,10.);
#2363=VECTOR('',#7554,10.);
#2364=VECTOR('',#7555,10.);
#2365=VECTOR('',#7558,10.);
#2366=VECTOR('',#7559,10.);
#2367=VECTOR('',#7560,10.);
#2368=VECTOR('',#7563,10.);
#2369=VECTOR('',#7564,10.);
#2370=VECTOR('',#7565,10.);
#2371=VECTOR('',#7566,10.);
#2372=VECTOR('',#7571,10.);
#2373=VECTOR('',#7572,10.);
#2374=VECTOR('',#7573,10.);
#2375=VECTOR('',#7576,10.);
#2376=VECTOR('',#7577,10.);
#2377=VECTOR('',#7580,10.);
#2378=VECTOR('',#7581,10.);
#2379=VECTOR('',#7584,10.);
#2380=VECTOR('',#7603,10.);
#2381=VECTOR('',#7604,10.);
#2382=VECTOR('',#7605,10.);
#2383=VECTOR('',#7606,10.);
#2384=VECTOR('',#7609,10.);
#2385=VECTOR('',#7610,10.);
#2386=VECTOR('',#7613,10.);
#2387=VECTOR('',#7614,10.);
#2388=VECTOR('',#7629,10.);
#2389=VECTOR('',#7630,10.);
#2390=VECTOR('',#7631,10.);
#2391=VECTOR('',#7648,2.);
#2392=VECTOR('',#7657,2.);
#2393=VECTOR('',#7666,1.25);
#2394=VECTOR('',#7669,1.25);
#2395=VECTOR('',#7672,0.2);
#2396=VECTOR('',#7675,0.2);
#2397=VECTOR('',#7680,10.);
#2398=VECTOR('',#7681,10.);
#2399=VECTOR('',#7682,10.);
#2400=VECTOR('',#7685,10.);
#2401=VECTOR('',#7686,10.);
#2402=VECTOR('',#7691,10.);
#2403=VECTOR('',#7694,10.);
#2404=VECTOR('',#7697,10.);
#2405=VECTOR('',#7700,10.);
#2406=VECTOR('',#7703,10.);
#2407=VECTOR('',#7708,10.);
#2408=VECTOR('',#7713,10.);
#2409=VECTOR('',#7718,10.);
#2410=VECTOR('',#7723,10.);
#2411=VECTOR('',#7724,10.);
#2412=VECTOR('',#7729,10.);
#2413=VECTOR('',#7730,10.);
#2414=VECTOR('',#7735,10.);
#2415=VECTOR('',#7740,10.);
#2416=VECTOR('',#7745,10.);
#2417=VECTOR('',#7746,10.);
#2418=VECTOR('',#7751,10.);
#2419=VECTOR('',#7754,10.);
#2420=VECTOR('',#7757,10.);
#2421=VECTOR('',#7760,10.);
#2422=VECTOR('',#7763,10.);
#2423=VECTOR('',#7764,10.);
#2424=VECTOR('',#7767,10.);
#2425=VECTOR('',#7768,10.);
#2426=VECTOR('',#7771,10.);
#2427=VECTOR('',#7772,10.);
#2428=VECTOR('',#7773,10.);
#2429=VECTOR('',#7776,10.);
#2430=VECTOR('',#7779,10.);
#2431=VECTOR('',#7784,10.);
#2432=VECTOR('',#7785,10.);
#2433=VECTOR('',#7788,10.);
#2434=VECTOR('',#7789,10.);
#2435=VECTOR('',#7792,10.);
#2436=VECTOR('',#7793,10.);
#2437=VECTOR('',#7794,10.);
#2438=VECTOR('',#7795,10.);
#2439=VECTOR('',#7800,10.);
#2440=VECTOR('',#7811,10.);
#2441=VECTOR('',#7818,10.);
#2442=VECTOR('',#7827,10.);
#2443=VECTOR('',#7836,10.);
#2444=VECTOR('',#7839,10.);
#2445=VECTOR('',#7842,10.);
#2446=VECTOR('',#7843,10.);
#2447=VECTOR('',#7844,10.);
#2448=VECTOR('',#7845,10.);
#2449=VECTOR('',#7922,10.);
#2450=VECTOR('',#7925,10.);
#2451=VECTOR('',#7926,10.);
#2452=VECTOR('',#7927,10.);
#2453=VECTOR('',#7928,10.);
#2454=VECTOR('',#8003,10.);
#2455=VECTOR('',#8018,10.);
#2456=VECTOR('',#8027,10.);
#2457=VECTOR('',#8038,10.);
#2458=VECTOR('',#8041,10.);
#2459=VECTOR('',#8044,10.);
#2460=VECTOR('',#8061,10.);
#2461=VECTOR('',#8070,10.);
#2462=VECTOR('',#8081,10.);
#2463=VECTOR('',#8084,10.);
#2464=VECTOR('',#8089,10.);
#2465=VECTOR('',#8090,10.);
#2466=VECTOR('',#8097,10.);
#2467=VECTOR('',#8100,10.);
#2468=VECTOR('',#8117,10.);
#2469=VECTOR('',#8128,10.);
#2470=VECTOR('',#8139,10.);
#2471=VECTOR('',#8140,10.);
#2472=VECTOR('',#8143,10.);
#2473=VECTOR('',#8146,10.);
#2474=VECTOR('',#8151,10.);
#2475=VECTOR('',#8152,10.);
#2476=VECTOR('',#8155,10.);
#2477=VECTOR('',#8172,10.);
#2478=VECTOR('',#8175,10.);
#2479=VECTOR('',#8176,10.);
#2480=VECTOR('',#8179,10.);
#2481=VECTOR('',#8198,10.);
#2482=VECTOR('',#8199,10.);
#2483=VECTOR('',#8206,10.);
#2484=VECTOR('',#8209,10.);
#2485=VECTOR('',#8212,10.);
#2486=VECTOR('',#8215,10.);
#2487=VECTOR('',#8218,10.);
#2488=VECTOR('',#8221,10.);
#2489=VECTOR('',#8222,10.);
#2490=VECTOR('',#8229,3.);
#2491=VECTOR('',#8240,1.75);
#2492=VECTOR('',#8243,10.);
#2493=VECTOR('',#8246,10.);
#2494=VECTOR('',#8259,10.);
#2495=VECTOR('',#8264,10.);
#2496=VECTOR('',#8265,10.);
#2497=VECTOR('',#8280,10.);
#2498=VECTOR('',#8281,10.);
#2499=VECTOR('',#8288,10.);
#2500=VECTOR('',#8289,10.);
#2501=VECTOR('',#8290,10.);
#2502=VECTOR('',#8291,10.);
#2503=VECTOR('',#8294,10.);
#2504=VECTOR('',#8303,10.);
#2505=VECTOR('',#8316,10.);
#2506=VECTOR('',#8335,10.);
#2507=VECTOR('',#8338,10.);
#2508=VECTOR('',#8341,10.);
#2509=VECTOR('',#8344,10.);
#2510=VECTOR('',#8349,10.);
#2511=VECTOR('',#8358,10.);
#2512=VECTOR('',#8365,10.);
#2513=VECTOR('',#8366,10.);
#2514=VECTOR('',#8415,0.2);
#2515=VECTOR('',#8428,0.2);
#2516=VECTOR('',#8429,10.);
#2517=VECTOR('',#8432,10.);
#2518=VECTOR('',#8435,10.);
#2519=VECTOR('',#8438,10.);
#2520=VECTOR('',#8441,0.2);
#2521=VECTOR('',#8442,0.2);
#2522=VECTOR('',#8447,1.75);
#2523=VECTOR('',#8460,1.75);
#2524=VECTOR('',#8475,1.75);
#2525=VECTOR('',#8490,10.);
#2526=VECTOR('',#8493,1.75);
#2527=VECTOR('',#8500,10.);
#2528=VECTOR('',#8515,10.);
#2529=VECTOR('',#8516,10.);
#2530=VECTOR('',#8517,10.);
#2531=VECTOR('',#8520,10.);
#2532=VECTOR('',#8525,10.);
#2533=VECTOR('',#8544,10.);
#2534=VECTOR('',#8545,10.);
#2535=VECTOR('',#8558,10.);
#2536=VECTOR('',#8559,10.);
#2537=VECTOR('',#8574,10.);
#2538=VECTOR('',#8585,10.);
#2539=VECTOR('',#8586,10.);
#2540=VECTOR('',#8589,10.);
#2541=VECTOR('',#8590,10.);
#2542=VECTOR('',#8593,10.);
#2543=VECTOR('',#8596,10.);
#2544=VECTOR('',#8599,10.);
#2545=VECTOR('',#8602,10.);
#2546=VECTOR('',#8609,10.);
#2547=VECTOR('',#8618,10.);
#2548=VECTOR('',#8619,10.);
#2549=VECTOR('',#8640,10.);
#2550=VECTOR('',#8651,2.);
#2551=VECTOR('',#8660,2.);
#2552=VECTOR('',#8681,10.);
#2553=VECTOR('',#8690,10.);
#2554=VECTOR('',#8691,10.);
#2555=VECTOR('',#8692,10.);
#2556=VECTOR('',#8693,10.);
#2557=VECTOR('',#8694,10.);
#2558=VECTOR('',#8699,10.);
#2559=VECTOR('',#8700,10.);
#2560=VECTOR('',#8703,10.);
#2561=VECTOR('',#8706,10.);
#2562=VECTOR('',#8707,10.);
#2563=VECTOR('',#8710,10.);
#2564=VECTOR('',#8711,10.);
#2565=VECTOR('',#8718,1.25);
#2566=VECTOR('',#8721,1.25);
#2567=VECTOR('',#8724,1.25);
#2568=VECTOR('',#8727,1.25);
#2569=VECTOR('',#8730,10.);
#2570=VECTOR('',#8733,1.5);
#2571=VECTOR('',#8736,1.5);
#2572=VECTOR('',#8739,10.);
#2573=VECTOR('',#8742,10.);
#2574=VECTOR('',#8747,10.);
#2575=VECTOR('',#8750,10.);
#2576=VECTOR('',#8751,10.);
#2577=VECTOR('',#8756,10.);
#2578=VECTOR('',#8759,10.);
#2579=VECTOR('',#8766,10.);
#2580=VECTOR('',#8767,10.);
#2581=VECTOR('',#8768,10.);
#2582=VECTOR('',#8781,10.);
#2583=VECTOR('',#8788,10.);
#2584=VECTOR('',#8789,10.);
#2585=VECTOR('',#8790,10.);
#2586=VECTOR('',#8807,10.);
#2587=VECTOR('',#8808,10.);
#2588=VECTOR('',#8819,10.);
#2589=VECTOR('',#8822,10.);
#2590=VECTOR('',#8829,3.);
#2591=VECTOR('',#8838,3.);
#2592=VECTOR('',#8847,3.);
#2593=VECTOR('',#8856,3.);
#2594=VECTOR('',#8865,3.);
#2595=VECTOR('',#8872,3.);
#2596=VECTOR('',#8881,3.);
#2597=VECTOR('',#8888,1.75);
#2598=VECTOR('',#8891,1.75);
#2599=VECTOR('',#8894,1.75);
#2600=VECTOR('',#8897,1.75);
#2601=VECTOR('',#8900,1.5);
#2602=VECTOR('',#8903,1.5);
#2603=VECTOR('',#8906,1.5);
#2604=VECTOR('',#8909,1.5);
#2605=VECTOR('',#8912,1.5);
#2606=VECTOR('',#8915,1.5);
#2607=VECTOR('',#8918,1.5);
#2608=VECTOR('',#8921,1.5);
#2609=VECTOR('',#8924,1.5);
#2610=VECTOR('',#8927,1.5);
#2611=VECTOR('',#8930,1.5);
#2612=VECTOR('',#8933,1.5);
#2613=VECTOR('',#8936,1.5);
#2614=VECTOR('',#8939,1.5);
#2615=VECTOR('',#8942,1.5);
#2616=VECTOR('',#8945,1.5);
#2617=VECTOR('',#8948,1.5);
#2618=VECTOR('',#8951,1.5);
#2619=VECTOR('',#8954,1.5);
#2620=VECTOR('',#8957,1.5);
#2621=VECTOR('',#8960,1.5);
#2622=VECTOR('',#8963,1.5);
#2623=VECTOR('',#8966,1.5);
#2624=VECTOR('',#8969,1.5);
#2625=VECTOR('',#8972,1.5);
#2626=VECTOR('',#8975,1.5);
#2627=VECTOR('',#8978,1.5);
#2628=VECTOR('',#8981,1.5);
#2629=VECTOR('',#8984,1.5);
#2630=VECTOR('',#8987,1.5);
#2631=VECTOR('',#8990,1.5);
#2632=VECTOR('',#8993,1.5);
#2633=VECTOR('',#8996,1.5);
#2634=VECTOR('',#8999,1.5);
#2635=VECTOR('',#9002,1.5);
#2636=VECTOR('',#9005,1.5);
#2637=VECTOR('',#9008,1.5);
#2638=VECTOR('',#9011,1.5);
#2639=VECTOR('',#9014,1.5);
#2640=VECTOR('',#9017,1.5);
#2641=VECTOR('',#9020,1.5);
#2642=VECTOR('',#9023,1.5);
#2643=VECTOR('',#9026,1.5);
#2644=VECTOR('',#9029,1.5);
#2645=VECTOR('',#9032,1.5);
#2646=VECTOR('',#9035,1.5);
#2647=VECTOR('',#9038,1.5);
#2648=VECTOR('',#9041,1.5);
#2649=VECTOR('',#9044,1.5);
#2650=VECTOR('',#9047,1.5);
#2651=VECTOR('',#9050,1.5);
#2652=VECTOR('',#9053,1.5);
#2653=VECTOR('',#9056,1.5);
#2654=VECTOR('',#9059,1.5);
#2655=VECTOR('',#9062,1.5);
#2656=VECTOR('',#9065,1.5);
#2657=VECTOR('',#9068,1.5);
#2658=VECTOR('',#9071,1.5);
#2659=VECTOR('',#9074,1.5);
#2660=VECTOR('',#9077,1.5);
#2661=VECTOR('',#9080,1.5);
#2662=VECTOR('',#9083,1.5);
#2663=VECTOR('',#9086,1.5);
#2664=VECTOR('',#9089,1.5);
#2665=VECTOR('',#9092,1.5);
#2666=VECTOR('',#9095,1.5);
#2667=VECTOR('',#9098,1.5);
#2668=VECTOR('',#9101,1.5);
#2669=VECTOR('',#9104,1.5);
#2670=VECTOR('',#9107,1.5);
#2671=VERTEX_POINT('',#9110);
#2672=VERTEX_POINT('',#9111);
#2673=VERTEX_POINT('',#9113);
#2674=VERTEX_POINT('',#9115);
#2675=VERTEX_POINT('',#9119);
#2676=VERTEX_POINT('',#9121);
#2677=VERTEX_POINT('',#9125);
#2678=VERTEX_POINT('',#9126);
#2679=VERTEX_POINT('',#9128);
#2680=VERTEX_POINT('',#9130);
#2681=VERTEX_POINT('',#9132);
#2682=VERTEX_POINT('',#9134);
#2683=VERTEX_POINT('',#9136);
#2684=VERTEX_POINT('',#9139);
#2685=VERTEX_POINT('',#9141);
#2686=VERTEX_POINT('',#9143);
#2687=VERTEX_POINT('',#9145);
#2688=VERTEX_POINT('',#9149);
#2689=VERTEX_POINT('',#9151);
#2690=VERTEX_POINT('',#9155);
#2691=VERTEX_POINT('',#9157);
#2692=VERTEX_POINT('',#9159);
#2693=VERTEX_POINT('',#9161);
#2694=VERTEX_POINT('',#9171);
#2695=VERTEX_POINT('',#9172);
#2696=VERTEX_POINT('',#9174);
#2697=VERTEX_POINT('',#9176);
#2698=VERTEX_POINT('',#9178);
#2699=VERTEX_POINT('',#9185);
#2700=VERTEX_POINT('',#9193);
#2701=VERTEX_POINT('',#9195);
#2702=VERTEX_POINT('',#9198);
#2703=VERTEX_POINT('',#9202);
#2704=VERTEX_POINT('',#9204);
#2705=VERTEX_POINT('',#9211);
#2706=VERTEX_POINT('',#9212);
#2707=VERTEX_POINT('',#9214);
#2708=VERTEX_POINT('',#9216);
#2709=VERTEX_POINT('',#9220);
#2710=VERTEX_POINT('',#9221);
#2711=VERTEX_POINT('',#9223);
#2712=VERTEX_POINT('',#9225);
#2713=VERTEX_POINT('',#9229);
#2714=VERTEX_POINT('',#9232);
#2715=VERTEX_POINT('',#9234);
#2716=VERTEX_POINT('',#9238);
#2717=VERTEX_POINT('',#9240);
#2718=VERTEX_POINT('',#9242);
#2719=VERTEX_POINT('',#9244);
#2720=VERTEX_POINT('',#9246);
#2721=VERTEX_POINT('',#9248);
#2722=VERTEX_POINT('',#9250);
#2723=VERTEX_POINT('',#9254);
#2724=VERTEX_POINT('',#9255);
#2725=VERTEX_POINT('',#9257);
#2726=VERTEX_POINT('',#9259);
#2727=VERTEX_POINT('',#9263);
#2728=VERTEX_POINT('',#9266);
#2729=VERTEX_POINT('',#9268);
#2730=VERTEX_POINT('',#9270);
#2731=VERTEX_POINT('',#9272);
#2732=VERTEX_POINT('',#9274);
#2733=VERTEX_POINT('',#9276);
#2734=VERTEX_POINT('',#9279);
#2735=VERTEX_POINT('',#9281);
#2736=VERTEX_POINT('',#9283);
#2737=VERTEX_POINT('',#9285);
#2738=VERTEX_POINT('',#9287);
#2739=VERTEX_POINT('',#9289);
#2740=VERTEX_POINT('',#9291);
#2741=VERTEX_POINT('',#9293);
#2742=VERTEX_POINT('',#9295);
#2743=VERTEX_POINT('',#9297);
#2744=VERTEX_POINT('',#9299);
#2745=VERTEX_POINT('',#9301);
#2746=VERTEX_POINT('',#9303);
#2747=VERTEX_POINT('',#9305);
#2748=VERTEX_POINT('',#9307);
#2749=VERTEX_POINT('',#9309);
#2750=VERTEX_POINT('',#9311);
#2751=VERTEX_POINT('',#9313);
#2752=VERTEX_POINT('',#9315);
#2753=VERTEX_POINT('',#9317);
#2754=VERTEX_POINT('',#9319);
#2755=VERTEX_POINT('',#9321);
#2756=VERTEX_POINT('',#9323);
#2757=VERTEX_POINT('',#9325);
#2758=VERTEX_POINT('',#9327);
#2759=VERTEX_POINT('',#9329);
#2760=VERTEX_POINT('',#9331);
#2761=VERTEX_POINT('',#9333);
#2762=VERTEX_POINT('',#9335);
#2763=VERTEX_POINT('',#9337);
#2764=VERTEX_POINT('',#9339);
#2765=VERTEX_POINT('',#9341);
#2766=VERTEX_POINT('',#9343);
#2767=VERTEX_POINT('',#9345);
#2768=VERTEX_POINT('',#9347);
#2769=VERTEX_POINT('',#9349);
#2770=VERTEX_POINT('',#9352);
#2771=VERTEX_POINT('',#9353);
#2772=VERTEX_POINT('',#9355);
#2773=VERTEX_POINT('',#9358);
#2774=VERTEX_POINT('',#9360);
#2775=VERTEX_POINT('',#9362);
#2776=VERTEX_POINT('',#9364);
#2777=VERTEX_POINT('',#9366);
#2778=VERTEX_POINT('',#9369);
#2779=VERTEX_POINT('',#9371);
#2780=VERTEX_POINT('',#9373);
#2781=VERTEX_POINT('',#9375);
#2782=VERTEX_POINT('',#9377);
#2783=VERTEX_POINT('',#9379);
#2784=VERTEX_POINT('',#9381);
#2785=VERTEX_POINT('',#9383);
#2786=VERTEX_POINT('',#9385);
#2787=VERTEX_POINT('',#9387);
#2788=VERTEX_POINT('',#9389);
#2789=VERTEX_POINT('',#9391);
#2790=VERTEX_POINT('',#9393);
#2791=VERTEX_POINT('',#9395);
#2792=VERTEX_POINT('',#9397);
#2793=VERTEX_POINT('',#9399);
#2794=VERTEX_POINT('',#9401);
#2795=VERTEX_POINT('',#9403);
#2796=VERTEX_POINT('',#9405);
#2797=VERTEX_POINT('',#9407);
#2798=VERTEX_POINT('',#9409);
#2799=VERTEX_POINT('',#9411);
#2800=VERTEX_POINT('',#9413);
#2801=VERTEX_POINT('',#9415);
#2802=VERTEX_POINT('',#9417);
#2803=VERTEX_POINT('',#9419);
#2804=VERTEX_POINT('',#9421);
#2805=VERTEX_POINT('',#9423);
#2806=VERTEX_POINT('',#9425);
#2807=VERTEX_POINT('',#9427);
#2808=VERTEX_POINT('',#9429);
#2809=VERTEX_POINT('',#9431);
#2810=VERTEX_POINT('',#9433);
#2811=VERTEX_POINT('',#9435);
#2812=VERTEX_POINT('',#9437);
#2813=VERTEX_POINT('',#9439);
#2814=VERTEX_POINT('',#9445);
#2815=VERTEX_POINT('',#9449);
#2816=VERTEX_POINT('',#9451);
#2817=VERTEX_POINT('',#9453);
#2818=VERTEX_POINT('',#9455);
#2819=VERTEX_POINT('',#9458);
#2820=VERTEX_POINT('',#9459);
#2821=VERTEX_POINT('',#9464);
#2822=VERTEX_POINT('',#9465);
#2823=VERTEX_POINT('',#9467);
#2824=VERTEX_POINT('',#9470);
#2825=VERTEX_POINT('',#9474);
#2826=VERTEX_POINT('',#9475);
#2827=VERTEX_POINT('',#9480);
#2828=VERTEX_POINT('',#9481);
#2829=VERTEX_POINT('',#9484);
#2830=VERTEX_POINT('',#9488);
#2831=VERTEX_POINT('',#9489);
#2832=VERTEX_POINT('',#9491);
#2833=VERTEX_POINT('',#9493);
#2834=VERTEX_POINT('',#9497);
#2835=VERTEX_POINT('',#9508);
#2836=VERTEX_POINT('',#9512);
#2837=VERTEX_POINT('',#9516);
#2838=VERTEX_POINT('',#9529);
#2839=VERTEX_POINT('',#9531);
#2840=VERTEX_POINT('',#9536);
#2841=VERTEX_POINT('',#9551);
#2842=VERTEX_POINT('',#9553);
#2843=VERTEX_POINT('',#9555);
#2844=VERTEX_POINT('',#9557);
#2845=VERTEX_POINT('',#9559);
#2846=VERTEX_POINT('',#9561);
#2847=VERTEX_POINT('',#9574);
#2848=VERTEX_POINT('',#9583);
#2849=VERTEX_POINT('',#9584);
#2850=VERTEX_POINT('',#9586);
#2851=VERTEX_POINT('',#9588);
#2852=VERTEX_POINT('',#9592);
#2853=VERTEX_POINT('',#9593);
#2854=VERTEX_POINT('',#9607);
#2855=VERTEX_POINT('',#9608);
#2856=VERTEX_POINT('',#9624);
#2857=VERTEX_POINT('',#9626);
#2858=VERTEX_POINT('',#9628);
#2859=VERTEX_POINT('',#9630);
#2860=VERTEX_POINT('',#9632);
#2861=VERTEX_POINT('',#9634);
#2862=VERTEX_POINT('',#9636);
#2863=VERTEX_POINT('',#9638);
#2864=VERTEX_POINT('',#9640);
#2865=VERTEX_POINT('',#9642);
#2866=VERTEX_POINT('',#9645);
#2867=VERTEX_POINT('',#9647);
#2868=VERTEX_POINT('',#9649);
#2869=VERTEX_POINT('',#9652);
#2870=VERTEX_POINT('',#9656);
#2871=VERTEX_POINT('',#9659);
#2872=VERTEX_POINT('',#9663);
#2873=VERTEX_POINT('',#9670);
#2874=VERTEX_POINT('',#9671);
#2875=VERTEX_POINT('',#9696);
#2876=VERTEX_POINT('',#9698);
#2877=VERTEX_POINT('',#9723);
#2878=VERTEX_POINT('',#9725);
#2879=VERTEX_POINT('',#9729);
#2880=VERTEX_POINT('',#9731);
#2881=VERTEX_POINT('',#9735);
#2882=VERTEX_POINT('',#9737);
#2883=VERTEX_POINT('',#9742);
#2884=VERTEX_POINT('',#9746);
#2885=VERTEX_POINT('',#9748);
#2886=VERTEX_POINT('',#9752);
#2887=VERTEX_POINT('',#9757);
#2888=VERTEX_POINT('',#9761);
#2889=VERTEX_POINT('',#9765);
#2890=VERTEX_POINT('',#9769);
#2891=VERTEX_POINT('',#9773);
#2892=VERTEX_POINT('',#9775);
#2893=VERTEX_POINT('',#9780);
#2894=VERTEX_POINT('',#9784);
#2895=VERTEX_POINT('',#9788);
#2896=VERTEX_POINT('',#9792);
#2897=VERTEX_POINT('',#9794);
#2898=VERTEX_POINT('',#9798);
#2899=VERTEX_POINT('',#9800);
#2900=VERTEX_POINT('',#9804);
#2901=VERTEX_POINT('',#9806);
#2902=VERTEX_POINT('',#9810);
#2903=VERTEX_POINT('',#9818);
#2904=VERTEX_POINT('',#9822);
#2905=VERTEX_POINT('',#9824);
#2906=VERTEX_POINT('',#9833);
#2907=VERTEX_POINT('',#9837);
#2908=VERTEX_POINT('',#9841);
#2909=VERTEX_POINT('',#9843);
#2910=VERTEX_POINT('',#9845);
#2911=VERTEX_POINT('',#9847);
#2912=VERTEX_POINT('',#9882);
#2913=VERTEX_POINT('',#9884);
#2914=VERTEX_POINT('',#9888);
#2915=VERTEX_POINT('',#9921);
#2916=VERTEX_POINT('',#9925);
#2917=VERTEX_POINT('',#9958);
#2918=VERTEX_POINT('',#9962);
#2919=VERTEX_POINT('',#9995);
#2920=VERTEX_POINT('',#9999);
#2921=VERTEX_POINT('',#10001);
#2922=VERTEX_POINT('',#10005);
#2923=VERTEX_POINT('',#10007);
#2924=VERTEX_POINT('',#10009);
#2925=VERTEX_POINT('',#10011);
#2926=VERTEX_POINT('',#10018);
#2927=VERTEX_POINT('',#10023);
#2928=VERTEX_POINT('',#10025);
#2929=VERTEX_POINT('',#10032);
#2930=VERTEX_POINT('',#10034);
#2931=VERTEX_POINT('',#10036);
#2932=VERTEX_POINT('',#10038);
#2933=VERTEX_POINT('',#10040);
#2934=VERTEX_POINT('',#10042);
#2935=VERTEX_POINT('',#10044);
#2936=VERTEX_POINT('',#10046);
#2937=VERTEX_POINT('',#10048);
#2938=VERTEX_POINT('',#10050);
#2939=VERTEX_POINT('',#10052);
#2940=VERTEX_POINT('',#10054);
#2941=VERTEX_POINT('',#10056);
#2942=VERTEX_POINT('',#10058);
#2943=VERTEX_POINT('',#10060);
#2944=VERTEX_POINT('',#10062);
#2945=VERTEX_POINT('',#10064);
#2946=VERTEX_POINT('',#10066);
#2947=VERTEX_POINT('',#10068);
#2948=VERTEX_POINT('',#10070);
#2949=VERTEX_POINT('',#10072);
#2950=VERTEX_POINT('',#10074);
#2951=VERTEX_POINT('',#10076);
#2952=VERTEX_POINT('',#10078);
#2953=VERTEX_POINT('',#10080);
#2954=VERTEX_POINT('',#10082);
#2955=VERTEX_POINT('',#10084);
#2956=VERTEX_POINT('',#10086);
#2957=VERTEX_POINT('',#10088);
#2958=VERTEX_POINT('',#10090);
#2959=VERTEX_POINT('',#10092);
#2960=VERTEX_POINT('',#10094);
#2961=VERTEX_POINT('',#10096);
#2962=VERTEX_POINT('',#10098);
#2963=VERTEX_POINT('',#10100);
#2964=VERTEX_POINT('',#10102);
#2965=VERTEX_POINT('',#10105);
#2966=VERTEX_POINT('',#10107);
#2967=VERTEX_POINT('',#10109);
#2968=VERTEX_POINT('',#10115);
#2969=VERTEX_POINT('',#10117);
#2970=VERTEX_POINT('',#10122);
#2971=VERTEX_POINT('',#10128);
#2972=VERTEX_POINT('',#10130);
#2973=VERTEX_POINT('',#10133);
#2974=VERTEX_POINT('',#10135);
#2975=VERTEX_POINT('',#10137);
#2976=VERTEX_POINT('',#10139);
#2977=VERTEX_POINT('',#10141);
#2978=VERTEX_POINT('',#10143);
#2979=VERTEX_POINT('',#10145);
#2980=VERTEX_POINT('',#10147);
#2981=VERTEX_POINT('',#10149);
#2982=VERTEX_POINT('',#10151);
#2983=VERTEX_POINT('',#10153);
#2984=VERTEX_POINT('',#10155);
#2985=VERTEX_POINT('',#10157);
#2986=VERTEX_POINT('',#10159);
#2987=VERTEX_POINT('',#10161);
#2988=VERTEX_POINT('',#10163);
#2989=VERTEX_POINT('',#10165);
#2990=VERTEX_POINT('',#10167);
#2991=VERTEX_POINT('',#10169);
#2992=VERTEX_POINT('',#10171);
#2993=VERTEX_POINT('',#10173);
#2994=VERTEX_POINT('',#10175);
#2995=VERTEX_POINT('',#10177);
#2996=VERTEX_POINT('',#10179);
#2997=VERTEX_POINT('',#10181);
#2998=VERTEX_POINT('',#10183);
#2999=VERTEX_POINT('',#10185);
#3000=VERTEX_POINT('',#10187);
#3001=VERTEX_POINT('',#10189);
#3002=VERTEX_POINT('',#10191);
#3003=VERTEX_POINT('',#10193);
#3004=VERTEX_POINT('',#10195);
#3005=VERTEX_POINT('',#10197);
#3006=VERTEX_POINT('',#10199);
#3007=VERTEX_POINT('',#10201);
#3008=VERTEX_POINT('',#10203);
#3009=VERTEX_POINT('',#10206);
#3010=VERTEX_POINT('',#10210);
#3011=VERTEX_POINT('',#10212);
#3012=VERTEX_POINT('',#10216);
#3013=VERTEX_POINT('',#10239);
#3014=VERTEX_POINT('',#10241);
#3015=VERTEX_POINT('',#10248);
#3016=VERTEX_POINT('',#10312);
#3017=VERTEX_POINT('',#10320);
#3018=VERTEX_POINT('',#10326);
#3019=VERTEX_POINT('',#10334);
#3020=VERTEX_POINT('',#10338);
#3021=VERTEX_POINT('',#10340);
#3022=VERTEX_POINT('',#10363);
#3023=VERTEX_POINT('',#10400);
#3024=VERTEX_POINT('',#10402);
#3025=VERTEX_POINT('',#10406);
#3026=VERTEX_POINT('',#10442);
#3027=VERTEX_POINT('',#10446);
#3028=VERTEX_POINT('',#10448);
#3029=VERTEX_POINT('',#10462);
#3030=VERTEX_POINT('',#10464);
#3031=VERTEX_POINT('',#10473);
#3032=VERTEX_POINT('',#10479);
#3033=VERTEX_POINT('',#10507);
#3034=VERTEX_POINT('',#10515);
#3035=VERTEX_POINT('',#10520);
#3036=VERTEX_POINT('',#10538);
#3037=VERTEX_POINT('',#10556);
#3038=VERTEX_POINT('',#10560);
#3039=VERTEX_POINT('',#10601);
#3040=VERTEX_POINT('',#10605);
#3041=VERTEX_POINT('',#10607);
#3042=VERTEX_POINT('',#10609);
#3043=VERTEX_POINT('',#10615);
#3044=VERTEX_POINT('',#10619);
#3045=VERTEX_POINT('',#10621);
#3046=VERTEX_POINT('',#10623);
#3047=VERTEX_POINT('',#10628);
#3048=VERTEX_POINT('',#10630);
#3049=VERTEX_POINT('',#10632);
#3050=VERTEX_POINT('',#10636);
#3051=VERTEX_POINT('',#10637);
#3052=VERTEX_POINT('',#10639);
#3053=VERTEX_POINT('',#10641);
#3054=VERTEX_POINT('',#10644);
#3055=VERTEX_POINT('',#10646);
#3056=VERTEX_POINT('',#10650);
#3057=VERTEX_POINT('',#10659);
#3058=VERTEX_POINT('',#10661);
#3059=VERTEX_POINT('',#10666);
#3060=VERTEX_POINT('',#10671);
#3061=VERTEX_POINT('',#10673);
#3062=VERTEX_POINT('',#10682);
#3063=VERTEX_POINT('',#10686);
#3064=VERTEX_POINT('',#10688);
#3065=VERTEX_POINT('',#10690);
#3066=VERTEX_POINT('',#10692);
#3067=VERTEX_POINT('',#10694);
#3068=VERTEX_POINT('',#10696);
#3069=VERTEX_POINT('',#10698);
#3070=VERTEX_POINT('',#10703);
#3071=VERTEX_POINT('',#10705);
#3072=VERTEX_POINT('',#10708);
#3073=VERTEX_POINT('',#10714);
#3074=VERTEX_POINT('',#10718);
#3075=VERTEX_POINT('',#10719);
#3076=VERTEX_POINT('',#10730);
#3077=VERTEX_POINT('',#10732);
#3078=VERTEX_POINT('',#10736);
#3079=VERTEX_POINT('',#10737);
#3080=VERTEX_POINT('',#10771);
#3081=VERTEX_POINT('',#10772);
#3082=VERTEX_POINT('',#10808);
#3083=VERTEX_POINT('',#10809);
#3084=VERTEX_POINT('',#10886);
#3085=VERTEX_POINT('',#10890);
#3086=VERTEX_POINT('',#10894);
#3087=VERTEX_POINT('',#10909);
#3088=VERTEX_POINT('',#10910);
#3089=VERTEX_POINT('',#10912);
#3090=VERTEX_POINT('',#10917);
#3091=VERTEX_POINT('',#10918);
#3092=VERTEX_POINT('',#10940);
#3093=VERTEX_POINT('',#10973);
#3094=VERTEX_POINT('',#10974);
#3095=VERTEX_POINT('',#10976);
#3096=VERTEX_POINT('',#10978);
#3097=VERTEX_POINT('',#10985);
#3098=VERTEX_POINT('',#10987);
#3099=VERTEX_POINT('',#10997);
#3100=VERTEX_POINT('',#11024);
#3101=VERTEX_POINT('',#11029);
#3102=VERTEX_POINT('',#11031);
#3103=VERTEX_POINT('',#11036);
#3104=VERTEX_POINT('',#11053);
#3105=VERTEX_POINT('',#11086);
#3106=VERTEX_POINT('',#11094);
#3107=VERTEX_POINT('',#11098);
#3108=VERTEX_POINT('',#11110);
#3109=VERTEX_POINT('',#11112);
#3110=VERTEX_POINT('',#11116);
#3111=VERTEX_POINT('',#11118);
#3112=VERTEX_POINT('',#11141);
#3113=VERTEX_POINT('',#11142);
#3114=VERTEX_POINT('',#11154);
#3115=VERTEX_POINT('',#11181);
#3116=VERTEX_POINT('',#11196);
#3117=VERTEX_POINT('',#11266);
#3118=VERTEX_POINT('',#11267);
#3119=VERTEX_POINT('',#11289);
#3120=VERTEX_POINT('',#11291);
#3121=VERTEX_POINT('',#11293);
#3122=VERTEX_POINT('',#11295);
#3123=VERTEX_POINT('',#11302);
#3124=VERTEX_POINT('',#11303);
#3125=VERTEX_POINT('',#11305);
#3126=VERTEX_POINT('',#11307);
#3127=VERTEX_POINT('',#11350);
#3128=VERTEX_POINT('',#11351);
#3129=VERTEX_POINT('',#11417);
#3130=VERTEX_POINT('',#11418);
#3131=VERTEX_POINT('',#11460);
#3132=VERTEX_POINT('',#11461);
#3133=VERTEX_POINT('',#11487);
#3134=VERTEX_POINT('',#11488);
#3135=VERTEX_POINT('',#11514);
#3136=VERTEX_POINT('',#11539);
#3137=VERTEX_POINT('',#11549);
#3138=VERTEX_POINT('',#11553);
#3139=VERTEX_POINT('',#11555);
#3140=VERTEX_POINT('',#11557);
#3141=VERTEX_POINT('',#11561);
#3142=VERTEX_POINT('',#11568);
#3143=VERTEX_POINT('',#11570);
#3144=VERTEX_POINT('',#11572);
#3145=VERTEX_POINT('',#11574);
#3146=VERTEX_POINT('',#11576);
#3147=VERTEX_POINT('',#11578);
#3148=VERTEX_POINT('',#11580);
#3149=VERTEX_POINT('',#11582);
#3150=VERTEX_POINT('',#11584);
#3151=VERTEX_POINT('',#11586);
#3152=VERTEX_POINT('',#11588);
#3153=VERTEX_POINT('',#11596);
#3154=VERTEX_POINT('',#11599);
#3155=VERTEX_POINT('',#11603);
#3156=VERTEX_POINT('',#11605);
#3157=VERTEX_POINT('',#11609);
#3158=VERTEX_POINT('',#11613);
#3159=VERTEX_POINT('',#11615);
#3160=VERTEX_POINT('',#11617);
#3161=VERTEX_POINT('',#11702);
#3162=VERTEX_POINT('',#11768);
#3163=VERTEX_POINT('',#11779);
#3164=VERTEX_POINT('',#11781);
#3165=VERTEX_POINT('',#11798);
#3166=VERTEX_POINT('',#11800);
#3167=VERTEX_POINT('',#11802);
#3168=VERTEX_POINT('',#11817);
#3169=VERTEX_POINT('',#11821);
#3170=VERTEX_POINT('',#11853);
#3171=VERTEX_POINT('',#11857);
#3172=VERTEX_POINT('',#11885);
#3173=VERTEX_POINT('',#11928);
#3174=VERTEX_POINT('',#11962);
#3175=VERTEX_POINT('',#11972);
#3176=VERTEX_POINT('',#11980);
#3177=VERTEX_POINT('',#11982);
#3178=VERTEX_POINT('',#11984);
#3179=VERTEX_POINT('',#11991);
#3180=VERTEX_POINT('',#12023);
#3181=VERTEX_POINT('',#12051);
#3182=VERTEX_POINT('',#12052);
#3183=VERTEX_POINT('',#12090);
#3184=VERTEX_POINT('',#12209);
#3185=VERTEX_POINT('',#12210);
#3186=VERTEX_POINT('',#12221);
#3187=VERTEX_POINT('',#12222);
#3188=VERTEX_POINT('',#12227);
#3189=VERTEX_POINT('',#12228);
#3190=VERTEX_POINT('',#12233);
#3191=VERTEX_POINT('',#12234);
#3192=VERTEX_POINT('',#12239);
#3193=VERTEX_POINT('',#12240);
#3194=VERTEX_POINT('',#12245);
#3195=VERTEX_POINT('',#12246);
#3196=VERTEX_POINT('',#12280);
#3197=VERTEX_POINT('',#12295);
#3198=VERTEX_POINT('',#12318);
#3199=VERTEX_POINT('',#12355);
#3200=VERTEX_POINT('',#12367);
#3201=VERTEX_POINT('',#12369);
#3202=VERTEX_POINT('',#12422);
#3203=VERTEX_POINT('',#12444);
#3204=VERTEX_POINT('',#12446);
#3205=VERTEX_POINT('',#12450);
#3206=VERTEX_POINT('',#12483);
#3207=VERTEX_POINT('',#12484);
#3208=VERTEX_POINT('',#12499);
#3209=VERTEX_POINT('',#12500);
#3210=VERTEX_POINT('',#12557);
#3211=VERTEX_POINT('',#12600);
#3212=VERTEX_POINT('',#12616);
#3213=VERTEX_POINT('',#12620);
#3214=VERTEX_POINT('',#12623);
#3215=VERTEX_POINT('',#12627);
#3216=VERTEX_POINT('',#12632);
#3217=VERTEX_POINT('',#12635);
#3218=VERTEX_POINT('',#12641);
#3219=VERTEX_POINT('',#12648);
#3220=VERTEX_POINT('',#12651);
#3221=VERTEX_POINT('',#12653);
#3222=VERTEX_POINT('',#12663);
#3223=VERTEX_POINT('',#12691);
#3224=VERTEX_POINT('',#12692);
#3225=VERTEX_POINT('',#12697);
#3226=VERTEX_POINT('',#12700);
#3227=VERTEX_POINT('',#12702);
#3228=VERTEX_POINT('',#12710);
#3229=VERTEX_POINT('',#12717);
#3230=VERTEX_POINT('',#12719);
#3231=VERTEX_POINT('',#12724);
#3232=VERTEX_POINT('',#12726);
#3233=VERTEX_POINT('',#12735);
#3234=VERTEX_POINT('',#12743);
#3235=VERTEX_POINT('',#12748);
#3236=VERTEX_POINT('',#12750);
#3237=VERTEX_POINT('',#12754);
#3238=VERTEX_POINT('',#12781);
#3239=VERTEX_POINT('',#12785);
#3240=VERTEX_POINT('',#12788);
#3241=VERTEX_POINT('',#12792);
#3242=VERTEX_POINT('',#12795);
#3243=VERTEX_POINT('',#12799);
#3244=VERTEX_POINT('',#12802);
#3245=VERTEX_POINT('',#12806);
#3246=VERTEX_POINT('',#12809);
#3247=VERTEX_POINT('',#12814);
#3248=VERTEX_POINT('',#12820);
#3249=EDGE_CURVE('',#2671,#2672,#1903,.T.);
#3250=EDGE_CURVE('',#2673,#2672,#1904,.T.);
#3251=EDGE_CURVE('',#2674,#2673,#1905,.T.);
#3252=EDGE_CURVE('',#2671,#2674,#1906,.T.);
#3253=EDGE_CURVE('',#2672,#2675,#606,.T.);
#3254=EDGE_CURVE('',#2675,#2676,#1907,.T.);
#3255=EDGE_CURVE('',#2676,#2673,#1908,.T.);
#3256=EDGE_CURVE('',#2677,#2678,#607,.T.);
#3257=EDGE_CURVE('',#2679,#2677,#1909,.T.);
#3258=EDGE_CURVE('',#2680,#2679,#608,.T.);
#3259=EDGE_CURVE('',#2681,#2680,#1910,.T.);
#3260=EDGE_CURVE('',#2682,#2681,#1911,.T.);
#3261=EDGE_CURVE('',#2683,#2682,#609,.T.);
#3262=EDGE_CURVE('',#2675,#2683,#1912,.T.);
#3263=EDGE_CURVE('',#2684,#2671,#610,.T.);
#3264=EDGE_CURVE('',#2685,#2684,#1913,.T.);
#3265=EDGE_CURVE('',#2685,#2686,#1914,.T.);
#3266=EDGE_CURVE('',#2687,#2686,#611,.T.);
#3267=EDGE_CURVE('',#2678,#2687,#1915,.T.);
#3268=EDGE_CURVE('',#2685,#2688,#612,.T.);
#3269=EDGE_CURVE('',#2688,#2689,#1916,.T.);
#3270=EDGE_CURVE('',#2686,#2689,#613,.T.);
#3271=EDGE_CURVE('',#2689,#2690,#614,.T.);
#3272=EDGE_CURVE('',#2691,#2688,#1917,.T.);
#3273=EDGE_CURVE('',#2692,#2691,#615,.T.);
#3274=EDGE_CURVE('',#2693,#2692,#1918,.T.);
#3275=EDGE_CURVE('',#2693,#2690,#1919,.T.);
#3276=EDGE_CURVE('',#2693,#2681,#616,.T.);
#3277=EDGE_CURVE('',#2690,#2680,#617,.T.);
#3278=EDGE_CURVE('',#2682,#2692,#618,.T.);
#3279=EDGE_CURVE('',#2681,#2693,#619,.T.);
#3280=EDGE_CURVE('',#2694,#2695,#1920,.T.);
#3281=EDGE_CURVE('',#2696,#2694,#1921,.T.);
#3282=EDGE_CURVE('',#2697,#2696,#1922,.T.);
#3283=EDGE_CURVE('',#2698,#2697,#304,.T.);
#3284=EDGE_CURVE('',#2699,#2698,#1923,.T.);
#3285=EDGE_CURVE('',#2695,#2699,#305,.T.);
#3286=EDGE_CURVE('',#2700,#2700,#620,.T.);
#3287=EDGE_CURVE('',#2701,#2701,#621,.T.);
#3288=EDGE_CURVE('',#2691,#2684,#622,.T.);
#3289=EDGE_CURVE('',#2674,#2702,#1924,.T.);
#3290=EDGE_CURVE('',#2702,#2683,#1925,.T.);
#3291=EDGE_CURVE('',#2687,#2703,#1926,.T.);
#3292=EDGE_CURVE('',#2704,#2703,#1927,.T.);
#3293=EDGE_CURVE('',#2704,#2678,#1928,.T.);
#3294=EDGE_CURVE('',#2702,#2676,#1929,.T.);
#3295=EDGE_CURVE('',#2705,#2706,#1930,.T.);
#3296=EDGE_CURVE('',#2707,#2705,#1931,.T.);
#3297=EDGE_CURVE('',#2707,#2708,#1932,.T.);
#3298=EDGE_CURVE('',#2706,#2708,#1933,.T.);
#3299=EDGE_CURVE('',#2709,#2710,#1934,.T.);
#3300=EDGE_CURVE('',#2711,#2709,#1935,.T.);
#3301=EDGE_CURVE('',#2712,#2711,#1936,.T.);
#3302=EDGE_CURVE('',#2708,#2712,#1937,.T.);
#3303=EDGE_CURVE('',#2710,#2707,#1938,.T.);
#3304=EDGE_CURVE('',#2713,#2713,#623,.T.);
#3305=EDGE_CURVE('',#2709,#2714,#1939,.T.);
#3306=EDGE_CURVE('',#2714,#2715,#1940,.T.);
#3307=EDGE_CURVE('',#2711,#2715,#1941,.T.);
#3308=EDGE_CURVE('',#2716,#2710,#1942,.T.);
#3309=EDGE_CURVE('',#2716,#2717,#1943,.T.);
#3310=EDGE_CURVE('',#2718,#2717,#1944,.T.);
#3311=EDGE_CURVE('',#2719,#2718,#1945,.T.);
#3312=EDGE_CURVE('',#2720,#2719,#1946,.T.);
#3313=EDGE_CURVE('',#2720,#2721,#1947,.T.);
#3314=EDGE_CURVE('',#2722,#2721,#1948,.T.);
#3315=EDGE_CURVE('',#2714,#2722,#1949,.T.);
#3316=EDGE_CURVE('',#2723,#2724,#1950,.T.);
#3317=EDGE_CURVE('',#2725,#2723,#1951,.T.);
#3318=EDGE_CURVE('',#2726,#2725,#1952,.T.);
#3319=EDGE_CURVE('',#2721,#2726,#1953,.T.);
#3320=EDGE_CURVE('',#2724,#2720,#1954,.T.);
#3321=EDGE_CURVE('',#2727,#2727,#624,.T.);
#3322=EDGE_CURVE('',#2728,#2723,#1955,.T.);
#3323=EDGE_CURVE('',#2729,#2728,#1956,.T.);
#3324=EDGE_CURVE('',#2730,#2729,#1957,.T.);
#3325=EDGE_CURVE('',#2731,#2730,#625,.T.);
#3326=EDGE_CURVE('',#2732,#2731,#1958,.T.);
#3327=EDGE_CURVE('',#2733,#2732,#1959,.T.);
#3328=EDGE_CURVE('',#2725,#2733,#1960,.T.);
#3329=EDGE_CURVE('',#2734,#2734,#626,.T.);
#3330=EDGE_CURVE('',#2735,#2735,#627,.T.);
#3331=EDGE_CURVE('',#2736,#2736,#628,.T.);
#3332=EDGE_CURVE('',#2737,#2737,#629,.T.);
#3333=EDGE_CURVE('',#2738,#2738,#630,.T.);
#3334=EDGE_CURVE('',#2739,#2739,#631,.T.);
#3335=EDGE_CURVE('',#2740,#2740,#632,.T.);
#3336=EDGE_CURVE('',#2741,#2741,#633,.T.);
#3337=EDGE_CURVE('',#2742,#2742,#634,.T.);
#3338=EDGE_CURVE('',#2743,#2743,#635,.T.);
#3339=EDGE_CURVE('',#2744,#2744,#636,.T.);
#3340=EDGE_CURVE('',#2745,#2745,#637,.T.);
#3341=EDGE_CURVE('',#2746,#2746,#638,.T.);
#3342=EDGE_CURVE('',#2747,#2747,#639,.T.);
#3343=EDGE_CURVE('',#2748,#2748,#640,.T.);
#3344=EDGE_CURVE('',#2749,#2749,#641,.T.);
#3345=EDGE_CURVE('',#2750,#2750,#642,.T.);
#3346=EDGE_CURVE('',#2751,#2751,#643,.T.);
#3347=EDGE_CURVE('',#2752,#2752,#644,.T.);
#3348=EDGE_CURVE('',#2753,#2753,#645,.T.);
#3349=EDGE_CURVE('',#2754,#2754,#646,.T.);
#3350=EDGE_CURVE('',#2755,#2755,#647,.T.);
#3351=EDGE_CURVE('',#2756,#2756,#648,.T.);
#3352=EDGE_CURVE('',#2757,#2757,#649,.T.);
#3353=EDGE_CURVE('',#2758,#2758,#650,.T.);
#3354=EDGE_CURVE('',#2759,#2759,#651,.T.);
#3355=EDGE_CURVE('',#2760,#2760,#652,.T.);
#3356=EDGE_CURVE('',#2761,#2761,#653,.T.);
#3357=EDGE_CURVE('',#2762,#2762,#654,.T.);
#3358=EDGE_CURVE('',#2763,#2763,#655,.T.);
#3359=EDGE_CURVE('',#2764,#2764,#656,.T.);
#3360=EDGE_CURVE('',#2765,#2765,#657,.T.);
#3361=EDGE_CURVE('',#2766,#2766,#658,.T.);
#3362=EDGE_CURVE('',#2767,#2767,#659,.T.);
#3363=EDGE_CURVE('',#2768,#2768,#660,.T.);
#3364=EDGE_CURVE('',#2769,#2769,#661,.T.);
#3365=EDGE_CURVE('',#2770,#2771,#1961,.T.);
#3366=EDGE_CURVE('',#2772,#2770,#1962,.T.);
#3367=EDGE_CURVE('',#2706,#2772,#662,.T.);
#3368=EDGE_CURVE('',#2773,#2712,#1963,.T.);
#3369=EDGE_CURVE('',#2774,#2773,#1964,.T.);
#3370=EDGE_CURVE('',#2775,#2774,#1965,.T.);
#3371=EDGE_CURVE('',#2776,#2775,#663,.T.);
#3372=EDGE_CURVE('',#2777,#2776,#1966,.T.);
#3373=EDGE_CURVE('',#2771,#2777,#1967,.T.);
#3374=EDGE_CURVE('',#2778,#2778,#664,.T.);
#3375=EDGE_CURVE('',#2779,#2779,#665,.T.);
#3376=EDGE_CURVE('',#2780,#2780,#666,.T.);
#3377=EDGE_CURVE('',#2781,#2781,#667,.T.);
#3378=EDGE_CURVE('',#2782,#2782,#668,.T.);
#3379=EDGE_CURVE('',#2783,#2783,#669,.T.);
#3380=EDGE_CURVE('',#2784,#2784,#670,.T.);
#3381=EDGE_CURVE('',#2785,#2785,#671,.T.);
#3382=EDGE_CURVE('',#2786,#2786,#672,.T.);
#3383=EDGE_CURVE('',#2787,#2787,#673,.T.);
#3384=EDGE_CURVE('',#2788,#2788,#674,.T.);
#3385=EDGE_CURVE('',#2789,#2789,#675,.T.);
#3386=EDGE_CURVE('',#2790,#2790,#676,.T.);
#3387=EDGE_CURVE('',#2791,#2791,#677,.T.);
#3388=EDGE_CURVE('',#2792,#2792,#678,.T.);
#3389=EDGE_CURVE('',#2793,#2793,#679,.T.);
#3390=EDGE_CURVE('',#2794,#2794,#680,.T.);
#3391=EDGE_CURVE('',#2795,#2795,#681,.T.);
#3392=EDGE_CURVE('',#2796,#2796,#682,.T.);
#3393=EDGE_CURVE('',#2797,#2797,#683,.T.);
#3394=EDGE_CURVE('',#2798,#2798,#684,.T.);
#3395=EDGE_CURVE('',#2799,#2799,#685,.T.);
#3396=EDGE_CURVE('',#2800,#2800,#686,.T.);
#3397=EDGE_CURVE('',#2801,#2801,#687,.T.);
#3398=EDGE_CURVE('',#2802,#2802,#688,.T.);
#3399=EDGE_CURVE('',#2803,#2803,#689,.T.);
#3400=EDGE_CURVE('',#2804,#2804,#690,.T.);
#3401=EDGE_CURVE('',#2805,#2805,#691,.T.);
#3402=EDGE_CURVE('',#2806,#2806,#692,.T.);
#3403=EDGE_CURVE('',#2807,#2807,#693,.T.);
#3404=EDGE_CURVE('',#2808,#2808,#694,.T.);
#3405=EDGE_CURVE('',#2809,#2809,#695,.T.);
#3406=EDGE_CURVE('',#2810,#2810,#696,.T.);
#3407=EDGE_CURVE('',#2811,#2811,#697,.T.);
#3408=EDGE_CURVE('',#2812,#2812,#698,.T.);
#3409=EDGE_CURVE('',#2813,#2813,#699,.T.);
#3410=EDGE_CURVE('',#2730,#2776,#1968,.T.);
#3411=EDGE_CURVE('',#2729,#2777,#1969,.T.);
#3412=EDGE_CURVE('',#2814,#2679,#1970,.T.);
#3413=EDGE_CURVE('',#2771,#2814,#1971,.T.);
#3414=EDGE_CURVE('',#2703,#2728,#1972,.T.);
#3415=EDGE_CURVE('',#2815,#2815,#700,.T.);
#3416=EDGE_CURVE('',#2816,#2816,#701,.T.);
#3417=EDGE_CURVE('',#2817,#2817,#702,.T.);
#3418=EDGE_CURVE('',#2818,#2818,#703,.T.);
#3419=EDGE_CURVE('',#2819,#2820,#1973,.T.);
#3420=EDGE_CURVE('',#2819,#2732,#1974,.T.);
#3421=EDGE_CURVE('',#2820,#2731,#1975,.T.);
#3422=EDGE_CURVE('',#2821,#2822,#1976,.T.);
#3423=EDGE_CURVE('',#2823,#2821,#1977,.T.);
#3424=EDGE_CURVE('',#2703,#2823,#1978,.T.);
#3425=EDGE_CURVE('',#2824,#2724,#1979,.T.);
#3426=EDGE_CURVE('',#2822,#2824,#1980,.T.);
#3427=EDGE_CURVE('',#2825,#2826,#1981,.T.);
#3428=EDGE_CURVE('',#2825,#2775,#1982,.T.);
#3429=EDGE_CURVE('',#2826,#2774,#1983,.T.);
#3430=EDGE_CURVE('',#2827,#2828,#1984,.T.);
#3431=EDGE_CURVE('',#2827,#2770,#1985,.T.);
#3432=EDGE_CURVE('',#2829,#2814,#1986,.T.);
#3433=EDGE_CURVE('',#2828,#2829,#1987,.T.);
#3434=EDGE_CURVE('',#2830,#2831,#704,.T.);
#3435=EDGE_CURVE('',#2832,#2830,#1988,.T.);
#3436=EDGE_CURVE('',#2833,#2832,#1989,.T.);
#3437=EDGE_CURVE('',#2831,#2833,#1990,.T.);
#3438=EDGE_CURVE('',#2831,#2834,#306,.T.);
#3439=EDGE_CURVE('',#2835,#2833,#1991,.T.);
#3440=EDGE_CURVE('',#2834,#2835,#1992,.T.);
#3441=EDGE_CURVE('',#2835,#2836,#1993,.T.);
#3442=EDGE_CURVE('',#2836,#2832,#1994,.T.);
#3443=EDGE_CURVE('',#2837,#2830,#307,.T.);
#3444=EDGE_CURVE('',#2836,#2837,#1995,.T.);
#3445=EDGE_CURVE('',#2834,#2838,#705,.T.);
#3446=EDGE_CURVE('',#2838,#2839,#308,.T.);
#3447=EDGE_CURVE('',#2839,#2840,#309,.T.);
#3448=EDGE_CURVE('',#2840,#2841,#706,.T.);
#3449=EDGE_CURVE('',#2841,#2842,#707,.T.);
#3450=EDGE_CURVE('',#2842,#2843,#708,.T.);
#3451=EDGE_CURVE('',#2844,#2843,#709,.T.);
#3452=EDGE_CURVE('',#2844,#2845,#710,.T.);
#3453=EDGE_CURVE('',#2845,#2846,#310,.T.);
#3454=EDGE_CURVE('',#2846,#2847,#311,.T.);
#3455=EDGE_CURVE('',#2847,#2837,#711,.T.);
#3456=EDGE_CURVE('',#2848,#2849,#1996,.T.);
#3457=EDGE_CURVE('',#2848,#2850,#1997,.T.);
#3458=EDGE_CURVE('',#2850,#2851,#1998,.T.);
#3459=EDGE_CURVE('',#2849,#2851,#1999,.T.);
#3460=EDGE_CURVE('',#2852,#2853,#312,.T.);
#3461=EDGE_CURVE('',#2852,#2850,#2000,.T.);
#3462=EDGE_CURVE('',#2853,#2848,#2001,.T.);
#3463=EDGE_CURVE('',#2854,#2855,#313,.T.);
#3464=EDGE_CURVE('',#2849,#2854,#2002,.T.);
#3465=EDGE_CURVE('',#2851,#2855,#2003,.T.);
#3466=EDGE_CURVE('',#2855,#2852,#712,.T.);
#3467=EDGE_CURVE('',#2856,#2854,#713,.T.);
#3468=EDGE_CURVE('',#2856,#2857,#714,.T.);
#3469=EDGE_CURVE('',#2857,#2858,#715,.T.);
#3470=EDGE_CURVE('',#2859,#2858,#716,.T.);
#3471=EDGE_CURVE('',#2860,#2859,#2004,.T.);
#3472=EDGE_CURVE('',#2861,#2860,#2005,.T.);
#3473=EDGE_CURVE('',#2862,#2861,#2006,.T.);
#3474=EDGE_CURVE('',#2863,#2862,#717,.T.);
#3475=EDGE_CURVE('',#2863,#2864,#718,.T.);
#3476=EDGE_CURVE('',#2864,#2865,#719,.T.);
#3477=EDGE_CURVE('',#2853,#2865,#720,.T.);
#3478=EDGE_CURVE('',#2866,#2866,#721,.T.);
#3479=EDGE_CURVE('',#2867,#2867,#722,.T.);
#3480=EDGE_CURVE('',#2868,#2868,#723,.T.);
#3481=EDGE_CURVE('',#2700,#2869,#2007,.T.);
#3482=EDGE_CURVE('',#2869,#2869,#724,.T.);
#3483=EDGE_CURVE('',#2870,#2870,#725,.T.);
#3484=EDGE_CURVE('',#2701,#2871,#2008,.T.);
#3485=EDGE_CURVE('',#2871,#2871,#726,.T.);
#3486=EDGE_CURVE('',#2872,#2872,#727,.T.);
#3487=EDGE_CURVE('',#2870,#2815,#2009,.T.);
#3488=EDGE_CURVE('',#2872,#2816,#2010,.T.);
#3489=EDGE_CURVE('',#2873,#2874,#314,.T.);
#3490=EDGE_CURVE('',#2873,#2875,#2011,.T.);
#3491=EDGE_CURVE('',#2875,#2876,#315,.F.);
#3492=EDGE_CURVE('',#2877,#2876,#728,.T.);
#3493=EDGE_CURVE('',#2877,#2878,#2012,.T.);
#3494=EDGE_CURVE('',#2878,#2874,#729,.F.);
#3495=EDGE_CURVE('',#2879,#2877,#2013,.T.);
#3496=EDGE_CURVE('',#2879,#2880,#2014,.T.);
#3497=EDGE_CURVE('',#2878,#2880,#2015,.T.);
#3498=EDGE_CURVE('',#2881,#2876,#2016,.T.);
#3499=EDGE_CURVE('',#2875,#2882,#316,.T.);
#3500=EDGE_CURVE('',#2883,#2882,#2017,.T.);
#3501=EDGE_CURVE('',#2883,#2881,#66,.T.);
#3502=EDGE_CURVE('',#2883,#2884,#2018,.T.);
#3503=EDGE_CURVE('',#2884,#2885,#67,.T.);
#3504=EDGE_CURVE('',#2885,#2881,#2019,.T.);
#3505=EDGE_CURVE('',#2884,#2886,#2020,.T.);
#3506=EDGE_CURVE('',#2886,#2824,#68,.T.);
#3507=EDGE_CURVE('',#2724,#2885,#2021,.T.);
#3508=EDGE_CURVE('',#2886,#2887,#2022,.T.);
#3509=EDGE_CURVE('',#2887,#2822,#69,.T.);
#3510=EDGE_CURVE('',#2887,#2888,#2023,.T.);
#3511=EDGE_CURVE('',#2888,#2821,#70,.T.);
#3512=EDGE_CURVE('',#2888,#2889,#2024,.T.);
#3513=EDGE_CURVE('',#2889,#2823,#71,.T.);
#3514=EDGE_CURVE('',#2889,#2890,#2025,.T.);
#3515=EDGE_CURVE('',#2890,#2704,#72,.T.);
#3516=EDGE_CURVE('',#2891,#2704,#2026,.T.);
#3517=EDGE_CURVE('',#2890,#2892,#2027,.T.);
#3518=EDGE_CURVE('',#2892,#2891,#73,.T.);
#3519=EDGE_CURVE('',#2814,#2891,#2028,.T.);
#3520=EDGE_CURVE('',#2892,#2893,#2029,.T.);
#3521=EDGE_CURVE('',#2893,#2829,#74,.T.);
#3522=EDGE_CURVE('',#2893,#2894,#2030,.T.);
#3523=EDGE_CURVE('',#2894,#2828,#75,.T.);
#3524=EDGE_CURVE('',#2894,#2895,#2031,.T.);
#3525=EDGE_CURVE('',#2895,#2827,#76,.T.);
#3526=EDGE_CURVE('',#2896,#2827,#2032,.T.);
#3527=EDGE_CURVE('',#2895,#2897,#2033,.T.);
#3528=EDGE_CURVE('',#2897,#2896,#77,.T.);
#3529=EDGE_CURVE('',#2897,#2898,#2034,.T.);
#3530=EDGE_CURVE('',#2898,#2899,#78,.T.);
#3531=EDGE_CURVE('',#2899,#2896,#2035,.T.);
#3532=EDGE_CURVE('',#2898,#2900,#2036,.T.);
#3533=EDGE_CURVE('',#2900,#2901,#79,.T.);
#3534=EDGE_CURVE('',#2901,#2899,#2037,.T.);
#3535=EDGE_CURVE('',#2902,#2900,#2038,.T.);
#3536=EDGE_CURVE('',#2902,#2873,#317,.T.);
#3537=EDGE_CURVE('',#2874,#2901,#2039,.T.);
#3538=EDGE_CURVE('',#2903,#2881,#2040,.T.);
#3539=EDGE_CURVE('',#2903,#2879,#2041,.T.);
#3540=EDGE_CURVE('',#2885,#2904,#2042,.T.);
#3541=EDGE_CURVE('',#2904,#2905,#2043,.T.);
#3542=EDGE_CURVE('',#2905,#2903,#2044,.T.);
#3543=EDGE_CURVE('',#2904,#2719,#2045,.T.);
#3544=EDGE_CURVE('',#2891,#2677,#2046,.T.);
#3545=EDGE_CURVE('',#2906,#2896,#2047,.T.);
#3546=EDGE_CURVE('',#2772,#2906,#2048,.T.);
#3547=EDGE_CURVE('',#2907,#2899,#2049,.T.);
#3548=EDGE_CURVE('',#2906,#2907,#2050,.T.);
#3549=EDGE_CURVE('',#2901,#2908,#2051,.T.);
#3550=EDGE_CURVE('',#2908,#2909,#2052,.T.);
#3551=EDGE_CURVE('',#2909,#2910,#2053,.T.);
#3552=EDGE_CURVE('',#2911,#2910,#2054,.T.);
#3553=EDGE_CURVE('',#2907,#2911,#730,.T.);
#3554=EDGE_CURVE('',#2880,#2908,#2055,.T.);
#3555=EDGE_CURVE('',#2912,#2696,#731,.T.);
#3556=EDGE_CURVE('',#2696,#2913,#80,.T.);
#3557=EDGE_CURVE('',#2913,#2912,#81,.T.);
#3558=EDGE_CURVE('',#2914,#2697,#732,.T.);
#3559=EDGE_CURVE('',#2912,#2914,#2056,.T.);
#3560=EDGE_CURVE('',#2915,#2698,#733,.T.);
#3561=EDGE_CURVE('',#2915,#2914,#82,.T.);
#3562=EDGE_CURVE('',#2916,#2915,#2057,.T.);
#3563=EDGE_CURVE('',#2916,#2699,#734,.T.);
#3564=EDGE_CURVE('',#2917,#2695,#735,.T.);
#3565=EDGE_CURVE('',#2917,#2916,#83,.T.);
#3566=EDGE_CURVE('',#2917,#2918,#2058,.T.);
#3567=EDGE_CURVE('',#2918,#2694,#736,.T.);
#3568=EDGE_CURVE('',#2918,#2919,#84,.T.);
#3569=EDGE_CURVE('',#2919,#2694,#85,.T.);
#3570=EDGE_CURVE('',#2918,#2920,#2059,.T.);
#3571=EDGE_CURVE('',#2921,#2920,#737,.T.);
#3572=EDGE_CURVE('',#2921,#2919,#2060,.T.);
#3573=EDGE_CURVE('',#2922,#2917,#2061,.T.);
#3574=EDGE_CURVE('',#2923,#2922,#2062,.T.);
#3575=EDGE_CURVE('',#2924,#2923,#2063,.T.);
#3576=EDGE_CURVE('',#2925,#2924,#318,.T.);
#3577=EDGE_CURVE('',#2926,#2925,#319,.T.);
#3578=EDGE_CURVE('',#2927,#2926,#2064,.T.);
#3579=EDGE_CURVE('',#2928,#2927,#320,.T.);
#3580=EDGE_CURVE('',#2920,#2928,#738,.T.);
#3581=EDGE_CURVE('',#2929,#2929,#739,.T.);
#3582=EDGE_CURVE('',#2930,#2930,#740,.T.);
#3583=EDGE_CURVE('',#2931,#2931,#741,.T.);
#3584=EDGE_CURVE('',#2932,#2932,#742,.T.);
#3585=EDGE_CURVE('',#2933,#2933,#743,.T.);
#3586=EDGE_CURVE('',#2934,#2934,#744,.T.);
#3587=EDGE_CURVE('',#2935,#2935,#745,.T.);
#3588=EDGE_CURVE('',#2936,#2936,#746,.T.);
#3589=EDGE_CURVE('',#2937,#2937,#747,.T.);
#3590=EDGE_CURVE('',#2938,#2938,#748,.T.);
#3591=EDGE_CURVE('',#2939,#2939,#749,.T.);
#3592=EDGE_CURVE('',#2940,#2940,#750,.T.);
#3593=EDGE_CURVE('',#2941,#2941,#751,.T.);
#3594=EDGE_CURVE('',#2942,#2942,#752,.T.);
#3595=EDGE_CURVE('',#2943,#2943,#753,.T.);
#3596=EDGE_CURVE('',#2944,#2944,#754,.T.);
#3597=EDGE_CURVE('',#2945,#2945,#755,.T.);
#3598=EDGE_CURVE('',#2946,#2946,#756,.T.);
#3599=EDGE_CURVE('',#2947,#2947,#757,.T.);
#3600=EDGE_CURVE('',#2948,#2948,#758,.T.);
#3601=EDGE_CURVE('',#2949,#2949,#759,.T.);
#3602=EDGE_CURVE('',#2950,#2950,#760,.T.);
#3603=EDGE_CURVE('',#2951,#2951,#761,.T.);
#3604=EDGE_CURVE('',#2952,#2952,#762,.T.);
#3605=EDGE_CURVE('',#2953,#2953,#763,.T.);
#3606=EDGE_CURVE('',#2954,#2954,#764,.T.);
#3607=EDGE_CURVE('',#2955,#2955,#765,.T.);
#3608=EDGE_CURVE('',#2956,#2956,#766,.T.);
#3609=EDGE_CURVE('',#2957,#2957,#767,.T.);
#3610=EDGE_CURVE('',#2958,#2958,#768,.T.);
#3611=EDGE_CURVE('',#2959,#2959,#769,.T.);
#3612=EDGE_CURVE('',#2960,#2960,#770,.T.);
#3613=EDGE_CURVE('',#2961,#2961,#771,.T.);
#3614=EDGE_CURVE('',#2962,#2962,#772,.T.);
#3615=EDGE_CURVE('',#2963,#2963,#773,.T.);
#3616=EDGE_CURVE('',#2964,#2964,#774,.T.);
#3617=EDGE_CURVE('',#2965,#2912,#2065,.T.);
#3618=EDGE_CURVE('',#2966,#2965,#775,.T.);
#3619=EDGE_CURVE('',#2967,#2966,#321,.T.);
#3620=EDGE_CURVE('',#2968,#2967,#2066,.T.);
#3621=EDGE_CURVE('',#2969,#2968,#322,.T.);
#3622=EDGE_CURVE('',#2970,#2969,#323,.T.);
#3623=EDGE_CURVE('',#2971,#2970,#2067,.T.);
#3624=EDGE_CURVE('',#2972,#2971,#2068,.T.);
#3625=EDGE_CURVE('',#2914,#2972,#2069,.T.);
#3626=EDGE_CURVE('',#2973,#2973,#776,.T.);
#3627=EDGE_CURVE('',#2974,#2974,#777,.T.);
#3628=EDGE_CURVE('',#2975,#2975,#778,.T.);
#3629=EDGE_CURVE('',#2976,#2976,#779,.T.);
#3630=EDGE_CURVE('',#2977,#2977,#780,.T.);
#3631=EDGE_CURVE('',#2978,#2978,#781,.T.);
#3632=EDGE_CURVE('',#2979,#2979,#782,.T.);
#3633=EDGE_CURVE('',#2980,#2980,#783,.T.);
#3634=EDGE_CURVE('',#2981,#2981,#784,.T.);
#3635=EDGE_CURVE('',#2982,#2982,#785,.T.);
#3636=EDGE_CURVE('',#2983,#2983,#786,.T.);
#3637=EDGE_CURVE('',#2984,#2984,#787,.T.);
#3638=EDGE_CURVE('',#2985,#2985,#788,.T.);
#3639=EDGE_CURVE('',#2986,#2986,#789,.T.);
#3640=EDGE_CURVE('',#2987,#2987,#790,.T.);
#3641=EDGE_CURVE('',#2988,#2988,#791,.T.);
#3642=EDGE_CURVE('',#2989,#2989,#792,.T.);
#3643=EDGE_CURVE('',#2990,#2990,#793,.T.);
#3644=EDGE_CURVE('',#2991,#2991,#794,.T.);
#3645=EDGE_CURVE('',#2992,#2992,#795,.T.);
#3646=EDGE_CURVE('',#2993,#2993,#796,.T.);
#3647=EDGE_CURVE('',#2994,#2994,#797,.T.);
#3648=EDGE_CURVE('',#2995,#2995,#798,.T.);
#3649=EDGE_CURVE('',#2996,#2996,#799,.T.);
#3650=EDGE_CURVE('',#2997,#2997,#800,.T.);
#3651=EDGE_CURVE('',#2998,#2998,#801,.T.);
#3652=EDGE_CURVE('',#2999,#2999,#802,.T.);
#3653=EDGE_CURVE('',#3000,#3000,#803,.T.);
#3654=EDGE_CURVE('',#3001,#3001,#804,.T.);
#3655=EDGE_CURVE('',#3002,#3002,#805,.T.);
#3656=EDGE_CURVE('',#3003,#3003,#806,.T.);
#3657=EDGE_CURVE('',#3004,#3004,#807,.T.);
#3658=EDGE_CURVE('',#3005,#3005,#808,.T.);
#3659=EDGE_CURVE('',#3006,#3006,#809,.T.);
#3660=EDGE_CURVE('',#3007,#3007,#810,.T.);
#3661=EDGE_CURVE('',#3008,#3008,#811,.T.);
#3662=EDGE_CURVE('',#2913,#3009,#2070,.T.);
#3663=EDGE_CURVE('',#2965,#3009,#812,.T.);
#3664=EDGE_CURVE('',#3010,#2923,#813,.T.);
#3665=EDGE_CURVE('',#2923,#3011,#814,.T.);
#3666=EDGE_CURVE('',#3011,#3010,#815,.T.);
#3667=EDGE_CURVE('',#3012,#2924,#816,.T.);
#3668=EDGE_CURVE('',#3010,#3012,#2071,.T.);
#3669=EDGE_CURVE('',#3013,#2926,#817,.T.);
#3670=EDGE_CURVE('',#2925,#3014,#818,.T.);
#3671=EDGE_CURVE('',#3014,#3013,#324,.T.);
#3672=EDGE_CURVE('',#3015,#2927,#819,.T.);
#3673=EDGE_CURVE('',#3013,#3015,#2072,.T.);
#3674=EDGE_CURVE('',#3012,#3014,#325,.T.);
#3675=EDGE_CURVE('',#3016,#2928,#820,.T.);
#3676=EDGE_CURVE('',#3015,#3016,#326,.T.);
#3677=EDGE_CURVE('',#3017,#2920,#821,.T.);
#3678=EDGE_CURVE('',#3016,#3017,#822,.T.);
#3679=EDGE_CURVE('',#2902,#2921,#2073,.T.);
#3680=EDGE_CURVE('',#2921,#3017,#823,.T.);
#3681=EDGE_CURVE('',#3017,#3018,#2074,.T.);
#3682=EDGE_CURVE('',#3018,#3009,#824,.T.);
#3683=EDGE_CURVE('',#3009,#2882,#2075,.T.);
#3684=EDGE_CURVE('',#3018,#2965,#825,.T.);
#3685=EDGE_CURVE('',#3019,#2966,#826,.T.);
#3686=EDGE_CURVE('',#3018,#3019,#827,.T.);
#3687=EDGE_CURVE('',#2967,#3020,#828,.T.);
#3688=EDGE_CURVE('',#3020,#3021,#2076,.T.);
#3689=EDGE_CURVE('',#3021,#2968,#829,.T.);
#3690=EDGE_CURVE('',#3021,#3022,#327,.T.);
#3691=EDGE_CURVE('',#3022,#2969,#830,.T.);
#3692=EDGE_CURVE('',#3019,#3020,#328,.T.);
#3693=EDGE_CURVE('',#2970,#3023,#831,.T.);
#3694=EDGE_CURVE('',#3023,#3024,#2077,.T.);
#3695=EDGE_CURVE('',#3024,#2971,#832,.T.);
#3696=EDGE_CURVE('',#3024,#3025,#833,.T.);
#3697=EDGE_CURVE('',#3025,#2971,#834,.T.);
#3698=EDGE_CURVE('',#3022,#3023,#329,.T.);
#3699=EDGE_CURVE('',#2919,#2913,#2078,.T.);
#3700=EDGE_CURVE('',#3025,#3026,#2079,.T.);
#3701=EDGE_CURVE('',#2972,#3026,#835,.T.);
#3702=EDGE_CURVE('',#3024,#3027,#2080,.T.);
#3703=EDGE_CURVE('',#3027,#3028,#330,.F.);
#3704=EDGE_CURVE('',#3028,#3025,#2081,.T.);
#3705=EDGE_CURVE('',#3029,#3013,#836,.T.);
#3706=EDGE_CURVE('',#3029,#3030,#2082,.T.);
#3707=EDGE_CURVE('',#3015,#3030,#331,.T.);
#3708=EDGE_CURVE('',#3031,#3020,#332,.T.);
#3709=EDGE_CURVE('',#3032,#3031,#2083,.F.);
#3710=EDGE_CURVE('',#3021,#3032,#837,.T.);
#3711=EDGE_CURVE('',#3019,#3033,#333,.T.);
#3712=EDGE_CURVE('',#3033,#3031,#838,.T.);
#3713=EDGE_CURVE('',#2860,#3034,#839,.T.);
#3714=EDGE_CURVE('',#3034,#3031,#840,.T.);
#3715=EDGE_CURVE('',#3033,#2860,#841,.T.);
#3716=EDGE_CURVE('',#2859,#3035,#842,.T.);
#3717=EDGE_CURVE('',#3035,#3034,#2084,.T.);
#3718=EDGE_CURVE('',#2865,#2863,#334,.T.);
#3719=EDGE_CURVE('',#2862,#3036,#843,.T.);
#3720=EDGE_CURVE('',#3036,#3035,#844,.T.);
#3721=EDGE_CURVE('',#2858,#2856,#335,.T.);
#3722=EDGE_CURVE('',#2861,#3037,#845,.T.);
#3723=EDGE_CURVE('',#3037,#3036,#2085,.T.);
#3724=EDGE_CURVE('',#3038,#3030,#846,.T.);
#3725=EDGE_CURVE('',#3030,#3037,#847,.T.);
#3726=EDGE_CURVE('',#2861,#3038,#848,.T.);
#3727=EDGE_CURVE('',#3038,#3016,#336,.T.);
#3728=EDGE_CURVE('',#3039,#3035,#2086,.T.);
#3729=EDGE_CURVE('',#3032,#3039,#2087,.T.);
#3730=EDGE_CURVE('',#3040,#3036,#2088,.T.);
#3731=EDGE_CURVE('',#3041,#3040,#849,.T.);
#3732=EDGE_CURVE('',#3042,#3041,#337,.T.);
#3733=EDGE_CURVE('',#3043,#3042,#2089,.T.);
#3734=EDGE_CURVE('',#3039,#3043,#850,.T.);
#3735=EDGE_CURVE('',#3044,#3029,#2090,.T.);
#3736=EDGE_CURVE('',#3045,#3044,#2091,.T.);
#3737=EDGE_CURVE('',#3046,#3045,#851,.T.);
#3738=EDGE_CURVE('',#3040,#3046,#2092,.T.);
#3739=EDGE_CURVE('',#3012,#3047,#852,.T.);
#3740=EDGE_CURVE('',#3047,#3048,#853,.T.);
#3741=EDGE_CURVE('',#3048,#3049,#854,.T.);
#3742=EDGE_CURVE('',#3049,#3014,#855,.T.);
#3743=EDGE_CURVE('',#3050,#3051,#856,.T.);
#3744=EDGE_CURVE('',#3051,#3052,#2093,.T.);
#3745=EDGE_CURVE('',#3052,#3053,#857,.T.);
#3746=EDGE_CURVE('',#3053,#3048,#2094,.T.);
#3747=EDGE_CURVE('',#3047,#3054,#2095,.T.);
#3748=EDGE_CURVE('',#3054,#3055,#858,.T.);
#3749=EDGE_CURVE('',#3050,#3055,#2096,.F.);
#3750=EDGE_CURVE('',#3022,#3056,#859,.T.);
#3751=EDGE_CURVE('',#3056,#3053,#860,.T.);
#3752=EDGE_CURVE('',#3052,#3023,#861,.T.);
#3753=EDGE_CURVE('',#3049,#3029,#862,.T.);
#3754=EDGE_CURVE('',#3032,#3056,#863,.T.);
#3755=EDGE_CURVE('',#3048,#3057,#2097,.T.);
#3756=EDGE_CURVE('',#3057,#3058,#338,.T.);
#3757=EDGE_CURVE('',#3058,#3059,#339,.T.);
#3758=EDGE_CURVE('',#3059,#3060,#2098,.T.);
#3759=EDGE_CURVE('',#3061,#3060,#340,.F.);
#3760=EDGE_CURVE('',#3044,#3061,#864,.T.);
#3761=EDGE_CURVE('',#3062,#2922,#865,.T.);
#3762=EDGE_CURVE('',#3062,#3011,#2099,.T.);
#3763=EDGE_CURVE('',#3063,#3010,#2100,.T.);
#3764=EDGE_CURVE('',#3064,#3063,#866,.F.);
#3765=EDGE_CURVE('',#3065,#3064,#2101,.T.);
#3766=EDGE_CURVE('',#3066,#3065,#867,.F.);
#3767=EDGE_CURVE('',#3066,#3067,#2102,.T.);
#3768=EDGE_CURVE('',#3068,#3067,#868,.F.);
#3769=EDGE_CURVE('',#3069,#3068,#2103,.T.);
#3770=EDGE_CURVE('',#3027,#3069,#869,.F.);
#3771=EDGE_CURVE('',#3051,#2718,#2104,.T.);
#3772=EDGE_CURVE('',#2717,#3054,#2105,.T.);
#3773=EDGE_CURVE('',#3070,#3070,#870,.T.);
#3774=EDGE_CURVE('',#3071,#3071,#871,.T.);
#3775=EDGE_CURVE('',#2857,#3072,#2106,.T.);
#3776=EDGE_CURVE('',#3072,#3072,#872,.T.);
#3777=EDGE_CURVE('',#2906,#2705,#86,.T.);
#3778=EDGE_CURVE('',#3073,#3073,#873,.T.);
#3779=EDGE_CURVE('',#3073,#2868,#2107,.T.);
#3780=EDGE_CURVE('',#3074,#3075,#341,.T.);
#3781=EDGE_CURVE('',#3075,#3076,#2108,.T.);
#3782=EDGE_CURVE('',#3076,#3077,#874,.T.);
#3783=EDGE_CURVE('',#3077,#3074,#2109,.T.);
#3784=EDGE_CURVE('',#3078,#3079,#875,.T.);
#3785=EDGE_CURVE('',#3079,#3077,#876,.T.);
#3786=EDGE_CURVE('',#3076,#3078,#877,.T.);
#3787=EDGE_CURVE('',#3080,#3081,#878,.T.);
#3788=EDGE_CURVE('',#3081,#3079,#342,.T.);
#3789=EDGE_CURVE('',#3078,#3080,#343,.T.);
#3790=EDGE_CURVE('',#3082,#3083,#344,.T.);
#3791=EDGE_CURVE('',#3082,#3081,#345,.T.);
#3792=EDGE_CURVE('',#3083,#3080,#346,.T.);
#3793=EDGE_CURVE('',#3084,#3076,#2110,.T.);
#3794=EDGE_CURVE('',#3080,#3084,#879,.T.);
#3795=EDGE_CURVE('',#3085,#3075,#2111,.T.);
#3796=EDGE_CURVE('',#3084,#3085,#2112,.T.);
#3797=EDGE_CURVE('',#3086,#3074,#880,.T.);
#3798=EDGE_CURVE('',#3085,#3086,#347,.T.);
#3799=EDGE_CURVE('',#3087,#3088,#881,.T.);
#3800=EDGE_CURVE('',#3088,#3089,#882,.T.);
#3801=EDGE_CURVE('',#3089,#3060,#883,.T.);
#3802=EDGE_CURVE('',#3060,#3087,#884,.T.);
#3803=EDGE_CURVE('',#3090,#3091,#348,.T.);
#3804=EDGE_CURVE('',#3091,#3088,#2113,.T.);
#3805=EDGE_CURVE('',#3087,#3090,#2114,.T.);
#3806=EDGE_CURVE('',#3089,#3092,#885,.T.);
#3807=EDGE_CURVE('',#3092,#3061,#349,.F.);
#3808=EDGE_CURVE('',#3093,#3094,#886,.T.);
#3809=EDGE_CURVE('',#3095,#3094,#2115,.T.);
#3810=EDGE_CURVE('',#3096,#3095,#350,.T.);
#3811=EDGE_CURVE('',#3097,#3096,#2116,.T.);
#3812=EDGE_CURVE('',#3098,#3097,#2117,.T.);
#3813=EDGE_CURVE('',#3093,#3098,#2118,.T.);
#3814=EDGE_CURVE('',#3092,#3094,#351,.T.);
#3815=EDGE_CURVE('',#3088,#3099,#2119,.T.);
#3816=EDGE_CURVE('',#3095,#3099,#887,.T.);
#3817=EDGE_CURVE('',#3100,#3043,#352,.T.);
#3818=EDGE_CURVE('',#3043,#3101,#888,.T.);
#3819=EDGE_CURVE('',#3101,#3102,#353,.T.);
#3820=EDGE_CURVE('',#3102,#3103,#354,.T.);
#3821=EDGE_CURVE('',#3103,#3082,#355,.T.);
#3822=EDGE_CURVE('',#3083,#3100,#356,.F.);
#3823=EDGE_CURVE('',#3042,#3104,#889,.T.);
#3824=EDGE_CURVE('',#3104,#3101,#2120,.T.);
#3825=EDGE_CURVE('',#3041,#3105,#890,.T.);
#3826=EDGE_CURVE('',#3105,#3104,#357,.T.);
#3827=EDGE_CURVE('',#3040,#3106,#891,.T.);
#3828=EDGE_CURVE('',#3106,#3105,#892,.T.);
#3829=EDGE_CURVE('',#3046,#3107,#893,.T.);
#3830=EDGE_CURVE('',#3107,#3106,#2121,.T.);
#3831=EDGE_CURVE('',#3045,#3098,#894,.T.);
#3832=EDGE_CURVE('',#3098,#3107,#895,.T.);
#3833=EDGE_CURVE('',#3044,#3093,#896,.T.);
#3834=EDGE_CURVE('',#3084,#3039,#897,.T.);
#3835=EDGE_CURVE('',#3103,#3108,#2122,.T.);
#3836=EDGE_CURVE('',#3108,#3109,#898,.T.);
#3837=EDGE_CURVE('',#3109,#3079,#2123,.T.);
#3838=EDGE_CURVE('',#3105,#3110,#2124,.T.);
#3839=EDGE_CURVE('',#3110,#3111,#899,.T.);
#3840=EDGE_CURVE('',#3111,#3104,#2125,.T.);
#3841=EDGE_CURVE('',#3112,#3113,#358,.F.);
#3842=EDGE_CURVE('',#3111,#3113,#900,.T.);
#3843=EDGE_CURVE('',#3110,#3112,#359,.T.);
#3844=EDGE_CURVE('',#3114,#3107,#2126,.T.);
#3845=EDGE_CURVE('',#3112,#3114,#901,.T.);
#3846=EDGE_CURVE('',#3115,#3114,#360,.T.);
#3847=EDGE_CURVE('',#3114,#3097,#361,.T.);
#3848=EDGE_CURVE('',#3097,#3115,#902,.T.);
#3849=EDGE_CURVE('',#3096,#3116,#903,.T.);
#3850=EDGE_CURVE('',#3116,#3115,#2127,.T.);
#3851=EDGE_CURVE('',#3099,#3116,#362,.T.);
#3852=EDGE_CURVE('',#3117,#3118,#904,.T.);
#3853=EDGE_CURVE('',#3118,#3109,#363,.T.);
#3854=EDGE_CURVE('',#3108,#3117,#364,.T.);
#3855=EDGE_CURVE('',#3113,#3118,#2128,.T.);
#3856=EDGE_CURVE('',#3117,#3111,#2129,.T.);
#3857=EDGE_CURVE('',#3099,#3109,#905,.T.);
#3858=EDGE_CURVE('',#3091,#3058,#906,.T.);
#3859=EDGE_CURVE('',#3086,#3058,#907,.T.);
#3860=EDGE_CURVE('',#3119,#3119,#908,.T.);
#3861=EDGE_CURVE('',#3120,#3120,#909,.T.);
#3862=EDGE_CURVE('',#3121,#3121,#910,.T.);
#3863=EDGE_CURVE('',#3122,#3122,#911,.T.);
#3864=EDGE_CURVE('',#3115,#3113,#912,.T.);
#3865=EDGE_CURVE('',#3118,#3116,#913,.T.);
#3866=EDGE_CURVE('',#3123,#3124,#914,.T.);
#3867=EDGE_CURVE('',#3124,#3125,#915,.T.);
#3868=EDGE_CURVE('',#3125,#3126,#916,.T.);
#3869=EDGE_CURVE('',#3123,#3126,#917,.T.);
#3870=EDGE_CURVE('',#3127,#3128,#918,.T.);
#3871=EDGE_CURVE('',#3128,#3124,#365,.T.);
#3872=EDGE_CURVE('',#3127,#3123,#366,.T.);
#3873=EDGE_CURVE('',#3129,#3130,#919,.T.);
#3874=EDGE_CURVE('',#3126,#3130,#367,.T.);
#3875=EDGE_CURVE('',#3125,#3129,#368,.T.);
#3876=EDGE_CURVE('',#3131,#3132,#920,.T.);
#3877=EDGE_CURVE('',#3132,#3128,#369,.T.);
#3878=EDGE_CURVE('',#3131,#3127,#370,.T.);
#3879=EDGE_CURVE('',#3133,#3134,#921,.T.);
#3880=EDGE_CURVE('',#3130,#3134,#371,.T.);
#3881=EDGE_CURVE('',#3129,#3133,#372,.T.);
#3882=EDGE_CURVE('',#3135,#3131,#373,.T.);
#3883=EDGE_CURVE('',#3135,#3132,#374,.T.);
#3884=EDGE_CURVE('',#3133,#3136,#375,.T.);
#3885=EDGE_CURVE('',#3134,#3136,#376,.T.);
#3886=EDGE_CURVE('',#3137,#3135,#922,.T.);
#3887=EDGE_CURVE('',#3137,#3128,#2130,.T.);
#3888=EDGE_CURVE('',#3138,#3138,#923,.T.);
#3889=EDGE_CURVE('',#3138,#3139,#924,.T.);
#3890=EDGE_CURVE('',#3139,#3140,#925,.T.);
#3891=EDGE_CURVE('',#3140,#3139,#926,.T.);
#3892=EDGE_CURVE('',#3141,#3137,#377,.T.);
#3893=EDGE_CURVE('',#3142,#3141,#2131,.T.);
#3894=EDGE_CURVE('',#3143,#3142,#2132,.T.);
#3895=EDGE_CURVE('',#3144,#3143,#927,.T.);
#3896=EDGE_CURVE('',#3145,#3144,#2133,.T.);
#3897=EDGE_CURVE('',#3146,#3145,#928,.T.);
#3898=EDGE_CURVE('',#3147,#3146,#2134,.T.);
#3899=EDGE_CURVE('',#3148,#3147,#929,.T.);
#3900=EDGE_CURVE('',#3149,#3148,#2135,.T.);
#3901=EDGE_CURVE('',#3150,#3149,#930,.T.);
#3902=EDGE_CURVE('',#3151,#3150,#2136,.T.);
#3903=EDGE_CURVE('',#3152,#3151,#378,.T.);
#3904=EDGE_CURVE('',#3129,#3152,#2137,.T.);
#3905=EDGE_CURVE('',#3153,#3153,#931,.T.);
#3906=EDGE_CURVE('',#3140,#3154,#2138,.T.);
#3907=EDGE_CURVE('',#3154,#3154,#932,.T.);
#3908=EDGE_CURVE('',#3153,#3155,#933,.T.);
#3909=EDGE_CURVE('',#3155,#3156,#934,.T.);
#3910=EDGE_CURVE('',#3156,#3155,#935,.T.);
#3911=EDGE_CURVE('',#3156,#3157,#2139,.T.);
#3912=EDGE_CURVE('',#3157,#3157,#936,.T.);
#3913=EDGE_CURVE('',#3143,#3158,#937,.T.);
#3914=EDGE_CURVE('',#3158,#3159,#938,.T.);
#3915=EDGE_CURVE('',#3159,#3160,#939,.T.);
#3916=EDGE_CURVE('',#3160,#3144,#940,.T.);
#3917=EDGE_CURVE('',#3143,#3144,#379,.T.);
#3918=EDGE_CURVE('',#3160,#3158,#380,.T.);
#3919=EDGE_CURVE('',#3159,#3161,#2140,.T.);
#3920=EDGE_CURVE('',#3161,#3161,#941,.T.);
#3921=EDGE_CURVE('',#3162,#3147,#942,.T.);
#3922=EDGE_CURVE('',#3147,#3148,#381,.T.);
#3923=EDGE_CURVE('',#3148,#3163,#943,.T.);
#3924=EDGE_CURVE('',#3163,#3164,#382,.T.);
#3925=EDGE_CURVE('',#3164,#3162,#383,.T.);
#3926=EDGE_CURVE('',#3162,#3163,#944,.T.);
#3927=EDGE_CURVE('',#3146,#3165,#945,.T.);
#3928=EDGE_CURVE('',#3165,#3166,#2141,.T.);
#3929=EDGE_CURVE('',#3167,#3166,#384,.T.);
#3930=EDGE_CURVE('',#3149,#3167,#385,.T.);
#3931=EDGE_CURVE('',#3164,#3168,#2142,.T.);
#3932=EDGE_CURVE('',#3168,#3168,#946,.T.);
#3933=EDGE_CURVE('',#3169,#3151,#386,.T.);
#3934=EDGE_CURVE('',#3150,#3170,#947,.T.);
#3935=EDGE_CURVE('',#3169,#3170,#2143,.T.);
#3936=EDGE_CURVE('',#3149,#3171,#948,.T.);
#3937=EDGE_CURVE('',#3170,#3171,#949,.T.);
#3938=EDGE_CURVE('',#3167,#3172,#950,.T.);
#3939=EDGE_CURVE('',#3171,#3172,#951,.T.);
#3940=EDGE_CURVE('',#3166,#3173,#952,.T.);
#3941=EDGE_CURVE('',#3173,#3172,#387,.T.);
#3942=EDGE_CURVE('',#3166,#3174,#388,.T.);
#3943=EDGE_CURVE('',#3174,#3173,#389,.T.);
#3944=EDGE_CURVE('',#3175,#3165,#390,.T.);
#3945=EDGE_CURVE('',#3176,#3175,#2144,.T.);
#3946=EDGE_CURVE('',#3177,#3176,#2145,.T.);
#3947=EDGE_CURVE('',#3178,#3177,#2146,.T.);
#3948=EDGE_CURVE('',#3174,#3178,#391,.T.);
#3949=EDGE_CURVE('',#3141,#3179,#392,.T.);
#3950=EDGE_CURVE('',#3180,#3179,#2147,.T.);
#3951=EDGE_CURVE('',#3180,#3142,#953,.T.);
#3952=EDGE_CURVE('',#3181,#3182,#954,.T.);
#3953=EDGE_CURVE('',#3182,#3142,#393,.T.);
#3954=EDGE_CURVE('',#3181,#3180,#2148,.T.);
#3955=EDGE_CURVE('',#3183,#3181,#394,.F.);
#3956=EDGE_CURVE('',#3183,#3182,#395,.T.);
#3957=EDGE_CURVE('',#3179,#3135,#396,.T.);
#3958=EDGE_CURVE('',#3136,#3169,#397,.T.);
#3959=EDGE_CURVE('',#3136,#3152,#955,.T.);
#3960=EDGE_CURVE('',#3184,#3185,#956,.T.);
#3961=EDGE_CURVE('',#3185,#3183,#398,.T.);
#3962=EDGE_CURVE('',#3181,#3184,#399,.T.);
#3963=EDGE_CURVE('',#3186,#3187,#957,.T.);
#3964=EDGE_CURVE('',#3187,#3185,#958,.T.);
#3965=EDGE_CURVE('',#3184,#3186,#959,.T.);
#3966=EDGE_CURVE('',#3188,#3189,#960,.T.);
#3967=EDGE_CURVE('',#3189,#3187,#2149,.T.);
#3968=EDGE_CURVE('',#3186,#3188,#2150,.T.);
#3969=EDGE_CURVE('',#3190,#3191,#961,.T.);
#3970=EDGE_CURVE('',#3191,#3189,#962,.T.);
#3971=EDGE_CURVE('',#3188,#3190,#963,.T.);
#3972=EDGE_CURVE('',#3192,#3193,#964,.T.);
#3973=EDGE_CURVE('',#3193,#3191,#2151,.T.);
#3974=EDGE_CURVE('',#3190,#3192,#2152,.T.);
#3975=EDGE_CURVE('',#3194,#3195,#965,.T.);
#3976=EDGE_CURVE('',#3195,#3193,#966,.T.);
#3977=EDGE_CURVE('',#3192,#3194,#967,.T.);
#3978=EDGE_CURVE('',#3196,#3177,#968,.T.);
#3979=EDGE_CURVE('',#3177,#3195,#400,.T.);
#3980=EDGE_CURVE('',#3194,#3196,#401,.T.);
#3981=EDGE_CURVE('',#3197,#3178,#969,.T.);
#3982=EDGE_CURVE('',#3196,#3197,#2153,.T.);
#3983=EDGE_CURVE('',#3197,#3198,#402,.T.);
#3984=EDGE_CURVE('',#3198,#3173,#970,.T.);
#3985=EDGE_CURVE('',#3198,#3172,#403,.T.);
#3986=EDGE_CURVE('',#3197,#3199,#971,.T.);
#3987=EDGE_CURVE('',#3199,#3170,#972,.T.);
#3988=EDGE_CURVE('',#2843,#3192,#2154,.T.);
#3989=EDGE_CURVE('',#2842,#3199,#2155,.T.);
#3990=EDGE_CURVE('',#3065,#3186,#2156,.T.);
#3991=EDGE_CURVE('',#2843,#3064,#2157,.T.);
#3992=EDGE_CURVE('',#3123,#3066,#2158,.T.);
#3993=EDGE_CURVE('',#3191,#3200,#2159,.T.);
#3994=EDGE_CURVE('',#3200,#3201,#973,.T.);
#3995=EDGE_CURVE('',#3201,#3189,#2160,.T.);
#3996=EDGE_CURVE('',#3200,#3202,#404,.T.);
#3997=EDGE_CURVE('',#3202,#3201,#405,.T.);
#3998=EDGE_CURVE('',#3203,#3195,#2161,.T.);
#3999=EDGE_CURVE('',#3204,#3203,#974,.T.);
#4000=EDGE_CURVE('',#3202,#3204,#975,.T.);
#4001=EDGE_CURVE('',#3185,#3205,#2162,.T.);
#4002=EDGE_CURVE('',#3205,#3145,#976,.T.);
#4003=EDGE_CURVE('',#3206,#3207,#977,.T.);
#4004=EDGE_CURVE('',#3207,#3145,#406,.T.);
#4005=EDGE_CURVE('',#3205,#3206,#407,.T.);
#4006=EDGE_CURVE('',#3208,#3209,#978,.T.);
#4007=EDGE_CURVE('',#3209,#3207,#2163,.T.);
#4008=EDGE_CURVE('',#3206,#3208,#2164,.T.);
#4009=EDGE_CURVE('',#3202,#3209,#408,.T.);
#4010=EDGE_CURVE('',#3208,#3201,#409,.T.);
#4011=EDGE_CURVE('',#3204,#3210,#979,.T.);
#4012=EDGE_CURVE('',#3210,#3209,#980,.T.);
#4013=EDGE_CURVE('',#3203,#3176,#981,.T.);
#4014=EDGE_CURVE('',#3176,#3210,#982,.T.);
#4015=EDGE_CURVE('',#3146,#3211,#410,.T.);
#4016=EDGE_CURVE('',#3211,#3175,#983,.T.);
#4017=EDGE_CURVE('',#3211,#3210,#2165,.T.);
#4018=EDGE_CURVE('',#3207,#3211,#984,.T.);
#4019=EDGE_CURVE('',#3071,#3212,#2166,.T.);
#4020=EDGE_CURVE('',#3212,#3212,#985,.T.);
#4021=EDGE_CURVE('',#3213,#3213,#986,.T.);
#4022=EDGE_CURVE('',#3070,#3214,#2167,.T.);
#4023=EDGE_CURVE('',#3214,#3214,#987,.T.);
#4024=EDGE_CURVE('',#3215,#3215,#988,.T.);
#4025=EDGE_CURVE('',#2688,#2685,#989,.T.);
#4026=EDGE_CURVE('',#3216,#3216,#990,.T.);
#4027=EDGE_CURVE('',#3217,#3217,#991,.T.);
#4028=EDGE_CURVE('',#3059,#3090,#2168,.T.);
#4029=EDGE_CURVE('',#3218,#3057,#992,.T.);
#4030=EDGE_CURVE('',#3086,#3218,#411,.T.);
#4031=EDGE_CURVE('',#2905,#3219,#2169,.T.);
#4032=EDGE_CURVE('',#2904,#3050,#2170,.T.);
#4033=EDGE_CURVE('',#3055,#3220,#2171,.F.);
#4034=EDGE_CURVE('',#3220,#3221,#2172,.T.);
#4035=EDGE_CURVE('',#3221,#3219,#2173,.T.);
#4036=EDGE_CURVE('',#2910,#2716,#2174,.T.);
#4037=EDGE_CURVE('',#2910,#3220,#2175,.T.);
#4038=EDGE_CURVE('',#2909,#3221,#2176,.T.);
#4039=EDGE_CURVE('',#3222,#2722,#2177,.T.);
#4040=EDGE_CURVE('',#2715,#3222,#2178,.T.);
#4041=EDGE_CURVE('',#3222,#2726,#2179,.T.);
#4042=EDGE_CURVE('',#2733,#2773,#2180,.T.);
#4043=EDGE_CURVE('',#3216,#2818,#2181,.T.);
#4044=EDGE_CURVE('',#2727,#3215,#2182,.T.);
#4045=EDGE_CURVE('',#3217,#2817,#2183,.T.);
#4046=EDGE_CURVE('',#2713,#3213,#2184,.T.);
#4047=EDGE_CURVE('',#2911,#2707,#2185,.T.);
#4048=EDGE_CURVE('',#2973,#2734,#2186,.T.);
#4049=EDGE_CURVE('',#2964,#2778,#2187,.T.);
#4050=EDGE_CURVE('',#3067,#3126,#2188,.T.);
#4051=EDGE_CURVE('',#3218,#3053,#2189,.T.);
#4052=EDGE_CURVE('',#3223,#3224,#412,.T.);
#4053=EDGE_CURVE('',#3224,#3225,#2190,.T.);
#4054=EDGE_CURVE('',#3225,#2922,#993,.T.);
#4055=EDGE_CURVE('',#2916,#3226,#2191,.T.);
#4056=EDGE_CURVE('',#3226,#3227,#413,.T.);
#4057=EDGE_CURVE('',#3227,#3223,#2192,.T.);
#4058=EDGE_CURVE('',#3062,#3225,#994,.T.);
#4059=EDGE_CURVE('',#3225,#3228,#2193,.T.);
#4060=EDGE_CURVE('',#3228,#3026,#995,.T.);
#4061=EDGE_CURVE('',#3026,#3062,#2194,.T.);
#4062=EDGE_CURVE('',#2972,#3228,#996,.T.);
#4063=EDGE_CURVE('',#3228,#3229,#2195,.T.);
#4064=EDGE_CURVE('',#3229,#3230,#414,.T.);
#4065=EDGE_CURVE('',#3230,#3231,#2196,.T.);
#4066=EDGE_CURVE('',#3231,#3232,#415,.T.);
#4067=EDGE_CURVE('',#3232,#2915,#2197,.T.);
#4068=EDGE_CURVE('',#3227,#2825,#87,.T.);
#4069=EDGE_CURVE('',#2826,#3233,#88,.T.);
#4070=EDGE_CURVE('',#3233,#3223,#89,.T.);
#4071=EDGE_CURVE('',#3226,#3232,#2198,.T.);
#4072=EDGE_CURVE('',#2820,#3231,#90,.T.);
#4073=EDGE_CURVE('',#2847,#2845,#997,.T.);
#4074=EDGE_CURVE('',#3234,#2844,#2199,.T.);
#4075=EDGE_CURVE('',#3011,#3234,#2200,.T.);
#4076=EDGE_CURVE('',#2841,#3028,#2201,.T.);
#4077=EDGE_CURVE('',#2840,#2838,#998,.T.);
#4078=EDGE_CURVE('',#3235,#3235,#999,.T.);
#4079=EDGE_CURVE('',#3236,#3236,#1000,.T.);
#4080=EDGE_CURVE('',#3237,#3230,#91,.T.);
#4081=EDGE_CURVE('',#3237,#2819,#92,.T.);
#4082=EDGE_CURVE('',#3233,#3237,#2202,.T.);
#4083=EDGE_CURVE('',#3229,#3224,#2203,.T.);
#4084=EDGE_CURVE('',#3234,#3063,#416,.F.);
#4085=EDGE_CURVE('',#3199,#3068,#2204,.T.);
#4086=EDGE_CURVE('',#3069,#2842,#2205,.T.);
#4087=EDGE_CURVE('',#2839,#3238,#2206,.T.);
#4088=EDGE_CURVE('',#3238,#3238,#1001,.T.);
#4089=EDGE_CURVE('',#3239,#3239,#1002,.T.);
#4090=EDGE_CURVE('',#2867,#3240,#2207,.T.);
#4091=EDGE_CURVE('',#3240,#3240,#1003,.T.);
#4092=EDGE_CURVE('',#3241,#3241,#1004,.T.);
#4093=EDGE_CURVE('',#2866,#3242,#2208,.T.);
#4094=EDGE_CURVE('',#3242,#3242,#1005,.T.);
#4095=EDGE_CURVE('',#3243,#3243,#1006,.T.);
#4096=EDGE_CURVE('',#2864,#3244,#2209,.T.);
#4097=EDGE_CURVE('',#3244,#3244,#1007,.T.);
#4098=EDGE_CURVE('',#3245,#3245,#1008,.T.);
#4099=EDGE_CURVE('',#3235,#3246,#2210,.T.);
#4100=EDGE_CURVE('',#3246,#3246,#1009,.T.);
#4101=EDGE_CURVE('',#2846,#3247,#2211,.T.);
#4102=EDGE_CURVE('',#3247,#3247,#1010,.T.);
#4103=EDGE_CURVE('',#3236,#3248,#2212,.T.);
#4104=EDGE_CURVE('',#3248,#3248,#1011,.T.);
#4105=EDGE_CURVE('',#3239,#3120,#2213,.T.);
#4106=EDGE_CURVE('',#3241,#3122,#2214,.T.);
#4107=EDGE_CURVE('',#3243,#3121,#2215,.T.);
#4108=EDGE_CURVE('',#3245,#3119,#2216,.T.);
#4109=EDGE_CURVE('',#2963,#2779,#2217,.T.);
#4110=EDGE_CURVE('',#2962,#2780,#2218,.T.);
#4111=EDGE_CURVE('',#2961,#2781,#2219,.T.);
#4112=EDGE_CURVE('',#2960,#2782,#2220,.T.);
#4113=EDGE_CURVE('',#2959,#2783,#2221,.T.);
#4114=EDGE_CURVE('',#2958,#2784,#2222,.T.);
#4115=EDGE_CURVE('',#2957,#2785,#2223,.T.);
#4116=EDGE_CURVE('',#2956,#2786,#2224,.T.);
#4117=EDGE_CURVE('',#2955,#2787,#2225,.T.);
#4118=EDGE_CURVE('',#2954,#2788,#2226,.T.);
#4119=EDGE_CURVE('',#2953,#2789,#2227,.T.);
#4120=EDGE_CURVE('',#2952,#2790,#2228,.T.);
#4121=EDGE_CURVE('',#2951,#2791,#2229,.T.);
#4122=EDGE_CURVE('',#2950,#2792,#2230,.T.);
#4123=EDGE_CURVE('',#2949,#2793,#2231,.T.);
#4124=EDGE_CURVE('',#2948,#2794,#2232,.T.);
#4125=EDGE_CURVE('',#2947,#2795,#2233,.T.);
#4126=EDGE_CURVE('',#2946,#2796,#2234,.T.);
#4127=EDGE_CURVE('',#2945,#2797,#2235,.T.);
#4128=EDGE_CURVE('',#2944,#2798,#2236,.T.);
#4129=EDGE_CURVE('',#2943,#2799,#2237,.T.);
#4130=EDGE_CURVE('',#2942,#2800,#2238,.T.);
#4131=EDGE_CURVE('',#2941,#2801,#2239,.T.);
#4132=EDGE_CURVE('',#2940,#2802,#2240,.T.);
#4133=EDGE_CURVE('',#2939,#2803,#2241,.T.);
#4134=EDGE_CURVE('',#2938,#2804,#2242,.T.);
#4135=EDGE_CURVE('',#2937,#2805,#2243,.T.);
#4136=EDGE_CURVE('',#2936,#2806,#2244,.T.);
#4137=EDGE_CURVE('',#2935,#2807,#2245,.T.);
#4138=EDGE_CURVE('',#2934,#2808,#2246,.T.);
#4139=EDGE_CURVE('',#2933,#2809,#2247,.T.);
#4140=EDGE_CURVE('',#2932,#2810,#2248,.T.);
#4141=EDGE_CURVE('',#2931,#2811,#2249,.T.);
#4142=EDGE_CURVE('',#2930,#2812,#2250,.T.);
#4143=EDGE_CURVE('',#2929,#2813,#2251,.T.);
#4144=EDGE_CURVE('',#2974,#2735,#2252,.T.);
#4145=EDGE_CURVE('',#2975,#2736,#2253,.T.);
#4146=EDGE_CURVE('',#2976,#2737,#2254,.T.);
#4147=EDGE_CURVE('',#2977,#2738,#2255,.T.);
#4148=EDGE_CURVE('',#2978,#2739,#2256,.T.);
#4149=EDGE_CURVE('',#2979,#2740,#2257,.T.);
#4150=EDGE_CURVE('',#2980,#2741,#2258,.T.);
#4151=EDGE_CURVE('',#2981,#2742,#2259,.T.);
#4152=EDGE_CURVE('',#2982,#2743,#2260,.T.);
#4153=EDGE_CURVE('',#2983,#2744,#2261,.T.);
#4154=EDGE_CURVE('',#2984,#2745,#2262,.T.);
#4155=EDGE_CURVE('',#2985,#2746,#2263,.T.);
#4156=EDGE_CURVE('',#2986,#2747,#2264,.T.);
#4157=EDGE_CURVE('',#2987,#2748,#2265,.T.);
#4158=EDGE_CURVE('',#2988,#2749,#2266,.T.);
#4159=EDGE_CURVE('',#2989,#2750,#2267,.T.);
#4160=EDGE_CURVE('',#2990,#2751,#2268,.T.);
#4161=EDGE_CURVE('',#2991,#2752,#2269,.T.);
#4162=EDGE_CURVE('',#2992,#2753,#2270,.T.);
#4163=EDGE_CURVE('',#2993,#2754,#2271,.T.);
#4164=EDGE_CURVE('',#2994,#2755,#2272,.T.);
#4165=EDGE_CURVE('',#2995,#2756,#2273,.T.);
#4166=EDGE_CURVE('',#2996,#2757,#2274,.T.);
#4167=EDGE_CURVE('',#2997,#2758,#2275,.T.);
#4168=EDGE_CURVE('',#2998,#2759,#2276,.T.);
#4169=EDGE_CURVE('',#2999,#2760,#2277,.T.);
#4170=EDGE_CURVE('',#3000,#2761,#2278,.T.);
#4171=EDGE_CURVE('',#3001,#2762,#2279,.T.);
#4172=EDGE_CURVE('',#3002,#2763,#2280,.T.);
#4173=EDGE_CURVE('',#3003,#2764,#2281,.T.);
#4174=EDGE_CURVE('',#3004,#2765,#2282,.T.);
#4175=EDGE_CURVE('',#3005,#2766,#2283,.T.);
#4176=EDGE_CURVE('',#3006,#2767,#2284,.T.);
#4177=EDGE_CURVE('',#3007,#2768,#2285,.T.);
#4178=EDGE_CURVE('',#3008,#2769,#2286,.T.);
#4179=ORIENTED_EDGE('',*,*,#3249,.T.);
#4180=ORIENTED_EDGE('',*,*,#3250,.F.);
#4181=ORIENTED_EDGE('',*,*,#3251,.F.);
#4182=ORIENTED_EDGE('',*,*,#3252,.F.);
#4183=ORIENTED_EDGE('',*,*,#3253,.T.);
#4184=ORIENTED_EDGE('',*,*,#3254,.T.);
#4185=ORIENTED_EDGE('',*,*,#3255,.T.);
#4186=ORIENTED_EDGE('',*,*,#3250,.T.);
#4187=ORIENTED_EDGE('',*,*,#3256,.F.);
#4188=ORIENTED_EDGE('',*,*,#3257,.F.);
#4189=ORIENTED_EDGE('',*,*,#3258,.F.);
#4190=ORIENTED_EDGE('',*,*,#3259,.F.);
#4191=ORIENTED_EDGE('',*,*,#3260,.F.);
#4192=ORIENTED_EDGE('',*,*,#3261,.F.);
#4193=ORIENTED_EDGE('',*,*,#3262,.F.);
#4194=ORIENTED_EDGE('',*,*,#3253,.F.);
#4195=ORIENTED_EDGE('',*,*,#3249,.F.);
#4196=ORIENTED_EDGE('',*,*,#3263,.F.);
#4197=ORIENTED_EDGE('',*,*,#3264,.F.);
#4198=ORIENTED_EDGE('',*,*,#3265,.T.);
#4199=ORIENTED_EDGE('',*,*,#3266,.F.);
#4200=ORIENTED_EDGE('',*,*,#3267,.F.);
#4201=ORIENTED_EDGE('',*,*,#3268,.T.);
#4202=ORIENTED_EDGE('',*,*,#3269,.T.);
#4203=ORIENTED_EDGE('',*,*,#3270,.F.);
#4204=ORIENTED_EDGE('',*,*,#3265,.F.);
#4205=ORIENTED_EDGE('',*,*,#3271,.F.);
#4206=ORIENTED_EDGE('',*,*,#3269,.F.);
#4207=ORIENTED_EDGE('',*,*,#3272,.F.);
#4208=ORIENTED_EDGE('',*,*,#3273,.F.);
#4209=ORIENTED_EDGE('',*,*,#3274,.F.);
#4210=ORIENTED_EDGE('',*,*,#3275,.T.);
#4211=ORIENTED_EDGE('',*,*,#3276,.T.);
#4212=ORIENTED_EDGE('',*,*,#3259,.T.);
#4213=ORIENTED_EDGE('',*,*,#3277,.F.);
#4214=ORIENTED_EDGE('',*,*,#3275,.F.);
#4215=ORIENTED_EDGE('',*,*,#3274,.T.);
#4216=ORIENTED_EDGE('',*,*,#3278,.F.);
#4217=ORIENTED_EDGE('',*,*,#3260,.T.);
#4218=ORIENTED_EDGE('',*,*,#3279,.T.);
#4219=ORIENTED_EDGE('',*,*,#3280,.F.);
#4220=ORIENTED_EDGE('',*,*,#3281,.F.);
#4221=ORIENTED_EDGE('',*,*,#3282,.F.);
#4222=ORIENTED_EDGE('',*,*,#3283,.F.);
#4223=ORIENTED_EDGE('',*,*,#3284,.F.);
#4224=ORIENTED_EDGE('',*,*,#3285,.F.);
#4225=ORIENTED_EDGE('',*,*,#3286,.T.);
#4226=ORIENTED_EDGE('',*,*,#3287,.T.);
#4227=ORIENTED_EDGE('',*,*,#3273,.T.);
#4228=ORIENTED_EDGE('',*,*,#3288,.T.);
#4229=ORIENTED_EDGE('',*,*,#3263,.T.);
#4230=ORIENTED_EDGE('',*,*,#3252,.T.);
#4231=ORIENTED_EDGE('',*,*,#3289,.T.);
#4232=ORIENTED_EDGE('',*,*,#3290,.T.);
#4233=ORIENTED_EDGE('',*,*,#3261,.T.);
#4234=ORIENTED_EDGE('',*,*,#3278,.T.);
#4235=ORIENTED_EDGE('',*,*,#3267,.T.);
#4236=ORIENTED_EDGE('',*,*,#3291,.T.);
#4237=ORIENTED_EDGE('',*,*,#3292,.F.);
#4238=ORIENTED_EDGE('',*,*,#3293,.T.);
#4239=ORIENTED_EDGE('',*,*,#3262,.T.);
#4240=ORIENTED_EDGE('',*,*,#3290,.F.);
#4241=ORIENTED_EDGE('',*,*,#3294,.T.);
#4242=ORIENTED_EDGE('',*,*,#3254,.F.);
#4243=ORIENTED_EDGE('',*,*,#3289,.F.);
#4244=ORIENTED_EDGE('',*,*,#3251,.T.);
#4245=ORIENTED_EDGE('',*,*,#3255,.F.);
#4246=ORIENTED_EDGE('',*,*,#3294,.F.);
#4247=ORIENTED_EDGE('',*,*,#3295,.F.);
#4248=ORIENTED_EDGE('',*,*,#3296,.F.);
#4249=ORIENTED_EDGE('',*,*,#3297,.T.);
#4250=ORIENTED_EDGE('',*,*,#3298,.F.);
#4251=ORIENTED_EDGE('',*,*,#3299,.F.);
#4252=ORIENTED_EDGE('',*,*,#3300,.F.);
#4253=ORIENTED_EDGE('',*,*,#3301,.F.);
#4254=ORIENTED_EDGE('',*,*,#3302,.F.);
#4255=ORIENTED_EDGE('',*,*,#3297,.F.);
#4256=ORIENTED_EDGE('',*,*,#3303,.F.);
#4257=ORIENTED_EDGE('',*,*,#3304,.F.);
#4258=ORIENTED_EDGE('',*,*,#3300,.T.);
#4259=ORIENTED_EDGE('',*,*,#3305,.T.);
#4260=ORIENTED_EDGE('',*,*,#3306,.T.);
#4261=ORIENTED_EDGE('',*,*,#3307,.F.);
#4262=ORIENTED_EDGE('',*,*,#3299,.T.);
#4263=ORIENTED_EDGE('',*,*,#3308,.F.);
#4264=ORIENTED_EDGE('',*,*,#3309,.T.);
#4265=ORIENTED_EDGE('',*,*,#3310,.F.);
#4266=ORIENTED_EDGE('',*,*,#3311,.F.);
#4267=ORIENTED_EDGE('',*,*,#3312,.F.);
#4268=ORIENTED_EDGE('',*,*,#3313,.T.);
#4269=ORIENTED_EDGE('',*,*,#3314,.F.);
#4270=ORIENTED_EDGE('',*,*,#3315,.F.);
#4271=ORIENTED_EDGE('',*,*,#3305,.F.);
#4272=ORIENTED_EDGE('',*,*,#3316,.F.);
#4273=ORIENTED_EDGE('',*,*,#3317,.F.);
#4274=ORIENTED_EDGE('',*,*,#3318,.F.);
#4275=ORIENTED_EDGE('',*,*,#3319,.F.);
#4276=ORIENTED_EDGE('',*,*,#3313,.F.);
#4277=ORIENTED_EDGE('',*,*,#3320,.F.);
#4278=ORIENTED_EDGE('',*,*,#3321,.F.);
#4279=ORIENTED_EDGE('',*,*,#3322,.F.);
#4280=ORIENTED_EDGE('',*,*,#3323,.F.);
#4281=ORIENTED_EDGE('',*,*,#3324,.F.);
#4282=ORIENTED_EDGE('',*,*,#3325,.F.);
#4283=ORIENTED_EDGE('',*,*,#3326,.F.);
#4284=ORIENTED_EDGE('',*,*,#3327,.F.);
#4285=ORIENTED_EDGE('',*,*,#3328,.F.);
#4286=ORIENTED_EDGE('',*,*,#3317,.T.);
#4287=ORIENTED_EDGE('',*,*,#3329,.F.);
#4288=ORIENTED_EDGE('',*,*,#3330,.F.);
#4289=ORIENTED_EDGE('',*,*,#3331,.F.);
#4290=ORIENTED_EDGE('',*,*,#3332,.F.);
#4291=ORIENTED_EDGE('',*,*,#3333,.F.);
#4292=ORIENTED_EDGE('',*,*,#3334,.F.);
#4293=ORIENTED_EDGE('',*,*,#3335,.F.);
#4294=ORIENTED_EDGE('',*,*,#3336,.F.);
#4295=ORIENTED_EDGE('',*,*,#3337,.F.);
#4296=ORIENTED_EDGE('',*,*,#3338,.F.);
#4297=ORIENTED_EDGE('',*,*,#3339,.F.);
#4298=ORIENTED_EDGE('',*,*,#3340,.F.);
#4299=ORIENTED_EDGE('',*,*,#3341,.F.);
#4300=ORIENTED_EDGE('',*,*,#3342,.F.);
#4301=ORIENTED_EDGE('',*,*,#3343,.F.);
#4302=ORIENTED_EDGE('',*,*,#3344,.F.);
#4303=ORIENTED_EDGE('',*,*,#3345,.F.);
#4304=ORIENTED_EDGE('',*,*,#3346,.F.);
#4305=ORIENTED_EDGE('',*,*,#3347,.F.);
#4306=ORIENTED_EDGE('',*,*,#3348,.F.);
#4307=ORIENTED_EDGE('',*,*,#3349,.F.);
#4308=ORIENTED_EDGE('',*,*,#3350,.F.);
#4309=ORIENTED_EDGE('',*,*,#3351,.F.);
#4310=ORIENTED_EDGE('',*,*,#3352,.F.);
#4311=ORIENTED_EDGE('',*,*,#3353,.F.);
#4312=ORIENTED_EDGE('',*,*,#3354,.F.);
#4313=ORIENTED_EDGE('',*,*,#3355,.F.);
#4314=ORIENTED_EDGE('',*,*,#3356,.F.);
#4315=ORIENTED_EDGE('',*,*,#3357,.F.);
#4316=ORIENTED_EDGE('',*,*,#3358,.F.);
#4317=ORIENTED_EDGE('',*,*,#3359,.F.);
#4318=ORIENTED_EDGE('',*,*,#3360,.F.);
#4319=ORIENTED_EDGE('',*,*,#3361,.F.);
#4320=ORIENTED_EDGE('',*,*,#3362,.F.);
#4321=ORIENTED_EDGE('',*,*,#3363,.F.);
#4322=ORIENTED_EDGE('',*,*,#3364,.F.);
#4323=ORIENTED_EDGE('',*,*,#3365,.F.);
#4324=ORIENTED_EDGE('',*,*,#3366,.F.);
#4325=ORIENTED_EDGE('',*,*,#3367,.F.);
#4326=ORIENTED_EDGE('',*,*,#3298,.T.);
#4327=ORIENTED_EDGE('',*,*,#3302,.T.);
#4328=ORIENTED_EDGE('',*,*,#3368,.F.);
#4329=ORIENTED_EDGE('',*,*,#3369,.F.);
#4330=ORIENTED_EDGE('',*,*,#3370,.F.);
#4331=ORIENTED_EDGE('',*,*,#3371,.F.);
#4332=ORIENTED_EDGE('',*,*,#3372,.F.);
#4333=ORIENTED_EDGE('',*,*,#3373,.F.);
#4334=ORIENTED_EDGE('',*,*,#3374,.F.);
#4335=ORIENTED_EDGE('',*,*,#3375,.F.);
#4336=ORIENTED_EDGE('',*,*,#3376,.F.);
#4337=ORIENTED_EDGE('',*,*,#3377,.F.);
#4338=ORIENTED_EDGE('',*,*,#3378,.F.);
#4339=ORIENTED_EDGE('',*,*,#3379,.F.);
#4340=ORIENTED_EDGE('',*,*,#3380,.F.);
#4341=ORIENTED_EDGE('',*,*,#3381,.F.);
#4342=ORIENTED_EDGE('',*,*,#3382,.F.);
#4343=ORIENTED_EDGE('',*,*,#3383,.F.);
#4344=ORIENTED_EDGE('',*,*,#3384,.F.);
#4345=ORIENTED_EDGE('',*,*,#3385,.F.);
#4346=ORIENTED_EDGE('',*,*,#3386,.F.);
#4347=ORIENTED_EDGE('',*,*,#3387,.F.);
#4348=ORIENTED_EDGE('',*,*,#3388,.F.);
#4349=ORIENTED_EDGE('',*,*,#3389,.F.);
#4350=ORIENTED_EDGE('',*,*,#3390,.F.);
#4351=ORIENTED_EDGE('',*,*,#3391,.F.);
#4352=ORIENTED_EDGE('',*,*,#3392,.F.);
#4353=ORIENTED_EDGE('',*,*,#3393,.F.);
#4354=ORIENTED_EDGE('',*,*,#3394,.F.);
#4355=ORIENTED_EDGE('',*,*,#3395,.F.);
#4356=ORIENTED_EDGE('',*,*,#3396,.F.);
#4357=ORIENTED_EDGE('',*,*,#3397,.F.);
#4358=ORIENTED_EDGE('',*,*,#3398,.F.);
#4359=ORIENTED_EDGE('',*,*,#3399,.F.);
#4360=ORIENTED_EDGE('',*,*,#3400,.F.);
#4361=ORIENTED_EDGE('',*,*,#3401,.F.);
#4362=ORIENTED_EDGE('',*,*,#3402,.F.);
#4363=ORIENTED_EDGE('',*,*,#3403,.F.);
#4364=ORIENTED_EDGE('',*,*,#3404,.F.);
#4365=ORIENTED_EDGE('',*,*,#3405,.F.);
#4366=ORIENTED_EDGE('',*,*,#3406,.F.);
#4367=ORIENTED_EDGE('',*,*,#3407,.F.);
#4368=ORIENTED_EDGE('',*,*,#3408,.F.);
#4369=ORIENTED_EDGE('',*,*,#3409,.F.);
#4370=ORIENTED_EDGE('',*,*,#3410,.F.);
#4371=ORIENTED_EDGE('',*,*,#3324,.T.);
#4372=ORIENTED_EDGE('',*,*,#3411,.T.);
#4373=ORIENTED_EDGE('',*,*,#3372,.T.);
#4374=ORIENTED_EDGE('',*,*,#3258,.T.);
#4375=ORIENTED_EDGE('',*,*,#3412,.F.);
#4376=ORIENTED_EDGE('',*,*,#3413,.F.);
#4377=ORIENTED_EDGE('',*,*,#3373,.T.);
#4378=ORIENTED_EDGE('',*,*,#3411,.F.);
#4379=ORIENTED_EDGE('',*,*,#3323,.T.);
#4380=ORIENTED_EDGE('',*,*,#3414,.F.);
#4381=ORIENTED_EDGE('',*,*,#3291,.F.);
#4382=ORIENTED_EDGE('',*,*,#3266,.T.);
#4383=ORIENTED_EDGE('',*,*,#3270,.T.);
#4384=ORIENTED_EDGE('',*,*,#3271,.T.);
#4385=ORIENTED_EDGE('',*,*,#3277,.T.);
#4386=ORIENTED_EDGE('',*,*,#3415,.F.);
#4387=ORIENTED_EDGE('',*,*,#3416,.F.);
#4388=ORIENTED_EDGE('',*,*,#3417,.F.);
#4389=ORIENTED_EDGE('',*,*,#3418,.F.);
#4390=ORIENTED_EDGE('',*,*,#3419,.F.);
#4391=ORIENTED_EDGE('',*,*,#3420,.T.);
#4392=ORIENTED_EDGE('',*,*,#3326,.T.);
#4393=ORIENTED_EDGE('',*,*,#3421,.F.);
#4394=ORIENTED_EDGE('',*,*,#3422,.F.);
#4395=ORIENTED_EDGE('',*,*,#3423,.F.);
#4396=ORIENTED_EDGE('',*,*,#3424,.F.);
#4397=ORIENTED_EDGE('',*,*,#3414,.T.);
#4398=ORIENTED_EDGE('',*,*,#3322,.T.);
#4399=ORIENTED_EDGE('',*,*,#3316,.T.);
#4400=ORIENTED_EDGE('',*,*,#3425,.F.);
#4401=ORIENTED_EDGE('',*,*,#3426,.F.);
#4402=ORIENTED_EDGE('',*,*,#3427,.F.);
#4403=ORIENTED_EDGE('',*,*,#3428,.T.);
#4404=ORIENTED_EDGE('',*,*,#3370,.T.);
#4405=ORIENTED_EDGE('',*,*,#3429,.F.);
#4406=ORIENTED_EDGE('',*,*,#3430,.F.);
#4407=ORIENTED_EDGE('',*,*,#3431,.T.);
#4408=ORIENTED_EDGE('',*,*,#3365,.T.);
#4409=ORIENTED_EDGE('',*,*,#3413,.T.);
#4410=ORIENTED_EDGE('',*,*,#3432,.F.);
#4411=ORIENTED_EDGE('',*,*,#3433,.F.);
#4412=ORIENTED_EDGE('',*,*,#3434,.F.);
#4413=ORIENTED_EDGE('',*,*,#3435,.F.);
#4414=ORIENTED_EDGE('',*,*,#3436,.F.);
#4415=ORIENTED_EDGE('',*,*,#3437,.F.);
#4416=ORIENTED_EDGE('',*,*,#3438,.F.);
#4417=ORIENTED_EDGE('',*,*,#3437,.T.);
#4418=ORIENTED_EDGE('',*,*,#3439,.F.);
#4419=ORIENTED_EDGE('',*,*,#3440,.F.);
#4420=ORIENTED_EDGE('',*,*,#3441,.F.);
#4421=ORIENTED_EDGE('',*,*,#3439,.T.);
#4422=ORIENTED_EDGE('',*,*,#3436,.T.);
#4423=ORIENTED_EDGE('',*,*,#3442,.F.);
#4424=ORIENTED_EDGE('',*,*,#3443,.F.);
#4425=ORIENTED_EDGE('',*,*,#3444,.F.);
#4426=ORIENTED_EDGE('',*,*,#3442,.T.);
#4427=ORIENTED_EDGE('',*,*,#3435,.T.);
#4428=ORIENTED_EDGE('',*,*,#3443,.T.);
#4429=ORIENTED_EDGE('',*,*,#3434,.T.);
#4430=ORIENTED_EDGE('',*,*,#3438,.T.);
#4431=ORIENTED_EDGE('',*,*,#3445,.T.);
#4432=ORIENTED_EDGE('',*,*,#3446,.T.);
#4433=ORIENTED_EDGE('',*,*,#3447,.T.);
#4434=ORIENTED_EDGE('',*,*,#3448,.T.);
#4435=ORIENTED_EDGE('',*,*,#3449,.T.);
#4436=ORIENTED_EDGE('',*,*,#3450,.T.);
#4437=ORIENTED_EDGE('',*,*,#3451,.F.);
#4438=ORIENTED_EDGE('',*,*,#3452,.T.);
#4439=ORIENTED_EDGE('',*,*,#3453,.T.);
#4440=ORIENTED_EDGE('',*,*,#3454,.T.);
#4441=ORIENTED_EDGE('',*,*,#3455,.T.);
#4442=ORIENTED_EDGE('',*,*,#3456,.F.);
#4443=ORIENTED_EDGE('',*,*,#3457,.T.);
#4444=ORIENTED_EDGE('',*,*,#3458,.T.);
#4445=ORIENTED_EDGE('',*,*,#3459,.F.);
#4446=ORIENTED_EDGE('',*,*,#3460,.F.);
#4447=ORIENTED_EDGE('',*,*,#3461,.T.);
#4448=ORIENTED_EDGE('',*,*,#3457,.F.);
#4449=ORIENTED_EDGE('',*,*,#3462,.F.);
#4450=ORIENTED_EDGE('',*,*,#3463,.F.);
#4451=ORIENTED_EDGE('',*,*,#3464,.F.);
#4452=ORIENTED_EDGE('',*,*,#3459,.T.);
#4453=ORIENTED_EDGE('',*,*,#3465,.T.);
#4454=ORIENTED_EDGE('',*,*,#3466,.F.);
#4455=ORIENTED_EDGE('',*,*,#3465,.F.);
#4456=ORIENTED_EDGE('',*,*,#3458,.F.);
#4457=ORIENTED_EDGE('',*,*,#3461,.F.);
#4458=ORIENTED_EDGE('',*,*,#3462,.T.);
#4459=ORIENTED_EDGE('',*,*,#3456,.T.);
#4460=ORIENTED_EDGE('',*,*,#3464,.T.);
#4461=ORIENTED_EDGE('',*,*,#3467,.F.);
#4462=ORIENTED_EDGE('',*,*,#3468,.T.);
#4463=ORIENTED_EDGE('',*,*,#3469,.T.);
#4464=ORIENTED_EDGE('',*,*,#3470,.F.);
#4465=ORIENTED_EDGE('',*,*,#3471,.F.);
#4466=ORIENTED_EDGE('',*,*,#3472,.F.);
#4467=ORIENTED_EDGE('',*,*,#3473,.F.);
#4468=ORIENTED_EDGE('',*,*,#3474,.F.);
#4469=ORIENTED_EDGE('',*,*,#3475,.T.);
#4470=ORIENTED_EDGE('',*,*,#3476,.T.);
#4471=ORIENTED_EDGE('',*,*,#3477,.F.);
#4472=ORIENTED_EDGE('',*,*,#3478,.T.);
#4473=ORIENTED_EDGE('',*,*,#3479,.T.);
#4474=ORIENTED_EDGE('',*,*,#3480,.T.);
#4475=ORIENTED_EDGE('',*,*,#3286,.F.);
#4476=ORIENTED_EDGE('',*,*,#3481,.T.);
#4477=ORIENTED_EDGE('',*,*,#3482,.T.);
#4478=ORIENTED_EDGE('',*,*,#3481,.F.);
#4479=ORIENTED_EDGE('',*,*,#3482,.F.);
#4480=ORIENTED_EDGE('',*,*,#3483,.F.);
#4481=ORIENTED_EDGE('',*,*,#3287,.F.);
#4482=ORIENTED_EDGE('',*,*,#3484,.T.);
#4483=ORIENTED_EDGE('',*,*,#3485,.T.);
#4484=ORIENTED_EDGE('',*,*,#3484,.F.);
#4485=ORIENTED_EDGE('',*,*,#3485,.F.);
#4486=ORIENTED_EDGE('',*,*,#3486,.F.);
#4487=ORIENTED_EDGE('',*,*,#3483,.T.);
#4488=ORIENTED_EDGE('',*,*,#3487,.T.);
#4489=ORIENTED_EDGE('',*,*,#3415,.T.);
#4490=ORIENTED_EDGE('',*,*,#3487,.F.);
#4491=ORIENTED_EDGE('',*,*,#3486,.T.);
#4492=ORIENTED_EDGE('',*,*,#3488,.T.);
#4493=ORIENTED_EDGE('',*,*,#3416,.T.);
#4494=ORIENTED_EDGE('',*,*,#3488,.F.);
#4495=ORIENTED_EDGE('',*,*,#3489,.F.);
#4496=ORIENTED_EDGE('',*,*,#3490,.T.);
#4497=ORIENTED_EDGE('',*,*,#3491,.T.);
#4498=ORIENTED_EDGE('',*,*,#3492,.F.);
#4499=ORIENTED_EDGE('',*,*,#3493,.T.);
#4500=ORIENTED_EDGE('',*,*,#3494,.T.);
#4501=ORIENTED_EDGE('',*,*,#3493,.F.);
#4502=ORIENTED_EDGE('',*,*,#3495,.F.);
#4503=ORIENTED_EDGE('',*,*,#3496,.T.);
#4504=ORIENTED_EDGE('',*,*,#3497,.F.);
#4505=ORIENTED_EDGE('',*,*,#3498,.T.);
#4506=ORIENTED_EDGE('',*,*,#3491,.F.);
#4507=ORIENTED_EDGE('',*,*,#3499,.T.);
#4508=ORIENTED_EDGE('',*,*,#3500,.F.);
#4509=ORIENTED_EDGE('',*,*,#3501,.T.);
#4510=ORIENTED_EDGE('',*,*,#3502,.T.);
#4511=ORIENTED_EDGE('',*,*,#3503,.T.);
#4512=ORIENTED_EDGE('',*,*,#3504,.T.);
#4513=ORIENTED_EDGE('',*,*,#3501,.F.);
#4514=ORIENTED_EDGE('',*,*,#3505,.T.);
#4515=ORIENTED_EDGE('',*,*,#3506,.T.);
#4516=ORIENTED_EDGE('',*,*,#3425,.T.);
#4517=ORIENTED_EDGE('',*,*,#3507,.T.);
#4518=ORIENTED_EDGE('',*,*,#3503,.F.);
#4519=ORIENTED_EDGE('',*,*,#3508,.T.);
#4520=ORIENTED_EDGE('',*,*,#3509,.T.);
#4521=ORIENTED_EDGE('',*,*,#3426,.T.);
#4522=ORIENTED_EDGE('',*,*,#3506,.F.);
#4523=ORIENTED_EDGE('',*,*,#3510,.T.);
#4524=ORIENTED_EDGE('',*,*,#3511,.T.);
#4525=ORIENTED_EDGE('',*,*,#3422,.T.);
#4526=ORIENTED_EDGE('',*,*,#3509,.F.);
#4527=ORIENTED_EDGE('',*,*,#3423,.T.);
#4528=ORIENTED_EDGE('',*,*,#3511,.F.);
#4529=ORIENTED_EDGE('',*,*,#3512,.T.);
#4530=ORIENTED_EDGE('',*,*,#3513,.T.);
#4531=ORIENTED_EDGE('',*,*,#3292,.T.);
#4532=ORIENTED_EDGE('',*,*,#3424,.T.);
#4533=ORIENTED_EDGE('',*,*,#3513,.F.);
#4534=ORIENTED_EDGE('',*,*,#3514,.T.);
#4535=ORIENTED_EDGE('',*,*,#3515,.T.);
#4536=ORIENTED_EDGE('',*,*,#3516,.T.);
#4537=ORIENTED_EDGE('',*,*,#3515,.F.);
#4538=ORIENTED_EDGE('',*,*,#3517,.T.);
#4539=ORIENTED_EDGE('',*,*,#3518,.T.);
#4540=ORIENTED_EDGE('',*,*,#3432,.T.);
#4541=ORIENTED_EDGE('',*,*,#3519,.T.);
#4542=ORIENTED_EDGE('',*,*,#3518,.F.);
#4543=ORIENTED_EDGE('',*,*,#3520,.T.);
#4544=ORIENTED_EDGE('',*,*,#3521,.T.);
#4545=ORIENTED_EDGE('',*,*,#3433,.T.);
#4546=ORIENTED_EDGE('',*,*,#3521,.F.);
#4547=ORIENTED_EDGE('',*,*,#3522,.T.);
#4548=ORIENTED_EDGE('',*,*,#3523,.T.);
#4549=ORIENTED_EDGE('',*,*,#3430,.T.);
#4550=ORIENTED_EDGE('',*,*,#3523,.F.);
#4551=ORIENTED_EDGE('',*,*,#3524,.T.);
#4552=ORIENTED_EDGE('',*,*,#3525,.T.);
#4553=ORIENTED_EDGE('',*,*,#3526,.T.);
#4554=ORIENTED_EDGE('',*,*,#3525,.F.);
#4555=ORIENTED_EDGE('',*,*,#3527,.T.);
#4556=ORIENTED_EDGE('',*,*,#3528,.T.);
#4557=ORIENTED_EDGE('',*,*,#3529,.T.);
#4558=ORIENTED_EDGE('',*,*,#3530,.T.);
#4559=ORIENTED_EDGE('',*,*,#3531,.T.);
#4560=ORIENTED_EDGE('',*,*,#3528,.F.);
#4561=ORIENTED_EDGE('',*,*,#3532,.T.);
#4562=ORIENTED_EDGE('',*,*,#3533,.T.);
#4563=ORIENTED_EDGE('',*,*,#3534,.T.);
#4564=ORIENTED_EDGE('',*,*,#3530,.F.);
#4565=ORIENTED_EDGE('',*,*,#3535,.F.);
#4566=ORIENTED_EDGE('',*,*,#3536,.T.);
#4567=ORIENTED_EDGE('',*,*,#3489,.T.);
#4568=ORIENTED_EDGE('',*,*,#3537,.T.);
#4569=ORIENTED_EDGE('',*,*,#3533,.F.);
#4570=ORIENTED_EDGE('',*,*,#3498,.F.);
#4571=ORIENTED_EDGE('',*,*,#3538,.F.);
#4572=ORIENTED_EDGE('',*,*,#3539,.T.);
#4573=ORIENTED_EDGE('',*,*,#3495,.T.);
#4574=ORIENTED_EDGE('',*,*,#3492,.T.);
#4575=ORIENTED_EDGE('',*,*,#3504,.F.);
#4576=ORIENTED_EDGE('',*,*,#3540,.T.);
#4577=ORIENTED_EDGE('',*,*,#3541,.T.);
#4578=ORIENTED_EDGE('',*,*,#3542,.T.);
#4579=ORIENTED_EDGE('',*,*,#3538,.T.);
#4580=ORIENTED_EDGE('',*,*,#3320,.T.);
#4581=ORIENTED_EDGE('',*,*,#3312,.T.);
#4582=ORIENTED_EDGE('',*,*,#3543,.F.);
#4583=ORIENTED_EDGE('',*,*,#3540,.F.);
#4584=ORIENTED_EDGE('',*,*,#3507,.F.);
#4585=ORIENTED_EDGE('',*,*,#3256,.T.);
#4586=ORIENTED_EDGE('',*,*,#3293,.F.);
#4587=ORIENTED_EDGE('',*,*,#3516,.F.);
#4588=ORIENTED_EDGE('',*,*,#3544,.T.);
#4589=ORIENTED_EDGE('',*,*,#3257,.T.);
#4590=ORIENTED_EDGE('',*,*,#3544,.F.);
#4591=ORIENTED_EDGE('',*,*,#3519,.F.);
#4592=ORIENTED_EDGE('',*,*,#3412,.T.);
#4593=ORIENTED_EDGE('',*,*,#3526,.F.);
#4594=ORIENTED_EDGE('',*,*,#3545,.F.);
#4595=ORIENTED_EDGE('',*,*,#3546,.F.);
#4596=ORIENTED_EDGE('',*,*,#3366,.T.);
#4597=ORIENTED_EDGE('',*,*,#3431,.F.);
#4598=ORIENTED_EDGE('',*,*,#3531,.F.);
#4599=ORIENTED_EDGE('',*,*,#3547,.F.);
#4600=ORIENTED_EDGE('',*,*,#3548,.F.);
#4601=ORIENTED_EDGE('',*,*,#3545,.T.);
#4602=ORIENTED_EDGE('',*,*,#3534,.F.);
#4603=ORIENTED_EDGE('',*,*,#3549,.T.);
#4604=ORIENTED_EDGE('',*,*,#3550,.T.);
#4605=ORIENTED_EDGE('',*,*,#3551,.T.);
#4606=ORIENTED_EDGE('',*,*,#3552,.F.);
#4607=ORIENTED_EDGE('',*,*,#3553,.F.);
#4608=ORIENTED_EDGE('',*,*,#3547,.T.);
#4609=ORIENTED_EDGE('',*,*,#3537,.F.);
#4610=ORIENTED_EDGE('',*,*,#3494,.F.);
#4611=ORIENTED_EDGE('',*,*,#3497,.T.);
#4612=ORIENTED_EDGE('',*,*,#3554,.T.);
#4613=ORIENTED_EDGE('',*,*,#3549,.F.);
#4614=ORIENTED_EDGE('',*,*,#3555,.T.);
#4615=ORIENTED_EDGE('',*,*,#3556,.T.);
#4616=ORIENTED_EDGE('',*,*,#3557,.T.);
#4617=ORIENTED_EDGE('',*,*,#3558,.T.);
#4618=ORIENTED_EDGE('',*,*,#3282,.T.);
#4619=ORIENTED_EDGE('',*,*,#3555,.F.);
#4620=ORIENTED_EDGE('',*,*,#3559,.T.);
#4621=ORIENTED_EDGE('',*,*,#3560,.T.);
#4622=ORIENTED_EDGE('',*,*,#3283,.T.);
#4623=ORIENTED_EDGE('',*,*,#3558,.F.);
#4624=ORIENTED_EDGE('',*,*,#3561,.F.);
#4625=ORIENTED_EDGE('',*,*,#3560,.F.);
#4626=ORIENTED_EDGE('',*,*,#3562,.F.);
#4627=ORIENTED_EDGE('',*,*,#3563,.T.);
#4628=ORIENTED_EDGE('',*,*,#3284,.T.);
#4629=ORIENTED_EDGE('',*,*,#3564,.T.);
#4630=ORIENTED_EDGE('',*,*,#3285,.T.);
#4631=ORIENTED_EDGE('',*,*,#3563,.F.);
#4632=ORIENTED_EDGE('',*,*,#3565,.F.);
#4633=ORIENTED_EDGE('',*,*,#3564,.F.);
#4634=ORIENTED_EDGE('',*,*,#3566,.T.);
#4635=ORIENTED_EDGE('',*,*,#3567,.T.);
#4636=ORIENTED_EDGE('',*,*,#3280,.T.);
#4637=ORIENTED_EDGE('',*,*,#3567,.F.);
#4638=ORIENTED_EDGE('',*,*,#3568,.T.);
#4639=ORIENTED_EDGE('',*,*,#3569,.T.);
#4640=ORIENTED_EDGE('',*,*,#3568,.F.);
#4641=ORIENTED_EDGE('',*,*,#3570,.T.);
#4642=ORIENTED_EDGE('',*,*,#3571,.F.);
#4643=ORIENTED_EDGE('',*,*,#3572,.T.);
#4644=ORIENTED_EDGE('',*,*,#3566,.F.);
#4645=ORIENTED_EDGE('',*,*,#3573,.F.);
#4646=ORIENTED_EDGE('',*,*,#3574,.F.);
#4647=ORIENTED_EDGE('',*,*,#3575,.F.);
#4648=ORIENTED_EDGE('',*,*,#3576,.F.);
#4649=ORIENTED_EDGE('',*,*,#3577,.F.);
#4650=ORIENTED_EDGE('',*,*,#3578,.F.);
#4651=ORIENTED_EDGE('',*,*,#3579,.F.);
#4652=ORIENTED_EDGE('',*,*,#3580,.F.);
#4653=ORIENTED_EDGE('',*,*,#3570,.F.);
#4654=ORIENTED_EDGE('',*,*,#3581,.T.);
#4655=ORIENTED_EDGE('',*,*,#3582,.T.);
#4656=ORIENTED_EDGE('',*,*,#3583,.T.);
#4657=ORIENTED_EDGE('',*,*,#3584,.T.);
#4658=ORIENTED_EDGE('',*,*,#3585,.T.);
#4659=ORIENTED_EDGE('',*,*,#3586,.T.);
#4660=ORIENTED_EDGE('',*,*,#3587,.T.);
#4661=ORIENTED_EDGE('',*,*,#3588,.T.);
#4662=ORIENTED_EDGE('',*,*,#3589,.T.);
#4663=ORIENTED_EDGE('',*,*,#3590,.T.);
#4664=ORIENTED_EDGE('',*,*,#3591,.T.);
#4665=ORIENTED_EDGE('',*,*,#3592,.T.);
#4666=ORIENTED_EDGE('',*,*,#3593,.T.);
#4667=ORIENTED_EDGE('',*,*,#3594,.T.);
#4668=ORIENTED_EDGE('',*,*,#3595,.T.);
#4669=ORIENTED_EDGE('',*,*,#3596,.T.);
#4670=ORIENTED_EDGE('',*,*,#3597,.T.);
#4671=ORIENTED_EDGE('',*,*,#3598,.T.);
#4672=ORIENTED_EDGE('',*,*,#3599,.T.);
#4673=ORIENTED_EDGE('',*,*,#3600,.T.);
#4674=ORIENTED_EDGE('',*,*,#3601,.T.);
#4675=ORIENTED_EDGE('',*,*,#3602,.T.);
#4676=ORIENTED_EDGE('',*,*,#3603,.T.);
#4677=ORIENTED_EDGE('',*,*,#3604,.T.);
#4678=ORIENTED_EDGE('',*,*,#3605,.T.);
#4679=ORIENTED_EDGE('',*,*,#3606,.T.);
#4680=ORIENTED_EDGE('',*,*,#3607,.T.);
#4681=ORIENTED_EDGE('',*,*,#3608,.T.);
#4682=ORIENTED_EDGE('',*,*,#3609,.T.);
#4683=ORIENTED_EDGE('',*,*,#3610,.T.);
#4684=ORIENTED_EDGE('',*,*,#3611,.T.);
#4685=ORIENTED_EDGE('',*,*,#3612,.T.);
#4686=ORIENTED_EDGE('',*,*,#3613,.T.);
#4687=ORIENTED_EDGE('',*,*,#3614,.T.);
#4688=ORIENTED_EDGE('',*,*,#3615,.T.);
#4689=ORIENTED_EDGE('',*,*,#3616,.T.);
#4690=ORIENTED_EDGE('',*,*,#3559,.F.);
#4691=ORIENTED_EDGE('',*,*,#3617,.F.);
#4692=ORIENTED_EDGE('',*,*,#3618,.F.);
#4693=ORIENTED_EDGE('',*,*,#3619,.F.);
#4694=ORIENTED_EDGE('',*,*,#3620,.F.);
#4695=ORIENTED_EDGE('',*,*,#3621,.F.);
#4696=ORIENTED_EDGE('',*,*,#3622,.F.);
#4697=ORIENTED_EDGE('',*,*,#3623,.F.);
#4698=ORIENTED_EDGE('',*,*,#3624,.F.);
#4699=ORIENTED_EDGE('',*,*,#3625,.F.);
#4700=ORIENTED_EDGE('',*,*,#3626,.T.);
#4701=ORIENTED_EDGE('',*,*,#3627,.T.);
#4702=ORIENTED_EDGE('',*,*,#3628,.T.);
#4703=ORIENTED_EDGE('',*,*,#3629,.T.);
#4704=ORIENTED_EDGE('',*,*,#3630,.T.);
#4705=ORIENTED_EDGE('',*,*,#3631,.T.);
#4706=ORIENTED_EDGE('',*,*,#3632,.T.);
#4707=ORIENTED_EDGE('',*,*,#3633,.T.);
#4708=ORIENTED_EDGE('',*,*,#3634,.T.);
#4709=ORIENTED_EDGE('',*,*,#3635,.T.);
#4710=ORIENTED_EDGE('',*,*,#3636,.T.);
#4711=ORIENTED_EDGE('',*,*,#3637,.T.);
#4712=ORIENTED_EDGE('',*,*,#3638,.T.);
#4713=ORIENTED_EDGE('',*,*,#3639,.T.);
#4714=ORIENTED_EDGE('',*,*,#3640,.T.);
#4715=ORIENTED_EDGE('',*,*,#3641,.T.);
#4716=ORIENTED_EDGE('',*,*,#3642,.T.);
#4717=ORIENTED_EDGE('',*,*,#3643,.T.);
#4718=ORIENTED_EDGE('',*,*,#3644,.T.);
#4719=ORIENTED_EDGE('',*,*,#3645,.T.);
#4720=ORIENTED_EDGE('',*,*,#3646,.T.);
#4721=ORIENTED_EDGE('',*,*,#3647,.T.);
#4722=ORIENTED_EDGE('',*,*,#3648,.T.);
#4723=ORIENTED_EDGE('',*,*,#3649,.T.);
#4724=ORIENTED_EDGE('',*,*,#3650,.T.);
#4725=ORIENTED_EDGE('',*,*,#3651,.T.);
#4726=ORIENTED_EDGE('',*,*,#3652,.T.);
#4727=ORIENTED_EDGE('',*,*,#3653,.T.);
#4728=ORIENTED_EDGE('',*,*,#3654,.T.);
#4729=ORIENTED_EDGE('',*,*,#3655,.T.);
#4730=ORIENTED_EDGE('',*,*,#3656,.T.);
#4731=ORIENTED_EDGE('',*,*,#3657,.T.);
#4732=ORIENTED_EDGE('',*,*,#3658,.T.);
#4733=ORIENTED_EDGE('',*,*,#3659,.T.);
#4734=ORIENTED_EDGE('',*,*,#3660,.T.);
#4735=ORIENTED_EDGE('',*,*,#3661,.T.);
#4736=ORIENTED_EDGE('',*,*,#3557,.F.);
#4737=ORIENTED_EDGE('',*,*,#3662,.T.);
#4738=ORIENTED_EDGE('',*,*,#3663,.F.);
#4739=ORIENTED_EDGE('',*,*,#3617,.T.);
#4740=ORIENTED_EDGE('',*,*,#3664,.T.);
#4741=ORIENTED_EDGE('',*,*,#3665,.T.);
#4742=ORIENTED_EDGE('',*,*,#3666,.T.);
#4743=ORIENTED_EDGE('',*,*,#3667,.T.);
#4744=ORIENTED_EDGE('',*,*,#3575,.T.);
#4745=ORIENTED_EDGE('',*,*,#3664,.F.);
#4746=ORIENTED_EDGE('',*,*,#3668,.T.);
#4747=ORIENTED_EDGE('',*,*,#3669,.T.);
#4748=ORIENTED_EDGE('',*,*,#3577,.T.);
#4749=ORIENTED_EDGE('',*,*,#3670,.T.);
#4750=ORIENTED_EDGE('',*,*,#3671,.T.);
#4751=ORIENTED_EDGE('',*,*,#3672,.T.);
#4752=ORIENTED_EDGE('',*,*,#3578,.T.);
#4753=ORIENTED_EDGE('',*,*,#3669,.F.);
#4754=ORIENTED_EDGE('',*,*,#3673,.T.);
#4755=ORIENTED_EDGE('',*,*,#3670,.F.);
#4756=ORIENTED_EDGE('',*,*,#3576,.T.);
#4757=ORIENTED_EDGE('',*,*,#3667,.F.);
#4758=ORIENTED_EDGE('',*,*,#3674,.T.);
#4759=ORIENTED_EDGE('',*,*,#3675,.T.);
#4760=ORIENTED_EDGE('',*,*,#3579,.T.);
#4761=ORIENTED_EDGE('',*,*,#3672,.F.);
#4762=ORIENTED_EDGE('',*,*,#3676,.T.);
#4763=ORIENTED_EDGE('',*,*,#3677,.T.);
#4764=ORIENTED_EDGE('',*,*,#3580,.T.);
#4765=ORIENTED_EDGE('',*,*,#3675,.F.);
#4766=ORIENTED_EDGE('',*,*,#3678,.T.);
#4767=ORIENTED_EDGE('',*,*,#3536,.F.);
#4768=ORIENTED_EDGE('',*,*,#3679,.T.);
#4769=ORIENTED_EDGE('',*,*,#3680,.T.);
#4770=ORIENTED_EDGE('',*,*,#3681,.T.);
#4771=ORIENTED_EDGE('',*,*,#3682,.T.);
#4772=ORIENTED_EDGE('',*,*,#3683,.T.);
#4773=ORIENTED_EDGE('',*,*,#3499,.F.);
#4774=ORIENTED_EDGE('',*,*,#3490,.F.);
#4775=ORIENTED_EDGE('',*,*,#3680,.F.);
#4776=ORIENTED_EDGE('',*,*,#3571,.T.);
#4777=ORIENTED_EDGE('',*,*,#3677,.F.);
#4778=ORIENTED_EDGE('',*,*,#3684,.T.);
#4779=ORIENTED_EDGE('',*,*,#3663,.T.);
#4780=ORIENTED_EDGE('',*,*,#3682,.F.);
#4781=ORIENTED_EDGE('',*,*,#3685,.T.);
#4782=ORIENTED_EDGE('',*,*,#3618,.T.);
#4783=ORIENTED_EDGE('',*,*,#3684,.F.);
#4784=ORIENTED_EDGE('',*,*,#3686,.T.);
#4785=ORIENTED_EDGE('',*,*,#3687,.T.);
#4786=ORIENTED_EDGE('',*,*,#3688,.T.);
#4787=ORIENTED_EDGE('',*,*,#3689,.T.);
#4788=ORIENTED_EDGE('',*,*,#3620,.T.);
#4789=ORIENTED_EDGE('',*,*,#3689,.F.);
#4790=ORIENTED_EDGE('',*,*,#3690,.T.);
#4791=ORIENTED_EDGE('',*,*,#3691,.T.);
#4792=ORIENTED_EDGE('',*,*,#3621,.T.);
#4793=ORIENTED_EDGE('',*,*,#3687,.F.);
#4794=ORIENTED_EDGE('',*,*,#3619,.T.);
#4795=ORIENTED_EDGE('',*,*,#3685,.F.);
#4796=ORIENTED_EDGE('',*,*,#3692,.T.);
#4797=ORIENTED_EDGE('',*,*,#3693,.T.);
#4798=ORIENTED_EDGE('',*,*,#3694,.T.);
#4799=ORIENTED_EDGE('',*,*,#3695,.T.);
#4800=ORIENTED_EDGE('',*,*,#3623,.T.);
#4801=ORIENTED_EDGE('',*,*,#3695,.F.);
#4802=ORIENTED_EDGE('',*,*,#3696,.T.);
#4803=ORIENTED_EDGE('',*,*,#3697,.T.);
#4804=ORIENTED_EDGE('',*,*,#3693,.F.);
#4805=ORIENTED_EDGE('',*,*,#3622,.T.);
#4806=ORIENTED_EDGE('',*,*,#3691,.F.);
#4807=ORIENTED_EDGE('',*,*,#3698,.T.);
#4808=ORIENTED_EDGE('',*,*,#3535,.T.);
#4809=ORIENTED_EDGE('',*,*,#3532,.F.);
#4810=ORIENTED_EDGE('',*,*,#3529,.F.);
#4811=ORIENTED_EDGE('',*,*,#3527,.F.);
#4812=ORIENTED_EDGE('',*,*,#3524,.F.);
#4813=ORIENTED_EDGE('',*,*,#3522,.F.);
#4814=ORIENTED_EDGE('',*,*,#3520,.F.);
#4815=ORIENTED_EDGE('',*,*,#3517,.F.);
#4816=ORIENTED_EDGE('',*,*,#3514,.F.);
#4817=ORIENTED_EDGE('',*,*,#3512,.F.);
#4818=ORIENTED_EDGE('',*,*,#3510,.F.);
#4819=ORIENTED_EDGE('',*,*,#3508,.F.);
#4820=ORIENTED_EDGE('',*,*,#3505,.F.);
#4821=ORIENTED_EDGE('',*,*,#3502,.F.);
#4822=ORIENTED_EDGE('',*,*,#3500,.T.);
#4823=ORIENTED_EDGE('',*,*,#3683,.F.);
#4824=ORIENTED_EDGE('',*,*,#3662,.F.);
#4825=ORIENTED_EDGE('',*,*,#3699,.F.);
#4826=ORIENTED_EDGE('',*,*,#3572,.F.);
#4827=ORIENTED_EDGE('',*,*,#3679,.F.);
#4828=ORIENTED_EDGE('',*,*,#3697,.F.);
#4829=ORIENTED_EDGE('',*,*,#3700,.T.);
#4830=ORIENTED_EDGE('',*,*,#3701,.F.);
#4831=ORIENTED_EDGE('',*,*,#3624,.T.);
#4832=ORIENTED_EDGE('',*,*,#3696,.F.);
#4833=ORIENTED_EDGE('',*,*,#3702,.T.);
#4834=ORIENTED_EDGE('',*,*,#3703,.T.);
#4835=ORIENTED_EDGE('',*,*,#3704,.T.);
#4836=ORIENTED_EDGE('',*,*,#3569,.F.);
#4837=ORIENTED_EDGE('',*,*,#3699,.T.);
#4838=ORIENTED_EDGE('',*,*,#3556,.F.);
#4839=ORIENTED_EDGE('',*,*,#3281,.T.);
#4840=ORIENTED_EDGE('',*,*,#3673,.F.);
#4841=ORIENTED_EDGE('',*,*,#3705,.F.);
#4842=ORIENTED_EDGE('',*,*,#3706,.T.);
#4843=ORIENTED_EDGE('',*,*,#3707,.F.);
#4844=ORIENTED_EDGE('',*,*,#3688,.F.);
#4845=ORIENTED_EDGE('',*,*,#3708,.F.);
#4846=ORIENTED_EDGE('',*,*,#3709,.F.);
#4847=ORIENTED_EDGE('',*,*,#3710,.F.);
#4848=ORIENTED_EDGE('',*,*,#3692,.F.);
#4849=ORIENTED_EDGE('',*,*,#3711,.T.);
#4850=ORIENTED_EDGE('',*,*,#3712,.T.);
#4851=ORIENTED_EDGE('',*,*,#3708,.T.);
#4852=ORIENTED_EDGE('',*,*,#3713,.T.);
#4853=ORIENTED_EDGE('',*,*,#3714,.T.);
#4854=ORIENTED_EDGE('',*,*,#3712,.F.);
#4855=ORIENTED_EDGE('',*,*,#3715,.T.);
#4856=ORIENTED_EDGE('',*,*,#3716,.T.);
#4857=ORIENTED_EDGE('',*,*,#3717,.T.);
#4858=ORIENTED_EDGE('',*,*,#3713,.F.);
#4859=ORIENTED_EDGE('',*,*,#3471,.T.);
#4860=ORIENTED_EDGE('',*,*,#3460,.T.);
#4861=ORIENTED_EDGE('',*,*,#3477,.T.);
#4862=ORIENTED_EDGE('',*,*,#3718,.T.);
#4863=ORIENTED_EDGE('',*,*,#3474,.T.);
#4864=ORIENTED_EDGE('',*,*,#3719,.T.);
#4865=ORIENTED_EDGE('',*,*,#3720,.T.);
#4866=ORIENTED_EDGE('',*,*,#3716,.F.);
#4867=ORIENTED_EDGE('',*,*,#3470,.T.);
#4868=ORIENTED_EDGE('',*,*,#3721,.T.);
#4869=ORIENTED_EDGE('',*,*,#3467,.T.);
#4870=ORIENTED_EDGE('',*,*,#3463,.T.);
#4871=ORIENTED_EDGE('',*,*,#3466,.T.);
#4872=ORIENTED_EDGE('',*,*,#3722,.T.);
#4873=ORIENTED_EDGE('',*,*,#3723,.T.);
#4874=ORIENTED_EDGE('',*,*,#3719,.F.);
#4875=ORIENTED_EDGE('',*,*,#3473,.T.);
#4876=ORIENTED_EDGE('',*,*,#3724,.T.);
#4877=ORIENTED_EDGE('',*,*,#3725,.T.);
#4878=ORIENTED_EDGE('',*,*,#3722,.F.);
#4879=ORIENTED_EDGE('',*,*,#3726,.T.);
#4880=ORIENTED_EDGE('',*,*,#3676,.F.);
#4881=ORIENTED_EDGE('',*,*,#3707,.T.);
#4882=ORIENTED_EDGE('',*,*,#3724,.F.);
#4883=ORIENTED_EDGE('',*,*,#3727,.T.);
#4884=ORIENTED_EDGE('',*,*,#3714,.F.);
#4885=ORIENTED_EDGE('',*,*,#3717,.F.);
#4886=ORIENTED_EDGE('',*,*,#3728,.F.);
#4887=ORIENTED_EDGE('',*,*,#3729,.F.);
#4888=ORIENTED_EDGE('',*,*,#3709,.T.);
#4889=ORIENTED_EDGE('',*,*,#3720,.F.);
#4890=ORIENTED_EDGE('',*,*,#3730,.F.);
#4891=ORIENTED_EDGE('',*,*,#3731,.F.);
#4892=ORIENTED_EDGE('',*,*,#3732,.F.);
#4893=ORIENTED_EDGE('',*,*,#3733,.F.);
#4894=ORIENTED_EDGE('',*,*,#3734,.F.);
#4895=ORIENTED_EDGE('',*,*,#3728,.T.);
#4896=ORIENTED_EDGE('',*,*,#3723,.F.);
#4897=ORIENTED_EDGE('',*,*,#3725,.F.);
#4898=ORIENTED_EDGE('',*,*,#3706,.F.);
#4899=ORIENTED_EDGE('',*,*,#3735,.F.);
#4900=ORIENTED_EDGE('',*,*,#3736,.F.);
#4901=ORIENTED_EDGE('',*,*,#3737,.F.);
#4902=ORIENTED_EDGE('',*,*,#3738,.F.);
#4903=ORIENTED_EDGE('',*,*,#3730,.T.);
#4904=ORIENTED_EDGE('',*,*,#3678,.F.);
#4905=ORIENTED_EDGE('',*,*,#3727,.F.);
#4906=ORIENTED_EDGE('',*,*,#3726,.F.);
#4907=ORIENTED_EDGE('',*,*,#3472,.T.);
#4908=ORIENTED_EDGE('',*,*,#3715,.F.);
#4909=ORIENTED_EDGE('',*,*,#3711,.F.);
#4910=ORIENTED_EDGE('',*,*,#3686,.F.);
#4911=ORIENTED_EDGE('',*,*,#3681,.F.);
#4912=ORIENTED_EDGE('',*,*,#3674,.F.);
#4913=ORIENTED_EDGE('',*,*,#3739,.T.);
#4914=ORIENTED_EDGE('',*,*,#3740,.T.);
#4915=ORIENTED_EDGE('',*,*,#3741,.T.);
#4916=ORIENTED_EDGE('',*,*,#3742,.T.);
#4917=ORIENTED_EDGE('',*,*,#3743,.T.);
#4918=ORIENTED_EDGE('',*,*,#3744,.T.);
#4919=ORIENTED_EDGE('',*,*,#3745,.T.);
#4920=ORIENTED_EDGE('',*,*,#3746,.T.);
#4921=ORIENTED_EDGE('',*,*,#3740,.F.);
#4922=ORIENTED_EDGE('',*,*,#3747,.T.);
#4923=ORIENTED_EDGE('',*,*,#3748,.T.);
#4924=ORIENTED_EDGE('',*,*,#3749,.F.);
#4925=ORIENTED_EDGE('',*,*,#3698,.F.);
#4926=ORIENTED_EDGE('',*,*,#3750,.T.);
#4927=ORIENTED_EDGE('',*,*,#3751,.T.);
#4928=ORIENTED_EDGE('',*,*,#3745,.F.);
#4929=ORIENTED_EDGE('',*,*,#3752,.T.);
#4930=ORIENTED_EDGE('',*,*,#3671,.F.);
#4931=ORIENTED_EDGE('',*,*,#3742,.F.);
#4932=ORIENTED_EDGE('',*,*,#3753,.T.);
#4933=ORIENTED_EDGE('',*,*,#3705,.T.);
#4934=ORIENTED_EDGE('',*,*,#3690,.F.);
#4935=ORIENTED_EDGE('',*,*,#3710,.T.);
#4936=ORIENTED_EDGE('',*,*,#3754,.T.);
#4937=ORIENTED_EDGE('',*,*,#3750,.F.);
#4938=ORIENTED_EDGE('',*,*,#3753,.F.);
#4939=ORIENTED_EDGE('',*,*,#3741,.F.);
#4940=ORIENTED_EDGE('',*,*,#3755,.T.);
#4941=ORIENTED_EDGE('',*,*,#3756,.T.);
#4942=ORIENTED_EDGE('',*,*,#3757,.T.);
#4943=ORIENTED_EDGE('',*,*,#3758,.T.);
#4944=ORIENTED_EDGE('',*,*,#3759,.F.);
#4945=ORIENTED_EDGE('',*,*,#3760,.F.);
#4946=ORIENTED_EDGE('',*,*,#3735,.T.);
#4947=ORIENTED_EDGE('',*,*,#3665,.F.);
#4948=ORIENTED_EDGE('',*,*,#3574,.T.);
#4949=ORIENTED_EDGE('',*,*,#3761,.F.);
#4950=ORIENTED_EDGE('',*,*,#3762,.T.);
#4951=ORIENTED_EDGE('',*,*,#3668,.F.);
#4952=ORIENTED_EDGE('',*,*,#3763,.F.);
#4953=ORIENTED_EDGE('',*,*,#3764,.F.);
#4954=ORIENTED_EDGE('',*,*,#3765,.F.);
#4955=ORIENTED_EDGE('',*,*,#3766,.F.);
#4956=ORIENTED_EDGE('',*,*,#3767,.T.);
#4957=ORIENTED_EDGE('',*,*,#3768,.F.);
#4958=ORIENTED_EDGE('',*,*,#3769,.F.);
#4959=ORIENTED_EDGE('',*,*,#3770,.F.);
#4960=ORIENTED_EDGE('',*,*,#3702,.F.);
#4961=ORIENTED_EDGE('',*,*,#3694,.F.);
#4962=ORIENTED_EDGE('',*,*,#3752,.F.);
#4963=ORIENTED_EDGE('',*,*,#3744,.F.);
#4964=ORIENTED_EDGE('',*,*,#3771,.T.);
#4965=ORIENTED_EDGE('',*,*,#3310,.T.);
#4966=ORIENTED_EDGE('',*,*,#3772,.T.);
#4967=ORIENTED_EDGE('',*,*,#3747,.F.);
#4968=ORIENTED_EDGE('',*,*,#3739,.F.);
#4969=ORIENTED_EDGE('',*,*,#3773,.T.);
#4970=ORIENTED_EDGE('',*,*,#3774,.T.);
#4971=ORIENTED_EDGE('',*,*,#3721,.F.);
#4972=ORIENTED_EDGE('',*,*,#3469,.F.);
#4973=ORIENTED_EDGE('',*,*,#3775,.T.);
#4974=ORIENTED_EDGE('',*,*,#3776,.T.);
#4975=ORIENTED_EDGE('',*,*,#3775,.F.);
#4976=ORIENTED_EDGE('',*,*,#3468,.F.);
#4977=ORIENTED_EDGE('',*,*,#3546,.T.);
#4978=ORIENTED_EDGE('',*,*,#3777,.T.);
#4979=ORIENTED_EDGE('',*,*,#3295,.T.);
#4980=ORIENTED_EDGE('',*,*,#3367,.T.);
#4981=ORIENTED_EDGE('',*,*,#3778,.F.);
#4982=ORIENTED_EDGE('',*,*,#3779,.T.);
#4983=ORIENTED_EDGE('',*,*,#3480,.F.);
#4984=ORIENTED_EDGE('',*,*,#3779,.F.);
#4985=ORIENTED_EDGE('',*,*,#3780,.T.);
#4986=ORIENTED_EDGE('',*,*,#3781,.T.);
#4987=ORIENTED_EDGE('',*,*,#3782,.T.);
#4988=ORIENTED_EDGE('',*,*,#3783,.T.);
#4989=ORIENTED_EDGE('',*,*,#3784,.T.);
#4990=ORIENTED_EDGE('',*,*,#3785,.T.);
#4991=ORIENTED_EDGE('',*,*,#3782,.F.);
#4992=ORIENTED_EDGE('',*,*,#3786,.T.);
#4993=ORIENTED_EDGE('',*,*,#3787,.T.);
#4994=ORIENTED_EDGE('',*,*,#3788,.T.);
#4995=ORIENTED_EDGE('',*,*,#3784,.F.);
#4996=ORIENTED_EDGE('',*,*,#3789,.T.);
#4997=ORIENTED_EDGE('',*,*,#3790,.F.);
#4998=ORIENTED_EDGE('',*,*,#3791,.T.);
#4999=ORIENTED_EDGE('',*,*,#3787,.F.);
#5000=ORIENTED_EDGE('',*,*,#3792,.F.);
#5001=ORIENTED_EDGE('',*,*,#3789,.F.);
#5002=ORIENTED_EDGE('',*,*,#3786,.F.);
#5003=ORIENTED_EDGE('',*,*,#3793,.F.);
#5004=ORIENTED_EDGE('',*,*,#3794,.F.);
#5005=ORIENTED_EDGE('',*,*,#3781,.F.);
#5006=ORIENTED_EDGE('',*,*,#3795,.F.);
#5007=ORIENTED_EDGE('',*,*,#3796,.F.);
#5008=ORIENTED_EDGE('',*,*,#3793,.T.);
#5009=ORIENTED_EDGE('',*,*,#3780,.F.);
#5010=ORIENTED_EDGE('',*,*,#3797,.F.);
#5011=ORIENTED_EDGE('',*,*,#3798,.F.);
#5012=ORIENTED_EDGE('',*,*,#3795,.T.);
#5013=ORIENTED_EDGE('',*,*,#3799,.T.);
#5014=ORIENTED_EDGE('',*,*,#3800,.T.);
#5015=ORIENTED_EDGE('',*,*,#3801,.T.);
#5016=ORIENTED_EDGE('',*,*,#3802,.T.);
#5017=ORIENTED_EDGE('',*,*,#3803,.T.);
#5018=ORIENTED_EDGE('',*,*,#3804,.T.);
#5019=ORIENTED_EDGE('',*,*,#3799,.F.);
#5020=ORIENTED_EDGE('',*,*,#3805,.T.);
#5021=ORIENTED_EDGE('',*,*,#3759,.T.);
#5022=ORIENTED_EDGE('',*,*,#3801,.F.);
#5023=ORIENTED_EDGE('',*,*,#3806,.T.);
#5024=ORIENTED_EDGE('',*,*,#3807,.T.);
#5025=ORIENTED_EDGE('',*,*,#3808,.T.);
#5026=ORIENTED_EDGE('',*,*,#3809,.F.);
#5027=ORIENTED_EDGE('',*,*,#3810,.F.);
#5028=ORIENTED_EDGE('',*,*,#3811,.F.);
#5029=ORIENTED_EDGE('',*,*,#3812,.F.);
#5030=ORIENTED_EDGE('',*,*,#3813,.F.);
#5031=ORIENTED_EDGE('',*,*,#3814,.F.);
#5032=ORIENTED_EDGE('',*,*,#3806,.F.);
#5033=ORIENTED_EDGE('',*,*,#3800,.F.);
#5034=ORIENTED_EDGE('',*,*,#3815,.T.);
#5035=ORIENTED_EDGE('',*,*,#3816,.F.);
#5036=ORIENTED_EDGE('',*,*,#3809,.T.);
#5037=ORIENTED_EDGE('',*,*,#3817,.T.);
#5038=ORIENTED_EDGE('',*,*,#3818,.T.);
#5039=ORIENTED_EDGE('',*,*,#3819,.T.);
#5040=ORIENTED_EDGE('',*,*,#3820,.T.);
#5041=ORIENTED_EDGE('',*,*,#3821,.T.);
#5042=ORIENTED_EDGE('',*,*,#3790,.T.);
#5043=ORIENTED_EDGE('',*,*,#3822,.T.);
#5044=ORIENTED_EDGE('',*,*,#3823,.T.);
#5045=ORIENTED_EDGE('',*,*,#3824,.T.);
#5046=ORIENTED_EDGE('',*,*,#3818,.F.);
#5047=ORIENTED_EDGE('',*,*,#3733,.T.);
#5048=ORIENTED_EDGE('',*,*,#3825,.T.);
#5049=ORIENTED_EDGE('',*,*,#3826,.T.);
#5050=ORIENTED_EDGE('',*,*,#3823,.F.);
#5051=ORIENTED_EDGE('',*,*,#3732,.T.);
#5052=ORIENTED_EDGE('',*,*,#3827,.T.);
#5053=ORIENTED_EDGE('',*,*,#3828,.T.);
#5054=ORIENTED_EDGE('',*,*,#3825,.F.);
#5055=ORIENTED_EDGE('',*,*,#3731,.T.);
#5056=ORIENTED_EDGE('',*,*,#3829,.T.);
#5057=ORIENTED_EDGE('',*,*,#3830,.T.);
#5058=ORIENTED_EDGE('',*,*,#3827,.F.);
#5059=ORIENTED_EDGE('',*,*,#3738,.T.);
#5060=ORIENTED_EDGE('',*,*,#3831,.T.);
#5061=ORIENTED_EDGE('',*,*,#3832,.T.);
#5062=ORIENTED_EDGE('',*,*,#3829,.F.);
#5063=ORIENTED_EDGE('',*,*,#3737,.T.);
#5064=ORIENTED_EDGE('',*,*,#3833,.T.);
#5065=ORIENTED_EDGE('',*,*,#3813,.T.);
#5066=ORIENTED_EDGE('',*,*,#3831,.F.);
#5067=ORIENTED_EDGE('',*,*,#3736,.T.);
#5068=ORIENTED_EDGE('',*,*,#3808,.F.);
#5069=ORIENTED_EDGE('',*,*,#3833,.F.);
#5070=ORIENTED_EDGE('',*,*,#3760,.T.);
#5071=ORIENTED_EDGE('',*,*,#3807,.F.);
#5072=ORIENTED_EDGE('',*,*,#3814,.T.);
#5073=ORIENTED_EDGE('',*,*,#3817,.F.);
#5074=ORIENTED_EDGE('',*,*,#3822,.F.);
#5075=ORIENTED_EDGE('',*,*,#3792,.T.);
#5076=ORIENTED_EDGE('',*,*,#3794,.T.);
#5077=ORIENTED_EDGE('',*,*,#3834,.T.);
#5078=ORIENTED_EDGE('',*,*,#3734,.T.);
#5079=ORIENTED_EDGE('',*,*,#3821,.F.);
#5080=ORIENTED_EDGE('',*,*,#3835,.T.);
#5081=ORIENTED_EDGE('',*,*,#3836,.T.);
#5082=ORIENTED_EDGE('',*,*,#3837,.T.);
#5083=ORIENTED_EDGE('',*,*,#3788,.F.);
#5084=ORIENTED_EDGE('',*,*,#3791,.F.);
#5085=ORIENTED_EDGE('',*,*,#3826,.F.);
#5086=ORIENTED_EDGE('',*,*,#3838,.T.);
#5087=ORIENTED_EDGE('',*,*,#3839,.T.);
#5088=ORIENTED_EDGE('',*,*,#3840,.T.);
#5089=ORIENTED_EDGE('',*,*,#3841,.T.);
#5090=ORIENTED_EDGE('',*,*,#3842,.F.);
#5091=ORIENTED_EDGE('',*,*,#3839,.F.);
#5092=ORIENTED_EDGE('',*,*,#3843,.T.);
#5093=ORIENTED_EDGE('',*,*,#3830,.F.);
#5094=ORIENTED_EDGE('',*,*,#3844,.F.);
#5095=ORIENTED_EDGE('',*,*,#3845,.F.);
#5096=ORIENTED_EDGE('',*,*,#3843,.F.);
#5097=ORIENTED_EDGE('',*,*,#3838,.F.);
#5098=ORIENTED_EDGE('',*,*,#3828,.F.);
#5099=ORIENTED_EDGE('',*,*,#3778,.T.);
#5100=ORIENTED_EDGE('',*,*,#3846,.T.);
#5101=ORIENTED_EDGE('',*,*,#3847,.T.);
#5102=ORIENTED_EDGE('',*,*,#3848,.T.);
#5103=ORIENTED_EDGE('',*,*,#3849,.T.);
#5104=ORIENTED_EDGE('',*,*,#3850,.T.);
#5105=ORIENTED_EDGE('',*,*,#3848,.F.);
#5106=ORIENTED_EDGE('',*,*,#3811,.T.);
#5107=ORIENTED_EDGE('',*,*,#3816,.T.);
#5108=ORIENTED_EDGE('',*,*,#3851,.T.);
#5109=ORIENTED_EDGE('',*,*,#3849,.F.);
#5110=ORIENTED_EDGE('',*,*,#3810,.T.);
#5111=ORIENTED_EDGE('',*,*,#3832,.F.);
#5112=ORIENTED_EDGE('',*,*,#3812,.T.);
#5113=ORIENTED_EDGE('',*,*,#3847,.F.);
#5114=ORIENTED_EDGE('',*,*,#3844,.T.);
#5115=ORIENTED_EDGE('',*,*,#3852,.T.);
#5116=ORIENTED_EDGE('',*,*,#3853,.T.);
#5117=ORIENTED_EDGE('',*,*,#3836,.F.);
#5118=ORIENTED_EDGE('',*,*,#3854,.T.);
#5119=ORIENTED_EDGE('',*,*,#3842,.T.);
#5120=ORIENTED_EDGE('',*,*,#3855,.T.);
#5121=ORIENTED_EDGE('',*,*,#3852,.F.);
#5122=ORIENTED_EDGE('',*,*,#3856,.T.);
#5123=ORIENTED_EDGE('',*,*,#3820,.F.);
#5124=ORIENTED_EDGE('',*,*,#3819,.F.);
#5125=ORIENTED_EDGE('',*,*,#3824,.F.);
#5126=ORIENTED_EDGE('',*,*,#3840,.F.);
#5127=ORIENTED_EDGE('',*,*,#3856,.F.);
#5128=ORIENTED_EDGE('',*,*,#3854,.F.);
#5129=ORIENTED_EDGE('',*,*,#3835,.F.);
#5130=ORIENTED_EDGE('',*,*,#3785,.F.);
#5131=ORIENTED_EDGE('',*,*,#3837,.F.);
#5132=ORIENTED_EDGE('',*,*,#3857,.F.);
#5133=ORIENTED_EDGE('',*,*,#3815,.F.);
#5134=ORIENTED_EDGE('',*,*,#3804,.F.);
#5135=ORIENTED_EDGE('',*,*,#3858,.T.);
#5136=ORIENTED_EDGE('',*,*,#3859,.F.);
#5137=ORIENTED_EDGE('',*,*,#3797,.T.);
#5138=ORIENTED_EDGE('',*,*,#3783,.F.);
#5139=ORIENTED_EDGE('',*,*,#3860,.T.);
#5140=ORIENTED_EDGE('',*,*,#3861,.T.);
#5141=ORIENTED_EDGE('',*,*,#3862,.T.);
#5142=ORIENTED_EDGE('',*,*,#3863,.T.);
#5143=ORIENTED_EDGE('',*,*,#3846,.F.);
#5144=ORIENTED_EDGE('',*,*,#3864,.T.);
#5145=ORIENTED_EDGE('',*,*,#3841,.F.);
#5146=ORIENTED_EDGE('',*,*,#3845,.T.);
#5147=ORIENTED_EDGE('',*,*,#3851,.F.);
#5148=ORIENTED_EDGE('',*,*,#3857,.T.);
#5149=ORIENTED_EDGE('',*,*,#3853,.F.);
#5150=ORIENTED_EDGE('',*,*,#3865,.T.);
#5151=ORIENTED_EDGE('',*,*,#3866,.T.);
#5152=ORIENTED_EDGE('',*,*,#3867,.T.);
#5153=ORIENTED_EDGE('',*,*,#3868,.T.);
#5154=ORIENTED_EDGE('',*,*,#3869,.F.);
#5155=ORIENTED_EDGE('',*,*,#3870,.T.);
#5156=ORIENTED_EDGE('',*,*,#3871,.T.);
#5157=ORIENTED_EDGE('',*,*,#3866,.F.);
#5158=ORIENTED_EDGE('',*,*,#3872,.F.);
#5159=ORIENTED_EDGE('',*,*,#3873,.T.);
#5160=ORIENTED_EDGE('',*,*,#3874,.F.);
#5161=ORIENTED_EDGE('',*,*,#3868,.F.);
#5162=ORIENTED_EDGE('',*,*,#3875,.T.);
#5163=ORIENTED_EDGE('',*,*,#3876,.T.);
#5164=ORIENTED_EDGE('',*,*,#3877,.T.);
#5165=ORIENTED_EDGE('',*,*,#3870,.F.);
#5166=ORIENTED_EDGE('',*,*,#3878,.F.);
#5167=ORIENTED_EDGE('',*,*,#3879,.T.);
#5168=ORIENTED_EDGE('',*,*,#3880,.F.);
#5169=ORIENTED_EDGE('',*,*,#3873,.F.);
#5170=ORIENTED_EDGE('',*,*,#3881,.T.);
#5171=ORIENTED_EDGE('',*,*,#3876,.F.);
#5172=ORIENTED_EDGE('',*,*,#3882,.F.);
#5173=ORIENTED_EDGE('',*,*,#3883,.T.);
#5174=ORIENTED_EDGE('',*,*,#3879,.F.);
#5175=ORIENTED_EDGE('',*,*,#3884,.T.);
#5176=ORIENTED_EDGE('',*,*,#3885,.F.);
#5177=ORIENTED_EDGE('',*,*,#3877,.F.);
#5178=ORIENTED_EDGE('',*,*,#3883,.F.);
#5179=ORIENTED_EDGE('',*,*,#3886,.F.);
#5180=ORIENTED_EDGE('',*,*,#3887,.T.);
#5181=ORIENTED_EDGE('',*,*,#3888,.T.);
#5182=ORIENTED_EDGE('',*,*,#3889,.T.);
#5183=ORIENTED_EDGE('',*,*,#3890,.T.);
#5184=ORIENTED_EDGE('',*,*,#3891,.T.);
#5185=ORIENTED_EDGE('',*,*,#3889,.F.);
#5186=ORIENTED_EDGE('',*,*,#3871,.F.);
#5187=ORIENTED_EDGE('',*,*,#3887,.F.);
#5188=ORIENTED_EDGE('',*,*,#3892,.F.);
#5189=ORIENTED_EDGE('',*,*,#3893,.F.);
#5190=ORIENTED_EDGE('',*,*,#3894,.F.);
#5191=ORIENTED_EDGE('',*,*,#3895,.F.);
#5192=ORIENTED_EDGE('',*,*,#3896,.F.);
#5193=ORIENTED_EDGE('',*,*,#3897,.F.);
#5194=ORIENTED_EDGE('',*,*,#3898,.F.);
#5195=ORIENTED_EDGE('',*,*,#3899,.F.);
#5196=ORIENTED_EDGE('',*,*,#3900,.F.);
#5197=ORIENTED_EDGE('',*,*,#3901,.F.);
#5198=ORIENTED_EDGE('',*,*,#3902,.F.);
#5199=ORIENTED_EDGE('',*,*,#3903,.F.);
#5200=ORIENTED_EDGE('',*,*,#3904,.F.);
#5201=ORIENTED_EDGE('',*,*,#3875,.F.);
#5202=ORIENTED_EDGE('',*,*,#3867,.F.);
#5203=ORIENTED_EDGE('',*,*,#3905,.F.);
#5204=ORIENTED_EDGE('',*,*,#3888,.F.);
#5205=ORIENTED_EDGE('',*,*,#3891,.F.);
#5206=ORIENTED_EDGE('',*,*,#3906,.T.);
#5207=ORIENTED_EDGE('',*,*,#3907,.T.);
#5208=ORIENTED_EDGE('',*,*,#3906,.F.);
#5209=ORIENTED_EDGE('',*,*,#3890,.F.);
#5210=ORIENTED_EDGE('',*,*,#3905,.T.);
#5211=ORIENTED_EDGE('',*,*,#3908,.T.);
#5212=ORIENTED_EDGE('',*,*,#3909,.T.);
#5213=ORIENTED_EDGE('',*,*,#3910,.T.);
#5214=ORIENTED_EDGE('',*,*,#3908,.F.);
#5215=ORIENTED_EDGE('',*,*,#3910,.F.);
#5216=ORIENTED_EDGE('',*,*,#3911,.T.);
#5217=ORIENTED_EDGE('',*,*,#3912,.T.);
#5218=ORIENTED_EDGE('',*,*,#3911,.F.);
#5219=ORIENTED_EDGE('',*,*,#3909,.F.);
#5220=ORIENTED_EDGE('',*,*,#3913,.T.);
#5221=ORIENTED_EDGE('',*,*,#3914,.T.);
#5222=ORIENTED_EDGE('',*,*,#3915,.T.);
#5223=ORIENTED_EDGE('',*,*,#3916,.T.);
#5224=ORIENTED_EDGE('',*,*,#3895,.T.);
#5225=ORIENTED_EDGE('',*,*,#3913,.F.);
#5226=ORIENTED_EDGE('',*,*,#3917,.T.);
#5227=ORIENTED_EDGE('',*,*,#3916,.F.);
#5228=ORIENTED_EDGE('',*,*,#3918,.T.);
#5229=ORIENTED_EDGE('',*,*,#3914,.F.);
#5230=ORIENTED_EDGE('',*,*,#3918,.F.);
#5231=ORIENTED_EDGE('',*,*,#3915,.F.);
#5232=ORIENTED_EDGE('',*,*,#3919,.T.);
#5233=ORIENTED_EDGE('',*,*,#3920,.T.);
#5234=ORIENTED_EDGE('',*,*,#3919,.F.);
#5235=ORIENTED_EDGE('',*,*,#3921,.T.);
#5236=ORIENTED_EDGE('',*,*,#3922,.T.);
#5237=ORIENTED_EDGE('',*,*,#3923,.T.);
#5238=ORIENTED_EDGE('',*,*,#3924,.T.);
#5239=ORIENTED_EDGE('',*,*,#3925,.T.);
#5240=ORIENTED_EDGE('',*,*,#3923,.F.);
#5241=ORIENTED_EDGE('',*,*,#3899,.T.);
#5242=ORIENTED_EDGE('',*,*,#3921,.F.);
#5243=ORIENTED_EDGE('',*,*,#3926,.T.);
#5244=ORIENTED_EDGE('',*,*,#3922,.F.);
#5245=ORIENTED_EDGE('',*,*,#3898,.T.);
#5246=ORIENTED_EDGE('',*,*,#3927,.T.);
#5247=ORIENTED_EDGE('',*,*,#3928,.T.);
#5248=ORIENTED_EDGE('',*,*,#3929,.F.);
#5249=ORIENTED_EDGE('',*,*,#3930,.F.);
#5250=ORIENTED_EDGE('',*,*,#3900,.T.);
#5251=ORIENTED_EDGE('',*,*,#3924,.F.);
#5252=ORIENTED_EDGE('',*,*,#3926,.F.);
#5253=ORIENTED_EDGE('',*,*,#3925,.F.);
#5254=ORIENTED_EDGE('',*,*,#3931,.T.);
#5255=ORIENTED_EDGE('',*,*,#3932,.T.);
#5256=ORIENTED_EDGE('',*,*,#3931,.F.);
#5257=ORIENTED_EDGE('',*,*,#3933,.T.);
#5258=ORIENTED_EDGE('',*,*,#3902,.T.);
#5259=ORIENTED_EDGE('',*,*,#3934,.T.);
#5260=ORIENTED_EDGE('',*,*,#3935,.F.);
#5261=ORIENTED_EDGE('',*,*,#3936,.T.);
#5262=ORIENTED_EDGE('',*,*,#3937,.F.);
#5263=ORIENTED_EDGE('',*,*,#3934,.F.);
#5264=ORIENTED_EDGE('',*,*,#3901,.T.);
#5265=ORIENTED_EDGE('',*,*,#3938,.T.);
#5266=ORIENTED_EDGE('',*,*,#3939,.F.);
#5267=ORIENTED_EDGE('',*,*,#3936,.F.);
#5268=ORIENTED_EDGE('',*,*,#3930,.T.);
#5269=ORIENTED_EDGE('',*,*,#3940,.T.);
#5270=ORIENTED_EDGE('',*,*,#3941,.T.);
#5271=ORIENTED_EDGE('',*,*,#3938,.F.);
#5272=ORIENTED_EDGE('',*,*,#3929,.T.);
#5273=ORIENTED_EDGE('',*,*,#3940,.F.);
#5274=ORIENTED_EDGE('',*,*,#3942,.T.);
#5275=ORIENTED_EDGE('',*,*,#3943,.T.);
#5276=ORIENTED_EDGE('',*,*,#3942,.F.);
#5277=ORIENTED_EDGE('',*,*,#3928,.F.);
#5278=ORIENTED_EDGE('',*,*,#3944,.F.);
#5279=ORIENTED_EDGE('',*,*,#3945,.F.);
#5280=ORIENTED_EDGE('',*,*,#3946,.F.);
#5281=ORIENTED_EDGE('',*,*,#3947,.F.);
#5282=ORIENTED_EDGE('',*,*,#3948,.F.);
#5283=ORIENTED_EDGE('',*,*,#3949,.T.);
#5284=ORIENTED_EDGE('',*,*,#3950,.F.);
#5285=ORIENTED_EDGE('',*,*,#3951,.T.);
#5286=ORIENTED_EDGE('',*,*,#3893,.T.);
#5287=ORIENTED_EDGE('',*,*,#3952,.T.);
#5288=ORIENTED_EDGE('',*,*,#3953,.T.);
#5289=ORIENTED_EDGE('',*,*,#3951,.F.);
#5290=ORIENTED_EDGE('',*,*,#3954,.F.);
#5291=ORIENTED_EDGE('',*,*,#3952,.F.);
#5292=ORIENTED_EDGE('',*,*,#3955,.F.);
#5293=ORIENTED_EDGE('',*,*,#3956,.T.);
#5294=ORIENTED_EDGE('',*,*,#3949,.F.);
#5295=ORIENTED_EDGE('',*,*,#3892,.T.);
#5296=ORIENTED_EDGE('',*,*,#3886,.T.);
#5297=ORIENTED_EDGE('',*,*,#3957,.F.);
#5298=ORIENTED_EDGE('',*,*,#3933,.F.);
#5299=ORIENTED_EDGE('',*,*,#3958,.F.);
#5300=ORIENTED_EDGE('',*,*,#3959,.T.);
#5301=ORIENTED_EDGE('',*,*,#3903,.T.);
#5302=ORIENTED_EDGE('',*,*,#3881,.F.);
#5303=ORIENTED_EDGE('',*,*,#3904,.T.);
#5304=ORIENTED_EDGE('',*,*,#3959,.F.);
#5305=ORIENTED_EDGE('',*,*,#3884,.F.);
#5306=ORIENTED_EDGE('',*,*,#3960,.T.);
#5307=ORIENTED_EDGE('',*,*,#3961,.T.);
#5308=ORIENTED_EDGE('',*,*,#3955,.T.);
#5309=ORIENTED_EDGE('',*,*,#3962,.T.);
#5310=ORIENTED_EDGE('',*,*,#3963,.T.);
#5311=ORIENTED_EDGE('',*,*,#3964,.T.);
#5312=ORIENTED_EDGE('',*,*,#3960,.F.);
#5313=ORIENTED_EDGE('',*,*,#3965,.T.);
#5314=ORIENTED_EDGE('',*,*,#3966,.T.);
#5315=ORIENTED_EDGE('',*,*,#3967,.T.);
#5316=ORIENTED_EDGE('',*,*,#3963,.F.);
#5317=ORIENTED_EDGE('',*,*,#3968,.T.);
#5318=ORIENTED_EDGE('',*,*,#3969,.T.);
#5319=ORIENTED_EDGE('',*,*,#3970,.T.);
#5320=ORIENTED_EDGE('',*,*,#3966,.F.);
#5321=ORIENTED_EDGE('',*,*,#3971,.T.);
#5322=ORIENTED_EDGE('',*,*,#3972,.T.);
#5323=ORIENTED_EDGE('',*,*,#3973,.T.);
#5324=ORIENTED_EDGE('',*,*,#3969,.F.);
#5325=ORIENTED_EDGE('',*,*,#3974,.T.);
#5326=ORIENTED_EDGE('',*,*,#3975,.T.);
#5327=ORIENTED_EDGE('',*,*,#3976,.T.);
#5328=ORIENTED_EDGE('',*,*,#3972,.F.);
#5329=ORIENTED_EDGE('',*,*,#3977,.T.);
#5330=ORIENTED_EDGE('',*,*,#3978,.T.);
#5331=ORIENTED_EDGE('',*,*,#3979,.T.);
#5332=ORIENTED_EDGE('',*,*,#3975,.F.);
#5333=ORIENTED_EDGE('',*,*,#3980,.T.);
#5334=ORIENTED_EDGE('',*,*,#3981,.T.);
#5335=ORIENTED_EDGE('',*,*,#3947,.T.);
#5336=ORIENTED_EDGE('',*,*,#3978,.F.);
#5337=ORIENTED_EDGE('',*,*,#3982,.T.);
#5338=ORIENTED_EDGE('',*,*,#3943,.F.);
#5339=ORIENTED_EDGE('',*,*,#3948,.T.);
#5340=ORIENTED_EDGE('',*,*,#3981,.F.);
#5341=ORIENTED_EDGE('',*,*,#3983,.T.);
#5342=ORIENTED_EDGE('',*,*,#3984,.T.);
#5343=ORIENTED_EDGE('',*,*,#3941,.F.);
#5344=ORIENTED_EDGE('',*,*,#3984,.F.);
#5345=ORIENTED_EDGE('',*,*,#3985,.T.);
#5346=ORIENTED_EDGE('',*,*,#3985,.F.);
#5347=ORIENTED_EDGE('',*,*,#3983,.F.);
#5348=ORIENTED_EDGE('',*,*,#3986,.T.);
#5349=ORIENTED_EDGE('',*,*,#3987,.T.);
#5350=ORIENTED_EDGE('',*,*,#3937,.T.);
#5351=ORIENTED_EDGE('',*,*,#3939,.T.);
#5352=ORIENTED_EDGE('',*,*,#3982,.F.);
#5353=ORIENTED_EDGE('',*,*,#3980,.F.);
#5354=ORIENTED_EDGE('',*,*,#3977,.F.);
#5355=ORIENTED_EDGE('',*,*,#3988,.F.);
#5356=ORIENTED_EDGE('',*,*,#3450,.F.);
#5357=ORIENTED_EDGE('',*,*,#3989,.T.);
#5358=ORIENTED_EDGE('',*,*,#3986,.F.);
#5359=ORIENTED_EDGE('',*,*,#3974,.F.);
#5360=ORIENTED_EDGE('',*,*,#3971,.F.);
#5361=ORIENTED_EDGE('',*,*,#3968,.F.);
#5362=ORIENTED_EDGE('',*,*,#3990,.F.);
#5363=ORIENTED_EDGE('',*,*,#3765,.T.);
#5364=ORIENTED_EDGE('',*,*,#3991,.F.);
#5365=ORIENTED_EDGE('',*,*,#3988,.T.);
#5366=ORIENTED_EDGE('',*,*,#3965,.F.);
#5367=ORIENTED_EDGE('',*,*,#3962,.F.);
#5368=ORIENTED_EDGE('',*,*,#3954,.T.);
#5369=ORIENTED_EDGE('',*,*,#3950,.T.);
#5370=ORIENTED_EDGE('',*,*,#3957,.T.);
#5371=ORIENTED_EDGE('',*,*,#3882,.T.);
#5372=ORIENTED_EDGE('',*,*,#3878,.T.);
#5373=ORIENTED_EDGE('',*,*,#3872,.T.);
#5374=ORIENTED_EDGE('',*,*,#3992,.T.);
#5375=ORIENTED_EDGE('',*,*,#3766,.T.);
#5376=ORIENTED_EDGE('',*,*,#3990,.T.);
#5377=ORIENTED_EDGE('',*,*,#3970,.F.);
#5378=ORIENTED_EDGE('',*,*,#3993,.T.);
#5379=ORIENTED_EDGE('',*,*,#3994,.T.);
#5380=ORIENTED_EDGE('',*,*,#3995,.T.);
#5381=ORIENTED_EDGE('',*,*,#3996,.T.);
#5382=ORIENTED_EDGE('',*,*,#3997,.T.);
#5383=ORIENTED_EDGE('',*,*,#3994,.F.);
#5384=ORIENTED_EDGE('',*,*,#3976,.F.);
#5385=ORIENTED_EDGE('',*,*,#3998,.F.);
#5386=ORIENTED_EDGE('',*,*,#3999,.F.);
#5387=ORIENTED_EDGE('',*,*,#4000,.F.);
#5388=ORIENTED_EDGE('',*,*,#3996,.F.);
#5389=ORIENTED_EDGE('',*,*,#3993,.F.);
#5390=ORIENTED_EDGE('',*,*,#3973,.F.);
#5391=ORIENTED_EDGE('',*,*,#3917,.F.);
#5392=ORIENTED_EDGE('',*,*,#3894,.T.);
#5393=ORIENTED_EDGE('',*,*,#3953,.F.);
#5394=ORIENTED_EDGE('',*,*,#3956,.F.);
#5395=ORIENTED_EDGE('',*,*,#3961,.F.);
#5396=ORIENTED_EDGE('',*,*,#4001,.T.);
#5397=ORIENTED_EDGE('',*,*,#4002,.T.);
#5398=ORIENTED_EDGE('',*,*,#3896,.T.);
#5399=ORIENTED_EDGE('',*,*,#4003,.T.);
#5400=ORIENTED_EDGE('',*,*,#4004,.T.);
#5401=ORIENTED_EDGE('',*,*,#4002,.F.);
#5402=ORIENTED_EDGE('',*,*,#4005,.T.);
#5403=ORIENTED_EDGE('',*,*,#4006,.T.);
#5404=ORIENTED_EDGE('',*,*,#4007,.T.);
#5405=ORIENTED_EDGE('',*,*,#4003,.F.);
#5406=ORIENTED_EDGE('',*,*,#4008,.T.);
#5407=ORIENTED_EDGE('',*,*,#3997,.F.);
#5408=ORIENTED_EDGE('',*,*,#4009,.T.);
#5409=ORIENTED_EDGE('',*,*,#4006,.F.);
#5410=ORIENTED_EDGE('',*,*,#4010,.T.);
#5411=ORIENTED_EDGE('',*,*,#4009,.F.);
#5412=ORIENTED_EDGE('',*,*,#4000,.T.);
#5413=ORIENTED_EDGE('',*,*,#4011,.T.);
#5414=ORIENTED_EDGE('',*,*,#4012,.T.);
#5415=ORIENTED_EDGE('',*,*,#3967,.F.);
#5416=ORIENTED_EDGE('',*,*,#3995,.F.);
#5417=ORIENTED_EDGE('',*,*,#4010,.F.);
#5418=ORIENTED_EDGE('',*,*,#4008,.F.);
#5419=ORIENTED_EDGE('',*,*,#4005,.F.);
#5420=ORIENTED_EDGE('',*,*,#4001,.F.);
#5421=ORIENTED_EDGE('',*,*,#3964,.F.);
#5422=ORIENTED_EDGE('',*,*,#4013,.T.);
#5423=ORIENTED_EDGE('',*,*,#4014,.T.);
#5424=ORIENTED_EDGE('',*,*,#4011,.F.);
#5425=ORIENTED_EDGE('',*,*,#3999,.T.);
#5426=ORIENTED_EDGE('',*,*,#3979,.F.);
#5427=ORIENTED_EDGE('',*,*,#3946,.T.);
#5428=ORIENTED_EDGE('',*,*,#4013,.F.);
#5429=ORIENTED_EDGE('',*,*,#3998,.T.);
#5430=ORIENTED_EDGE('',*,*,#3927,.F.);
#5431=ORIENTED_EDGE('',*,*,#4015,.T.);
#5432=ORIENTED_EDGE('',*,*,#4016,.T.);
#5433=ORIENTED_EDGE('',*,*,#3944,.T.);
#5434=ORIENTED_EDGE('',*,*,#4014,.F.);
#5435=ORIENTED_EDGE('',*,*,#3945,.T.);
#5436=ORIENTED_EDGE('',*,*,#4016,.F.);
#5437=ORIENTED_EDGE('',*,*,#4017,.T.);
#5438=ORIENTED_EDGE('',*,*,#4004,.F.);
#5439=ORIENTED_EDGE('',*,*,#4018,.T.);
#5440=ORIENTED_EDGE('',*,*,#4015,.F.);
#5441=ORIENTED_EDGE('',*,*,#3897,.T.);
#5442=ORIENTED_EDGE('',*,*,#4007,.F.);
#5443=ORIENTED_EDGE('',*,*,#4012,.F.);
#5444=ORIENTED_EDGE('',*,*,#4017,.F.);
#5445=ORIENTED_EDGE('',*,*,#4018,.F.);
#5446=ORIENTED_EDGE('',*,*,#3850,.F.);
#5447=ORIENTED_EDGE('',*,*,#3865,.F.);
#5448=ORIENTED_EDGE('',*,*,#3855,.F.);
#5449=ORIENTED_EDGE('',*,*,#3864,.F.);
#5450=ORIENTED_EDGE('',*,*,#3774,.F.);
#5451=ORIENTED_EDGE('',*,*,#4019,.T.);
#5452=ORIENTED_EDGE('',*,*,#4020,.T.);
#5453=ORIENTED_EDGE('',*,*,#4019,.F.);
#5454=ORIENTED_EDGE('',*,*,#4020,.F.);
#5455=ORIENTED_EDGE('',*,*,#4021,.F.);
#5456=ORIENTED_EDGE('',*,*,#3773,.F.);
#5457=ORIENTED_EDGE('',*,*,#4022,.T.);
#5458=ORIENTED_EDGE('',*,*,#4023,.T.);
#5459=ORIENTED_EDGE('',*,*,#4022,.F.);
#5460=ORIENTED_EDGE('',*,*,#4023,.F.);
#5461=ORIENTED_EDGE('',*,*,#4024,.F.);
#5462=ORIENTED_EDGE('',*,*,#3272,.T.);
#5463=ORIENTED_EDGE('',*,*,#4025,.T.);
#5464=ORIENTED_EDGE('',*,*,#3264,.T.);
#5465=ORIENTED_EDGE('',*,*,#3288,.F.);
#5466=ORIENTED_EDGE('',*,*,#4025,.F.);
#5467=ORIENTED_EDGE('',*,*,#3268,.F.);
#5468=ORIENTED_EDGE('',*,*,#4026,.F.);
#5469=ORIENTED_EDGE('',*,*,#3279,.F.);
#5470=ORIENTED_EDGE('',*,*,#3276,.F.);
#5471=ORIENTED_EDGE('',*,*,#4027,.F.);
#5472=ORIENTED_EDGE('',*,*,#3803,.F.);
#5473=ORIENTED_EDGE('',*,*,#4028,.F.);
#5474=ORIENTED_EDGE('',*,*,#3757,.F.);
#5475=ORIENTED_EDGE('',*,*,#3858,.F.);
#5476=ORIENTED_EDGE('',*,*,#3802,.F.);
#5477=ORIENTED_EDGE('',*,*,#3758,.F.);
#5478=ORIENTED_EDGE('',*,*,#4028,.T.);
#5479=ORIENTED_EDGE('',*,*,#3805,.F.);
#5480=ORIENTED_EDGE('',*,*,#3859,.T.);
#5481=ORIENTED_EDGE('',*,*,#3756,.F.);
#5482=ORIENTED_EDGE('',*,*,#4029,.F.);
#5483=ORIENTED_EDGE('',*,*,#4030,.F.);
#5484=ORIENTED_EDGE('',*,*,#4031,.F.);
#5485=ORIENTED_EDGE('',*,*,#3541,.F.);
#5486=ORIENTED_EDGE('',*,*,#4032,.T.);
#5487=ORIENTED_EDGE('',*,*,#3749,.T.);
#5488=ORIENTED_EDGE('',*,*,#4033,.T.);
#5489=ORIENTED_EDGE('',*,*,#4034,.T.);
#5490=ORIENTED_EDGE('',*,*,#4035,.T.);
#5491=ORIENTED_EDGE('',*,*,#4032,.F.);
#5492=ORIENTED_EDGE('',*,*,#3543,.T.);
#5493=ORIENTED_EDGE('',*,*,#3311,.T.);
#5494=ORIENTED_EDGE('',*,*,#3771,.F.);
#5495=ORIENTED_EDGE('',*,*,#3743,.F.);
#5496=ORIENTED_EDGE('',*,*,#3772,.F.);
#5497=ORIENTED_EDGE('',*,*,#3309,.F.);
#5498=ORIENTED_EDGE('',*,*,#4036,.F.);
#5499=ORIENTED_EDGE('',*,*,#4037,.T.);
#5500=ORIENTED_EDGE('',*,*,#4033,.F.);
#5501=ORIENTED_EDGE('',*,*,#3748,.F.);
#5502=ORIENTED_EDGE('',*,*,#4034,.F.);
#5503=ORIENTED_EDGE('',*,*,#4037,.F.);
#5504=ORIENTED_EDGE('',*,*,#3551,.F.);
#5505=ORIENTED_EDGE('',*,*,#4038,.T.);
#5506=ORIENTED_EDGE('',*,*,#3315,.T.);
#5507=ORIENTED_EDGE('',*,*,#4039,.F.);
#5508=ORIENTED_EDGE('',*,*,#4040,.F.);
#5509=ORIENTED_EDGE('',*,*,#3306,.F.);
#5510=ORIENTED_EDGE('',*,*,#3307,.T.);
#5511=ORIENTED_EDGE('',*,*,#4040,.T.);
#5512=ORIENTED_EDGE('',*,*,#4041,.T.);
#5513=ORIENTED_EDGE('',*,*,#3318,.T.);
#5514=ORIENTED_EDGE('',*,*,#3328,.T.);
#5515=ORIENTED_EDGE('',*,*,#4042,.T.);
#5516=ORIENTED_EDGE('',*,*,#3368,.T.);
#5517=ORIENTED_EDGE('',*,*,#3301,.T.);
#5518=ORIENTED_EDGE('',*,*,#3319,.T.);
#5519=ORIENTED_EDGE('',*,*,#4041,.F.);
#5520=ORIENTED_EDGE('',*,*,#4039,.T.);
#5521=ORIENTED_EDGE('',*,*,#3314,.T.);
#5522=ORIENTED_EDGE('',*,*,#4035,.F.);
#5523=ORIENTED_EDGE('',*,*,#4038,.F.);
#5524=ORIENTED_EDGE('',*,*,#3550,.F.);
#5525=ORIENTED_EDGE('',*,*,#3554,.F.);
#5526=ORIENTED_EDGE('',*,*,#3496,.F.);
#5527=ORIENTED_EDGE('',*,*,#3539,.F.);
#5528=ORIENTED_EDGE('',*,*,#3542,.F.);
#5529=ORIENTED_EDGE('',*,*,#4031,.T.);
#5530=ORIENTED_EDGE('',*,*,#4026,.T.);
#5531=ORIENTED_EDGE('',*,*,#4043,.T.);
#5532=ORIENTED_EDGE('',*,*,#3418,.T.);
#5533=ORIENTED_EDGE('',*,*,#4043,.F.);
#5534=ORIENTED_EDGE('',*,*,#3321,.T.);
#5535=ORIENTED_EDGE('',*,*,#4044,.T.);
#5536=ORIENTED_EDGE('',*,*,#4024,.T.);
#5537=ORIENTED_EDGE('',*,*,#4044,.F.);
#5538=ORIENTED_EDGE('',*,*,#4027,.T.);
#5539=ORIENTED_EDGE('',*,*,#4045,.T.);
#5540=ORIENTED_EDGE('',*,*,#3417,.T.);
#5541=ORIENTED_EDGE('',*,*,#4045,.F.);
#5542=ORIENTED_EDGE('',*,*,#3304,.T.);
#5543=ORIENTED_EDGE('',*,*,#4046,.T.);
#5544=ORIENTED_EDGE('',*,*,#4021,.T.);
#5545=ORIENTED_EDGE('',*,*,#4046,.F.);
#5546=ORIENTED_EDGE('',*,*,#3303,.T.);
#5547=ORIENTED_EDGE('',*,*,#4047,.F.);
#5548=ORIENTED_EDGE('',*,*,#3552,.T.);
#5549=ORIENTED_EDGE('',*,*,#4036,.T.);
#5550=ORIENTED_EDGE('',*,*,#3308,.T.);
#5551=ORIENTED_EDGE('',*,*,#3626,.F.);
#5552=ORIENTED_EDGE('',*,*,#4048,.T.);
#5553=ORIENTED_EDGE('',*,*,#3329,.T.);
#5554=ORIENTED_EDGE('',*,*,#4048,.F.);
#5555=ORIENTED_EDGE('',*,*,#3616,.F.);
#5556=ORIENTED_EDGE('',*,*,#4049,.T.);
#5557=ORIENTED_EDGE('',*,*,#3374,.T.);
#5558=ORIENTED_EDGE('',*,*,#4049,.F.);
#5559=ORIENTED_EDGE('',*,*,#3869,.T.);
#5560=ORIENTED_EDGE('',*,*,#4050,.F.);
#5561=ORIENTED_EDGE('',*,*,#3767,.F.);
#5562=ORIENTED_EDGE('',*,*,#3992,.F.);
#5563=ORIENTED_EDGE('',*,*,#3754,.F.);
#5564=ORIENTED_EDGE('',*,*,#3729,.T.);
#5565=ORIENTED_EDGE('',*,*,#3834,.F.);
#5566=ORIENTED_EDGE('',*,*,#3796,.T.);
#5567=ORIENTED_EDGE('',*,*,#3798,.T.);
#5568=ORIENTED_EDGE('',*,*,#4030,.T.);
#5569=ORIENTED_EDGE('',*,*,#4051,.T.);
#5570=ORIENTED_EDGE('',*,*,#3751,.F.);
#5571=ORIENTED_EDGE('',*,*,#3553,.T.);
#5572=ORIENTED_EDGE('',*,*,#4047,.T.);
#5573=ORIENTED_EDGE('',*,*,#3296,.T.);
#5574=ORIENTED_EDGE('',*,*,#3777,.F.);
#5575=ORIENTED_EDGE('',*,*,#3548,.T.);
#5576=ORIENTED_EDGE('',*,*,#4052,.T.);
#5577=ORIENTED_EDGE('',*,*,#4053,.T.);
#5578=ORIENTED_EDGE('',*,*,#4054,.T.);
#5579=ORIENTED_EDGE('',*,*,#3573,.T.);
#5580=ORIENTED_EDGE('',*,*,#3565,.T.);
#5581=ORIENTED_EDGE('',*,*,#4055,.T.);
#5582=ORIENTED_EDGE('',*,*,#4056,.T.);
#5583=ORIENTED_EDGE('',*,*,#4057,.T.);
#5584=ORIENTED_EDGE('',*,*,#4058,.T.);
#5585=ORIENTED_EDGE('',*,*,#4059,.T.);
#5586=ORIENTED_EDGE('',*,*,#4060,.T.);
#5587=ORIENTED_EDGE('',*,*,#4061,.T.);
#5588=ORIENTED_EDGE('',*,*,#4058,.F.);
#5589=ORIENTED_EDGE('',*,*,#3761,.T.);
#5590=ORIENTED_EDGE('',*,*,#4054,.F.);
#5591=ORIENTED_EDGE('',*,*,#3561,.T.);
#5592=ORIENTED_EDGE('',*,*,#3625,.T.);
#5593=ORIENTED_EDGE('',*,*,#4062,.T.);
#5594=ORIENTED_EDGE('',*,*,#4063,.T.);
#5595=ORIENTED_EDGE('',*,*,#4064,.T.);
#5596=ORIENTED_EDGE('',*,*,#4065,.T.);
#5597=ORIENTED_EDGE('',*,*,#4066,.T.);
#5598=ORIENTED_EDGE('',*,*,#4067,.T.);
#5599=ORIENTED_EDGE('',*,*,#4062,.F.);
#5600=ORIENTED_EDGE('',*,*,#3701,.T.);
#5601=ORIENTED_EDGE('',*,*,#4060,.F.);
#5602=ORIENTED_EDGE('',*,*,#4057,.F.);
#5603=ORIENTED_EDGE('',*,*,#4068,.T.);
#5604=ORIENTED_EDGE('',*,*,#3427,.T.);
#5605=ORIENTED_EDGE('',*,*,#4069,.T.);
#5606=ORIENTED_EDGE('',*,*,#4070,.T.);
#5607=ORIENTED_EDGE('',*,*,#4056,.F.);
#5608=ORIENTED_EDGE('',*,*,#4071,.T.);
#5609=ORIENTED_EDGE('',*,*,#4066,.F.);
#5610=ORIENTED_EDGE('',*,*,#4072,.F.);
#5611=ORIENTED_EDGE('',*,*,#3421,.T.);
#5612=ORIENTED_EDGE('',*,*,#3325,.T.);
#5613=ORIENTED_EDGE('',*,*,#3410,.T.);
#5614=ORIENTED_EDGE('',*,*,#3371,.T.);
#5615=ORIENTED_EDGE('',*,*,#3428,.F.);
#5616=ORIENTED_EDGE('',*,*,#4068,.F.);
#5617=ORIENTED_EDGE('',*,*,#3444,.T.);
#5618=ORIENTED_EDGE('',*,*,#3455,.F.);
#5619=ORIENTED_EDGE('',*,*,#4073,.T.);
#5620=ORIENTED_EDGE('',*,*,#3452,.F.);
#5621=ORIENTED_EDGE('',*,*,#4074,.F.);
#5622=ORIENTED_EDGE('',*,*,#4075,.F.);
#5623=ORIENTED_EDGE('',*,*,#3762,.F.);
#5624=ORIENTED_EDGE('',*,*,#4061,.F.);
#5625=ORIENTED_EDGE('',*,*,#3700,.F.);
#5626=ORIENTED_EDGE('',*,*,#3704,.F.);
#5627=ORIENTED_EDGE('',*,*,#4076,.F.);
#5628=ORIENTED_EDGE('',*,*,#3448,.F.);
#5629=ORIENTED_EDGE('',*,*,#4077,.T.);
#5630=ORIENTED_EDGE('',*,*,#3445,.F.);
#5631=ORIENTED_EDGE('',*,*,#3440,.T.);
#5632=ORIENTED_EDGE('',*,*,#3441,.T.);
#5633=ORIENTED_EDGE('',*,*,#4078,.T.);
#5634=ORIENTED_EDGE('',*,*,#4079,.T.);
#5635=ORIENTED_EDGE('',*,*,#4055,.F.);
#5636=ORIENTED_EDGE('',*,*,#3562,.T.);
#5637=ORIENTED_EDGE('',*,*,#4067,.F.);
#5638=ORIENTED_EDGE('',*,*,#4071,.F.);
#5639=ORIENTED_EDGE('',*,*,#4065,.F.);
#5640=ORIENTED_EDGE('',*,*,#4080,.F.);
#5641=ORIENTED_EDGE('',*,*,#4081,.T.);
#5642=ORIENTED_EDGE('',*,*,#3419,.T.);
#5643=ORIENTED_EDGE('',*,*,#4072,.T.);
#5644=ORIENTED_EDGE('',*,*,#4052,.F.);
#5645=ORIENTED_EDGE('',*,*,#4070,.F.);
#5646=ORIENTED_EDGE('',*,*,#4082,.T.);
#5647=ORIENTED_EDGE('',*,*,#4080,.T.);
#5648=ORIENTED_EDGE('',*,*,#4064,.F.);
#5649=ORIENTED_EDGE('',*,*,#4083,.T.);
#5650=ORIENTED_EDGE('',*,*,#4082,.F.);
#5651=ORIENTED_EDGE('',*,*,#4069,.F.);
#5652=ORIENTED_EDGE('',*,*,#3429,.T.);
#5653=ORIENTED_EDGE('',*,*,#3369,.T.);
#5654=ORIENTED_EDGE('',*,*,#4042,.F.);
#5655=ORIENTED_EDGE('',*,*,#3327,.T.);
#5656=ORIENTED_EDGE('',*,*,#3420,.F.);
#5657=ORIENTED_EDGE('',*,*,#4081,.F.);
#5658=ORIENTED_EDGE('',*,*,#4053,.F.);
#5659=ORIENTED_EDGE('',*,*,#4083,.F.);
#5660=ORIENTED_EDGE('',*,*,#4063,.F.);
#5661=ORIENTED_EDGE('',*,*,#4059,.F.);
#5662=ORIENTED_EDGE('',*,*,#3666,.F.);
#5663=ORIENTED_EDGE('',*,*,#4075,.T.);
#5664=ORIENTED_EDGE('',*,*,#4084,.T.);
#5665=ORIENTED_EDGE('',*,*,#3763,.T.);
#5666=ORIENTED_EDGE('',*,*,#3746,.F.);
#5667=ORIENTED_EDGE('',*,*,#4051,.F.);
#5668=ORIENTED_EDGE('',*,*,#4029,.T.);
#5669=ORIENTED_EDGE('',*,*,#3755,.F.);
#5670=ORIENTED_EDGE('',*,*,#3935,.T.);
#5671=ORIENTED_EDGE('',*,*,#3987,.F.);
#5672=ORIENTED_EDGE('',*,*,#4085,.T.);
#5673=ORIENTED_EDGE('',*,*,#3768,.T.);
#5674=ORIENTED_EDGE('',*,*,#4050,.T.);
#5675=ORIENTED_EDGE('',*,*,#3874,.T.);
#5676=ORIENTED_EDGE('',*,*,#3880,.T.);
#5677=ORIENTED_EDGE('',*,*,#3885,.T.);
#5678=ORIENTED_EDGE('',*,*,#3958,.T.);
#5679=ORIENTED_EDGE('',*,*,#4085,.F.);
#5680=ORIENTED_EDGE('',*,*,#3989,.F.);
#5681=ORIENTED_EDGE('',*,*,#4086,.F.);
#5682=ORIENTED_EDGE('',*,*,#3769,.T.);
#5683=ORIENTED_EDGE('',*,*,#3451,.T.);
#5684=ORIENTED_EDGE('',*,*,#3991,.T.);
#5685=ORIENTED_EDGE('',*,*,#3764,.T.);
#5686=ORIENTED_EDGE('',*,*,#4084,.F.);
#5687=ORIENTED_EDGE('',*,*,#4074,.T.);
#5688=ORIENTED_EDGE('',*,*,#3770,.T.);
#5689=ORIENTED_EDGE('',*,*,#4086,.T.);
#5690=ORIENTED_EDGE('',*,*,#3449,.F.);
#5691=ORIENTED_EDGE('',*,*,#4076,.T.);
#5692=ORIENTED_EDGE('',*,*,#3703,.F.);
#5693=ORIENTED_EDGE('',*,*,#3446,.F.);
#5694=ORIENTED_EDGE('',*,*,#4077,.F.);
#5695=ORIENTED_EDGE('',*,*,#3447,.F.);
#5696=ORIENTED_EDGE('',*,*,#4087,.T.);
#5697=ORIENTED_EDGE('',*,*,#4088,.T.);
#5698=ORIENTED_EDGE('',*,*,#4087,.F.);
#5699=ORIENTED_EDGE('',*,*,#3776,.F.);
#5700=ORIENTED_EDGE('',*,*,#4089,.F.);
#5701=ORIENTED_EDGE('',*,*,#3479,.F.);
#5702=ORIENTED_EDGE('',*,*,#4090,.T.);
#5703=ORIENTED_EDGE('',*,*,#4091,.T.);
#5704=ORIENTED_EDGE('',*,*,#4090,.F.);
#5705=ORIENTED_EDGE('',*,*,#4091,.F.);
#5706=ORIENTED_EDGE('',*,*,#4092,.F.);
#5707=ORIENTED_EDGE('',*,*,#3478,.F.);
#5708=ORIENTED_EDGE('',*,*,#4093,.T.);
#5709=ORIENTED_EDGE('',*,*,#4094,.T.);
#5710=ORIENTED_EDGE('',*,*,#4093,.F.);
#5711=ORIENTED_EDGE('',*,*,#4094,.F.);
#5712=ORIENTED_EDGE('',*,*,#4095,.F.);
#5713=ORIENTED_EDGE('',*,*,#3718,.F.);
#5714=ORIENTED_EDGE('',*,*,#3476,.F.);
#5715=ORIENTED_EDGE('',*,*,#4096,.T.);
#5716=ORIENTED_EDGE('',*,*,#4097,.T.);
#5717=ORIENTED_EDGE('',*,*,#4096,.F.);
#5718=ORIENTED_EDGE('',*,*,#3475,.F.);
#5719=ORIENTED_EDGE('',*,*,#4097,.F.);
#5720=ORIENTED_EDGE('',*,*,#4098,.F.);
#5721=ORIENTED_EDGE('',*,*,#4078,.F.);
#5722=ORIENTED_EDGE('',*,*,#4099,.T.);
#5723=ORIENTED_EDGE('',*,*,#4100,.T.);
#5724=ORIENTED_EDGE('',*,*,#4099,.F.);
#5725=ORIENTED_EDGE('',*,*,#4100,.F.);
#5726=ORIENTED_EDGE('',*,*,#3907,.F.);
#5727=ORIENTED_EDGE('',*,*,#3453,.F.);
#5728=ORIENTED_EDGE('',*,*,#4073,.F.);
#5729=ORIENTED_EDGE('',*,*,#3454,.F.);
#5730=ORIENTED_EDGE('',*,*,#4101,.T.);
#5731=ORIENTED_EDGE('',*,*,#4102,.T.);
#5732=ORIENTED_EDGE('',*,*,#4101,.F.);
#5733=ORIENTED_EDGE('',*,*,#4102,.F.);
#5734=ORIENTED_EDGE('',*,*,#3932,.F.);
#5735=ORIENTED_EDGE('',*,*,#4088,.F.);
#5736=ORIENTED_EDGE('',*,*,#3912,.F.);
#5737=ORIENTED_EDGE('',*,*,#4079,.F.);
#5738=ORIENTED_EDGE('',*,*,#4103,.T.);
#5739=ORIENTED_EDGE('',*,*,#4104,.T.);
#5740=ORIENTED_EDGE('',*,*,#4103,.F.);
#5741=ORIENTED_EDGE('',*,*,#4104,.F.);
#5742=ORIENTED_EDGE('',*,*,#3920,.F.);
#5743=ORIENTED_EDGE('',*,*,#4089,.T.);
#5744=ORIENTED_EDGE('',*,*,#4105,.T.);
#5745=ORIENTED_EDGE('',*,*,#3861,.F.);
#5746=ORIENTED_EDGE('',*,*,#4105,.F.);
#5747=ORIENTED_EDGE('',*,*,#4092,.T.);
#5748=ORIENTED_EDGE('',*,*,#4106,.T.);
#5749=ORIENTED_EDGE('',*,*,#3863,.F.);
#5750=ORIENTED_EDGE('',*,*,#4106,.F.);
#5751=ORIENTED_EDGE('',*,*,#4095,.T.);
#5752=ORIENTED_EDGE('',*,*,#4107,.T.);
#5753=ORIENTED_EDGE('',*,*,#3862,.F.);
#5754=ORIENTED_EDGE('',*,*,#4107,.F.);
#5755=ORIENTED_EDGE('',*,*,#4098,.T.);
#5756=ORIENTED_EDGE('',*,*,#4108,.T.);
#5757=ORIENTED_EDGE('',*,*,#3860,.F.);
#5758=ORIENTED_EDGE('',*,*,#4108,.F.);
#5759=ORIENTED_EDGE('',*,*,#3615,.F.);
#5760=ORIENTED_EDGE('',*,*,#4109,.T.);
#5761=ORIENTED_EDGE('',*,*,#3375,.T.);
#5762=ORIENTED_EDGE('',*,*,#4109,.F.);
#5763=ORIENTED_EDGE('',*,*,#3614,.F.);
#5764=ORIENTED_EDGE('',*,*,#4110,.T.);
#5765=ORIENTED_EDGE('',*,*,#3376,.T.);
#5766=ORIENTED_EDGE('',*,*,#4110,.F.);
#5767=ORIENTED_EDGE('',*,*,#3613,.F.);
#5768=ORIENTED_EDGE('',*,*,#4111,.T.);
#5769=ORIENTED_EDGE('',*,*,#3377,.T.);
#5770=ORIENTED_EDGE('',*,*,#4111,.F.);
#5771=ORIENTED_EDGE('',*,*,#3612,.F.);
#5772=ORIENTED_EDGE('',*,*,#4112,.T.);
#5773=ORIENTED_EDGE('',*,*,#3378,.T.);
#5774=ORIENTED_EDGE('',*,*,#4112,.F.);
#5775=ORIENTED_EDGE('',*,*,#3611,.F.);
#5776=ORIENTED_EDGE('',*,*,#4113,.T.);
#5777=ORIENTED_EDGE('',*,*,#3379,.T.);
#5778=ORIENTED_EDGE('',*,*,#4113,.F.);
#5779=ORIENTED_EDGE('',*,*,#3610,.F.);
#5780=ORIENTED_EDGE('',*,*,#4114,.T.);
#5781=ORIENTED_EDGE('',*,*,#3380,.T.);
#5782=ORIENTED_EDGE('',*,*,#4114,.F.);
#5783=ORIENTED_EDGE('',*,*,#3609,.F.);
#5784=ORIENTED_EDGE('',*,*,#4115,.T.);
#5785=ORIENTED_EDGE('',*,*,#3381,.T.);
#5786=ORIENTED_EDGE('',*,*,#4115,.F.);
#5787=ORIENTED_EDGE('',*,*,#3608,.F.);
#5788=ORIENTED_EDGE('',*,*,#4116,.T.);
#5789=ORIENTED_EDGE('',*,*,#3382,.T.);
#5790=ORIENTED_EDGE('',*,*,#4116,.F.);
#5791=ORIENTED_EDGE('',*,*,#3607,.F.);
#5792=ORIENTED_EDGE('',*,*,#4117,.T.);
#5793=ORIENTED_EDGE('',*,*,#3383,.T.);
#5794=ORIENTED_EDGE('',*,*,#4117,.F.);
#5795=ORIENTED_EDGE('',*,*,#3606,.F.);
#5796=ORIENTED_EDGE('',*,*,#4118,.T.);
#5797=ORIENTED_EDGE('',*,*,#3384,.T.);
#5798=ORIENTED_EDGE('',*,*,#4118,.F.);
#5799=ORIENTED_EDGE('',*,*,#3605,.F.);
#5800=ORIENTED_EDGE('',*,*,#4119,.T.);
#5801=ORIENTED_EDGE('',*,*,#3385,.T.);
#5802=ORIENTED_EDGE('',*,*,#4119,.F.);
#5803=ORIENTED_EDGE('',*,*,#3604,.F.);
#5804=ORIENTED_EDGE('',*,*,#4120,.T.);
#5805=ORIENTED_EDGE('',*,*,#3386,.T.);
#5806=ORIENTED_EDGE('',*,*,#4120,.F.);
#5807=ORIENTED_EDGE('',*,*,#3603,.F.);
#5808=ORIENTED_EDGE('',*,*,#4121,.T.);
#5809=ORIENTED_EDGE('',*,*,#3387,.T.);
#5810=ORIENTED_EDGE('',*,*,#4121,.F.);
#5811=ORIENTED_EDGE('',*,*,#3602,.F.);
#5812=ORIENTED_EDGE('',*,*,#4122,.T.);
#5813=ORIENTED_EDGE('',*,*,#3388,.T.);
#5814=ORIENTED_EDGE('',*,*,#4122,.F.);
#5815=ORIENTED_EDGE('',*,*,#3601,.F.);
#5816=ORIENTED_EDGE('',*,*,#4123,.T.);
#5817=ORIENTED_EDGE('',*,*,#3389,.T.);
#5818=ORIENTED_EDGE('',*,*,#4123,.F.);
#5819=ORIENTED_EDGE('',*,*,#3600,.F.);
#5820=ORIENTED_EDGE('',*,*,#4124,.T.);
#5821=ORIENTED_EDGE('',*,*,#3390,.T.);
#5822=ORIENTED_EDGE('',*,*,#4124,.F.);
#5823=ORIENTED_EDGE('',*,*,#3599,.F.);
#5824=ORIENTED_EDGE('',*,*,#4125,.T.);
#5825=ORIENTED_EDGE('',*,*,#3391,.T.);
#5826=ORIENTED_EDGE('',*,*,#4125,.F.);
#5827=ORIENTED_EDGE('',*,*,#3598,.F.);
#5828=ORIENTED_EDGE('',*,*,#4126,.T.);
#5829=ORIENTED_EDGE('',*,*,#3392,.T.);
#5830=ORIENTED_EDGE('',*,*,#4126,.F.);
#5831=ORIENTED_EDGE('',*,*,#3597,.F.);
#5832=ORIENTED_EDGE('',*,*,#4127,.T.);
#5833=ORIENTED_EDGE('',*,*,#3393,.T.);
#5834=ORIENTED_EDGE('',*,*,#4127,.F.);
#5835=ORIENTED_EDGE('',*,*,#3596,.F.);
#5836=ORIENTED_EDGE('',*,*,#4128,.T.);
#5837=ORIENTED_EDGE('',*,*,#3394,.T.);
#5838=ORIENTED_EDGE('',*,*,#4128,.F.);
#5839=ORIENTED_EDGE('',*,*,#3595,.F.);
#5840=ORIENTED_EDGE('',*,*,#4129,.T.);
#5841=ORIENTED_EDGE('',*,*,#3395,.T.);
#5842=ORIENTED_EDGE('',*,*,#4129,.F.);
#5843=ORIENTED_EDGE('',*,*,#3594,.F.);
#5844=ORIENTED_EDGE('',*,*,#4130,.T.);
#5845=ORIENTED_EDGE('',*,*,#3396,.T.);
#5846=ORIENTED_EDGE('',*,*,#4130,.F.);
#5847=ORIENTED_EDGE('',*,*,#3593,.F.);
#5848=ORIENTED_EDGE('',*,*,#4131,.T.);
#5849=ORIENTED_EDGE('',*,*,#3397,.T.);
#5850=ORIENTED_EDGE('',*,*,#4131,.F.);
#5851=ORIENTED_EDGE('',*,*,#3592,.F.);
#5852=ORIENTED_EDGE('',*,*,#4132,.T.);
#5853=ORIENTED_EDGE('',*,*,#3398,.T.);
#5854=ORIENTED_EDGE('',*,*,#4132,.F.);
#5855=ORIENTED_EDGE('',*,*,#3591,.F.);
#5856=ORIENTED_EDGE('',*,*,#4133,.T.);
#5857=ORIENTED_EDGE('',*,*,#3399,.T.);
#5858=ORIENTED_EDGE('',*,*,#4133,.F.);
#5859=ORIENTED_EDGE('',*,*,#3590,.F.);
#5860=ORIENTED_EDGE('',*,*,#4134,.T.);
#5861=ORIENTED_EDGE('',*,*,#3400,.T.);
#5862=ORIENTED_EDGE('',*,*,#4134,.F.);
#5863=ORIENTED_EDGE('',*,*,#3589,.F.);
#5864=ORIENTED_EDGE('',*,*,#4135,.T.);
#5865=ORIENTED_EDGE('',*,*,#3401,.T.);
#5866=ORIENTED_EDGE('',*,*,#4135,.F.);
#5867=ORIENTED_EDGE('',*,*,#3588,.F.);
#5868=ORIENTED_EDGE('',*,*,#4136,.T.);
#5869=ORIENTED_EDGE('',*,*,#3402,.T.);
#5870=ORIENTED_EDGE('',*,*,#4136,.F.);
#5871=ORIENTED_EDGE('',*,*,#3587,.F.);
#5872=ORIENTED_EDGE('',*,*,#4137,.T.);
#5873=ORIENTED_EDGE('',*,*,#3403,.T.);
#5874=ORIENTED_EDGE('',*,*,#4137,.F.);
#5875=ORIENTED_EDGE('',*,*,#3586,.F.);
#5876=ORIENTED_EDGE('',*,*,#4138,.T.);
#5877=ORIENTED_EDGE('',*,*,#3404,.T.);
#5878=ORIENTED_EDGE('',*,*,#4138,.F.);
#5879=ORIENTED_EDGE('',*,*,#3585,.F.);
#5880=ORIENTED_EDGE('',*,*,#4139,.T.);
#5881=ORIENTED_EDGE('',*,*,#3405,.T.);
#5882=ORIENTED_EDGE('',*,*,#4139,.F.);
#5883=ORIENTED_EDGE('',*,*,#3584,.F.);
#5884=ORIENTED_EDGE('',*,*,#4140,.T.);
#5885=ORIENTED_EDGE('',*,*,#3406,.T.);
#5886=ORIENTED_EDGE('',*,*,#4140,.F.);
#5887=ORIENTED_EDGE('',*,*,#3583,.F.);
#5888=ORIENTED_EDGE('',*,*,#4141,.T.);
#5889=ORIENTED_EDGE('',*,*,#3407,.T.);
#5890=ORIENTED_EDGE('',*,*,#4141,.F.);
#5891=ORIENTED_EDGE('',*,*,#3582,.F.);
#5892=ORIENTED_EDGE('',*,*,#4142,.T.);
#5893=ORIENTED_EDGE('',*,*,#3408,.T.);
#5894=ORIENTED_EDGE('',*,*,#4142,.F.);
#5895=ORIENTED_EDGE('',*,*,#3581,.F.);
#5896=ORIENTED_EDGE('',*,*,#4143,.T.);
#5897=ORIENTED_EDGE('',*,*,#3409,.T.);
#5898=ORIENTED_EDGE('',*,*,#4143,.F.);
#5899=ORIENTED_EDGE('',*,*,#3627,.F.);
#5900=ORIENTED_EDGE('',*,*,#4144,.T.);
#5901=ORIENTED_EDGE('',*,*,#3330,.T.);
#5902=ORIENTED_EDGE('',*,*,#4144,.F.);
#5903=ORIENTED_EDGE('',*,*,#3628,.F.);
#5904=ORIENTED_EDGE('',*,*,#4145,.T.);
#5905=ORIENTED_EDGE('',*,*,#3331,.T.);
#5906=ORIENTED_EDGE('',*,*,#4145,.F.);
#5907=ORIENTED_EDGE('',*,*,#3629,.F.);
#5908=ORIENTED_EDGE('',*,*,#4146,.T.);
#5909=ORIENTED_EDGE('',*,*,#3332,.T.);
#5910=ORIENTED_EDGE('',*,*,#4146,.F.);
#5911=ORIENTED_EDGE('',*,*,#3630,.F.);
#5912=ORIENTED_EDGE('',*,*,#4147,.T.);
#5913=ORIENTED_EDGE('',*,*,#3333,.T.);
#5914=ORIENTED_EDGE('',*,*,#4147,.F.);
#5915=ORIENTED_EDGE('',*,*,#3631,.F.);
#5916=ORIENTED_EDGE('',*,*,#4148,.T.);
#5917=ORIENTED_EDGE('',*,*,#3334,.T.);
#5918=ORIENTED_EDGE('',*,*,#4148,.F.);
#5919=ORIENTED_EDGE('',*,*,#3632,.F.);
#5920=ORIENTED_EDGE('',*,*,#4149,.T.);
#5921=ORIENTED_EDGE('',*,*,#3335,.T.);
#5922=ORIENTED_EDGE('',*,*,#4149,.F.);
#5923=ORIENTED_EDGE('',*,*,#3633,.F.);
#5924=ORIENTED_EDGE('',*,*,#4150,.T.);
#5925=ORIENTED_EDGE('',*,*,#3336,.T.);
#5926=ORIENTED_EDGE('',*,*,#4150,.F.);
#5927=ORIENTED_EDGE('',*,*,#3634,.F.);
#5928=ORIENTED_EDGE('',*,*,#4151,.T.);
#5929=ORIENTED_EDGE('',*,*,#3337,.T.);
#5930=ORIENTED_EDGE('',*,*,#4151,.F.);
#5931=ORIENTED_EDGE('',*,*,#3635,.F.);
#5932=ORIENTED_EDGE('',*,*,#4152,.T.);
#5933=ORIENTED_EDGE('',*,*,#3338,.T.);
#5934=ORIENTED_EDGE('',*,*,#4152,.F.);
#5935=ORIENTED_EDGE('',*,*,#3636,.F.);
#5936=ORIENTED_EDGE('',*,*,#4153,.T.);
#5937=ORIENTED_EDGE('',*,*,#3339,.T.);
#5938=ORIENTED_EDGE('',*,*,#4153,.F.);
#5939=ORIENTED_EDGE('',*,*,#3637,.F.);
#5940=ORIENTED_EDGE('',*,*,#4154,.T.);
#5941=ORIENTED_EDGE('',*,*,#3340,.T.);
#5942=ORIENTED_EDGE('',*,*,#4154,.F.);
#5943=ORIENTED_EDGE('',*,*,#3638,.F.);
#5944=ORIENTED_EDGE('',*,*,#4155,.T.);
#5945=ORIENTED_EDGE('',*,*,#3341,.T.);
#5946=ORIENTED_EDGE('',*,*,#4155,.F.);
#5947=ORIENTED_EDGE('',*,*,#3639,.F.);
#5948=ORIENTED_EDGE('',*,*,#4156,.T.);
#5949=ORIENTED_EDGE('',*,*,#3342,.T.);
#5950=ORIENTED_EDGE('',*,*,#4156,.F.);
#5951=ORIENTED_EDGE('',*,*,#3640,.F.);
#5952=ORIENTED_EDGE('',*,*,#4157,.T.);
#5953=ORIENTED_EDGE('',*,*,#3343,.T.);
#5954=ORIENTED_EDGE('',*,*,#4157,.F.);
#5955=ORIENTED_EDGE('',*,*,#3641,.F.);
#5956=ORIENTED_EDGE('',*,*,#4158,.T.);
#5957=ORIENTED_EDGE('',*,*,#3344,.T.);
#5958=ORIENTED_EDGE('',*,*,#4158,.F.);
#5959=ORIENTED_EDGE('',*,*,#3642,.F.);
#5960=ORIENTED_EDGE('',*,*,#4159,.T.);
#5961=ORIENTED_EDGE('',*,*,#3345,.T.);
#5962=ORIENTED_EDGE('',*,*,#4159,.F.);
#5963=ORIENTED_EDGE('',*,*,#3643,.F.);
#5964=ORIENTED_EDGE('',*,*,#4160,.T.);
#5965=ORIENTED_EDGE('',*,*,#3346,.T.);
#5966=ORIENTED_EDGE('',*,*,#4160,.F.);
#5967=ORIENTED_EDGE('',*,*,#3644,.F.);
#5968=ORIENTED_EDGE('',*,*,#4161,.T.);
#5969=ORIENTED_EDGE('',*,*,#3347,.T.);
#5970=ORIENTED_EDGE('',*,*,#4161,.F.);
#5971=ORIENTED_EDGE('',*,*,#3645,.F.);
#5972=ORIENTED_EDGE('',*,*,#4162,.T.);
#5973=ORIENTED_EDGE('',*,*,#3348,.T.);
#5974=ORIENTED_EDGE('',*,*,#4162,.F.);
#5975=ORIENTED_EDGE('',*,*,#3646,.F.);
#5976=ORIENTED_EDGE('',*,*,#4163,.T.);
#5977=ORIENTED_EDGE('',*,*,#3349,.T.);
#5978=ORIENTED_EDGE('',*,*,#4163,.F.);
#5979=ORIENTED_EDGE('',*,*,#3647,.F.);
#5980=ORIENTED_EDGE('',*,*,#4164,.T.);
#5981=ORIENTED_EDGE('',*,*,#3350,.T.);
#5982=ORIENTED_EDGE('',*,*,#4164,.F.);
#5983=ORIENTED_EDGE('',*,*,#3648,.F.);
#5984=ORIENTED_EDGE('',*,*,#4165,.T.);
#5985=ORIENTED_EDGE('',*,*,#3351,.T.);
#5986=ORIENTED_EDGE('',*,*,#4165,.F.);
#5987=ORIENTED_EDGE('',*,*,#3649,.F.);
#5988=ORIENTED_EDGE('',*,*,#4166,.T.);
#5989=ORIENTED_EDGE('',*,*,#3352,.T.);
#5990=ORIENTED_EDGE('',*,*,#4166,.F.);
#5991=ORIENTED_EDGE('',*,*,#3650,.F.);
#5992=ORIENTED_EDGE('',*,*,#4167,.T.);
#5993=ORIENTED_EDGE('',*,*,#3353,.T.);
#5994=ORIENTED_EDGE('',*,*,#4167,.F.);
#5995=ORIENTED_EDGE('',*,*,#3651,.F.);
#5996=ORIENTED_EDGE('',*,*,#4168,.T.);
#5997=ORIENTED_EDGE('',*,*,#3354,.T.);
#5998=ORIENTED_EDGE('',*,*,#4168,.F.);
#5999=ORIENTED_EDGE('',*,*,#3652,.F.);
#6000=ORIENTED_EDGE('',*,*,#4169,.T.);
#6001=ORIENTED_EDGE('',*,*,#3355,.T.);
#6002=ORIENTED_EDGE('',*,*,#4169,.F.);
#6003=ORIENTED_EDGE('',*,*,#3653,.F.);
#6004=ORIENTED_EDGE('',*,*,#4170,.T.);
#6005=ORIENTED_EDGE('',*,*,#3356,.T.);
#6006=ORIENTED_EDGE('',*,*,#4170,.F.);
#6007=ORIENTED_EDGE('',*,*,#3654,.F.);
#6008=ORIENTED_EDGE('',*,*,#4171,.T.);
#6009=ORIENTED_EDGE('',*,*,#3357,.T.);
#6010=ORIENTED_EDGE('',*,*,#4171,.F.);
#6011=ORIENTED_EDGE('',*,*,#3655,.F.);
#6012=ORIENTED_EDGE('',*,*,#4172,.T.);
#6013=ORIENTED_EDGE('',*,*,#3358,.T.);
#6014=ORIENTED_EDGE('',*,*,#4172,.F.);
#6015=ORIENTED_EDGE('',*,*,#3656,.F.);
#6016=ORIENTED_EDGE('',*,*,#4173,.T.);
#6017=ORIENTED_EDGE('',*,*,#3359,.T.);
#6018=ORIENTED_EDGE('',*,*,#4173,.F.);
#6019=ORIENTED_EDGE('',*,*,#3657,.F.);
#6020=ORIENTED_EDGE('',*,*,#4174,.T.);
#6021=ORIENTED_EDGE('',*,*,#3360,.T.);
#6022=ORIENTED_EDGE('',*,*,#4174,.F.);
#6023=ORIENTED_EDGE('',*,*,#3658,.F.);
#6024=ORIENTED_EDGE('',*,*,#4175,.T.);
#6025=ORIENTED_EDGE('',*,*,#3361,.T.);
#6026=ORIENTED_EDGE('',*,*,#4175,.F.);
#6027=ORIENTED_EDGE('',*,*,#3659,.F.);
#6028=ORIENTED_EDGE('',*,*,#4176,.T.);
#6029=ORIENTED_EDGE('',*,*,#3362,.T.);
#6030=ORIENTED_EDGE('',*,*,#4176,.F.);
#6031=ORIENTED_EDGE('',*,*,#3660,.F.);
#6032=ORIENTED_EDGE('',*,*,#4177,.T.);
#6033=ORIENTED_EDGE('',*,*,#3363,.T.);
#6034=ORIENTED_EDGE('',*,*,#4177,.F.);
#6035=ORIENTED_EDGE('',*,*,#3661,.F.);
#6036=ORIENTED_EDGE('',*,*,#4178,.T.);
#6037=ORIENTED_EDGE('',*,*,#3364,.T.);
#6038=ORIENTED_EDGE('',*,*,#4178,.F.);
#6039=PLANE('',#6493);
#6040=PLANE('',#6494);
#6041=PLANE('',#6514);
#6042=PLANE('',#6518);
#6043=PLANE('',#6519);
#6044=PLANE('',#6520);
#6045=PLANE('',#6521);
#6046=PLANE('',#6522);
#6047=PLANE('',#6524);
#6048=PLANE('',#6525);
#6049=PLANE('',#6526);
#6050=PLANE('',#6528);
#6051=PLANE('',#6566);
#6052=PLANE('',#6605);
#6053=PLANE('',#6606);
#6054=PLANE('',#6611);
#6055=PLANE('',#6612);
#6056=PLANE('',#6613);
#6057=PLANE('',#6614);
#6058=PLANE('',#6615);
#6059=PLANE('',#6617);
#6060=PLANE('',#6618);
#6061=PLANE('',#6619);
#6062=PLANE('',#6628);
#6063=PLANE('',#6629);
#6064=PLANE('',#6630);
#6065=PLANE('',#6631);
#6066=PLANE('',#6633);
#6067=PLANE('',#6647);
#6068=PLANE('',#6651);
#6069=PLANE('',#6658);
#6070=PLANE('',#6688);
#6071=PLANE('',#6689);
#6072=PLANE('',#6690);
#6073=PLANE('',#6691);
#6074=PLANE('',#6692);
#6075=PLANE('',#6693);
#6076=PLANE('',#6694);
#6077=PLANE('',#6695);
#6078=PLANE('',#6697);
#6079=PLANE('',#6715);
#6080=PLANE('',#6753);
#6081=PLANE('',#6826);
#6082=PLANE('',#6851);
#6083=PLANE('',#6855);
#6084=PLANE('',#6879);
#6085=PLANE('',#6901);
#6086=PLANE('',#6910);
#6087=PLANE('',#6936);
#6088=PLANE('',#6944);
#6089=PLANE('',#6945);
#6090=PLANE('',#6973);
#6091=PLANE('',#7010);
#6092=PLANE('',#7041);
#6093=PLANE('',#7045);
#6094=PLANE('',#7056);
#6095=PLANE('',#7069);
#6096=PLANE('',#7073);
#6097=PLANE('',#7077);
#6098=PLANE('',#7079);
#6099=PLANE('',#7082);
#6100=PLANE('',#7085);
#6101=PLANE('',#7086);
#6102=PLANE('',#7087);
#6103=PLANE('',#7088);
#6104=PLANE('',#7089);
#6105=PLANE('',#7090);
#6106=PLANE('',#7091);
#6107=PLANE('',#7092);
#6108=PLANE('',#7097);
#6109=PLANE('',#7100);
#6110=PLANE('',#7118);
#6111=PLANE('',#7123);
#6112=PLANE('',#7128);
#6113=PLANE('',#7129);
#6114=PLANE('',#7131);
#6115=PLANE('',#7133);
#6116=PLANE('',#7138);
#6117=PLANE('',#7142);
#6118=PLANE('',#7146);
#6119=PLANE('',#7150);
#6120=PLANE('',#7154);
#6121=PLANE('',#7157);
#6122=PLANE('',#7158);
#6123=PLANE('',#7161);
#6124=ADVANCED_FACE('',(#1012),#6039,.T.);
#6125=ADVANCED_FACE('',(#1013),#6040,.T.);
#6126=ADVANCED_FACE('',(#1014),#417,.F.);
#6127=ADVANCED_FACE('',(#1015),#418,.T.);
#6128=ADVANCED_FACE('',(#1016),#419,.F.);
#6129=ADVANCED_FACE('',(#1017),#420,.T.);
#6130=ADVANCED_FACE('',(#1018),#421,.F.);
#6131=ADVANCED_FACE('',(#1019,#123,#124,#125),#6041,.T.);
#6132=ADVANCED_FACE('',(#1020),#6042,.F.);
#6133=ADVANCED_FACE('',(#1021),#6043,.T.);
#6134=ADVANCED_FACE('',(#1022),#6044,.T.);
#6135=ADVANCED_FACE('',(#1023),#6045,.F.);
#6136=ADVANCED_FACE('',(#1024,#126),#6046,.F.);
#6137=ADVANCED_FACE('',(#1025),#6047,.F.);
#6138=ADVANCED_FACE('',(#1026),#6048,.F.);
#6139=ADVANCED_FACE('',(#1027,#127),#6049,.F.);
#6140=ADVANCED_FACE('',(#1028,#128,#129,#130,#131,#132,#133,#134,#135,#136,
#137,#138,#139,#140,#141,#142,#143,#144,#145,#146,#147,#148,#149,#150,#151,
#152,#153,#154,#155,#156,#157,#158,#159,#160,#161,#162,#163),#6050,.F.);
#6141=ADVANCED_FACE('',(#1029,#164,#165,#166,#167,#168,#169,#170,#171,#172,
#173,#174,#175,#176,#177,#178,#179,#180,#181,#182,#183,#184,#185,#186,#187,
#188,#189,#190,#191,#192,#193,#194,#195,#196,#197,#198,#199),#6051,.F.);
#6142=ADVANCED_FACE('',(#1030),#6052,.F.);
#6143=ADVANCED_FACE('',(#1031,#200,#201,#202,#203),#6053,.F.);
#6144=ADVANCED_FACE('',(#1032),#6054,.F.);
#6145=ADVANCED_FACE('',(#1033),#6055,.F.);
#6146=ADVANCED_FACE('',(#1034),#6056,.F.);
#6147=ADVANCED_FACE('',(#1035),#6057,.F.);
#6148=ADVANCED_FACE('',(#1036),#6058,.F.);
#6149=ADVANCED_FACE('',(#1037),#6059,.F.);
#6150=ADVANCED_FACE('',(#1038),#6060,.F.);
#6151=ADVANCED_FACE('',(#1039),#6061,.F.);
#6152=ADVANCED_FACE('',(#1040),#93,.T.);
#6153=ADVANCED_FACE('',(#1041),#6062,.F.);
#6154=ADVANCED_FACE('',(#1042),#6063,.F.);
#6155=ADVANCED_FACE('',(#1043),#6064,.F.);
#6156=ADVANCED_FACE('',(#1044),#6065,.F.);
#6157=ADVANCED_FACE('',(#1045,#204,#205,#206),#6066,.T.);
#6158=ADVANCED_FACE('',(#1046),#422,.F.);
#6159=ADVANCED_FACE('',(#1047,#207),#6067,.T.);
#6160=ADVANCED_FACE('',(#1048),#423,.F.);
#6161=ADVANCED_FACE('',(#1049,#208),#6068,.T.);
#6162=ADVANCED_FACE('',(#1050),#424,.F.);
#6163=ADVANCED_FACE('',(#1051),#425,.F.);
#6164=ADVANCED_FACE('',(#1052),#426,.T.);
#6165=ADVANCED_FACE('',(#1053),#6069,.F.);
#6166=ADVANCED_FACE('',(#1054),#427,.T.);
#6167=ADVANCED_FACE('',(#1055),#428,.T.);
#6168=ADVANCED_FACE('',(#1056),#429,.T.);
#6169=ADVANCED_FACE('',(#1057),#430,.T.);
#6170=ADVANCED_FACE('',(#1058),#431,.T.);
#6171=ADVANCED_FACE('',(#1059),#432,.T.);
#6172=ADVANCED_FACE('',(#1060),#433,.T.);
#6173=ADVANCED_FACE('',(#1061),#434,.T.);
#6174=ADVANCED_FACE('',(#1062),#435,.T.);
#6175=ADVANCED_FACE('',(#1063),#436,.T.);
#6176=ADVANCED_FACE('',(#1064),#437,.T.);
#6177=ADVANCED_FACE('',(#1065),#438,.T.);
#6178=ADVANCED_FACE('',(#1066),#439,.T.);
#6179=ADVANCED_FACE('',(#1067),#440,.T.);
#6180=ADVANCED_FACE('',(#1068),#441,.T.);
#6181=ADVANCED_FACE('',(#1069),#6070,.F.);
#6182=ADVANCED_FACE('',(#1070),#6071,.F.);
#6183=ADVANCED_FACE('',(#1071),#6072,.F.);
#6184=ADVANCED_FACE('',(#1072),#6073,.F.);
#6185=ADVANCED_FACE('',(#1073),#6074,.F.);
#6186=ADVANCED_FACE('',(#1074),#6075,.T.);
#6187=ADVANCED_FACE('',(#1075),#6076,.T.);
#6188=ADVANCED_FACE('',(#1076),#6077,.F.);
#6189=ADVANCED_FACE('',(#1077),#6078,.F.);
#6190=ADVANCED_FACE('',(#1078),#23,.F.);
#6191=ADVANCED_FACE('',(#1079),#442,.T.);
#6192=ADVANCED_FACE('',(#1080),#24,.F.);
#6193=ADVANCED_FACE('',(#1081),#443,.T.);
#6194=ADVANCED_FACE('',(#1082),#25,.F.);
#6195=ADVANCED_FACE('',(#1083),#444,.T.);
#6196=ADVANCED_FACE('',(#1084),#26,.F.);
#6197=ADVANCED_FACE('',(#1085),#445,.T.);
#6198=ADVANCED_FACE('',(#1086,#209,#210,#211,#212,#213,#214,#215,#216,#217,
#218,#219,#220,#221,#222,#223,#224,#225,#226,#227,#228,#229,#230,#231,#232,
#233,#234,#235,#236,#237,#238,#239,#240,#241,#242,#243,#244),#6079,.T.);
#6199=ADVANCED_FACE('',(#1087,#245,#246,#247,#248,#249,#250,#251,#252,#253,
#254,#255,#256,#257,#258,#259,#260,#261,#262,#263,#264,#265,#266,#267,#268,
#269,#270,#271,#272,#273,#274,#275,#276,#277,#278,#279,#280),#6080,.T.);
#6200=ADVANCED_FACE('',(#1088),#446,.T.);
#6201=ADVANCED_FACE('',(#1089),#17,.T.);
#6202=ADVANCED_FACE('',(#1090),#447,.T.);
#6203=ADVANCED_FACE('',(#1091),#27,.F.);
#6204=ADVANCED_FACE('',(#1092),#448,.T.);
#6205=ADVANCED_FACE('',(#1093),#28,.F.);
#6206=ADVANCED_FACE('',(#1094),#29,.F.);
#6207=ADVANCED_FACE('',(#1095),#94,.T.);
#6208=ADVANCED_FACE('',(#1096),#449,.T.);
#6209=ADVANCED_FACE('',(#1097),#18,.T.);
#6210=ADVANCED_FACE('',(#1098),#19,.T.);
#6211=ADVANCED_FACE('',(#1099),#95,.T.);
#6212=ADVANCED_FACE('',(#1100),#450,.T.);
#6213=ADVANCED_FACE('',(#1101),#30,.F.);
#6214=ADVANCED_FACE('',(#1102),#31,.F.);
#6215=ADVANCED_FACE('',(#1103),#451,.T.);
#6216=ADVANCED_FACE('',(#1104),#20,.T.);
#6217=ADVANCED_FACE('',(#1105),#32,.F.);
#6218=ADVANCED_FACE('',(#1106),#6081,.T.);
#6219=ADVANCED_FACE('',(#1107),#452,.T.);
#6220=ADVANCED_FACE('',(#1108),#453,.T.);
#6221=ADVANCED_FACE('',(#1109),#454,.T.);
#6222=ADVANCED_FACE('',(#1110),#455,.F.);
#6223=ADVANCED_FACE('',(#1111),#456,.F.);
#6224=ADVANCED_FACE('',(#1112),#33,.F.);
#6225=ADVANCED_FACE('',(#1113),#96,.T.);
#6226=ADVANCED_FACE('',(#1114),#457,.T.);
#6227=ADVANCED_FACE('',(#1115),#97,.T.);
#6228=ADVANCED_FACE('',(#1116),#458,.T.);
#6229=ADVANCED_FACE('',(#1117),#98,.T.);
#6230=ADVANCED_FACE('',(#1118),#34,.F.);
#6231=ADVANCED_FACE('',(#1119),#6082,.T.);
#6232=ADVANCED_FACE('',(#1120),#459,.T.);
#6233=ADVANCED_FACE('',(#1121),#6083,.F.);
#6234=ADVANCED_FACE('',(#1122),#460,.F.);
#6235=ADVANCED_FACE('',(#1123),#99,.F.);
#6236=ADVANCED_FACE('',(#1124),#461,.F.);
#6237=ADVANCED_FACE('',(#1125),#100,.F.);
#6238=ADVANCED_FACE('',(#1126),#101,.F.);
#6239=ADVANCED_FACE('',(#1127),#102,.F.);
#6240=ADVANCED_FACE('',(#1128),#462,.T.);
#6241=ADVANCED_FACE('',(#1129),#463,.T.);
#6242=ADVANCED_FACE('',(#1130,#281,#282),#6084,.T.);
#6243=ADVANCED_FACE('',(#1131),#464,.F.);
#6244=ADVANCED_FACE('',(#1132),#465,.T.);
#6245=ADVANCED_FACE('',(#1133),#466,.F.);
#6246=ADVANCED_FACE('',(#1134),#467,.T.);
#6247=ADVANCED_FACE('',(#1135),#103,.T.);
#6248=ADVANCED_FACE('',(#1136),#35,.F.);
#6249=ADVANCED_FACE('',(#1137),#36,.F.);
#6250=ADVANCED_FACE('',(#1138),#468,.T.);
#6251=ADVANCED_FACE('',(#1139),#6085,.T.);
#6252=ADVANCED_FACE('',(#1140),#469,.T.);
#6253=ADVANCED_FACE('',(#1141),#15,.F.);
#6254=ADVANCED_FACE('',(#1142),#470,.T.);
#6255=ADVANCED_FACE('',(#1143),#16,.F.);
#6256=ADVANCED_FACE('',(#1144),#6086,.F.);
#6257=ADVANCED_FACE('',(#1145),#471,.T.);
#6258=ADVANCED_FACE('',(#1146),#37,.F.);
#6259=ADVANCED_FACE('',(#1147),#472,.T.);
#6260=ADVANCED_FACE('',(#1148),#38,.F.);
#6261=ADVANCED_FACE('',(#1149),#104,.T.);
#6262=ADVANCED_FACE('',(#1150),#473,.T.);
#6263=ADVANCED_FACE('',(#1151),#105,.T.);
#6264=ADVANCED_FACE('',(#1152),#474,.T.);
#6265=ADVANCED_FACE('',(#1153),#106,.T.);
#6266=ADVANCED_FACE('',(#1154),#107,.T.);
#6267=ADVANCED_FACE('',(#1155),#475,.T.);
#6268=ADVANCED_FACE('',(#1156),#476,.F.);
#6269=ADVANCED_FACE('',(#1157),#39,.T.);
#6270=ADVANCED_FACE('',(#1158,#283),#6087,.T.);
#6271=ADVANCED_FACE('',(#1159),#40,.F.);
#6272=ADVANCED_FACE('',(#1160),#477,.T.);
#6273=ADVANCED_FACE('',(#1161),#41,.F.);
#6274=ADVANCED_FACE('',(#1162),#478,.F.);
#6275=ADVANCED_FACE('',(#1163),#42,.F.);
#6276=ADVANCED_FACE('',(#1164),#479,.T.);
#6277=ADVANCED_FACE('',(#1165),#6088,.F.);
#6278=ADVANCED_FACE('',(#1166,#284,#285,#286,#287),#6089,.T.);
#6279=ADVANCED_FACE('',(#1167),#108,.F.);
#6280=ADVANCED_FACE('',(#1168),#109,.T.);
#6281=ADVANCED_FACE('',(#1169),#110,.F.);
#6282=ADVANCED_FACE('',(#1170),#43,.T.);
#6283=ADVANCED_FACE('',(#1171),#44,.T.);
#6284=ADVANCED_FACE('',(#1172),#45,.T.);
#6285=ADVANCED_FACE('',(#1173),#46,.T.);
#6286=ADVANCED_FACE('',(#1174),#47,.T.);
#6287=ADVANCED_FACE('',(#1175),#48,.T.);
#6288=ADVANCED_FACE('',(#1176),#480,.T.);
#6289=ADVANCED_FACE('',(#1177),#111,.T.);
#6290=ADVANCED_FACE('',(#1178,#288,#289),#6090,.T.);
#6291=ADVANCED_FACE('',(#1179),#481,.F.);
#6292=ADVANCED_FACE('',(#1180),#112,.T.);
#6293=ADVANCED_FACE('',(#1181),#482,.F.);
#6294=ADVANCED_FACE('',(#1182),#113,.T.);
#6295=ADVANCED_FACE('',(#1183),#49,.F.);
#6296=ADVANCED_FACE('',(#1184),#483,.F.);
#6297=ADVANCED_FACE('',(#1185),#50,.F.);
#6298=ADVANCED_FACE('',(#1186),#114,.T.);
#6299=ADVANCED_FACE('',(#1187),#484,.T.);
#6300=ADVANCED_FACE('',(#1188),#485,.F.);
#6301=ADVANCED_FACE('',(#1189),#486,.T.);
#6302=ADVANCED_FACE('',(#1190),#115,.T.);
#6303=ADVANCED_FACE('',(#1191),#51,.F.);
#6304=ADVANCED_FACE('',(#1192),#52,.F.);
#6305=ADVANCED_FACE('',(#1193),#53,.F.);
#6306=ADVANCED_FACE('',(#1194),#6091,.F.);
#6307=ADVANCED_FACE('',(#1195),#487,.T.);
#6308=ADVANCED_FACE('',(#1196),#54,.F.);
#6309=ADVANCED_FACE('',(#1197),#55,.F.);
#6310=ADVANCED_FACE('',(#1198),#56,.F.);
#6311=ADVANCED_FACE('',(#1199),#57,.F.);
#6312=ADVANCED_FACE('',(#1200),#488,.T.);
#6313=ADVANCED_FACE('',(#1201),#58,.F.);
#6314=ADVANCED_FACE('',(#1202),#116,.T.);
#6315=ADVANCED_FACE('',(#1203),#489,.T.);
#6316=ADVANCED_FACE('',(#1204),#117,.T.);
#6317=ADVANCED_FACE('',(#1205),#490,.T.);
#6318=ADVANCED_FACE('',(#1206),#118,.T.);
#6319=ADVANCED_FACE('',(#1207),#59,.F.);
#6320=ADVANCED_FACE('',(#1208),#491,.T.);
#6321=ADVANCED_FACE('',(#1209),#60,.F.);
#6322=ADVANCED_FACE('',(#1210),#61,.F.);
#6323=ADVANCED_FACE('',(#1211),#119,.T.);
#6324=ADVANCED_FACE('',(#1212),#492,.T.);
#6325=ADVANCED_FACE('',(#1213),#6092,.F.);
#6326=ADVANCED_FACE('',(#1214),#493,.T.);
#6327=ADVANCED_FACE('',(#1215),#494,.F.);
#6328=ADVANCED_FACE('',(#1216),#62,.T.);
#6329=ADVANCED_FACE('',(#1217),#6093,.T.);
#6330=ADVANCED_FACE('',(#1218),#495,.T.);
#6331=ADVANCED_FACE('',(#1219),#63,.F.);
#6332=ADVANCED_FACE('',(#1220),#496,.T.);
#6333=ADVANCED_FACE('',(#1221),#64,.F.);
#6334=ADVANCED_FACE('',(#1222),#120,.F.);
#6335=ADVANCED_FACE('',(#1223),#6094,.F.);
#6336=ADVANCED_FACE('',(#1224),#121,.F.);
#6337=ADVANCED_FACE('',(#1225),#497,.F.);
#6338=ADVANCED_FACE('',(#1226),#65,.F.);
#6339=ADVANCED_FACE('',(#1227),#498,.T.);
#6340=ADVANCED_FACE('',(#1228),#122,.T.);
#6341=ADVANCED_FACE('',(#1229),#499,.F.);
#6342=ADVANCED_FACE('',(#1230),#500,.F.);
#6343=ADVANCED_FACE('',(#1231),#501,.F.);
#6344=ADVANCED_FACE('',(#1232,#290),#6095,.T.);
#6345=ADVANCED_FACE('',(#1233),#502,.F.);
#6346=ADVANCED_FACE('',(#1234,#291),#6096,.T.);
#6347=ADVANCED_FACE('',(#1235),#503,.F.);
#6348=ADVANCED_FACE('',(#1236,#292),#6097,.T.);
#6349=ADVANCED_FACE('',(#1237,#293),#6098,.T.);
#6350=ADVANCED_FACE('',(#1238),#504,.T.);
#6351=ADVANCED_FACE('',(#1239),#6099,.T.);
#6352=ADVANCED_FACE('',(#1240),#505,.F.);
#6353=ADVANCED_FACE('',(#1241),#6100,.F.);
#6354=ADVANCED_FACE('',(#1242),#6101,.F.);
#6355=ADVANCED_FACE('',(#1243),#6102,.F.);
#6356=ADVANCED_FACE('',(#1244),#6103,.F.);
#6357=ADVANCED_FACE('',(#1245),#6104,.T.);
#6358=ADVANCED_FACE('',(#1246),#6105,.F.);
#6359=ADVANCED_FACE('',(#1247),#6106,.F.);
#6360=ADVANCED_FACE('',(#1248),#6107,.F.);
#6361=ADVANCED_FACE('',(#1249),#506,.F.);
#6362=ADVANCED_FACE('',(#1250),#507,.F.);
#6363=ADVANCED_FACE('',(#1251),#508,.F.);
#6364=ADVANCED_FACE('',(#1252),#509,.F.);
#6365=ADVANCED_FACE('',(#1253),#6108,.F.);
#6366=ADVANCED_FACE('',(#1254),#510,.F.);
#6367=ADVANCED_FACE('',(#1255),#511,.F.);
#6368=ADVANCED_FACE('',(#1256),#6109,.T.);
#6369=ADVANCED_FACE('',(#1257),#512,.T.);
#6370=ADVANCED_FACE('',(#1258),#513,.T.);
#6371=ADVANCED_FACE('',(#1259),#514,.T.);
#6372=ADVANCED_FACE('',(#1260),#515,.T.);
#6373=ADVANCED_FACE('',(#1261),#21,.T.);
#6374=ADVANCED_FACE('',(#1262),#516,.T.);
#6375=ADVANCED_FACE('',(#1263),#22,.T.);
#6376=ADVANCED_FACE('',(#1264),#517,.T.);
#6377=ADVANCED_FACE('',(#1265),#518,.T.);
#6378=ADVANCED_FACE('',(#1266,#294,#295),#6110,.T.);
#6379=ADVANCED_FACE('',(#1267),#6111,.T.);
#6380=ADVANCED_FACE('',(#1268),#519,.T.);
#6381=ADVANCED_FACE('',(#1269),#520,.T.);
#6382=ADVANCED_FACE('',(#1270),#6112,.F.);
#6383=ADVANCED_FACE('',(#1271),#6113,.T.);
#6384=ADVANCED_FACE('',(#1272),#521,.T.);
#6385=ADVANCED_FACE('',(#1273),#6114,.T.);
#6386=ADVANCED_FACE('',(#1274),#522,.T.);
#6387=ADVANCED_FACE('',(#1275),#6115,.T.);
#6388=ADVANCED_FACE('',(#1276),#523,.T.);
#6389=ADVANCED_FACE('',(#1277),#524,.T.);
#6390=ADVANCED_FACE('',(#1278),#525,.F.);
#6391=ADVANCED_FACE('',(#1279,#296),#6116,.T.);
#6392=ADVANCED_FACE('',(#1280),#526,.F.);
#6393=ADVANCED_FACE('',(#1281,#297),#6117,.T.);
#6394=ADVANCED_FACE('',(#1282),#527,.F.);
#6395=ADVANCED_FACE('',(#1283,#298),#6118,.T.);
#6396=ADVANCED_FACE('',(#1284),#528,.F.);
#6397=ADVANCED_FACE('',(#1285,#299),#6119,.T.);
#6398=ADVANCED_FACE('',(#1286),#529,.F.);
#6399=ADVANCED_FACE('',(#1287,#300),#6120,.T.);
#6400=ADVANCED_FACE('',(#1288),#530,.F.);
#6401=ADVANCED_FACE('',(#1289,#301),#6121,.T.);
#6402=ADVANCED_FACE('',(#1290,#302),#6122,.T.);
#6403=ADVANCED_FACE('',(#1291),#531,.F.);
#6404=ADVANCED_FACE('',(#1292,#303),#6123,.T.);
#6405=ADVANCED_FACE('',(#1293),#532,.F.);
#6406=ADVANCED_FACE('',(#1294),#533,.F.);
#6407=ADVANCED_FACE('',(#1295),#534,.F.);
#6408=ADVANCED_FACE('',(#1296),#535,.F.);
#6409=ADVANCED_FACE('',(#1297),#536,.F.);
#6410=ADVANCED_FACE('',(#1298),#537,.F.);
#6411=ADVANCED_FACE('',(#1299),#538,.F.);
#6412=ADVANCED_FACE('',(#1300),#539,.F.);
#6413=ADVANCED_FACE('',(#1301),#540,.F.);
#6414=ADVANCED_FACE('',(#1302),#541,.F.);
#6415=ADVANCED_FACE('',(#1303),#542,.F.);
#6416=ADVANCED_FACE('',(#1304),#543,.F.);
#6417=ADVANCED_FACE('',(#1305),#544,.F.);
#6418=ADVANCED_FACE('',(#1306),#545,.F.);
#6419=ADVANCED_FACE('',(#1307),#546,.F.);
#6420=ADVANCED_FACE('',(#1308),#547,.F.);
#6421=ADVANCED_FACE('',(#1309),#548,.F.);
#6422=ADVANCED_FACE('',(#1310),#549,.F.);
#6423=ADVANCED_FACE('',(#1311),#550,.F.);
#6424=ADVANCED_FACE('',(#1312),#551,.F.);
#6425=ADVANCED_FACE('',(#1313),#552,.F.);
#6426=ADVANCED_FACE('',(#1314),#553,.F.);
#6427=ADVANCED_FACE('',(#1315),#554,.F.);
#6428=ADVANCED_FACE('',(#1316),#555,.F.);
#6429=ADVANCED_FACE('',(#1317),#556,.F.);
#6430=ADVANCED_FACE('',(#1318),#557,.F.);
#6431=ADVANCED_FACE('',(#1319),#558,.F.);
#6432=ADVANCED_FACE('',(#1320),#559,.F.);
#6433=ADVANCED_FACE('',(#1321),#560,.F.);
#6434=ADVANCED_FACE('',(#1322),#561,.F.);
#6435=ADVANCED_FACE('',(#1323),#562,.F.);
#6436=ADVANCED_FACE('',(#1324),#563,.F.);
#6437=ADVANCED_FACE('',(#1325),#564,.F.);
#6438=ADVANCED_FACE('',(#1326),#565,.F.);
#6439=ADVANCED_FACE('',(#1327),#566,.F.);
#6440=ADVANCED_FACE('',(#1328),#567,.F.);
#6441=ADVANCED_FACE('',(#1329),#568,.F.);
#6442=ADVANCED_FACE('',(#1330),#569,.F.);
#6443=ADVANCED_FACE('',(#1331),#570,.F.);
#6444=ADVANCED_FACE('',(#1332),#571,.F.);
#6445=ADVANCED_FACE('',(#1333),#572,.F.);
#6446=ADVANCED_FACE('',(#1334),#573,.F.);
#6447=ADVANCED_FACE('',(#1335),#574,.F.);
#6448=ADVANCED_FACE('',(#1336),#575,.F.);
#6449=ADVANCED_FACE('',(#1337),#576,.F.);
#6450=ADVANCED_FACE('',(#1338),#577,.F.);
#6451=ADVANCED_FACE('',(#1339),#578,.F.);
#6452=ADVANCED_FACE('',(#1340),#579,.F.);
#6453=ADVANCED_FACE('',(#1341),#580,.F.);
#6454=ADVANCED_FACE('',(#1342),#581,.F.);
#6455=ADVANCED_FACE('',(#1343),#582,.F.);
#6456=ADVANCED_FACE('',(#1344),#583,.F.);
#6457=ADVANCED_FACE('',(#1345),#584,.F.);
#6458=ADVANCED_FACE('',(#1346),#585,.F.);
#6459=ADVANCED_FACE('',(#1347),#586,.F.);
#6460=ADVANCED_FACE('',(#1348),#587,.F.);
#6461=ADVANCED_FACE('',(#1349),#588,.F.);
#6462=ADVANCED_FACE('',(#1350),#589,.F.);
#6463=ADVANCED_FACE('',(#1351),#590,.F.);
#6464=ADVANCED_FACE('',(#1352),#591,.F.);
#6465=ADVANCED_FACE('',(#1353),#592,.F.);
#6466=ADVANCED_FACE('',(#1354),#593,.F.);
#6467=ADVANCED_FACE('',(#1355),#594,.F.);
#6468=ADVANCED_FACE('',(#1356),#595,.F.);
#6469=ADVANCED_FACE('',(#1357),#596,.F.);
#6470=ADVANCED_FACE('',(#1358),#597,.F.);
#6471=ADVANCED_FACE('',(#1359),#598,.F.);
#6472=ADVANCED_FACE('',(#1360),#599,.F.);
#6473=ADVANCED_FACE('',(#1361),#600,.F.);
#6474=ADVANCED_FACE('',(#1362),#601,.F.);
#6475=ADVANCED_FACE('',(#1363),#602,.F.);
#6476=ADVANCED_FACE('',(#1364),#603,.F.);
#6477=ADVANCED_FACE('',(#1365),#604,.F.);
#6478=ADVANCED_FACE('',(#1366),#605,.F.);
#6479=CLOSED_SHELL('',(#6124,#6125,#6126,#6127,#6128,#6129,#6130,#6131,
#6132,#6133,#6134,#6135,#6136,#6137,#6138,#6139,#6140,#6141,#6142,#6143,
#6144,#6145,#6146,#6147,#6148,#6149,#6150,#6151,#6152,#6153,#6154,#6155,
#6156,#6157,#6158,#6159,#6160,#6161,#6162,#6163,#6164,#6165,#6166,#6167,
#6168,#6169,#6170,#6171,#6172,#6173,#6174,#6175,#6176,#6177,#6178,#6179,
#6180,#6181,#6182,#6183,#6184,#6185,#6186,#6187,#6188,#6189,#6190,#6191,
#6192,#6193,#6194,#6195,#6196,#6197,#6198,#6199,#6200,#6201,#6202,#6203,
#6204,#6205,#6206,#6207,#6208,#6209,#6210,#6211,#6212,#6213,#6214,#6215,
#6216,#6217,#6218,#6219,#6220,#6221,#6222,#6223,#6224,#6225,#6226,#6227,
#6228,#6229,#6230,#6231,#6232,#6233,#6234,#6235,#6236,#6237,#6238,#6239,
#6240,#6241,#6242,#6243,#6244,#6245,#6246,#6247,#6248,#6249,#6250,#6251,
#6252,#6253,#6254,#6255,#6256,#6257,#6258,#6259,#6260,#6261,#6262,#6263,
#6264,#6265,#6266,#6267,#6268,#6269,#6270,#6271,#6272,#6273,#6274,#6275,
#6276,#6277,#6278,#6279,#6280,#6281,#6282,#6283,#6284,#6285,#6286,#6287,
#6288,#6289,#6290,#6291,#6292,#6293,#6294,#6295,#6296,#6297,#6298,#6299,
#6300,#6301,#6302,#6303,#6304,#6305,#6306,#6307,#6308,#6309,#6310,#6311,
#6312,#6313,#6314,#6315,#6316,#6317,#6318,#6319,#6320,#6321,#6322,#6323,
#6324,#6325,#6326,#6327,#6328,#6329,#6330,#6331,#6332,#6333,#6334,#6335,
#6336,#6337,#6338,#6339,#6340,#6341,#6342,#6343,#6344,#6345,#6346,#6347,
#6348,#6349,#6350,#6351,#6352,#6353,#6354,#6355,#6356,#6357,#6358,#6359,
#6360,#6361,#6362,#6363,#6364,#6365,#6366,#6367,#6368,#6369,#6370,#6371,
#6372,#6373,#6374,#6375,#6376,#6377,#6378,#6379,#6380,#6381,#6382,#6383,
#6384,#6385,#6386,#6387,#6388,#6389,#6390,#6391,#6392,#6393,#6394,#6395,
#6396,#6397,#6398,#6399,#6400,#6401,#6402,#6403,#6404,#6405,#6406,#6407,
#6408,#6409,#6410,#6411,#6412,#6413,#6414,#6415,#6416,#6417,#6418,#6419,
#6420,#6421,#6422,#6423,#6424,#6425,#6426,#6427,#6428,#6429,#6430,#6431,
#6432,#6433,#6434,#6435,#6436,#6437,#6438,#6439,#6440,#6441,#6442,#6443,
#6444,#6445,#6446,#6447,#6448,#6449,#6450,#6451,#6452,#6453,#6454,#6455,
#6456,#6457,#6458,#6459,#6460,#6461,#6462,#6463,#6464,#6465,#6466,#6467,
#6468,#6469,#6470,#6471,#6472,#6473,#6474,#6475,#6476,#6477,#6478));
#6480=DERIVED_UNIT_ELEMENT(#6482,1.);
#6481=DERIVED_UNIT_ELEMENT(#12977,-3.);
#6482=(
MASS_UNIT()
NAMED_UNIT(*)
SI_UNIT(.KILO.,.GRAM.)
);
#6483=DERIVED_UNIT((#6480,#6481));
#6484=MEASURE_REPRESENTATION_ITEM('density measure',
POSITIVE_RATIO_MEASURE(7850.),#6483);
#6485=PROPERTY_DEFINITION_REPRESENTATION(#6490,#6487);
#6486=PROPERTY_DEFINITION_REPRESENTATION(#6491,#6488);
#6487=REPRESENTATION('material name',(#6489),#12974);
#6488=REPRESENTATION('density',(#6484),#12974);
#6489=DESCRIPTIVE_REPRESENTATION_ITEM('\X2\AC15CCA0\X0\','\X2\AC15CCA0\X0\');
#6490=PROPERTY_DEFINITION('material property','material name',#12984);
#6491=PROPERTY_DEFINITION('material property','density of part',#12984);
#6492=AXIS2_PLACEMENT_3D('',#9108,#7236,#7237);
#6493=AXIS2_PLACEMENT_3D('',#9109,#7238,#7239);
#6494=AXIS2_PLACEMENT_3D('',#9118,#7244,#7245);
#6495=AXIS2_PLACEMENT_3D('',#9120,#7246,#7247);
#6496=AXIS2_PLACEMENT_3D('',#9124,#7250,#7251);
#6497=AXIS2_PLACEMENT_3D('',#9127,#7252,#7253);
#6498=AXIS2_PLACEMENT_3D('',#9131,#7255,#7256);
#6499=AXIS2_PLACEMENT_3D('',#9137,#7259,#7260);
#6500=AXIS2_PLACEMENT_3D('',#9140,#7262,#7263);
#6501=AXIS2_PLACEMENT_3D('',#9146,#7266,#7267);
#6502=AXIS2_PLACEMENT_3D('',#9148,#7269,#7270);
#6503=AXIS2_PLACEMENT_3D('',#9150,#7271,#7272);
#6504=AXIS2_PLACEMENT_3D('',#9153,#7274,#7275);
#6505=AXIS2_PLACEMENT_3D('',#9154,#7276,#7277);
#6506=AXIS2_PLACEMENT_3D('',#9156,#7278,#7279);
#6507=AXIS2_PLACEMENT_3D('',#9160,#7281,#7282);
#6508=AXIS2_PLACEMENT_3D('',#9164,#7285,#7286);
#6509=AXIS2_PLACEMENT_3D('',#9165,#7287,#7288);
#6510=AXIS2_PLACEMENT_3D('',#9166,#7289,#7290);
#6511=AXIS2_PLACEMENT_3D('',#9167,#7291,#7292);
#6512=AXIS2_PLACEMENT_3D('',#9168,#7293,#7294);
#6513=AXIS2_PLACEMENT_3D('',#9169,#7295,#7296);
#6514=AXIS2_PLACEMENT_3D('',#9170,#7297,#7298);
#6515=AXIS2_PLACEMENT_3D('',#9194,#7303,#7304);
#6516=AXIS2_PLACEMENT_3D('',#9196,#7305,#7306);
#6517=AXIS2_PLACEMENT_3D('',#9197,#7307,#7308);
#6518=AXIS2_PLACEMENT_3D('',#9201,#7311,#7312);
#6519=AXIS2_PLACEMENT_3D('',#9207,#7316,#7317);
#6520=AXIS2_PLACEMENT_3D('',#9209,#7319,#7320);
#6521=AXIS2_PLACEMENT_3D('',#9210,#7321,#7322);
#6522=AXIS2_PLACEMENT_3D('',#9219,#7327,#7328);
#6523=AXIS2_PLACEMENT_3D('',#9230,#7334,#7335);
#6524=AXIS2_PLACEMENT_3D('',#9231,#7336,#7337);
#6525=AXIS2_PLACEMENT_3D('',#9237,#7341,#7342);
#6526=AXIS2_PLACEMENT_3D('',#9253,#7351,#7352);
#6527=AXIS2_PLACEMENT_3D('',#9264,#7358,#7359);
#6528=AXIS2_PLACEMENT_3D('',#9265,#7360,#7361);
#6529=AXIS2_PLACEMENT_3D('',#9273,#7365,#7366);
#6530=AXIS2_PLACEMENT_3D('',#9280,#7370,#7371);
#6531=AXIS2_PLACEMENT_3D('',#9282,#7372,#7373);
#6532=AXIS2_PLACEMENT_3D('',#9284,#7374,#7375);
#6533=AXIS2_PLACEMENT_3D('',#9286,#7376,#7377);
#6534=AXIS2_PLACEMENT_3D('',#9288,#7378,#7379);
#6535=AXIS2_PLACEMENT_3D('',#9290,#7380,#7381);
#6536=AXIS2_PLACEMENT_3D('',#9292,#7382,#7383);
#6537=AXIS2_PLACEMENT_3D('',#9294,#7384,#7385);
#6538=AXIS2_PLACEMENT_3D('',#9296,#7386,#7387);
#6539=AXIS2_PLACEMENT_3D('',#9298,#7388,#7389);
#6540=AXIS2_PLACEMENT_3D('',#9300,#7390,#7391);
#6541=AXIS2_PLACEMENT_3D('',#9302,#7392,#7393);
#6542=AXIS2_PLACEMENT_3D('',#9304,#7394,#7395);
#6543=AXIS2_PLACEMENT_3D('',#9306,#7396,#7397);
#6544=AXIS2_PLACEMENT_3D('',#9308,#7398,#7399);
#6545=AXIS2_PLACEMENT_3D('',#9310,#7400,#7401);
#6546=AXIS2_PLACEMENT_3D('',#9312,#7402,#7403);
#6547=AXIS2_PLACEMENT_3D('',#9314,#7404,#7405);
#6548=AXIS2_PLACEMENT_3D('',#9316,#7406,#7407);
#6549=AXIS2_PLACEMENT_3D('',#9318,#7408,#7409);
#6550=AXIS2_PLACEMENT_3D('',#9320,#7410,#7411);
#6551=AXIS2_PLACEMENT_3D('',#9322,#7412,#7413);
#6552=AXIS2_PLACEMENT_3D('',#9324,#7414,#7415);
#6553=AXIS2_PLACEMENT_3D('',#9326,#7416,#7417);
#6554=AXIS2_PLACEMENT_3D('',#9328,#7418,#7419);
#6555=AXIS2_PLACEMENT_3D('',#9330,#7420,#7421);
#6556=AXIS2_PLACEMENT_3D('',#9332,#7422,#7423);
#6557=AXIS2_PLACEMENT_3D('',#9334,#7424,#7425);
#6558=AXIS2_PLACEMENT_3D('',#9336,#7426,#7427);
#6559=AXIS2_PLACEMENT_3D('',#9338,#7428,#7429);
#6560=AXIS2_PLACEMENT_3D('',#9340,#7430,#7431);
#6561=AXIS2_PLACEMENT_3D('',#9342,#7432,#7433);
#6562=AXIS2_PLACEMENT_3D('',#9344,#7434,#7435);
#6563=AXIS2_PLACEMENT_3D('',#9346,#7436,#7437);
#6564=AXIS2_PLACEMENT_3D('',#9348,#7438,#7439);
#6565=AXIS2_PLACEMENT_3D('',#9350,#7440,#7441);
#6566=AXIS2_PLACEMENT_3D('',#9351,#7442,#7443);
#6567=AXIS2_PLACEMENT_3D('',#9357,#7446,#7447);
#6568=AXIS2_PLACEMENT_3D('',#9365,#7451,#7452);
#6569=AXIS2_PLACEMENT_3D('',#9370,#7455,#7456);
#6570=AXIS2_PLACEMENT_3D('',#9372,#7457,#7458);
#6571=AXIS2_PLACEMENT_3D('',#9374,#7459,#7460);
#6572=AXIS2_PLACEMENT_3D('',#9376,#7461,#7462);
#6573=AXIS2_PLACEMENT_3D('',#9378,#7463,#7464);
#6574=AXIS2_PLACEMENT_3D('',#9380,#7465,#7466);
#6575=AXIS2_PLACEMENT_3D('',#9382,#7467,#7468);
#6576=AXIS2_PLACEMENT_3D('',#9384,#7469,#7470);
#6577=AXIS2_PLACEMENT_3D('',#9386,#7471,#7472);
#6578=AXIS2_PLACEMENT_3D('',#9388,#7473,#7474);
#6579=AXIS2_PLACEMENT_3D('',#9390,#7475,#7476);
#6580=AXIS2_PLACEMENT_3D('',#9392,#7477,#7478);
#6581=AXIS2_PLACEMENT_3D('',#9394,#7479,#7480);
#6582=AXIS2_PLACEMENT_3D('',#9396,#7481,#7482);
#6583=AXIS2_PLACEMENT_3D('',#9398,#7483,#7484);
#6584=AXIS2_PLACEMENT_3D('',#9400,#7485,#7486);
#6585=AXIS2_PLACEMENT_3D('',#9402,#7487,#7488);
#6586=AXIS2_PLACEMENT_3D('',#9404,#7489,#7490);
#6587=AXIS2_PLACEMENT_3D('',#9406,#7491,#7492);
#6588=AXIS2_PLACEMENT_3D('',#9408,#7493,#7494);
#6589=AXIS2_PLACEMENT_3D('',#9410,#7495,#7496);
#6590=AXIS2_PLACEMENT_3D('',#9412,#7497,#7498);
#6591=AXIS2_PLACEMENT_3D('',#9414,#7499,#7500);
#6592=AXIS2_PLACEMENT_3D('',#9416,#7501,#7502);
#6593=AXIS2_PLACEMENT_3D('',#9418,#7503,#7504);
#6594=AXIS2_PLACEMENT_3D('',#9420,#7505,#7506);
#6595=AXIS2_PLACEMENT_3D('',#9422,#7507,#7508);
#6596=AXIS2_PLACEMENT_3D('',#9424,#7509,#7510);
#6597=AXIS2_PLACEMENT_3D('',#9426,#7511,#7512);
#6598=AXIS2_PLACEMENT_3D('',#9428,#7513,#7514);
#6599=AXIS2_PLACEMENT_3D('',#9430,#7515,#7516);
#6600=AXIS2_PLACEMENT_3D('',#9432,#7517,#7518);
#6601=AXIS2_PLACEMENT_3D('',#9434,#7519,#7520);
#6602=AXIS2_PLACEMENT_3D('',#9436,#7521,#7522);
#6603=AXIS2_PLACEMENT_3D('',#9438,#7523,#7524);
#6604=AXIS2_PLACEMENT_3D('',#9440,#7525,#7526);
#6605=AXIS2_PLACEMENT_3D('',#9441,#7527,#7528);
#6606=AXIS2_PLACEMENT_3D('',#9444,#7531,#7532);
#6607=AXIS2_PLACEMENT_3D('',#9450,#7536,#7537);
#6608=AXIS2_PLACEMENT_3D('',#9452,#7538,#7539);
#6609=AXIS2_PLACEMENT_3D('',#9454,#7540,#7541);
#6610=AXIS2_PLACEMENT_3D('',#9456,#7542,#7543);
#6611=AXIS2_PLACEMENT_3D('',#9457,#7544,#7545);
#6612=AXIS2_PLACEMENT_3D('',#9463,#7549,#7550);
#6613=AXIS2_PLACEMENT_3D('',#9473,#7556,#7557);
#6614=AXIS2_PLACEMENT_3D('',#9479,#7561,#7562);
#6615=AXIS2_PLACEMENT_3D('',#9487,#7567,#7568);
#6616=AXIS2_PLACEMENT_3D('',#9490,#7569,#7570);
#6617=AXIS2_PLACEMENT_3D('',#9496,#7574,#7575);
#6618=AXIS2_PLACEMENT_3D('',#9511,#7578,#7579);
#6619=AXIS2_PLACEMENT_3D('',#9515,#7582,#7583);
#6620=AXIS2_PLACEMENT_3D('',#9528,#7585,#7586);
#6621=AXIS2_PLACEMENT_3D('',#9530,#7587,#7588);
#6622=AXIS2_PLACEMENT_3D('',#9552,#7589,#7590);
#6623=AXIS2_PLACEMENT_3D('',#9554,#7591,#7592);
#6624=AXIS2_PLACEMENT_3D('',#9556,#7593,#7594);
#6625=AXIS2_PLACEMENT_3D('',#9558,#7595,#7596);
#6626=AXIS2_PLACEMENT_3D('',#9560,#7597,#7598);
#6627=AXIS2_PLACEMENT_3D('',#9581,#7599,#7600);
#6628=AXIS2_PLACEMENT_3D('',#9582,#7601,#7602);
#6629=AXIS2_PLACEMENT_3D('',#9591,#7607,#7608);
#6630=AXIS2_PLACEMENT_3D('',#9606,#7611,#7612);
#6631=AXIS2_PLACEMENT_3D('',#9621,#7615,#7616);
#6632=AXIS2_PLACEMENT_3D('',#9622,#7617,#7618);
#6633=AXIS2_PLACEMENT_3D('',#9623,#7619,#7620);
#6634=AXIS2_PLACEMENT_3D('',#9625,#7621,#7622);
#6635=AXIS2_PLACEMENT_3D('',#9627,#7623,#7624);
#6636=AXIS2_PLACEMENT_3D('',#9629,#7625,#7626);
#6637=AXIS2_PLACEMENT_3D('',#9631,#7627,#7628);
#6638=AXIS2_PLACEMENT_3D('',#9639,#7632,#7633);
#6639=AXIS2_PLACEMENT_3D('',#9641,#7634,#7635);
#6640=AXIS2_PLACEMENT_3D('',#9643,#7636,#7637);
#6641=AXIS2_PLACEMENT_3D('',#9644,#7638,#7639);
#6642=AXIS2_PLACEMENT_3D('',#9646,#7640,#7641);
#6643=AXIS2_PLACEMENT_3D('',#9648,#7642,#7643);
#6644=AXIS2_PLACEMENT_3D('',#9650,#7644,#7645);
#6645=AXIS2_PLACEMENT_3D('',#9651,#7646,#7647);
#6646=AXIS2_PLACEMENT_3D('',#9654,#7649,#7650);
#6647=AXIS2_PLACEMENT_3D('',#9655,#7651,#7652);
#6648=AXIS2_PLACEMENT_3D('',#9657,#7653,#7654);
#6649=AXIS2_PLACEMENT_3D('',#9658,#7655,#7656);
#6650=AXIS2_PLACEMENT_3D('',#9661,#7658,#7659);
#6651=AXIS2_PLACEMENT_3D('',#9662,#7660,#7661);
#6652=AXIS2_PLACEMENT_3D('',#9664,#7662,#7663);
#6653=AXIS2_PLACEMENT_3D('',#9665,#7664,#7665);
#6654=AXIS2_PLACEMENT_3D('',#9667,#7667,#7668);
#6655=AXIS2_PLACEMENT_3D('',#9669,#7670,#7671);
#6656=AXIS2_PLACEMENT_3D('',#9724,#7673,#7674);
#6657=AXIS2_PLACEMENT_3D('',#9727,#7676,#7677);
#6658=AXIS2_PLACEMENT_3D('',#9728,#7678,#7679);
#6659=AXIS2_PLACEMENT_3D('',#9734,#7683,#7684);
#6660=AXIS2_PLACEMENT_3D('',#9744,#7687,#7688);
#6661=AXIS2_PLACEMENT_3D('',#9745,#7689,#7690);
#6662=AXIS2_PLACEMENT_3D('',#9749,#7692,#7693);
#6663=AXIS2_PLACEMENT_3D('',#9751,#7695,#7696);
#6664=AXIS2_PLACEMENT_3D('',#9754,#7698,#7699);
#6665=AXIS2_PLACEMENT_3D('',#9756,#7701,#7702);
#6666=AXIS2_PLACEMENT_3D('',#9759,#7704,#7705);
#6667=AXIS2_PLACEMENT_3D('',#9760,#7706,#7707);
#6668=AXIS2_PLACEMENT_3D('',#9763,#7709,#7710);
#6669=AXIS2_PLACEMENT_3D('',#9764,#7711,#7712);
#6670=AXIS2_PLACEMENT_3D('',#9767,#7714,#7715);
#6671=AXIS2_PLACEMENT_3D('',#9768,#7716,#7717);
#6672=AXIS2_PLACEMENT_3D('',#9771,#7719,#7720);
#6673=AXIS2_PLACEMENT_3D('',#9772,#7721,#7722);
#6674=AXIS2_PLACEMENT_3D('',#9777,#7725,#7726);
#6675=AXIS2_PLACEMENT_3D('',#9778,#7727,#7728);
#6676=AXIS2_PLACEMENT_3D('',#9782,#7731,#7732);
#6677=AXIS2_PLACEMENT_3D('',#9783,#7733,#7734);
#6678=AXIS2_PLACEMENT_3D('',#9786,#7736,#7737);
#6679=AXIS2_PLACEMENT_3D('',#9787,#7738,#7739);
#6680=AXIS2_PLACEMENT_3D('',#9790,#7741,#7742);
#6681=AXIS2_PLACEMENT_3D('',#9791,#7743,#7744);
#6682=AXIS2_PLACEMENT_3D('',#9796,#7747,#7748);
#6683=AXIS2_PLACEMENT_3D('',#9797,#7749,#7750);
#6684=AXIS2_PLACEMENT_3D('',#9801,#7752,#7753);
#6685=AXIS2_PLACEMENT_3D('',#9803,#7755,#7756);
#6686=AXIS2_PLACEMENT_3D('',#9807,#7758,#7759);
#6687=AXIS2_PLACEMENT_3D('',#9809,#7761,#7762);
#6688=AXIS2_PLACEMENT_3D('',#9817,#7765,#7766);
#6689=AXIS2_PLACEMENT_3D('',#9821,#7769,#7770);
#6690=AXIS2_PLACEMENT_3D('',#9827,#7774,#7775);
#6691=AXIS2_PLACEMENT_3D('',#9829,#7777,#7778);
#6692=AXIS2_PLACEMENT_3D('',#9831,#7780,#7781);
#6693=AXIS2_PLACEMENT_3D('',#9832,#7782,#7783);
#6694=AXIS2_PLACEMENT_3D('',#9836,#7786,#7787);
#6695=AXIS2_PLACEMENT_3D('',#9840,#7790,#7791);
#6696=AXIS2_PLACEMENT_3D('',#9849,#7796,#7797);
#6697=AXIS2_PLACEMENT_3D('',#9850,#7798,#7799);
#6698=AXIS2_PLACEMENT_3D('',#9883,#7801,#7802);
#6699=AXIS2_PLACEMENT_3D('',#9885,#7803,#7804);
#6700=AXIS2_PLACEMENT_3D('',#9886,#7805,#7806);
#6701=AXIS2_PLACEMENT_3D('',#9887,#7807,#7808);
#6702=AXIS2_PLACEMENT_3D('',#9889,#7809,#7810);
#6703=AXIS2_PLACEMENT_3D('',#9922,#7812,#7813);
#6704=AXIS2_PLACEMENT_3D('',#9923,#7814,#7815);
#6705=AXIS2_PLACEMENT_3D('',#9924,#7816,#7817);
#6706=AXIS2_PLACEMENT_3D('',#9927,#7819,#7820);
#6707=AXIS2_PLACEMENT_3D('',#9959,#7821,#7822);
#6708=AXIS2_PLACEMENT_3D('',#9960,#7823,#7824);
#6709=AXIS2_PLACEMENT_3D('',#9961,#7825,#7826);
#6710=AXIS2_PLACEMENT_3D('',#9964,#7828,#7829);
#6711=AXIS2_PLACEMENT_3D('',#9996,#7830,#7831);
#6712=AXIS2_PLACEMENT_3D('',#9997,#7832,#7833);
#6713=AXIS2_PLACEMENT_3D('',#9998,#7834,#7835);
#6714=AXIS2_PLACEMENT_3D('',#10002,#7837,#7838);
#6715=AXIS2_PLACEMENT_3D('',#10004,#7840,#7841);
#6716=AXIS2_PLACEMENT_3D('',#10031,#7846,#7847);
#6717=AXIS2_PLACEMENT_3D('',#10033,#7848,#7849);
#6718=AXIS2_PLACEMENT_3D('',#10035,#7850,#7851);
#6719=AXIS2_PLACEMENT_3D('',#10037,#7852,#7853);
#6720=AXIS2_PLACEMENT_3D('',#10039,#7854,#7855);
#6721=AXIS2_PLACEMENT_3D('',#10041,#7856,#7857);
#6722=AXIS2_PLACEMENT_3D('',#10043,#7858,#7859);
#6723=AXIS2_PLACEMENT_3D('',#10045,#7860,#7861);
#6724=AXIS2_PLACEMENT_3D('',#10047,#7862,#7863);
#6725=AXIS2_PLACEMENT_3D('',#10049,#7864,#7865);
#6726=AXIS2_PLACEMENT_3D('',#10051,#7866,#7867);
#6727=AXIS2_PLACEMENT_3D('',#10053,#7868,#7869);
#6728=AXIS2_PLACEMENT_3D('',#10055,#7870,#7871);
#6729=AXIS2_PLACEMENT_3D('',#10057,#7872,#7873);
#6730=AXIS2_PLACEMENT_3D('',#10059,#7874,#7875);
#6731=AXIS2_PLACEMENT_3D('',#10061,#7876,#7877);
#6732=AXIS2_PLACEMENT_3D('',#10063,#7878,#7879);
#6733=AXIS2_PLACEMENT_3D('',#10065,#7880,#7881);
#6734=AXIS2_PLACEMENT_3D('',#10067,#7882,#7883);
#6735=AXIS2_PLACEMENT_3D('',#10069,#7884,#7885);
#6736=AXIS2_PLACEMENT_3D('',#10071,#7886,#7887);
#6737=AXIS2_PLACEMENT_3D('',#10073,#7888,#7889);
#6738=AXIS2_PLACEMENT_3D('',#10075,#7890,#7891);
#6739=AXIS2_PLACEMENT_3D('',#10077,#7892,#7893);
#6740=AXIS2_PLACEMENT_3D('',#10079,#7894,#7895);
#6741=AXIS2_PLACEMENT_3D('',#10081,#7896,#7897);
#6742=AXIS2_PLACEMENT_3D('',#10083,#7898,#7899);
#6743=AXIS2_PLACEMENT_3D('',#10085,#7900,#7901);
#6744=AXIS2_PLACEMENT_3D('',#10087,#7902,#7903);
#6745=AXIS2_PLACEMENT_3D('',#10089,#7904,#7905);
#6746=AXIS2_PLACEMENT_3D('',#10091,#7906,#7907);
#6747=AXIS2_PLACEMENT_3D('',#10093,#7908,#7909);
#6748=AXIS2_PLACEMENT_3D('',#10095,#7910,#7911);
#6749=AXIS2_PLACEMENT_3D('',#10097,#7912,#7913);
#6750=AXIS2_PLACEMENT_3D('',#10099,#7914,#7915);
#6751=AXIS2_PLACEMENT_3D('',#10101,#7916,#7917);
#6752=AXIS2_PLACEMENT_3D('',#10103,#7918,#7919);
#6753=AXIS2_PLACEMENT_3D('',#10104,#7920,#7921);
#6754=AXIS2_PLACEMENT_3D('',#10108,#7923,#7924);
#6755=AXIS2_PLACEMENT_3D('',#10134,#7929,#7930);
#6756=AXIS2_PLACEMENT_3D('',#10136,#7931,#7932);
#6757=AXIS2_PLACEMENT_3D('',#10138,#7933,#7934);
#6758=AXIS2_PLACEMENT_3D('',#10140,#7935,#7936);
#6759=AXIS2_PLACEMENT_3D('',#10142,#7937,#7938);
#6760=AXIS2_PLACEMENT_3D('',#10144,#7939,#7940);
#6761=AXIS2_PLACEMENT_3D('',#10146,#7941,#7942);
#6762=AXIS2_PLACEMENT_3D('',#10148,#7943,#7944);
#6763=AXIS2_PLACEMENT_3D('',#10150,#7945,#7946);
#6764=AXIS2_PLACEMENT_3D('',#10152,#7947,#7948);
#6765=AXIS2_PLACEMENT_3D('',#10154,#7949,#7950);
#6766=AXIS2_PLACEMENT_3D('',#10156,#7951,#7952);
#6767=AXIS2_PLACEMENT_3D('',#10158,#7953,#7954);
#6768=AXIS2_PLACEMENT_3D('',#10160,#7955,#7956);
#6769=AXIS2_PLACEMENT_3D('',#10162,#7957,#7958);
#6770=AXIS2_PLACEMENT_3D('',#10164,#7959,#7960);
#6771=AXIS2_PLACEMENT_3D('',#10166,#7961,#7962);
#6772=AXIS2_PLACEMENT_3D('',#10168,#7963,#7964);
#6773=AXIS2_PLACEMENT_3D('',#10170,#7965,#7966);
#6774=AXIS2_PLACEMENT_3D('',#10172,#7967,#7968);
#6775=AXIS2_PLACEMENT_3D('',#10174,#7969,#7970);
#6776=AXIS2_PLACEMENT_3D('',#10176,#7971,#7972);
#6777=AXIS2_PLACEMENT_3D('',#10178,#7973,#7974);
#6778=AXIS2_PLACEMENT_3D('',#10180,#7975,#7976);
#6779=AXIS2_PLACEMENT_3D('',#10182,#7977,#7978);
#6780=AXIS2_PLACEMENT_3D('',#10184,#7979,#7980);
#6781=AXIS2_PLACEMENT_3D('',#10186,#7981,#7982);
#6782=AXIS2_PLACEMENT_3D('',#10188,#7983,#7984);
#6783=AXIS2_PLACEMENT_3D('',#10190,#7985,#7986);
#6784=AXIS2_PLACEMENT_3D('',#10192,#7987,#7988);
#6785=AXIS2_PLACEMENT_3D('',#10194,#7989,#7990);
#6786=AXIS2_PLACEMENT_3D('',#10196,#7991,#7992);
#6787=AXIS2_PLACEMENT_3D('',#10198,#7993,#7994);
#6788=AXIS2_PLACEMENT_3D('',#10200,#7995,#7996);
#6789=AXIS2_PLACEMENT_3D('',#10202,#7997,#7998);
#6790=AXIS2_PLACEMENT_3D('',#10204,#7999,#8000);
#6791=AXIS2_PLACEMENT_3D('',#10205,#8001,#8002);
#6792=AXIS2_PLACEMENT_3D('',#10208,#8004,#8005);
#6793=AXIS2_PLACEMENT_3D('',#10209,#8006,#8007);
#6794=AXIS2_PLACEMENT_3D('',#10211,#8008,#8009);
#6795=AXIS2_PLACEMENT_3D('',#10213,#8010,#8011);
#6796=AXIS2_PLACEMENT_3D('',#10214,#8012,#8013);
#6797=AXIS2_PLACEMENT_3D('',#10215,#8014,#8015);
#6798=AXIS2_PLACEMENT_3D('',#10217,#8016,#8017);
#6799=AXIS2_PLACEMENT_3D('',#10240,#8019,#8020);
#6800=AXIS2_PLACEMENT_3D('',#10242,#8021,#8022);
#6801=AXIS2_PLACEMENT_3D('',#10247,#8023,#8024);
#6802=AXIS2_PLACEMENT_3D('',#10249,#8025,#8026);
#6803=AXIS2_PLACEMENT_3D('',#10313,#8028,#8029);
#6804=AXIS2_PLACEMENT_3D('',#10319,#8030,#8031);
#6805=AXIS2_PLACEMENT_3D('',#10321,#8032,#8033);
#6806=AXIS2_PLACEMENT_3D('',#10322,#8034,#8035);
#6807=AXIS2_PLACEMENT_3D('',#10323,#8036,#8037);
#6808=AXIS2_PLACEMENT_3D('',#10325,#8039,#8040);
#6809=AXIS2_PLACEMENT_3D('',#10328,#8042,#8043);
#6810=AXIS2_PLACEMENT_3D('',#10330,#8045,#8046);
#6811=AXIS2_PLACEMENT_3D('',#10331,#8047,#8048);
#6812=AXIS2_PLACEMENT_3D('',#10332,#8049,#8050);
#6813=AXIS2_PLACEMENT_3D('',#10333,#8051,#8052);
#6814=AXIS2_PLACEMENT_3D('',#10335,#8053,#8054);
#6815=AXIS2_PLACEMENT_3D('',#10336,#8055,#8056);
#6816=AXIS2_PLACEMENT_3D('',#10337,#8057,#8058);
#6817=AXIS2_PLACEMENT_3D('',#10339,#8059,#8060);
#6818=AXIS2_PLACEMENT_3D('',#10342,#8062,#8063);
#6819=AXIS2_PLACEMENT_3D('',#10368,#8064,#8065);
#6820=AXIS2_PLACEMENT_3D('',#10399,#8066,#8067);
#6821=AXIS2_PLACEMENT_3D('',#10401,#8068,#8069);
#6822=AXIS2_PLACEMENT_3D('',#10404,#8071,#8072);
#6823=AXIS2_PLACEMENT_3D('',#10405,#8073,#8074);
#6824=AXIS2_PLACEMENT_3D('',#10407,#8075,#8076);
#6825=AXIS2_PLACEMENT_3D('',#10408,#8077,#8078);
#6826=AXIS2_PLACEMENT_3D('',#10439,#8079,#8080);
#6827=AXIS2_PLACEMENT_3D('',#10441,#8082,#8083);
#6828=AXIS2_PLACEMENT_3D('',#10444,#8085,#8086);
#6829=AXIS2_PLACEMENT_3D('',#10445,#8087,#8088);
#6830=AXIS2_PLACEMENT_3D('',#10460,#8091,#8092);
#6831=AXIS2_PLACEMENT_3D('',#10461,#8093,#8094);
#6832=AXIS2_PLACEMENT_3D('',#10463,#8095,#8096);
#6833=AXIS2_PLACEMENT_3D('',#10472,#8098,#8099);
#6834=AXIS2_PLACEMENT_3D('',#10481,#8101,#8102);
#6835=AXIS2_PLACEMENT_3D('',#10513,#8103,#8104);
#6836=AXIS2_PLACEMENT_3D('',#10514,#8105,#8106);
#6837=AXIS2_PLACEMENT_3D('',#10516,#8107,#8108);
#6838=AXIS2_PLACEMENT_3D('',#10517,#8109,#8110);
#6839=AXIS2_PLACEMENT_3D('',#10518,#8111,#8112);
#6840=AXIS2_PLACEMENT_3D('',#10519,#8113,#8114);
#6841=AXIS2_PLACEMENT_3D('',#10521,#8115,#8116);
#6842=AXIS2_PLACEMENT_3D('',#10523,#8118,#8119);
#6843=AXIS2_PLACEMENT_3D('',#10539,#8120,#8121);
#6844=AXIS2_PLACEMENT_3D('',#10540,#8122,#8123);
#6845=AXIS2_PLACEMENT_3D('',#10555,#8124,#8125);
#6846=AXIS2_PLACEMENT_3D('',#10557,#8126,#8127);
#6847=AXIS2_PLACEMENT_3D('',#10559,#8129,#8130);
#6848=AXIS2_PLACEMENT_3D('',#10561,#8131,#8132);
#6849=AXIS2_PLACEMENT_3D('',#10562,#8133,#8134);
#6850=AXIS2_PLACEMENT_3D('',#10563,#8135,#8136);
#6851=AXIS2_PLACEMENT_3D('',#10600,#8137,#8138);
#6852=AXIS2_PLACEMENT_3D('',#10604,#8141,#8142);
#6853=AXIS2_PLACEMENT_3D('',#10608,#8144,#8145);
#6854=AXIS2_PLACEMENT_3D('',#10617,#8147,#8148);
#6855=AXIS2_PLACEMENT_3D('',#10618,#8149,#8150);
#6856=AXIS2_PLACEMENT_3D('',#10624,#8153,#8154);
#6857=AXIS2_PLACEMENT_3D('',#10626,#8156,#8157);
#6858=AXIS2_PLACEMENT_3D('',#10627,#8158,#8159);
#6859=AXIS2_PLACEMENT_3D('',#10629,#8160,#8161);
#6860=AXIS2_PLACEMENT_3D('',#10631,#8162,#8163);
#6861=AXIS2_PLACEMENT_3D('',#10633,#8164,#8165);
#6862=AXIS2_PLACEMENT_3D('',#10634,#8166,#8167);
#6863=AXIS2_PLACEMENT_3D('',#10635,#8168,#8169);
#6864=AXIS2_PLACEMENT_3D('',#10638,#8170,#8171);
#6865=AXIS2_PLACEMENT_3D('',#10642,#8173,#8174);
#6866=AXIS2_PLACEMENT_3D('',#10647,#8177,#8178);
#6867=AXIS2_PLACEMENT_3D('',#10649,#8180,#8181);
#6868=AXIS2_PLACEMENT_3D('',#10651,#8182,#8183);
#6869=AXIS2_PLACEMENT_3D('',#10652,#8184,#8185);
#6870=AXIS2_PLACEMENT_3D('',#10653,#8186,#8187);
#6871=AXIS2_PLACEMENT_3D('',#10654,#8188,#8189);
#6872=AXIS2_PLACEMENT_3D('',#10655,#8190,#8191);
#6873=AXIS2_PLACEMENT_3D('',#10656,#8192,#8193);
#6874=AXIS2_PLACEMENT_3D('',#10657,#8194,#8195);
#6875=AXIS2_PLACEMENT_3D('',#10658,#8196,#8197);
#6876=AXIS2_PLACEMENT_3D('',#10680,#8200,#8201);
#6877=AXIS2_PLACEMENT_3D('',#10681,#8202,#8203);
#6878=AXIS2_PLACEMENT_3D('',#10683,#8204,#8205);
#6879=AXIS2_PLACEMENT_3D('',#10685,#8207,#8208);
#6880=AXIS2_PLACEMENT_3D('',#10689,#8210,#8211);
#6881=AXIS2_PLACEMENT_3D('',#10693,#8213,#8214);
#6882=AXIS2_PLACEMENT_3D('',#10697,#8216,#8217);
#6883=AXIS2_PLACEMENT_3D('',#10700,#8219,#8220);
#6884=AXIS2_PLACEMENT_3D('',#10704,#8223,#8224);
#6885=AXIS2_PLACEMENT_3D('',#10706,#8225,#8226);
#6886=AXIS2_PLACEMENT_3D('',#10707,#8227,#8228);
#6887=AXIS2_PLACEMENT_3D('',#10710,#8230,#8231);
#6888=AXIS2_PLACEMENT_3D('',#10711,#8232,#8233);
#6889=AXIS2_PLACEMENT_3D('',#10712,#8234,#8235);
#6890=AXIS2_PLACEMENT_3D('',#10713,#8236,#8237);
#6891=AXIS2_PLACEMENT_3D('',#10715,#8238,#8239);
#6892=AXIS2_PLACEMENT_3D('',#10717,#8241,#8242);
#6893=AXIS2_PLACEMENT_3D('',#10733,#8244,#8245);
#6894=AXIS2_PLACEMENT_3D('',#10735,#8247,#8248);
#6895=AXIS2_PLACEMENT_3D('',#10738,#8249,#8250);
#6896=AXIS2_PLACEMENT_3D('',#10739,#8251,#8252);
#6897=AXIS2_PLACEMENT_3D('',#10740,#8253,#8254);
#6898=AXIS2_PLACEMENT_3D('',#10773,#8255,#8256);
#6899=AXIS2_PLACEMENT_3D('',#10885,#8257,#8258);
#6900=AXIS2_PLACEMENT_3D('',#10888,#8260,#8261);
#6901=AXIS2_PLACEMENT_3D('',#10889,#8262,#8263);
#6902=AXIS2_PLACEMENT_3D('',#10893,#8266,#8267);
#6903=AXIS2_PLACEMENT_3D('',#10895,#8268,#8269);
#6904=AXIS2_PLACEMENT_3D('',#10911,#8270,#8271);
#6905=AXIS2_PLACEMENT_3D('',#10913,#8272,#8273);
#6906=AXIS2_PLACEMENT_3D('',#10914,#8274,#8275);
#6907=AXIS2_PLACEMENT_3D('',#10915,#8276,#8277);
#6908=AXIS2_PLACEMENT_3D('',#10916,#8278,#8279);
#6909=AXIS2_PLACEMENT_3D('',#10941,#8282,#8283);
#6910=AXIS2_PLACEMENT_3D('',#10972,#8284,#8285);
#6911=AXIS2_PLACEMENT_3D('',#10975,#8286,#8287);
#6912=AXIS2_PLACEMENT_3D('',#10990,#8292,#8293);
#6913=AXIS2_PLACEMENT_3D('',#10999,#8295,#8296);
#6914=AXIS2_PLACEMENT_3D('',#11030,#8297,#8298);
#6915=AXIS2_PLACEMENT_3D('',#11052,#8299,#8300);
#6916=AXIS2_PLACEMENT_3D('',#11054,#8301,#8302);
#6917=AXIS2_PLACEMENT_3D('',#11087,#8304,#8305);
#6918=AXIS2_PLACEMENT_3D('',#11093,#8306,#8307);
#6919=AXIS2_PLACEMENT_3D('',#11095,#8308,#8309);
#6920=AXIS2_PLACEMENT_3D('',#11096,#8310,#8311);
#6921=AXIS2_PLACEMENT_3D('',#11097,#8312,#8313);
#6922=AXIS2_PLACEMENT_3D('',#11099,#8314,#8315);
#6923=AXIS2_PLACEMENT_3D('',#11101,#8317,#8318);
#6924=AXIS2_PLACEMENT_3D('',#11102,#8319,#8320);
#6925=AXIS2_PLACEMENT_3D('',#11103,#8321,#8322);
#6926=AXIS2_PLACEMENT_3D('',#11104,#8323,#8324);
#6927=AXIS2_PLACEMENT_3D('',#11105,#8325,#8326);
#6928=AXIS2_PLACEMENT_3D('',#11106,#8327,#8328);
#6929=AXIS2_PLACEMENT_3D('',#11107,#8329,#8330);
#6930=AXIS2_PLACEMENT_3D('',#11108,#8331,#8332);
#6931=AXIS2_PLACEMENT_3D('',#11109,#8333,#8334);
#6932=AXIS2_PLACEMENT_3D('',#11113,#8336,#8337);
#6933=AXIS2_PLACEMENT_3D('',#11115,#8339,#8340);
#6934=AXIS2_PLACEMENT_3D('',#11119,#8342,#8343);
#6935=AXIS2_PLACEMENT_3D('',#11148,#8345,#8346);
#6936=AXIS2_PLACEMENT_3D('',#11153,#8347,#8348);
#6937=AXIS2_PLACEMENT_3D('',#11156,#8350,#8351);
#6938=AXIS2_PLACEMENT_3D('',#11194,#8352,#8353);
#6939=AXIS2_PLACEMENT_3D('',#11195,#8354,#8355);
#6940=AXIS2_PLACEMENT_3D('',#11197,#8356,#8357);
#6941=AXIS2_PLACEMENT_3D('',#11235,#8359,#8360);
#6942=AXIS2_PLACEMENT_3D('',#11268,#8361,#8362);
#6943=AXIS2_PLACEMENT_3D('',#11281,#8363,#8364);
#6944=AXIS2_PLACEMENT_3D('',#11284,#8367,#8368);
#6945=AXIS2_PLACEMENT_3D('',#11285,#8369,#8370);
#6946=AXIS2_PLACEMENT_3D('',#11286,#8371,#8372);
#6947=AXIS2_PLACEMENT_3D('',#11287,#8373,#8374);
#6948=AXIS2_PLACEMENT_3D('',#11288,#8375,#8376);
#6949=AXIS2_PLACEMENT_3D('',#11290,#8377,#8378);
#6950=AXIS2_PLACEMENT_3D('',#11292,#8379,#8380);
#6951=AXIS2_PLACEMENT_3D('',#11294,#8381,#8382);
#6952=AXIS2_PLACEMENT_3D('',#11296,#8383,#8384);
#6953=AXIS2_PLACEMENT_3D('',#11297,#8385,#8386);
#6954=AXIS2_PLACEMENT_3D('',#11298,#8387,#8388);
#6955=AXIS2_PLACEMENT_3D('',#11299,#8389,#8390);
#6956=AXIS2_PLACEMENT_3D('',#11300,#8391,#8392);
#6957=AXIS2_PLACEMENT_3D('',#11301,#8393,#8394);
#6958=AXIS2_PLACEMENT_3D('',#11304,#8395,#8396);
#6959=AXIS2_PLACEMENT_3D('',#11306,#8397,#8398);
#6960=AXIS2_PLACEMENT_3D('',#11308,#8399,#8400);
#6961=AXIS2_PLACEMENT_3D('',#11309,#8401,#8402);
#6962=AXIS2_PLACEMENT_3D('',#11352,#8403,#8404);
#6963=AXIS2_PLACEMENT_3D('',#11419,#8405,#8406);
#6964=AXIS2_PLACEMENT_3D('',#11462,#8407,#8408);
#6965=AXIS2_PLACEMENT_3D('',#11489,#8409,#8410);
#6966=AXIS2_PLACEMENT_3D('',#11548,#8411,#8412);
#6967=AXIS2_PLACEMENT_3D('',#11550,#8413,#8414);
#6968=AXIS2_PLACEMENT_3D('',#11552,#8416,#8417);
#6969=AXIS2_PLACEMENT_3D('',#11554,#8418,#8419);
#6970=AXIS2_PLACEMENT_3D('',#11556,#8420,#8421);
#6971=AXIS2_PLACEMENT_3D('',#11558,#8422,#8423);
#6972=AXIS2_PLACEMENT_3D('',#11559,#8424,#8425);
#6973=AXIS2_PLACEMENT_3D('',#11560,#8426,#8427);
#6974=AXIS2_PLACEMENT_3D('',#11573,#8430,#8431);
#6975=AXIS2_PLACEMENT_3D('',#11577,#8433,#8434);
#6976=AXIS2_PLACEMENT_3D('',#11581,#8436,#8437);
#6977=AXIS2_PLACEMENT_3D('',#11585,#8439,#8440);
#6978=AXIS2_PLACEMENT_3D('',#11597,#8443,#8444);
#6979=AXIS2_PLACEMENT_3D('',#11598,#8445,#8446);
#6980=AXIS2_PLACEMENT_3D('',#11601,#8448,#8449);
#6981=AXIS2_PLACEMENT_3D('',#11602,#8450,#8451);
#6982=AXIS2_PLACEMENT_3D('',#11604,#8452,#8453);
#6983=AXIS2_PLACEMENT_3D('',#11606,#8454,#8455);
#6984=AXIS2_PLACEMENT_3D('',#11607,#8456,#8457);
#6985=AXIS2_PLACEMENT_3D('',#11608,#8458,#8459);
#6986=AXIS2_PLACEMENT_3D('',#11611,#8461,#8462);
#6987=AXIS2_PLACEMENT_3D('',#11612,#8463,#8464);
#6988=AXIS2_PLACEMENT_3D('',#11614,#8465,#8466);
#6989=AXIS2_PLACEMENT_3D('',#11616,#8467,#8468);
#6990=AXIS2_PLACEMENT_3D('',#11618,#8469,#8470);
#6991=AXIS2_PLACEMENT_3D('',#11619,#8471,#8472);
#6992=AXIS2_PLACEMENT_3D('',#11701,#8473,#8474);
#6993=AXIS2_PLACEMENT_3D('',#11704,#8476,#8477);
#6994=AXIS2_PLACEMENT_3D('',#11769,#8478,#8479);
#6995=AXIS2_PLACEMENT_3D('',#11780,#8480,#8481);
#6996=AXIS2_PLACEMENT_3D('',#11795,#8482,#8483);
#6997=AXIS2_PLACEMENT_3D('',#11796,#8484,#8485);
#6998=AXIS2_PLACEMENT_3D('',#11797,#8486,#8487);
#6999=AXIS2_PLACEMENT_3D('',#11799,#8488,#8489);
#7000=AXIS2_PLACEMENT_3D('',#11816,#8491,#8492);
#7001=AXIS2_PLACEMENT_3D('',#11819,#8494,#8495);
#7002=AXIS2_PLACEMENT_3D('',#11820,#8496,#8497);
#7003=AXIS2_PLACEMENT_3D('',#11854,#8498,#8499);
#7004=AXIS2_PLACEMENT_3D('',#11856,#8501,#8502);
#7005=AXIS2_PLACEMENT_3D('',#11858,#8503,#8504);
#7006=AXIS2_PLACEMENT_3D('',#11859,#8505,#8506);
#7007=AXIS2_PLACEMENT_3D('',#11886,#8507,#8508);
#7008=AXIS2_PLACEMENT_3D('',#11887,#8509,#8510);
#7009=AXIS2_PLACEMENT_3D('',#11929,#8511,#8512);
#7010=AXIS2_PLACEMENT_3D('',#11971,#8513,#8514);
#7011=AXIS2_PLACEMENT_3D('',#11990,#8518,#8519);
#7012=AXIS2_PLACEMENT_3D('',#12025,#8521,#8522);
#7013=AXIS2_PLACEMENT_3D('',#12053,#8523,#8524);
#7014=AXIS2_PLACEMENT_3D('',#12187,#8526,#8527);
#7015=AXIS2_PLACEMENT_3D('',#12188,#8528,#8529);
#7016=AXIS2_PLACEMENT_3D('',#12211,#8530,#8531);
#7017=AXIS2_PLACEMENT_3D('',#12220,#8532,#8533);
#7018=AXIS2_PLACEMENT_3D('',#12223,#8534,#8535);
#7019=AXIS2_PLACEMENT_3D('',#12224,#8536,#8537);
#7020=AXIS2_PLACEMENT_3D('',#12225,#8538,#8539);
#7021=AXIS2_PLACEMENT_3D('',#12226,#8540,#8541);
#7022=AXIS2_PLACEMENT_3D('',#12229,#8542,#8543);
#7023=AXIS2_PLACEMENT_3D('',#12232,#8546,#8547);
#7024=AXIS2_PLACEMENT_3D('',#12235,#8548,#8549);
#7025=AXIS2_PLACEMENT_3D('',#12236,#8550,#8551);
#7026=AXIS2_PLACEMENT_3D('',#12237,#8552,#8553);
#7027=AXIS2_PLACEMENT_3D('',#12238,#8554,#8555);
#7028=AXIS2_PLACEMENT_3D('',#12241,#8556,#8557);
#7029=AXIS2_PLACEMENT_3D('',#12244,#8560,#8561);
#7030=AXIS2_PLACEMENT_3D('',#12247,#8562,#8563);
#7031=AXIS2_PLACEMENT_3D('',#12248,#8564,#8565);
#7032=AXIS2_PLACEMENT_3D('',#12249,#8566,#8567);
#7033=AXIS2_PLACEMENT_3D('',#12281,#8568,#8569);
#7034=AXIS2_PLACEMENT_3D('',#12294,#8570,#8571);
#7035=AXIS2_PLACEMENT_3D('',#12296,#8572,#8573);
#7036=AXIS2_PLACEMENT_3D('',#12323,#8575,#8576);
#7037=AXIS2_PLACEMENT_3D('',#12354,#8577,#8578);
#7038=AXIS2_PLACEMENT_3D('',#12356,#8579,#8580);
#7039=AXIS2_PLACEMENT_3D('',#12357,#8581,#8582);
#7040=AXIS2_PLACEMENT_3D('',#12358,#8583,#8584);
#7041=AXIS2_PLACEMENT_3D('',#12361,#8587,#8588);
#7042=AXIS2_PLACEMENT_3D('',#12364,#8591,#8592);
#7043=AXIS2_PLACEMENT_3D('',#12366,#8594,#8595);
#7044=AXIS2_PLACEMENT_3D('',#12370,#8597,#8598);
#7045=AXIS2_PLACEMENT_3D('',#12443,#8600,#8601);
#7046=AXIS2_PLACEMENT_3D('',#12447,#8603,#8604);
#7047=AXIS2_PLACEMENT_3D('',#12448,#8605,#8606);
#7048=AXIS2_PLACEMENT_3D('',#12449,#8607,#8608);
#7049=AXIS2_PLACEMENT_3D('',#12452,#8610,#8611);
#7050=AXIS2_PLACEMENT_3D('',#12485,#8612,#8613);
#7051=AXIS2_PLACEMENT_3D('',#12498,#8614,#8615);
#7052=AXIS2_PLACEMENT_3D('',#12501,#8616,#8617);
#7053=AXIS2_PLACEMENT_3D('',#12556,#8620,#8621);
#7054=AXIS2_PLACEMENT_3D('',#12558,#8622,#8623);
#7055=AXIS2_PLACEMENT_3D('',#12559,#8624,#8625);
#7056=AXIS2_PLACEMENT_3D('',#12560,#8626,#8627);
#7057=AXIS2_PLACEMENT_3D('',#12561,#8628,#8629);
#7058=AXIS2_PLACEMENT_3D('',#12562,#8630,#8631);
#7059=AXIS2_PLACEMENT_3D('',#12563,#8632,#8633);
#7060=AXIS2_PLACEMENT_3D('',#12564,#8634,#8635);
#7061=AXIS2_PLACEMENT_3D('',#12608,#8636,#8637);
#7062=AXIS2_PLACEMENT_3D('',#12609,#8638,#8639);
#7063=AXIS2_PLACEMENT_3D('',#12611,#8641,#8642);
#7064=AXIS2_PLACEMENT_3D('',#12612,#8643,#8644);
#7065=AXIS2_PLACEMENT_3D('',#12613,#8645,#8646);
#7066=AXIS2_PLACEMENT_3D('',#12614,#8647,#8648);
#7067=AXIS2_PLACEMENT_3D('',#12615,#8649,#8650);
#7068=AXIS2_PLACEMENT_3D('',#12618,#8652,#8653);
#7069=AXIS2_PLACEMENT_3D('',#12619,#8654,#8655);
#7070=AXIS2_PLACEMENT_3D('',#12621,#8656,#8657);
#7071=AXIS2_PLACEMENT_3D('',#12622,#8658,#8659);
#7072=AXIS2_PLACEMENT_3D('',#12625,#8661,#8662);
#7073=AXIS2_PLACEMENT_3D('',#12626,#8663,#8664);
#7074=AXIS2_PLACEMENT_3D('',#12628,#8665,#8666);
#7075=AXIS2_PLACEMENT_3D('',#12629,#8667,#8668);
#7076=AXIS2_PLACEMENT_3D('',#12630,#8669,#8670);
#7077=AXIS2_PLACEMENT_3D('',#12631,#8671,#8672);
#7078=AXIS2_PLACEMENT_3D('',#12633,#8673,#8674);
#7079=AXIS2_PLACEMENT_3D('',#12634,#8675,#8676);
#7080=AXIS2_PLACEMENT_3D('',#12636,#8677,#8678);
#7081=AXIS2_PLACEMENT_3D('',#12637,#8679,#8680);
#7082=AXIS2_PLACEMENT_3D('',#12639,#8682,#8683);
#7083=AXIS2_PLACEMENT_3D('',#12640,#8684,#8685);
#7084=AXIS2_PLACEMENT_3D('',#12642,#8686,#8687);
#7085=AXIS2_PLACEMENT_3D('',#12647,#8688,#8689);
#7086=AXIS2_PLACEMENT_3D('',#12656,#8695,#8696);
#7087=AXIS2_PLACEMENT_3D('',#12657,#8697,#8698);
#7088=AXIS2_PLACEMENT_3D('',#12660,#8701,#8702);
#7089=AXIS2_PLACEMENT_3D('',#12662,#8704,#8705);
#7090=AXIS2_PLACEMENT_3D('',#12666,#8708,#8709);
#7091=AXIS2_PLACEMENT_3D('',#12669,#8712,#8713);
#7092=AXIS2_PLACEMENT_3D('',#12670,#8714,#8715);
#7093=AXIS2_PLACEMENT_3D('',#12671,#8716,#8717);
#7094=AXIS2_PLACEMENT_3D('',#12673,#8719,#8720);
#7095=AXIS2_PLACEMENT_3D('',#12675,#8722,#8723);
#7096=AXIS2_PLACEMENT_3D('',#12677,#8725,#8726);
#7097=AXIS2_PLACEMENT_3D('',#12679,#8728,#8729);
#7098=AXIS2_PLACEMENT_3D('',#12681,#8731,#8732);
#7099=AXIS2_PLACEMENT_3D('',#12683,#8734,#8735);
#7100=AXIS2_PLACEMENT_3D('',#12685,#8737,#8738);
#7101=AXIS2_PLACEMENT_3D('',#12687,#8740,#8741);
#7102=AXIS2_PLACEMENT_3D('',#12689,#8743,#8744);
#7103=AXIS2_PLACEMENT_3D('',#12690,#8745,#8746);
#7104=AXIS2_PLACEMENT_3D('',#12699,#8748,#8749);
#7105=AXIS2_PLACEMENT_3D('',#12708,#8752,#8753);
#7106=AXIS2_PLACEMENT_3D('',#12709,#8754,#8755);
#7107=AXIS2_PLACEMENT_3D('',#12712,#8757,#8758);
#7108=AXIS2_PLACEMENT_3D('',#12714,#8760,#8761);
#7109=AXIS2_PLACEMENT_3D('',#12715,#8762,#8763);
#7110=AXIS2_PLACEMENT_3D('',#12716,#8764,#8765);
#7111=AXIS2_PLACEMENT_3D('',#12732,#8769,#8770);
#7112=AXIS2_PLACEMENT_3D('',#12733,#8771,#8772);
#7113=AXIS2_PLACEMENT_3D('',#12734,#8773,#8774);
#7114=AXIS2_PLACEMENT_3D('',#12736,#8775,#8776);
#7115=AXIS2_PLACEMENT_3D('',#12737,#8777,#8778);
#7116=AXIS2_PLACEMENT_3D('',#12738,#8779,#8780);
#7117=AXIS2_PLACEMENT_3D('',#12740,#8782,#8783);
#7118=AXIS2_PLACEMENT_3D('',#12741,#8784,#8785);
#7119=AXIS2_PLACEMENT_3D('',#12742,#8786,#8787);
#7120=AXIS2_PLACEMENT_3D('',#12747,#8791,#8792);
#7121=AXIS2_PLACEMENT_3D('',#12749,#8793,#8794);
#7122=AXIS2_PLACEMENT_3D('',#12751,#8795,#8796);
#7123=AXIS2_PLACEMENT_3D('',#12752,#8797,#8798);
#7124=AXIS2_PLACEMENT_3D('',#12753,#8799,#8800);
#7125=AXIS2_PLACEMENT_3D('',#12755,#8801,#8802);
#7126=AXIS2_PLACEMENT_3D('',#12756,#8803,#8804);
#7127=AXIS2_PLACEMENT_3D('',#12757,#8805,#8806);
#7128=AXIS2_PLACEMENT_3D('',#12760,#8809,#8810);
#7129=AXIS2_PLACEMENT_3D('',#12761,#8811,#8812);
#7130=AXIS2_PLACEMENT_3D('',#12762,#8813,#8814);
#7131=AXIS2_PLACEMENT_3D('',#12773,#8815,#8816);
#7132=AXIS2_PLACEMENT_3D('',#12774,#8817,#8818);
#7133=AXIS2_PLACEMENT_3D('',#12776,#8820,#8821);
#7134=AXIS2_PLACEMENT_3D('',#12778,#8823,#8824);
#7135=AXIS2_PLACEMENT_3D('',#12779,#8825,#8826);
#7136=AXIS2_PLACEMENT_3D('',#12780,#8827,#8828);
#7137=AXIS2_PLACEMENT_3D('',#12783,#8830,#8831);
#7138=AXIS2_PLACEMENT_3D('',#12784,#8832,#8833);
#7139=AXIS2_PLACEMENT_3D('',#12786,#8834,#8835);
#7140=AXIS2_PLACEMENT_3D('',#12787,#8836,#8837);
#7141=AXIS2_PLACEMENT_3D('',#12790,#8839,#8840);
#7142=AXIS2_PLACEMENT_3D('',#12791,#8841,#8842);
#7143=AXIS2_PLACEMENT_3D('',#12793,#8843,#8844);
#7144=AXIS2_PLACEMENT_3D('',#12794,#8845,#8846);
#7145=AXIS2_PLACEMENT_3D('',#12797,#8848,#8849);
#7146=AXIS2_PLACEMENT_3D('',#12798,#8850,#8851);
#7147=AXIS2_PLACEMENT_3D('',#12800,#8852,#8853);
#7148=AXIS2_PLACEMENT_3D('',#12801,#8854,#8855);
#7149=AXIS2_PLACEMENT_3D('',#12804,#8857,#8858);
#7150=AXIS2_PLACEMENT_3D('',#12805,#8859,#8860);
#7151=AXIS2_PLACEMENT_3D('',#12807,#8861,#8862);
#7152=AXIS2_PLACEMENT_3D('',#12808,#8863,#8864);
#7153=AXIS2_PLACEMENT_3D('',#12811,#8866,#8867);
#7154=AXIS2_PLACEMENT_3D('',#12812,#8868,#8869);
#7155=AXIS2_PLACEMENT_3D('',#12813,#8870,#8871);
#7156=AXIS2_PLACEMENT_3D('',#12816,#8873,#8874);
#7157=AXIS2_PLACEMENT_3D('',#12817,#8875,#8876);
#7158=AXIS2_PLACEMENT_3D('',#12818,#8877,#8878);
#7159=AXIS2_PLACEMENT_3D('',#12819,#8879,#8880);
#7160=AXIS2_PLACEMENT_3D('',#12822,#8882,#8883);
#7161=AXIS2_PLACEMENT_3D('',#12823,#8884,#8885);
#7162=AXIS2_PLACEMENT_3D('',#12824,#8886,#8887);
#7163=AXIS2_PLACEMENT_3D('',#12826,#8889,#8890);
#7164=AXIS2_PLACEMENT_3D('',#12828,#8892,#8893);
#7165=AXIS2_PLACEMENT_3D('',#12830,#8895,#8896);
#7166=AXIS2_PLACEMENT_3D('',#12832,#8898,#8899);
#7167=AXIS2_PLACEMENT_3D('',#12834,#8901,#8902);
#7168=AXIS2_PLACEMENT_3D('',#12836,#8904,#8905);
#7169=AXIS2_PLACEMENT_3D('',#12838,#8907,#8908);
#7170=AXIS2_PLACEMENT_3D('',#12840,#8910,#8911);
#7171=AXIS2_PLACEMENT_3D('',#12842,#8913,#8914);
#7172=AXIS2_PLACEMENT_3D('',#12844,#8916,#8917);
#7173=AXIS2_PLACEMENT_3D('',#12846,#8919,#8920);
#7174=AXIS2_PLACEMENT_3D('',#12848,#8922,#8923);
#7175=AXIS2_PLACEMENT_3D('',#12850,#8925,#8926);
#7176=AXIS2_PLACEMENT_3D('',#12852,#8928,#8929);
#7177=AXIS2_PLACEMENT_3D('',#12854,#8931,#8932);
#7178=AXIS2_PLACEMENT_3D('',#12856,#8934,#8935);
#7179=AXIS2_PLACEMENT_3D('',#12858,#8937,#8938);
#7180=AXIS2_PLACEMENT_3D('',#12860,#8940,#8941);
#7181=AXIS2_PLACEMENT_3D('',#12862,#8943,#8944);
#7182=AXIS2_PLACEMENT_3D('',#12864,#8946,#8947);
#7183=AXIS2_PLACEMENT_3D('',#12866,#8949,#8950);
#7184=AXIS2_PLACEMENT_3D('',#12868,#8952,#8953);
#7185=AXIS2_PLACEMENT_3D('',#12870,#8955,#8956);
#7186=AXIS2_PLACEMENT_3D('',#12872,#8958,#8959);
#7187=AXIS2_PLACEMENT_3D('',#12874,#8961,#8962);
#7188=AXIS2_PLACEMENT_3D('',#12876,#8964,#8965);
#7189=AXIS2_PLACEMENT_3D('',#12878,#8967,#8968);
#7190=AXIS2_PLACEMENT_3D('',#12880,#8970,#8971);
#7191=AXIS2_PLACEMENT_3D('',#12882,#8973,#8974);
#7192=AXIS2_PLACEMENT_3D('',#12884,#8976,#8977);
#7193=AXIS2_PLACEMENT_3D('',#12886,#8979,#8980);
#7194=AXIS2_PLACEMENT_3D('',#12888,#8982,#8983);
#7195=AXIS2_PLACEMENT_3D('',#12890,#8985,#8986);
#7196=AXIS2_PLACEMENT_3D('',#12892,#8988,#8989);
#7197=AXIS2_PLACEMENT_3D('',#12894,#8991,#8992);
#7198=AXIS2_PLACEMENT_3D('',#12896,#8994,#8995);
#7199=AXIS2_PLACEMENT_3D('',#12898,#8997,#8998);
#7200=AXIS2_PLACEMENT_3D('',#12900,#9000,#9001);
#7201=AXIS2_PLACEMENT_3D('',#12902,#9003,#9004);
#7202=AXIS2_PLACEMENT_3D('',#12904,#9006,#9007);
#7203=AXIS2_PLACEMENT_3D('',#12906,#9009,#9010);
#7204=AXIS2_PLACEMENT_3D('',#12908,#9012,#9013);
#7205=AXIS2_PLACEMENT_3D('',#12910,#9015,#9016);
#7206=AXIS2_PLACEMENT_3D('',#12912,#9018,#9019);
#7207=AXIS2_PLACEMENT_3D('',#12914,#9021,#9022);
#7208=AXIS2_PLACEMENT_3D('',#12916,#9024,#9025);
#7209=AXIS2_PLACEMENT_3D('',#12918,#9027,#9028);
#7210=AXIS2_PLACEMENT_3D('',#12920,#9030,#9031);
#7211=AXIS2_PLACEMENT_3D('',#12922,#9033,#9034);
#7212=AXIS2_PLACEMENT_3D('',#12924,#9036,#9037);
#7213=AXIS2_PLACEMENT_3D('',#12926,#9039,#9040);
#7214=AXIS2_PLACEMENT_3D('',#12928,#9042,#9043);
#7215=AXIS2_PLACEMENT_3D('',#12930,#9045,#9046);
#7216=AXIS2_PLACEMENT_3D('',#12932,#9048,#9049);
#7217=AXIS2_PLACEMENT_3D('',#12934,#9051,#9052);
#7218=AXIS2_PLACEMENT_3D('',#12936,#9054,#9055);
#7219=AXIS2_PLACEMENT_3D('',#12938,#9057,#9058);
#7220=AXIS2_PLACEMENT_3D('',#12940,#9060,#9061);
#7221=AXIS2_PLACEMENT_3D('',#12942,#9063,#9064);
#7222=AXIS2_PLACEMENT_3D('',#12944,#9066,#9067);
#7223=AXIS2_PLACEMENT_3D('',#12946,#9069,#9070);
#7224=AXIS2_PLACEMENT_3D('',#12948,#9072,#9073);
#7225=AXIS2_PLACEMENT_3D('',#12950,#9075,#9076);
#7226=AXIS2_PLACEMENT_3D('',#12952,#9078,#9079);
#7227=AXIS2_PLACEMENT_3D('',#12954,#9081,#9082);
#7228=AXIS2_PLACEMENT_3D('',#12956,#9084,#9085);
#7229=AXIS2_PLACEMENT_3D('',#12958,#9087,#9088);
#7230=AXIS2_PLACEMENT_3D('',#12960,#9090,#9091);
#7231=AXIS2_PLACEMENT_3D('',#12962,#9093,#9094);
#7232=AXIS2_PLACEMENT_3D('',#12964,#9096,#9097);
#7233=AXIS2_PLACEMENT_3D('',#12966,#9099,#9100);
#7234=AXIS2_PLACEMENT_3D('',#12968,#9102,#9103);
#7235=AXIS2_PLACEMENT_3D('',#12970,#9105,#9106);
#7236=DIRECTION('axis',(0.,0.,1.));
#7237=DIRECTION('refdir',(1.,0.,0.));
#7238=DIRECTION('center_axis',(0.,0.,1.));
#7239=DIRECTION('ref_axis',(0.,-1.,0.));
#7240=DIRECTION('',(1.,0.,0.));
#7241=DIRECTION('',(0.,-1.,0.));
#7242=DIRECTION('',(1.,0.,0.));
#7243=DIRECTION('',(4.84230899834234E-17,1.,0.));
#7244=DIRECTION('center_axis',(1.,0.,0.));
#7245=DIRECTION('ref_axis',(0.,1.,0.));
#7246=DIRECTION('center_axis',(-1.,0.,0.));
#7247=DIRECTION('ref_axis',(0.,1.,0.));
#7248=DIRECTION('',(0.,1.,0.));
#7249=DIRECTION('',(0.,0.,1.));
#7250=DIRECTION('center_axis',(-1.,0.,0.));
#7251=DIRECTION('ref_axis',(0.,1.,0.));
#7252=DIRECTION('center_axis',(1.,0.,0.));
#7253=DIRECTION('ref_axis',(0.,1.,0.));
#7254=DIRECTION('',(1.,0.,0.));
#7255=DIRECTION('center_axis',(1.,0.,0.));
#7256=DIRECTION('ref_axis',(0.,1.,0.));
#7257=DIRECTION('',(-1.,0.,0.));
#7258=DIRECTION('',(-1.,0.,0.));
#7259=DIRECTION('center_axis',(-1.,4.84230899834234E-17,0.));
#7260=DIRECTION('ref_axis',(0.,1.,0.));
#7261=DIRECTION('',(-1.,0.,0.));
#7262=DIRECTION('center_axis',(-1.,4.84230899834234E-17,0.));
#7263=DIRECTION('ref_axis',(0.,1.,0.));
#7264=DIRECTION('',(1.,0.,0.));
#7265=DIRECTION('',(-1.,0.,0.));
#7266=DIRECTION('center_axis',(1.,0.,0.));
#7267=DIRECTION('ref_axis',(0.,1.,0.));
#7268=DIRECTION('',(-1.,0.,0.));
#7269=DIRECTION('center_axis',(-1.,0.,0.));
#7270=DIRECTION('ref_axis',(0.,1.,0.));
#7271=DIRECTION('center_axis',(-1.,0.,0.));
#7272=DIRECTION('ref_axis',(0.,1.,0.));
#7273=DIRECTION('',(-1.,0.,0.));
#7274=DIRECTION('center_axis',(-1.,0.,0.));
#7275=DIRECTION('ref_axis',(0.,1.,0.));
#7276=DIRECTION('center_axis',(-1.,0.,0.));
#7277=DIRECTION('ref_axis',(0.,-1.,-1.22464679914735E-16));
#7278=DIRECTION('center_axis',(1.,0.,0.));
#7279=DIRECTION('ref_axis',(0.,1.,0.));
#7280=DIRECTION('',(-1.,0.,0.));
#7281=DIRECTION('center_axis',(-1.,4.84230899834234E-17,0.));
#7282=DIRECTION('ref_axis',(0.,1.,0.));
#7283=DIRECTION('',(1.,0.,0.));
#7284=DIRECTION('',(-1.,0.,0.));
#7285=DIRECTION('center_axis',(-1.,0.,0.));
#7286=DIRECTION('ref_axis',(0.,1.,0.));
#7287=DIRECTION('center_axis',(-1.,0.,0.));
#7288=DIRECTION('ref_axis',(0.,1.,0.));
#7289=DIRECTION('center_axis',(-1.,0.,0.));
#7290=DIRECTION('ref_axis',(0.,1.,0.));
#7291=DIRECTION('center_axis',(-1.,0.,0.));
#7292=DIRECTION('ref_axis',(0.,0.629307278860358,-0.777156579315502));
#7293=DIRECTION('center_axis',(-1.,4.84230899834234E-17,0.));
#7294=DIRECTION('ref_axis',(0.,1.,0.));
#7295=DIRECTION('center_axis',(-1.,0.,0.));
#7296=DIRECTION('ref_axis',(0.,1.,0.));
#7297=DIRECTION('center_axis',(1.,-4.84230899834234E-17,0.));
#7298=DIRECTION('ref_axis',(4.84230899834234E-17,1.,0.));
#7299=DIRECTION('',(-4.84230899834234E-17,-1.,0.));
#7300=DIRECTION('',(-1.98953552603451E-49,-4.1086504944554E-33,-1.));
#7301=DIRECTION('',(4.84230899834234E-17,1.,0.));
#7302=DIRECTION('',(0.,0.,1.));
#7303=DIRECTION('center_axis',(-1.,4.84230899834234E-17,0.));
#7304=DIRECTION('ref_axis',(0.,1.,0.));
#7305=DIRECTION('center_axis',(-1.,4.84230899834234E-17,0.));
#7306=DIRECTION('ref_axis',(0.,1.,0.));
#7307=DIRECTION('center_axis',(-1.,4.84230899834234E-17,0.));
#7308=DIRECTION('ref_axis',(0.,1.,0.));
#7309=DIRECTION('',(0.,0.,-1.));
#7310=DIRECTION('',(-4.84230899834234E-17,-1.,0.));
#7311=DIRECTION('center_axis',(0.,0.,1.));
#7312=DIRECTION('ref_axis',(-1.,0.,0.));
#7313=DIRECTION('',(0.,1.,0.));
#7314=DIRECTION('',(-1.,3.00632963008932E-33,0.));
#7315=DIRECTION('',(0.,-1.,0.));
#7316=DIRECTION('center_axis',(0.,0.,-1.));
#7317=DIRECTION('ref_axis',(0.,1.,0.));
#7318=DIRECTION('',(1.,0.,0.));
#7319=DIRECTION('center_axis',(0.,1.,0.));
#7320=DIRECTION('ref_axis',(0.,0.,1.));
#7321=DIRECTION('center_axis',(0.,1.,0.));
#7322=DIRECTION('ref_axis',(0.,0.,-1.));
#7323=DIRECTION('',(0.,0.,-1.));
#7324=DIRECTION('',(1.,-1.1102230101495E-16,0.));
#7325=DIRECTION('',(0.,0.,-1.));
#7326=DIRECTION('',(-1.,0.,0.));
#7327=DIRECTION('center_axis',(-1.,0.,0.));
#7328=DIRECTION('ref_axis',(0.,0.,-1.));
#7329=DIRECTION('',(0.,0.,-1.));
#7330=DIRECTION('',(0.,1.,0.));
#7331=DIRECTION('',(0.,0.,1.));
#7332=DIRECTION('',(0.,-1.,0.));
#7333=DIRECTION('',(0.,1.,0.));
#7334=DIRECTION('center_axis',(1.,0.,0.));
#7335=DIRECTION('ref_axis',(0.,1.,0.));
#7336=DIRECTION('center_axis',(1.11022302462516E-15,0.,-1.));
#7337=DIRECTION('ref_axis',(1.,0.,1.11022302462516E-15));
#7338=DIRECTION('',(-1.,0.,-1.11022302462516E-15));
#7339=DIRECTION('',(0.,-1.,0.));
#7340=DIRECTION('',(-1.,0.,0.));
#7341=DIRECTION('center_axis',(0.,-1.,0.));
#7342=DIRECTION('ref_axis',(0.,0.,1.));
#7343=DIRECTION('',(1.,0.,0.));
#7344=DIRECTION('',(-1.,0.,0.));
#7345=DIRECTION('',(0.,0.,-1.));
#7346=DIRECTION('',(-1.,0.,0.));
#7347=DIRECTION('',(-1.,0.,0.));
#7348=DIRECTION('',(0.,0.,-1.));
#7349=DIRECTION('',(1.,0.,0.));
#7350=DIRECTION('',(0.,0.,1.));
#7351=DIRECTION('center_axis',(-1.,0.,0.));
#7352=DIRECTION('ref_axis',(0.,0.,-1.));
#7353=DIRECTION('',(0.,-4.1086504944554E-33,-1.));
#7354=DIRECTION('',(0.,1.,0.));
#7355=DIRECTION('',(0.,0.,1.));
#7356=DIRECTION('',(0.,-1.,0.));
#7357=DIRECTION('',(0.,-1.,0.));
#7358=DIRECTION('center_axis',(1.,0.,0.));
#7359=DIRECTION('ref_axis',(0.,1.,0.));
#7360=DIRECTION('center_axis',(0.,0.,1.));
#7361=DIRECTION('ref_axis',(-1.,0.,0.));
#7362=DIRECTION('',(-1.,0.,0.));
#7363=DIRECTION('',(0.,1.,0.));
#7364=DIRECTION('',(1.,0.,0.));
#7365=DIRECTION('center_axis',(0.,0.,-1.));
#7366=DIRECTION('ref_axis',(-0.611786585025536,-0.791022865903883,0.));
#7367=DIRECTION('',(0.967874355616895,0.251434348765598,0.));
#7368=DIRECTION('',(0.,-1.,0.));
#7369=DIRECTION('',(1.,0.,0.));
#7370=DIRECTION('center_axis',(0.,0.,-1.));
#7371=DIRECTION('ref_axis',(-1.,0.,0.));
#7372=DIRECTION('center_axis',(0.,0.,-1.));
#7373=DIRECTION('ref_axis',(-1.,0.,0.));
#7374=DIRECTION('center_axis',(0.,0.,-1.));
#7375=DIRECTION('ref_axis',(-1.,0.,0.));
#7376=DIRECTION('center_axis',(0.,0.,-1.));
#7377=DIRECTION('ref_axis',(-1.,0.,0.));
#7378=DIRECTION('center_axis',(0.,0.,-1.));
#7379=DIRECTION('ref_axis',(-1.,0.,0.));
#7380=DIRECTION('center_axis',(0.,0.,-1.));
#7381=DIRECTION('ref_axis',(-1.,0.,0.));
#7382=DIRECTION('center_axis',(0.,0.,-1.));
#7383=DIRECTION('ref_axis',(-1.,0.,0.));
#7384=DIRECTION('center_axis',(0.,0.,-1.));
#7385=DIRECTION('ref_axis',(-1.,0.,0.));
#7386=DIRECTION('center_axis',(0.,0.,-1.));
#7387=DIRECTION('ref_axis',(-1.,0.,0.));
#7388=DIRECTION('center_axis',(0.,0.,-1.));
#7389=DIRECTION('ref_axis',(-1.,0.,0.));
#7390=DIRECTION('center_axis',(0.,0.,-1.));
#7391=DIRECTION('ref_axis',(-1.,0.,0.));
#7392=DIRECTION('center_axis',(0.,0.,-1.));
#7393=DIRECTION('ref_axis',(-1.,0.,0.));
#7394=DIRECTION('center_axis',(0.,0.,-1.));
#7395=DIRECTION('ref_axis',(-1.,0.,0.));
#7396=DIRECTION('center_axis',(0.,0.,-1.));
#7397=DIRECTION('ref_axis',(-1.,0.,0.));
#7398=DIRECTION('center_axis',(0.,0.,-1.));
#7399=DIRECTION('ref_axis',(-1.,0.,0.));
#7400=DIRECTION('center_axis',(0.,0.,-1.));
#7401=DIRECTION('ref_axis',(-1.,0.,0.));
#7402=DIRECTION('center_axis',(0.,0.,-1.));
#7403=DIRECTION('ref_axis',(-1.,0.,0.));
#7404=DIRECTION('center_axis',(0.,0.,-1.));
#7405=DIRECTION('ref_axis',(-1.,0.,0.));
#7406=DIRECTION('center_axis',(0.,0.,-1.));
#7407=DIRECTION('ref_axis',(-1.,0.,0.));
#7408=DIRECTION('center_axis',(0.,0.,-1.));
#7409=DIRECTION('ref_axis',(-1.,0.,0.));
#7410=DIRECTION('center_axis',(0.,0.,-1.));
#7411=DIRECTION('ref_axis',(-1.,0.,0.));
#7412=DIRECTION('center_axis',(0.,0.,-1.));
#7413=DIRECTION('ref_axis',(-1.,0.,0.));
#7414=DIRECTION('center_axis',(0.,0.,-1.));
#7415=DIRECTION('ref_axis',(-1.,0.,0.));
#7416=DIRECTION('center_axis',(0.,0.,-1.));
#7417=DIRECTION('ref_axis',(-1.,0.,0.));
#7418=DIRECTION('center_axis',(0.,0.,-1.));
#7419=DIRECTION('ref_axis',(-1.,0.,0.));
#7420=DIRECTION('center_axis',(0.,0.,-1.));
#7421=DIRECTION('ref_axis',(-1.,0.,0.));
#7422=DIRECTION('center_axis',(0.,0.,-1.));
#7423=DIRECTION('ref_axis',(-1.,0.,0.));
#7424=DIRECTION('center_axis',(0.,0.,-1.));
#7425=DIRECTION('ref_axis',(-1.,0.,0.));
#7426=DIRECTION('center_axis',(0.,0.,-1.));
#7427=DIRECTION('ref_axis',(-1.,0.,0.));
#7428=DIRECTION('center_axis',(0.,0.,-1.));
#7429=DIRECTION('ref_axis',(-1.,0.,0.));
#7430=DIRECTION('center_axis',(0.,0.,-1.));
#7431=DIRECTION('ref_axis',(-1.,0.,0.));
#7432=DIRECTION('center_axis',(0.,0.,-1.));
#7433=DIRECTION('ref_axis',(-1.,0.,0.));
#7434=DIRECTION('center_axis',(0.,0.,-1.));
#7435=DIRECTION('ref_axis',(-1.,0.,0.));
#7436=DIRECTION('center_axis',(0.,0.,-1.));
#7437=DIRECTION('ref_axis',(-1.,0.,0.));
#7438=DIRECTION('center_axis',(0.,0.,-1.));
#7439=DIRECTION('ref_axis',(-1.,0.,0.));
#7440=DIRECTION('center_axis',(0.,0.,-1.));
#7441=DIRECTION('ref_axis',(-1.,0.,0.));
#7442=DIRECTION('center_axis',(0.,0.,-1.));
#7443=DIRECTION('ref_axis',(1.,0.,0.));
#7444=DIRECTION('',(1.,0.,0.));
#7445=DIRECTION('',(0.,1.,0.));
#7446=DIRECTION('center_axis',(0.,0.,1.));
#7447=DIRECTION('ref_axis',(0.707106781186548,0.707106781186548,0.));
#7448=DIRECTION('',(-1.,0.,0.));
#7449=DIRECTION('',(0.,1.,0.));
#7450=DIRECTION('',(-0.967874355616895,-0.251434348765598,0.));
#7451=DIRECTION('center_axis',(0.,0.,1.));
#7452=DIRECTION('ref_axis',(-0.611786585025536,-0.791022865903883,0.));
#7453=DIRECTION('',(-1.,0.,0.));
#7454=DIRECTION('',(0.,-1.,0.));
#7455=DIRECTION('center_axis',(0.,0.,1.));
#7456=DIRECTION('ref_axis',(1.,0.,0.));
#7457=DIRECTION('center_axis',(0.,0.,1.));
#7458=DIRECTION('ref_axis',(1.,0.,0.));
#7459=DIRECTION('center_axis',(0.,0.,1.));
#7460=DIRECTION('ref_axis',(1.,0.,0.));
#7461=DIRECTION('center_axis',(0.,0.,1.));
#7462=DIRECTION('ref_axis',(1.,0.,0.));
#7463=DIRECTION('center_axis',(0.,0.,1.));
#7464=DIRECTION('ref_axis',(1.,0.,0.));
#7465=DIRECTION('center_axis',(0.,0.,1.));
#7466=DIRECTION('ref_axis',(1.,0.,0.));
#7467=DIRECTION('center_axis',(0.,0.,1.));
#7468=DIRECTION('ref_axis',(1.,0.,0.));
#7469=DIRECTION('center_axis',(0.,0.,1.));
#7470=DIRECTION('ref_axis',(1.,0.,0.));
#7471=DIRECTION('center_axis',(0.,0.,1.));
#7472=DIRECTION('ref_axis',(1.,0.,0.));
#7473=DIRECTION('center_axis',(0.,0.,1.));
#7474=DIRECTION('ref_axis',(1.,0.,0.));
#7475=DIRECTION('center_axis',(0.,0.,1.));
#7476=DIRECTION('ref_axis',(1.,0.,0.));
#7477=DIRECTION('center_axis',(0.,0.,1.));
#7478=DIRECTION('ref_axis',(1.,0.,0.));
#7479=DIRECTION('center_axis',(0.,0.,1.));
#7480=DIRECTION('ref_axis',(1.,0.,0.));
#7481=DIRECTION('center_axis',(0.,0.,1.));
#7482=DIRECTION('ref_axis',(1.,0.,0.));
#7483=DIRECTION('center_axis',(0.,0.,1.));
#7484=DIRECTION('ref_axis',(1.,0.,0.));
#7485=DIRECTION('center_axis',(0.,0.,1.));
#7486=DIRECTION('ref_axis',(1.,0.,0.));
#7487=DIRECTION('center_axis',(0.,0.,1.));
#7488=DIRECTION('ref_axis',(1.,0.,0.));
#7489=DIRECTION('center_axis',(0.,0.,1.));
#7490=DIRECTION('ref_axis',(1.,0.,0.));
#7491=DIRECTION('center_axis',(0.,0.,1.));
#7492=DIRECTION('ref_axis',(1.,0.,0.));
#7493=DIRECTION('center_axis',(0.,0.,1.));
#7494=DIRECTION('ref_axis',(1.,0.,0.));
#7495=DIRECTION('center_axis',(0.,0.,1.));
#7496=DIRECTION('ref_axis',(1.,0.,0.));
#7497=DIRECTION('center_axis',(0.,0.,1.));
#7498=DIRECTION('ref_axis',(1.,0.,0.));
#7499=DIRECTION('center_axis',(0.,0.,1.));
#7500=DIRECTION('ref_axis',(1.,0.,0.));
#7501=DIRECTION('center_axis',(0.,0.,1.));
#7502=DIRECTION('ref_axis',(1.,0.,0.));
#7503=DIRECTION('center_axis',(0.,0.,1.));
#7504=DIRECTION('ref_axis',(1.,0.,0.));
#7505=DIRECTION('center_axis',(0.,0.,1.));
#7506=DIRECTION('ref_axis',(1.,0.,0.));
#7507=DIRECTION('center_axis',(0.,0.,1.));
#7508=DIRECTION('ref_axis',(1.,0.,0.));
#7509=DIRECTION('center_axis',(0.,0.,1.));
#7510=DIRECTION('ref_axis',(1.,0.,0.));
#7511=DIRECTION('center_axis',(0.,0.,1.));
#7512=DIRECTION('ref_axis',(1.,0.,0.));
#7513=DIRECTION('center_axis',(0.,0.,1.));
#7514=DIRECTION('ref_axis',(1.,0.,0.));
#7515=DIRECTION('center_axis',(0.,0.,1.));
#7516=DIRECTION('ref_axis',(1.,0.,0.));
#7517=DIRECTION('center_axis',(0.,0.,1.));
#7518=DIRECTION('ref_axis',(1.,0.,0.));
#7519=DIRECTION('center_axis',(0.,0.,1.));
#7520=DIRECTION('ref_axis',(1.,0.,0.));
#7521=DIRECTION('center_axis',(0.,0.,1.));
#7522=DIRECTION('ref_axis',(1.,0.,0.));
#7523=DIRECTION('center_axis',(0.,0.,1.));
#7524=DIRECTION('ref_axis',(1.,0.,0.));
#7525=DIRECTION('center_axis',(0.,0.,1.));
#7526=DIRECTION('ref_axis',(1.,0.,0.));
#7527=DIRECTION('center_axis',(0.,-1.,0.));
#7528=DIRECTION('ref_axis',(0.,0.,-1.));
#7529=DIRECTION('',(0.,0.,-1.));
#7530=DIRECTION('',(0.,0.,-1.));
#7531=DIRECTION('center_axis',(1.,0.,0.));
#7532=DIRECTION('ref_axis',(0.,0.,1.));
#7533=DIRECTION('',(0.,-1.,0.));
#7534=DIRECTION('',(0.,4.1086504944554E-33,1.));
#7535=DIRECTION('',(0.,0.,1.));
#7536=DIRECTION('center_axis',(-1.,0.,0.));
#7537=DIRECTION('ref_axis',(0.,1.,0.));
#7538=DIRECTION('center_axis',(-1.,0.,0.));
#7539=DIRECTION('ref_axis',(0.,1.,0.));
#7540=DIRECTION('center_axis',(-1.,0.,0.));
#7541=DIRECTION('ref_axis',(0.,1.,0.));
#7542=DIRECTION('center_axis',(-1.,0.,0.));
#7543=DIRECTION('ref_axis',(0.,1.,0.));
#7544=DIRECTION('center_axis',(0.251434348765598,-0.967874355616895,0.));
#7545=DIRECTION('ref_axis',(0.967874355616895,0.251434348765598,0.));
#7546=DIRECTION('',(0.967874355616895,0.251434348765598,0.));
#7547=DIRECTION('',(0.,0.,1.));
#7548=DIRECTION('',(0.,0.,1.));
#7549=DIRECTION('center_axis',(3.00632963008932E-33,1.,0.));
#7550=DIRECTION('ref_axis',(-1.,3.00632963008932E-33,0.));
#7551=DIRECTION('',(-1.,3.00632963008932E-33,0.));
#7552=DIRECTION('',(0.,4.1086504944554E-33,1.));
#7553=DIRECTION('',(-1.,3.00632963008932E-33,0.));
#7554=DIRECTION('',(-1.,3.00632963008932E-33,0.));
#7555=DIRECTION('',(0.,-4.1086504944554E-33,-1.));
#7556=DIRECTION('center_axis',(0.251434348765598,-0.967874355616895,0.));
#7557=DIRECTION('ref_axis',(-0.967874355616895,-0.251434348765598,0.));
#7558=DIRECTION('',(-0.967874355616895,-0.251434348765598,0.));
#7559=DIRECTION('',(0.,0.,-1.));
#7560=DIRECTION('',(0.,0.,-1.));
#7561=DIRECTION('center_axis',(3.00632963008932E-33,1.,0.));
#7562=DIRECTION('ref_axis',(1.,-3.00632963008932E-33,0.));
#7563=DIRECTION('',(1.,-3.00632963008932E-33,0.));
#7564=DIRECTION('',(0.,0.,-1.));
#7565=DIRECTION('',(1.,-3.00632963008932E-33,0.));
#7566=DIRECTION('',(0.,4.1086504944554E-33,1.));
#7567=DIRECTION('center_axis',(0.,1.,0.));
#7568=DIRECTION('ref_axis',(0.,0.,1.));
#7569=DIRECTION('center_axis',(0.,1.,0.));
#7570=DIRECTION('ref_axis',(0.,0.,-1.));
#7571=DIRECTION('',(-1.,0.,0.));
#7572=DIRECTION('',(0.,0.,-1.));
#7573=DIRECTION('',(1.,0.,0.));
#7574=DIRECTION('center_axis',(0.,0.,1.));
#7575=DIRECTION('ref_axis',(1.,0.,0.));
#7576=DIRECTION('',(0.,1.,0.));
#7577=DIRECTION('',(1.,0.,0.));
#7578=DIRECTION('center_axis',(1.,0.,0.));
#7579=DIRECTION('ref_axis',(0.,0.,-1.));
#7580=DIRECTION('',(0.,0.,-1.));
#7581=DIRECTION('',(0.,1.,0.));
#7582=DIRECTION('center_axis',(0.,0.,-1.));
#7583=DIRECTION('ref_axis',(-1.,0.,0.));
#7584=DIRECTION('',(-1.,0.,0.));
#7585=DIRECTION('center_axis',(0.,-1.,0.));
#7586=DIRECTION('ref_axis',(0.,0.,-1.));
#7587=DIRECTION('center_axis',(0.,1.,0.));
#7588=DIRECTION('ref_axis',(-1.,0.,0.));
#7589=DIRECTION('center_axis',(0.,1.,0.));
#7590=DIRECTION('ref_axis',(-1.,0.,0.));
#7591=DIRECTION('center_axis',(-1.,0.,0.));
#7592=DIRECTION('ref_axis',(0.,-1.,0.));
#7593=DIRECTION('center_axis',(0.,-1.,0.));
#7594=DIRECTION('ref_axis',(-1.,0.,0.));
#7595=DIRECTION('center_axis',(1.,0.,0.));
#7596=DIRECTION('ref_axis',(0.,-1.,0.));
#7597=DIRECTION('center_axis',(0.,1.,0.));
#7598=DIRECTION('ref_axis',(-1.,0.,0.));
#7599=DIRECTION('center_axis',(0.,1.,0.));
#7600=DIRECTION('ref_axis',(-1.,0.,0.));
#7601=DIRECTION('center_axis',(1.,0.,0.));
#7602=DIRECTION('ref_axis',(0.,0.,1.));
#7603=DIRECTION('',(0.,0.,1.));
#7604=DIRECTION('',(0.,-1.,0.));
#7605=DIRECTION('',(0.,0.,1.));
#7606=DIRECTION('',(0.,-1.,0.));
#7607=DIRECTION('center_axis',(0.,0.,-1.));
#7608=DIRECTION('ref_axis',(1.,0.,0.));
#7609=DIRECTION('',(1.,0.,0.));
#7610=DIRECTION('',(1.,-1.1102230101495E-16,0.));
#7611=DIRECTION('center_axis',(0.,0.,1.));
#7612=DIRECTION('ref_axis',(-1.,0.,0.));
#7613=DIRECTION('',(-1.,1.1102230101495E-16,0.));
#7614=DIRECTION('',(-1.,0.,0.));
#7615=DIRECTION('center_axis',(0.,-1.,0.));
#7616=DIRECTION('ref_axis',(0.,0.,-1.));
#7617=DIRECTION('center_axis',(-5.55111505074748E-17,-1.,0.));
#7618=DIRECTION('ref_axis',(0.,0.,1.));
#7619=DIRECTION('center_axis',(1.1102230101495E-16,1.,0.));
#7620=DIRECTION('ref_axis',(-1.,1.1102230101495E-16,0.));
#7621=DIRECTION('center_axis',(-1.1102230101495E-16,-1.,0.));
#7622=DIRECTION('ref_axis',(-1.,1.1102230101495E-16,0.));
#7623=DIRECTION('center_axis',(-1.1102230101495E-16,-1.,0.));
#7624=DIRECTION('ref_axis',(-1.,0.,0.));
#7625=DIRECTION('center_axis',(-1.1102230101495E-16,-1.,0.));
#7626=DIRECTION('ref_axis',(-1.,0.,0.));
#7627=DIRECTION('center_axis',(-1.1102230101495E-16,-1.,0.));
#7628=DIRECTION('ref_axis',(-1.,1.1102230101495E-16,0.));
#7629=DIRECTION('',(-1.,1.1102230101495E-16,0.));
#7630=DIRECTION('',(0.,0.,1.));
#7631=DIRECTION('',(1.,-1.1102230101495E-16,0.));
#7632=DIRECTION('center_axis',(-1.1102230101495E-16,-1.,0.));
#7633=DIRECTION('ref_axis',(-1.,1.1102230101495E-16,0.));
#7634=DIRECTION('center_axis',(-1.1102230101495E-16,-1.,0.));
#7635=DIRECTION('ref_axis',(-1.,0.,0.));
#7636=DIRECTION('center_axis',(-1.1102230101495E-16,-1.,0.));
#7637=DIRECTION('ref_axis',(-1.,0.,0.));
#7638=DIRECTION('center_axis',(-1.1102230101495E-16,-1.,0.));
#7639=DIRECTION('ref_axis',(-1.,1.1102230101495E-16,0.));
#7640=DIRECTION('center_axis',(-1.1102230101495E-16,-1.,0.));
#7641=DIRECTION('ref_axis',(-1.,0.,0.));
#7642=DIRECTION('center_axis',(-1.1102230101495E-16,-1.,0.));
#7643=DIRECTION('ref_axis',(-1.,0.,0.));
#7644=DIRECTION('center_axis',(-1.1102230101495E-16,-1.,0.));
#7645=DIRECTION('ref_axis',(1.,0.,0.));
#7646=DIRECTION('center_axis',(-1.,0.,0.));
#7647=DIRECTION('ref_axis',(0.,1.,0.));
#7648=DIRECTION('',(-1.,0.,0.));
#7649=DIRECTION('center_axis',(-1.,0.,0.));
#7650=DIRECTION('ref_axis',(0.,1.,0.));
#7651=DIRECTION('center_axis',(1.,0.,0.));
#7652=DIRECTION('ref_axis',(0.,1.,0.));
#7653=DIRECTION('center_axis',(1.,0.,0.));
#7654=DIRECTION('ref_axis',(0.,1.,0.));
#7655=DIRECTION('center_axis',(-1.,0.,0.));
#7656=DIRECTION('ref_axis',(0.,1.,0.));
#7657=DIRECTION('',(-1.,0.,0.));
#7658=DIRECTION('center_axis',(-1.,0.,0.));
#7659=DIRECTION('ref_axis',(0.,1.,0.));
#7660=DIRECTION('center_axis',(1.,0.,0.));
#7661=DIRECTION('ref_axis',(0.,1.,0.));
#7662=DIRECTION('center_axis',(1.,0.,0.));
#7663=DIRECTION('ref_axis',(0.,1.,0.));
#7664=DIRECTION('center_axis',(-1.,0.,0.));
#7665=DIRECTION('ref_axis',(0.,1.,0.));
#7666=DIRECTION('',(-1.,0.,0.));
#7667=DIRECTION('center_axis',(-1.,0.,0.));
#7668=DIRECTION('ref_axis',(0.,1.,0.));
#7669=DIRECTION('',(-1.,0.,0.));
#7670=DIRECTION('center_axis',(0.,0.,1.));
#7671=DIRECTION('ref_axis',(-1.,0.,0.));
#7672=DIRECTION('',(0.,0.,1.));
#7673=DIRECTION('center_axis',(0.,0.,1.));
#7674=DIRECTION('ref_axis',(-1.,0.,0.));
#7675=DIRECTION('',(0.,0.,-1.));
#7676=DIRECTION('center_axis',(1.11022302462516E-15,0.,-1.));
#7677=DIRECTION('ref_axis',(-1.,0.,0.));
#7678=DIRECTION('center_axis',(-1.,0.,0.));
#7679=DIRECTION('ref_axis',(0.,0.,-1.));
#7680=DIRECTION('',(0.,1.,0.));
#7681=DIRECTION('',(0.,0.,-1.));
#7682=DIRECTION('',(0.,-1.,0.));
#7683=DIRECTION('center_axis',(-1.,3.00632963008932E-33,0.));
#7684=DIRECTION('ref_axis',(0.,0.70710678118654,-0.707106781186555));
#7685=DIRECTION('',(-1.,3.00632963008932E-33,0.));
#7686=DIRECTION('',(-1.,3.00632963008932E-33,0.));
#7687=DIRECTION('center_axis',(-0.707106781186548,0.,-0.707106781186548));
#7688=DIRECTION('ref_axis',(0.707106781186547,-4.2515921358364E-33,-0.707106781186547));
#7689=DIRECTION('center_axis',(0.,-4.1086504944554E-33,-1.));
#7690=DIRECTION('ref_axis',(0.707106781186563,0.707106781186532,0.));
#7691=DIRECTION('',(0.,4.1086504944554E-33,1.));
#7692=DIRECTION('center_axis',(-0.707106781186548,0.,-0.707106781186548));
#7693=DIRECTION('ref_axis',(-0.707106781186547,5.81050925230974E-33,0.707106781186547));
#7694=DIRECTION('',(0.,-4.1086504944554E-33,-1.));
#7695=DIRECTION('center_axis',(-1.,3.00632963008932E-33,0.));
#7696=DIRECTION('ref_axis',(0.,0.707106781186532,-0.707106781186563));
#7697=DIRECTION('',(1.,-3.00632963008932E-33,0.));
#7698=DIRECTION('center_axis',(-0.707106781186548,0.,-0.707106781186548));
#7699=DIRECTION('ref_axis',(0.707106781186547,-4.2515921358364E-33,-0.707106781186547));
#7700=DIRECTION('',(-1.,3.00632963008932E-33,0.));
#7701=DIRECTION('center_axis',(0.,-4.1086504944554E-33,-1.));
#7702=DIRECTION('ref_axis',(0.707106781186548,0.707106781186548,0.));
#7703=DIRECTION('',(0.,4.1086504944554E-33,1.));
#7704=DIRECTION('center_axis',(-0.707106781186548,0.,-0.707106781186548));
#7705=DIRECTION('ref_axis',(-0.707106781186547,5.81050925230974E-33,0.707106781186547));
#7706=DIRECTION('center_axis',(-1.,3.00632963008932E-33,0.));
#7707=DIRECTION('ref_axis',(0.,0.707106781186532,-0.707106781186563));
#7708=DIRECTION('',(1.,-3.00632963008932E-33,0.));
#7709=DIRECTION('center_axis',(-0.707106781186548,0.,0.707106781186548));
#7710=DIRECTION('ref_axis',(0.707106781186547,-4.2515921358364E-33,0.707106781186547));
#7711=DIRECTION('center_axis',(0.,4.1086504944554E-33,1.));
#7712=DIRECTION('ref_axis',(-0.707106781186555,0.70710678118654,0.));
#7713=DIRECTION('',(0.,-4.1086504944554E-33,-1.));
#7714=DIRECTION('center_axis',(-0.707106781186548,0.,0.707106781186548));
#7715=DIRECTION('ref_axis',(-0.707106781186547,-5.81050925230974E-33,-0.707106781186547));
#7716=DIRECTION('center_axis',(-1.,3.00632963008932E-33,0.));
#7717=DIRECTION('ref_axis',(0.,0.707106781186532,-0.707106781186563));
#7718=DIRECTION('',(1.,-3.00632963008932E-33,0.));
#7719=DIRECTION('center_axis',(-0.707106781186547,0.,0.707106781186549));
#7720=DIRECTION('ref_axis',(0.707106781186548,-4.25159213583639E-33,0.707106781186547));
#7721=DIRECTION('center_axis',(0.,4.1086504944554E-33,1.));
#7722=DIRECTION('ref_axis',(-0.707106781186555,0.70710678118654,0.));
#7723=DIRECTION('',(0.,4.1086504944554E-33,1.));
#7724=DIRECTION('',(0.,-4.1086504944554E-33,-1.));
#7725=DIRECTION('center_axis',(0.707106781186547,-3.92523114670943E-15,
0.707106781186549));
#7726=DIRECTION('ref_axis',(0.707106781186548,-3.92523114670944E-15,-0.707106781186546));
#7727=DIRECTION('center_axis',(1.,-3.00632963008932E-33,0.));
#7728=DIRECTION('ref_axis',(0.,0.70710678118654,0.707106781186555));
#7729=DIRECTION('',(1.,-3.00632963008932E-33,0.));
#7730=DIRECTION('',(-1.,3.00632963008932E-33,0.));
#7731=DIRECTION('center_axis',(0.707106781186548,0.,0.707106781186548));
#7732=DIRECTION('ref_axis',(-0.707106781186547,4.2515921358364E-33,0.707106781186547));
#7733=DIRECTION('center_axis',(0.,4.1086504944554E-33,1.));
#7734=DIRECTION('ref_axis',(-0.707106781186555,0.70710678118654,0.));
#7735=DIRECTION('',(0.,-4.1086504944554E-33,-1.));
#7736=DIRECTION('center_axis',(0.707106781186548,0.,0.707106781186548));
#7737=DIRECTION('ref_axis',(0.707106781186547,-5.81050925230974E-33,-0.707106781186547));
#7738=DIRECTION('center_axis',(1.,-3.00632963008932E-33,0.));
#7739=DIRECTION('ref_axis',(0.,0.70710678118654,0.707106781186555));
#7740=DIRECTION('',(-1.,3.00632963008932E-33,0.));
#7741=DIRECTION('center_axis',(0.707106781186547,0.,-0.707106781186548));
#7742=DIRECTION('ref_axis',(-0.707106781186548,4.2515921358364E-33,-0.707106781186547));
#7743=DIRECTION('center_axis',(0.,-4.1086504944554E-33,-1.));
#7744=DIRECTION('ref_axis',(0.707106781186563,0.707106781186532,0.));
#7745=DIRECTION('',(0.,-4.1086504944554E-33,-1.));
#7746=DIRECTION('',(0.,4.1086504944554E-33,1.));
#7747=DIRECTION('center_axis',(0.707106781186548,0.,-0.707106781186547));
#7748=DIRECTION('ref_axis',(0.707106781186547,5.81050925230974E-33,0.707106781186548));
#7749=DIRECTION('center_axis',(1.,-3.00632963008931E-33,2.77555756156288E-16));
#7750=DIRECTION('ref_axis',(0.,0.707106781186539,0.707106781186556));
#7751=DIRECTION('',(-1.,3.00632963008931E-33,-2.77555756156288E-16));
#7752=DIRECTION('center_axis',(0.707106781186556,1.47196168001602E-15,-0.707106781186539));
#7753=DIRECTION('ref_axis',(-0.707106781186539,1.47196168001605E-15,-0.707106781186556));
#7754=DIRECTION('',(1.,-3.00632963008931E-33,2.77555756156288E-16));
#7755=DIRECTION('center_axis',(0.,-4.1086504944554E-33,-1.));
#7756=DIRECTION('ref_axis',(0.707106781186563,0.707106781186532,0.));
#7757=DIRECTION('',(0.,4.1086504944554E-33,1.));
#7758=DIRECTION('center_axis',(0.707106781186548,0.,-0.707106781186548));
#7759=DIRECTION('ref_axis',(0.707106781186547,5.81050925230974E-33,0.707106781186547));
#7760=DIRECTION('',(0.,-4.1086504944554E-33,-1.));
#7761=DIRECTION('center_axis',(1.,-3.00632963008931E-33,1.11022302462516E-15));
#7762=DIRECTION('ref_axis',(0.,0.70710678118654,0.707106781186555));
#7763=DIRECTION('',(1.,-3.00632963008931E-33,1.11022302462516E-15));
#7764=DIRECTION('',(1.,-3.00632963008931E-33,1.11022302462516E-15));
#7765=DIRECTION('center_axis',(0.,0.,1.));
#7766=DIRECTION('ref_axis',(-1.,0.,0.));
#7767=DIRECTION('',(0.,1.,0.));
#7768=DIRECTION('',(-1.,0.,0.));
#7769=DIRECTION('center_axis',(-1.,0.,0.));
#7770=DIRECTION('ref_axis',(0.,0.,-1.));
#7771=DIRECTION('',(0.,-1.,0.));
#7772=DIRECTION('',(0.,4.42680545421325E-8,-0.999999999999999));
#7773=DIRECTION('',(0.,0.,-1.));
#7774=DIRECTION('center_axis',(0.,0.,1.));
#7775=DIRECTION('ref_axis',(-1.,0.,0.));
#7776=DIRECTION('',(0.,-1.,0.));
#7777=DIRECTION('center_axis',(1.,0.,0.));
#7778=DIRECTION('ref_axis',(0.,0.,1.));
#7779=DIRECTION('',(0.,-1.,0.));
#7780=DIRECTION('center_axis',(0.,0.,-1.));
#7781=DIRECTION('ref_axis',(1.,0.,0.));
#7782=DIRECTION('center_axis',(1.,0.,0.));
#7783=DIRECTION('ref_axis',(0.,-4.02486910553514E-47,-1.));
#7784=DIRECTION('',(0.,1.,0.));
#7785=DIRECTION('',(0.,0.,1.));
#7786=DIRECTION('center_axis',(-2.77555756156288E-16,0.,1.));
#7787=DIRECTION('ref_axis',(1.,-3.64921465568517E-47,2.77555756156288E-16));
#7788=DIRECTION('',(0.,1.,0.));
#7789=DIRECTION('',(-1.,1.1102230101495E-16,0.));
#7790=DIRECTION('center_axis',(-1.,0.,0.));
#7791=DIRECTION('ref_axis',(0.,0.,-1.));
#7792=DIRECTION('',(0.,-1.,0.));
#7793=DIRECTION('',(0.,0.,-1.));
#7794=DIRECTION('',(0.,1.37884138876389E-8,-1.));
#7795=DIRECTION('',(0.,-1.,0.));
#7796=DIRECTION('center_axis',(1.,0.,0.));
#7797=DIRECTION('ref_axis',(0.,0.707106781186546,0.707106781186549));
#7798=DIRECTION('center_axis',(1.11022302462516E-15,0.,-1.));
#7799=DIRECTION('ref_axis',(1.,0.,1.11022302462516E-15));
#7800=DIRECTION('',(1.,0.,1.11022302462516E-15));
#7801=DIRECTION('center_axis',(0.,1.,0.));
#7802=DIRECTION('ref_axis',(-5.55111512312578E-16,0.,1.));
#7803=DIRECTION('center_axis',(-0.447213595499958,0.,0.894427190999916));
#7804=DIRECTION('ref_axis',(0.894427190999916,0.,0.447213595499958));
#7805=DIRECTION('center_axis',(0.894427190999916,-4.96506830649454E-16,
-0.447213595499958));
#7806=DIRECTION('ref_axis',(0.447213595499958,0.,0.894427190999916));
#7807=DIRECTION('center_axis',(4.84230899834234E-17,1.,0.));
#7808=DIRECTION('ref_axis',(0.707106781186546,0.,0.707106781186549));
#7809=DIRECTION('center_axis',(0.,1.,0.));
#7810=DIRECTION('ref_axis',(-5.55111512312578E-16,0.,1.));
#7811=DIRECTION('',(-4.84230899834234E-17,-1.,0.));
#7812=DIRECTION('center_axis',(0.,4.44089209850062E-15,1.));
#7813=DIRECTION('ref_axis',(-1.66533453693773E-15,-1.,4.44089209850062E-15));
#7814=DIRECTION('center_axis',(-1.,4.84230899834234E-17,0.));
#7815=DIRECTION('ref_axis',(-4.74891320846095E-17,-1.,-3.3579887329691E-16));
#7816=DIRECTION('center_axis',(0.,0.,-1.));
#7817=DIRECTION('ref_axis',(0.707106781186548,-0.707106781186548,0.));
#7818=DIRECTION('',(0.,0.,1.));
#7819=DIRECTION('center_axis',(0.,5.55111512312578E-16,1.));
#7820=DIRECTION('ref_axis',(-2.22044604925031E-15,-1.,5.55111512312578E-16));
#7821=DIRECTION('center_axis',(0.,-1.,-2.22044604925031E-15));
#7822=DIRECTION('ref_axis',(-2.22044604925031E-15,2.22044604925031E-15,
-1.));
#7823=DIRECTION('center_axis',(-1.,4.84230899834234E-17,0.));
#7824=DIRECTION('ref_axis',(-4.74891320846095E-17,-1.,8.73077070571967E-16));
#7825=DIRECTION('center_axis',(4.84230899834234E-17,1.,0.));
#7826=DIRECTION('ref_axis',(0.707106781186548,0.,-0.707106781186547));
#7827=DIRECTION('',(4.84230899834234E-17,1.,0.));
#7828=DIRECTION('center_axis',(-4.44089209850062E-15,-1.,4.44089209850064E-15));
#7829=DIRECTION('ref_axis',(-3.33066907387547E-15,-4.44089209850063E-15,
-1.));
#7830=DIRECTION('center_axis',(0.894427190999916,0.,0.447213595499958));
#7831=DIRECTION('ref_axis',(0.447213595499958,0.,-0.894427190999916));
#7832=DIRECTION('center_axis',(-0.447213595499958,4.96506830649454E-16,
-0.894427190999916));
#7833=DIRECTION('ref_axis',(0.894427190999916,0.,-0.447213595499958));
#7834=DIRECTION('center_axis',(-1.,3.00632963008932E-33,0.));
#7835=DIRECTION('ref_axis',(0.,0.707106781186548,-0.707106781186547));
#7836=DIRECTION('',(-1.,3.00632963008932E-33,0.));
#7837=DIRECTION('center_axis',(-1.,3.00632963008932E-33,0.));
#7838=DIRECTION('ref_axis',(0.,0.707106781186548,-0.707106781186547));
#7839=DIRECTION('',(1.,-3.00632963008932E-33,0.));
#7840=DIRECTION('center_axis',(0.,0.,-1.));
#7841=DIRECTION('ref_axis',(-1.,0.,0.));
#7842=DIRECTION('',(0.967874355616895,0.251434348765598,0.));
#7843=DIRECTION('',(1.,0.,0.));
#7844=DIRECTION('',(0.,-1.,0.));
#7845=DIRECTION('',(0.,-1.,0.));
#7846=DIRECTION('center_axis',(0.,0.,-1.));
#7847=DIRECTION('ref_axis',(0.961538461538462,-0.274670324174724,0.));
#7848=DIRECTION('center_axis',(0.,0.,1.));
#7849=DIRECTION('ref_axis',(1.,0.,0.));
#7850=DIRECTION('center_axis',(0.,0.,1.));
#7851=DIRECTION('ref_axis',(1.,0.,0.));
#7852=DIRECTION('center_axis',(0.,0.,1.));
#7853=DIRECTION('ref_axis',(1.,0.,0.));
#7854=DIRECTION('center_axis',(0.,0.,1.));
#7855=DIRECTION('ref_axis',(1.,0.,0.));
#7856=DIRECTION('center_axis',(0.,0.,1.));
#7857=DIRECTION('ref_axis',(1.,0.,0.));
#7858=DIRECTION('center_axis',(0.,0.,1.));
#7859=DIRECTION('ref_axis',(1.,0.,0.));
#7860=DIRECTION('center_axis',(0.,0.,1.));
#7861=DIRECTION('ref_axis',(1.,0.,0.));
#7862=DIRECTION('center_axis',(0.,0.,1.));
#7863=DIRECTION('ref_axis',(1.,0.,0.));
#7864=DIRECTION('center_axis',(0.,0.,1.));
#7865=DIRECTION('ref_axis',(1.,0.,0.));
#7866=DIRECTION('center_axis',(0.,0.,1.));
#7867=DIRECTION('ref_axis',(1.,0.,0.));
#7868=DIRECTION('center_axis',(0.,0.,1.));
#7869=DIRECTION('ref_axis',(1.,0.,0.));
#7870=DIRECTION('center_axis',(0.,0.,1.));
#7871=DIRECTION('ref_axis',(1.,0.,0.));
#7872=DIRECTION('center_axis',(0.,0.,1.));
#7873=DIRECTION('ref_axis',(1.,0.,0.));
#7874=DIRECTION('center_axis',(0.,0.,1.));
#7875=DIRECTION('ref_axis',(1.,0.,0.));
#7876=DIRECTION('center_axis',(0.,0.,1.));
#7877=DIRECTION('ref_axis',(1.,0.,0.));
#7878=DIRECTION('center_axis',(0.,0.,1.));
#7879=DIRECTION('ref_axis',(1.,0.,0.));
#7880=DIRECTION('center_axis',(0.,0.,1.));
#7881=DIRECTION('ref_axis',(1.,0.,0.));
#7882=DIRECTION('center_axis',(0.,0.,1.));
#7883=DIRECTION('ref_axis',(1.,0.,0.));
#7884=DIRECTION('center_axis',(0.,0.,1.));
#7885=DIRECTION('ref_axis',(1.,0.,0.));
#7886=DIRECTION('center_axis',(0.,0.,1.));
#7887=DIRECTION('ref_axis',(1.,0.,0.));
#7888=DIRECTION('center_axis',(0.,0.,1.));
#7889=DIRECTION('ref_axis',(1.,0.,0.));
#7890=DIRECTION('center_axis',(0.,0.,1.));
#7891=DIRECTION('ref_axis',(1.,0.,0.));
#7892=DIRECTION('center_axis',(0.,0.,1.));
#7893=DIRECTION('ref_axis',(1.,0.,0.));
#7894=DIRECTION('center_axis',(0.,0.,1.));
#7895=DIRECTION('ref_axis',(1.,0.,0.));
#7896=DIRECTION('center_axis',(0.,0.,1.));
#7897=DIRECTION('ref_axis',(1.,0.,0.));
#7898=DIRECTION('center_axis',(0.,0.,1.));
#7899=DIRECTION('ref_axis',(1.,0.,0.));
#7900=DIRECTION('center_axis',(0.,0.,1.));
#7901=DIRECTION('ref_axis',(1.,0.,0.));
#7902=DIRECTION('center_axis',(0.,0.,1.));
#7903=DIRECTION('ref_axis',(1.,0.,0.));
#7904=DIRECTION('center_axis',(0.,0.,1.));
#7905=DIRECTION('ref_axis',(1.,0.,0.));
#7906=DIRECTION('center_axis',(0.,0.,1.));
#7907=DIRECTION('ref_axis',(1.,0.,0.));
#7908=DIRECTION('center_axis',(0.,0.,1.));
#7909=DIRECTION('ref_axis',(1.,0.,0.));
#7910=DIRECTION('center_axis',(0.,0.,1.));
#7911=DIRECTION('ref_axis',(1.,0.,0.));
#7912=DIRECTION('center_axis',(0.,0.,1.));
#7913=DIRECTION('ref_axis',(1.,0.,0.));
#7914=DIRECTION('center_axis',(0.,0.,1.));
#7915=DIRECTION('ref_axis',(1.,0.,0.));
#7916=DIRECTION('center_axis',(0.,0.,1.));
#7917=DIRECTION('ref_axis',(1.,0.,0.));
#7918=DIRECTION('center_axis',(0.,0.,1.));
#7919=DIRECTION('ref_axis',(1.,0.,0.));
#7920=DIRECTION('center_axis',(0.,0.,1.));
#7921=DIRECTION('ref_axis',(1.,0.,0.));
#7922=DIRECTION('',(1.,-3.00632963008932E-33,0.));
#7923=DIRECTION('center_axis',(0.,0.,1.));
#7924=DIRECTION('ref_axis',(0.986013297183269,-0.166666666666666,0.));
#7925=DIRECTION('',(0.,1.,0.));
#7926=DIRECTION('',(0.,1.,0.));
#7927=DIRECTION('',(-1.,0.,0.));
#7928=DIRECTION('',(-0.967874355616895,-0.251434348765598,0.));
#7929=DIRECTION('center_axis',(0.,0.,-1.));
#7930=DIRECTION('ref_axis',(-1.,0.,0.));
#7931=DIRECTION('center_axis',(0.,0.,-1.));
#7932=DIRECTION('ref_axis',(-1.,0.,0.));
#7933=DIRECTION('center_axis',(0.,0.,-1.));
#7934=DIRECTION('ref_axis',(-1.,0.,0.));
#7935=DIRECTION('center_axis',(0.,0.,-1.));
#7936=DIRECTION('ref_axis',(-1.,0.,0.));
#7937=DIRECTION('center_axis',(0.,0.,-1.));
#7938=DIRECTION('ref_axis',(-1.,0.,0.));
#7939=DIRECTION('center_axis',(0.,0.,-1.));
#7940=DIRECTION('ref_axis',(-1.,0.,0.));
#7941=DIRECTION('center_axis',(0.,0.,-1.));
#7942=DIRECTION('ref_axis',(-1.,0.,0.));
#7943=DIRECTION('center_axis',(0.,0.,-1.));
#7944=DIRECTION('ref_axis',(-1.,0.,0.));
#7945=DIRECTION('center_axis',(0.,0.,-1.));
#7946=DIRECTION('ref_axis',(-1.,0.,0.));
#7947=DIRECTION('center_axis',(0.,0.,-1.));
#7948=DIRECTION('ref_axis',(-1.,0.,0.));
#7949=DIRECTION('center_axis',(0.,0.,-1.));
#7950=DIRECTION('ref_axis',(-1.,0.,0.));
#7951=DIRECTION('center_axis',(0.,0.,-1.));
#7952=DIRECTION('ref_axis',(-1.,0.,0.));
#7953=DIRECTION('center_axis',(0.,0.,-1.));
#7954=DIRECTION('ref_axis',(-1.,0.,0.));
#7955=DIRECTION('center_axis',(0.,0.,-1.));
#7956=DIRECTION('ref_axis',(-1.,0.,0.));
#7957=DIRECTION('center_axis',(0.,0.,-1.));
#7958=DIRECTION('ref_axis',(-1.,0.,0.));
#7959=DIRECTION('center_axis',(0.,0.,-1.));
#7960=DIRECTION('ref_axis',(-1.,0.,0.));
#7961=DIRECTION('center_axis',(0.,0.,-1.));
#7962=DIRECTION('ref_axis',(-1.,0.,0.));
#7963=DIRECTION('center_axis',(0.,0.,-1.));
#7964=DIRECTION('ref_axis',(-1.,0.,0.));
#7965=DIRECTION('center_axis',(0.,0.,-1.));
#7966=DIRECTION('ref_axis',(-1.,0.,0.));
#7967=DIRECTION('center_axis',(0.,0.,-1.));
#7968=DIRECTION('ref_axis',(-1.,0.,0.));
#7969=DIRECTION('center_axis',(0.,0.,-1.));
#7970=DIRECTION('ref_axis',(-1.,0.,0.));
#7971=DIRECTION('center_axis',(0.,0.,-1.));
#7972=DIRECTION('ref_axis',(-1.,0.,0.));
#7973=DIRECTION('center_axis',(0.,0.,-1.));
#7974=DIRECTION('ref_axis',(-1.,0.,0.));
#7975=DIRECTION('center_axis',(0.,0.,-1.));
#7976=DIRECTION('ref_axis',(-1.,0.,0.));
#7977=DIRECTION('center_axis',(0.,0.,-1.));
#7978=DIRECTION('ref_axis',(-1.,0.,0.));
#7979=DIRECTION('center_axis',(0.,0.,-1.));
#7980=DIRECTION('ref_axis',(-1.,0.,0.));
#7981=DIRECTION('center_axis',(0.,0.,-1.));
#7982=DIRECTION('ref_axis',(-1.,0.,0.));
#7983=DIRECTION('center_axis',(0.,0.,-1.));
#7984=DIRECTION('ref_axis',(-1.,0.,0.));
#7985=DIRECTION('center_axis',(0.,0.,-1.));
#7986=DIRECTION('ref_axis',(-1.,0.,0.));
#7987=DIRECTION('center_axis',(0.,0.,-1.));
#7988=DIRECTION('ref_axis',(-1.,0.,0.));
#7989=DIRECTION('center_axis',(0.,0.,-1.));
#7990=DIRECTION('ref_axis',(-1.,0.,0.));
#7991=DIRECTION('center_axis',(0.,0.,-1.));
#7992=DIRECTION('ref_axis',(-1.,0.,0.));
#7993=DIRECTION('center_axis',(0.,0.,-1.));
#7994=DIRECTION('ref_axis',(-1.,0.,0.));
#7995=DIRECTION('center_axis',(0.,0.,-1.));
#7996=DIRECTION('ref_axis',(-1.,0.,0.));
#7997=DIRECTION('center_axis',(0.,0.,-1.));
#7998=DIRECTION('ref_axis',(-1.,0.,0.));
#7999=DIRECTION('center_axis',(0.,0.,-1.));
#8000=DIRECTION('ref_axis',(-1.,0.,0.));
#8001=DIRECTION('center_axis',(1.,-3.00632963008932E-33,0.));
#8002=DIRECTION('ref_axis',(0.,0.707106781186548,0.707106781186548));
#8003=DIRECTION('',(-1.,3.00632963008932E-33,0.));
#8004=DIRECTION('center_axis',(-1.,3.00632963008932E-33,0.));
#8005=DIRECTION('ref_axis',(0.,0.707106781186548,0.707106781186548));
#8006=DIRECTION('center_axis',(-0.816496580927726,0.408248290463863,0.408248290463863));
#8007=DIRECTION('ref_axis',(-0.577350269189626,-0.577350269189626,-0.577350269189625));
#8008=DIRECTION('center_axis',(0.,-1.,0.));
#8009=DIRECTION('ref_axis',(-1.,0.,0.));
#8010=DIRECTION('center_axis',(-1.,0.,0.));
#8011=DIRECTION('ref_axis',(0.,-0.707106781186548,-0.707106781186547));
#8012=DIRECTION('center_axis',(0.,0.,-1.));
#8013=DIRECTION('ref_axis',(-0.707106781186548,-0.707106781186548,0.));
#8014=DIRECTION('center_axis',(0.,-1.,0.));
#8015=DIRECTION('ref_axis',(-0.707106781186548,0.,-0.707106781186547));
#8016=DIRECTION('center_axis',(0.,-1.,0.));
#8017=DIRECTION('ref_axis',(-1.,0.,0.));
#8018=DIRECTION('',(0.,1.,0.));
#8019=DIRECTION('center_axis',(-1.24642829255131E-15,-1.,0.));
#8020=DIRECTION('ref_axis',(-0.890723542830246,1.11022302462516E-15,-0.454545454545455));
#8021=DIRECTION('center_axis',(-0.201186954040737,0.979552862036455,0.));
#8022=DIRECTION('ref_axis',(0.,0.,-1.));
#8023=DIRECTION('center_axis',(0.,-1.,0.));
#8024=DIRECTION('ref_axis',(-0.522232967867093,0.,-0.852802865422442));
#8025=DIRECTION('center_axis',(0.,-1.,0.));
#8026=DIRECTION('ref_axis',(-0.890723542830248,0.,-0.454545454545453));
#8027=DIRECTION('',(0.,1.,0.));
#8028=DIRECTION('center_axis',(-0.274670324174715,-0.961538461538464,0.));
#8029=DIRECTION('ref_axis',(-0.961538461538465,0.274670324174715,6.03683769639929E-15));
#8030=DIRECTION('center_axis',(0.,0.,1.));
#8031=DIRECTION('ref_axis',(1.,0.,0.));
#8032=DIRECTION('center_axis',(-0.166666666666666,-0.986013297183269,-3.70074341541717E-16));
#8033=DIRECTION('ref_axis',(-0.98601329718327,0.166666666666666,0.));
#8034=DIRECTION('center_axis',(0.,0.,1.));
#8035=DIRECTION('ref_axis',(0.961538461538462,-0.274670324174724,0.));
#8036=DIRECTION('center_axis',(0.,0.,1.));
#8037=DIRECTION('ref_axis',(-0.645497224367902,0.763762615825974,0.));
#8038=DIRECTION('',(-1.23519577211624E-65,-4.1086504944554E-33,-1.));
#8039=DIRECTION('center_axis',(0.,0.,1.));
#8040=DIRECTION('ref_axis',(0.,1.,0.));
#8041=DIRECTION('',(0.,0.,1.));
#8042=DIRECTION('center_axis',(0.,0.,-1.));
#8043=DIRECTION('ref_axis',(-0.98601329718327,0.166666666666666,0.));
#8044=DIRECTION('',(-1.23519577211624E-65,-4.1086504944554E-33,-1.));
#8045=DIRECTION('center_axis',(-0.841625411530174,-0.410045430290303,0.351467511677403));
#8046=DIRECTION('ref_axis',(-0.540061724867322,0.639009650422694,-0.547722557505167));
#8047=DIRECTION('center_axis',(-0.841625411530174,-0.410045430290303,-0.351467511677404));
#8048=DIRECTION('ref_axis',(-0.540061724867322,0.639009650422694,0.547722557505166));
#8049=DIRECTION('center_axis',(0.166666666666666,0.986013297183269,0.));
#8050=DIRECTION('ref_axis',(-0.98601329718327,0.166666666666666,0.));
#8051=DIRECTION('center_axis',(0.,0.,-1.));
#8052=DIRECTION('ref_axis',(-1.,0.,0.));
#8053=DIRECTION('center_axis',(0.274670324168464,0.96153846154025,0.));
#8054=DIRECTION('ref_axis',(-0.96153846154025,0.274670324168464,1.39488420813905E-11));
#8055=DIRECTION('center_axis',(0.,0.,-1.));
#8056=DIRECTION('ref_axis',(0.986013297183269,-0.166666666666666,0.));
#8057=DIRECTION('center_axis',(0.,-1.,0.));
#8058=DIRECTION('ref_axis',(-0.522232967867093,0.,0.852802865422442));
#8059=DIRECTION('center_axis',(0.,-1.,0.));
#8060=DIRECTION('ref_axis',(0.,0.,1.));
#8061=DIRECTION('',(0.,-1.,0.));
#8062=DIRECTION('center_axis',(1.24642829255131E-15,1.,0.));
#8063=DIRECTION('ref_axis',(-0.890723542830246,1.11022302462515E-15,0.454545454545456));
#8064=DIRECTION('center_axis',(-0.20118695404074,0.979552862036455,0.));
#8065=DIRECTION('ref_axis',(-0.912493631812942,-0.187413892073531,0.363636363636365));
#8066=DIRECTION('center_axis',(0.,-1.,0.));
#8067=DIRECTION('ref_axis',(-0.707106781186548,0.,0.707106781186548));
#8068=DIRECTION('center_axis',(0.,-1.,0.));
#8069=DIRECTION('ref_axis',(0.,0.,1.));
#8070=DIRECTION('',(0.,-1.,0.));
#8071=DIRECTION('center_axis',(0.,1.,0.));
#8072=DIRECTION('ref_axis',(-1.,0.,0.));
#8073=DIRECTION('center_axis',(-0.408248290463863,-0.408248290463862,-0.816496580927727));
#8074=DIRECTION('ref_axis',(-0.577350269189627,-0.577350269189625,0.577350269189625));
#8075=DIRECTION('center_axis',(0.,0.,1.));
#8076=DIRECTION('ref_axis',(-0.707106781186548,-0.707106781186548,0.));
#8077=DIRECTION('center_axis',(-1.,0.,0.));
#8078=DIRECTION('ref_axis',(0.,-0.707106781186548,0.707106781186548));
#8079=DIRECTION('center_axis',(3.00632963008932E-33,1.,-4.1086504944554E-33));
#8080=DIRECTION('ref_axis',(-1.,3.00632963008932E-33,0.));
#8081=DIRECTION('',(1.98953552603451E-49,4.1086504944554E-33,1.));
#8082=DIRECTION('center_axis',(1.,0.,0.));
#8083=DIRECTION('ref_axis',(0.,-0.707106781186548,0.707106781186548));
#8084=DIRECTION('',(1.,0.,0.));
#8085=DIRECTION('center_axis',(1.,0.,0.));
#8086=DIRECTION('ref_axis',(0.,-0.707106781186548,0.707106781186548));
#8087=DIRECTION('center_axis',(0.,0.,1.));
#8088=DIRECTION('ref_axis',(-0.707106781186548,-0.707106781186548,0.));
#8089=DIRECTION('',(0.,0.,-1.));
#8090=DIRECTION('',(0.,0.,1.));
#8091=DIRECTION('center_axis',(-1.98953552603451E-49,-4.1086504944554E-33,
-1.));
#8092=DIRECTION('ref_axis',(0.707106781186547,0.707106781186548,0.));
#8093=DIRECTION('center_axis',(0.,-1.,0.));
#8094=DIRECTION('ref_axis',(0.707106781186547,0.,0.707106781186548));
#8095=DIRECTION('center_axis',(0.,1.,6.34413156928661E-16));
#8096=DIRECTION('ref_axis',(0.,-6.34413156928661E-16,1.));
#8097=DIRECTION('',(0.,1.,0.));
#8098=DIRECTION('center_axis',(0.,1.,0.));
#8099=DIRECTION('ref_axis',(0.707106781186547,0.,-0.707106781186548));
#8100=DIRECTION('',(0.,-1.,0.));
#8101=DIRECTION('center_axis',(0.,1.,0.));
#8102=DIRECTION('ref_axis',(1.,0.,0.));
#8103=DIRECTION('center_axis',(0.866025403784626,0.499999999999675,-8.89690736233654E-13));
#8104=DIRECTION('ref_axis',(-0.499999999999675,0.866025403784626,0.));
#8105=DIRECTION('center_axis',(0.,0.,-1.));
#8106=DIRECTION('ref_axis',(-1.,0.,0.));
#8107=DIRECTION('center_axis',(1.,0.,0.));
#8108=DIRECTION('ref_axis',(0.,1.,0.));
#8109=DIRECTION('center_axis',(0.,0.,1.));
#8110=DIRECTION('ref_axis',(0.346457639778276,-0.938065618088237,0.));
#8111=DIRECTION('center_axis',(0.,0.,-1.));
#8112=DIRECTION('ref_axis',(0.346457639778276,-0.938065618088237,0.));
#8113=DIRECTION('center_axis',(-1.,1.1102230101495E-16,0.));
#8114=DIRECTION('ref_axis',(0.,0.707106781186549,0.707106781186546));
#8115=DIRECTION('center_axis',(1.,0.,0.));
#8116=DIRECTION('ref_axis',(0.,1.,0.));
#8117=DIRECTION('',(1.,-1.1102230101495E-16,0.));
#8118=DIRECTION('center_axis',(1.1102230101495E-16,1.,0.));
#8119=DIRECTION('ref_axis',(0.,0.,1.));
#8120=DIRECTION('center_axis',(-1.,0.,0.));
#8121=DIRECTION('ref_axis',(0.,1.,0.));
#8122=DIRECTION('center_axis',(1.1102230101495E-16,1.,0.));
#8123=DIRECTION('ref_axis',(-1.,9.25185853854297E-17,0.));
#8124=DIRECTION('center_axis',(-1.,1.1102230101495E-16,0.));
#8125=DIRECTION('ref_axis',(0.,0.707106781186548,-0.707106781186547));
#8126=DIRECTION('center_axis',(-1.,0.,0.));
#8127=DIRECTION('ref_axis',(0.,1.,0.));
#8128=DIRECTION('',(-1.,1.1102230101495E-16,0.));
#8129=DIRECTION('center_axis',(0.,0.,-1.));
#8130=DIRECTION('ref_axis',(-1.,0.,0.));
#8131=DIRECTION('center_axis',(-0.866025403784438,-0.5,0.));
#8132=DIRECTION('ref_axis',(-0.5,0.866025403784438,0.));
#8133=DIRECTION('center_axis',(0.,0.,-1.));
#8134=DIRECTION('ref_axis',(0.346457639778276,-0.938065618088237,0.));
#8135=DIRECTION('center_axis',(0.,0.,1.));
#8136=DIRECTION('ref_axis',(0.346457639778276,-0.938065618088237,0.));
#8137=DIRECTION('center_axis',(0.,0.,1.));
#8138=DIRECTION('ref_axis',(1.,0.,0.));
#8139=DIRECTION('',(0.,1.,0.));
#8140=DIRECTION('',(-1.,0.,0.));
#8141=DIRECTION('center_axis',(0.,-1.,0.));
#8142=DIRECTION('ref_axis',(0.,0.,-1.));
#8143=DIRECTION('',(0.,1.,0.));
#8144=DIRECTION('center_axis',(0.,-1.,0.));
#8145=DIRECTION('ref_axis',(-0.10686190490616,0.,-0.994273872371102));
#8146=DIRECTION('',(0.,1.,0.));
#8147=DIRECTION('center_axis',(0.,-1.,0.));
#8148=DIRECTION('ref_axis',(-1.,0.,0.));
#8149=DIRECTION('center_axis',(0.,0.,1.));
#8150=DIRECTION('ref_axis',(1.,0.,0.));
#8151=DIRECTION('',(1.,0.,0.));
#8152=DIRECTION('',(0.,-1.,0.));
#8153=DIRECTION('center_axis',(0.,0.,-1.));
#8154=DIRECTION('ref_axis',(0.707106781186536,0.707106781186559,0.));
#8155=DIRECTION('',(1.,0.,0.));
#8156=DIRECTION('center_axis',(0.,0.,1.));
#8157=DIRECTION('ref_axis',(0.707106781186547,-0.707106781186547,0.));
#8158=DIRECTION('center_axis',(-1.,0.,0.));
#8159=DIRECTION('ref_axis',(0.,0.,1.));
#8160=DIRECTION('center_axis',(-1.,0.,0.));
#8161=DIRECTION('ref_axis',(0.,-0.707106781186546,-0.707106781186549));
#8162=DIRECTION('center_axis',(0.,7.93016446160826E-17,1.));
#8163=DIRECTION('ref_axis',(1.,0.,0.));
#8164=DIRECTION('center_axis',(1.,0.,0.));
#8165=DIRECTION('ref_axis',(0.,-0.707106781186546,-0.707106781186549));
#8166=DIRECTION('center_axis',(-7.2659790452734E-17,0.888888888888889,-0.458122847290851));
#8167=DIRECTION('ref_axis',(0.,0.458122847290851,0.888888888888889));
#8168=DIRECTION('center_axis',(0.,0.,1.));
#8169=DIRECTION('ref_axis',(0.707106781186547,0.707106781186548,0.));
#8170=DIRECTION('center_axis',(0.,4.42680599248164E-8,-0.999999999999999));
#8171=DIRECTION('ref_axis',(0.707106781186547,0.707106781186548,3.13022453628102E-8));
#8172=DIRECTION('',(0.,0.,1.));
#8173=DIRECTION('center_axis',(0.,0.,1.));
#8174=DIRECTION('ref_axis',(1.,0.,0.));
#8175=DIRECTION('',(0.,0.,-1.));
#8176=DIRECTION('',(0.,0.,1.));
#8177=DIRECTION('center_axis',(0.,-1.37884122590056E-8,1.));
#8178=DIRECTION('ref_axis',(0.707106781186547,0.707106781186548,9.74987981013858E-9));
#8179=DIRECTION('',(8.44598803957614E-8,-4.42680545646464E-8,0.999999999999995));
#8180=DIRECTION('center_axis',(-1.,0.,0.));
#8181=DIRECTION('ref_axis',(0.,0.,1.));
#8182=DIRECTION('center_axis',(0.,0.888888888888889,0.458122847290852));
#8183=DIRECTION('ref_axis',(1.,0.,0.));
#8184=DIRECTION('center_axis',(1.,0.,0.));
#8185=DIRECTION('ref_axis',(0.,-0.707106781186546,0.707106781186549));
#8186=DIRECTION('center_axis',(-1.,0.,0.));
#8187=DIRECTION('ref_axis',(0.,-0.707106781186546,0.707106781186549));
#8188=DIRECTION('center_axis',(-1.,0.,0.));
#8189=DIRECTION('ref_axis',(0.,0.,1.));
#8190=DIRECTION('center_axis',(1.,0.,0.));
#8191=DIRECTION('ref_axis',(0.,2.22044604925031E-15,-1.));
#8192=DIRECTION('center_axis',(-1.,0.,0.));
#8193=DIRECTION('ref_axis',(0.,0.,1.));
#8194=DIRECTION('center_axis',(1.,0.,0.));
#8195=DIRECTION('ref_axis',(0.,0.,1.));
#8196=DIRECTION('center_axis',(1.,0.,0.));
#8197=DIRECTION('ref_axis',(0.,-0.707106781186548,-0.707106781186547));
#8198=DIRECTION('',(-1.,0.,0.));
#8199=DIRECTION('',(-1.,0.,0.));
#8200=DIRECTION('center_axis',(-1.,0.,0.));
#8201=DIRECTION('ref_axis',(0.,-0.378058961767682,-0.925781519272848));
#8202=DIRECTION('center_axis',(-1.,0.,0.));
#8203=DIRECTION('ref_axis',(0.,-0.707106781186548,-0.707106781186547));
#8204=DIRECTION('center_axis',(1.,0.,0.));
#8205=DIRECTION('ref_axis',(0.,-0.707106781186548,-0.707106781186547));
#8206=DIRECTION('',(-1.,0.,0.));
#8207=DIRECTION('center_axis',(-1.,0.,0.));
#8208=DIRECTION('ref_axis',(0.,-1.,0.));
#8209=DIRECTION('',(0.,0.,-1.));
#8210=DIRECTION('center_axis',(1.,0.,0.));
#8211=DIRECTION('ref_axis',(0.,-0.707106781186547,-0.707106781186548));
#8212=DIRECTION('',(0.,-1.,0.));
#8213=DIRECTION('center_axis',(1.,0.,0.));
#8214=DIRECTION('ref_axis',(0.,0.707106781186548,-0.707106781186547));
#8215=DIRECTION('',(0.,0.,1.));
#8216=DIRECTION('center_axis',(1.,0.,0.));
#8217=DIRECTION('ref_axis',(0.,0.707106781186546,0.707106781186549));
#8218=DIRECTION('',(0.,1.,0.));
#8219=DIRECTION('center_axis',(1.,0.,0.));
#8220=DIRECTION('ref_axis',(0.,-0.707106781186547,0.707106781186547));
#8221=DIRECTION('',(0.,-0.999999999999999,-4.42680599248164E-8));
#8222=DIRECTION('',(0.,1.,1.37884122590056E-8));
#8223=DIRECTION('center_axis',(1.,0.,0.));
#8224=DIRECTION('ref_axis',(0.,-1.,0.));
#8225=DIRECTION('center_axis',(1.,0.,0.));
#8226=DIRECTION('ref_axis',(0.,-1.,0.));
#8227=DIRECTION('center_axis',(0.,-1.,0.));
#8228=DIRECTION('ref_axis',(-1.,0.,0.));
#8229=DIRECTION('',(0.,-1.,0.));
#8230=DIRECTION('center_axis',(0.,-1.,0.));
#8231=DIRECTION('ref_axis',(-1.,0.,0.));
#8232=DIRECTION('center_axis',(0.,0.,-1.));
#8233=DIRECTION('ref_axis',(0.707106781186548,0.707106781186548,0.));
#8234=DIRECTION('center_axis',(0.707106781186549,5.88784672006416E-16,-0.707106781186546));
#8235=DIRECTION('ref_axis',(0.707106781186546,5.88784672006414E-16,0.707106781186549));
#8236=DIRECTION('center_axis',(0.,1.,0.));
#8237=DIRECTION('ref_axis',(1.,0.,0.));
#8238=DIRECTION('center_axis',(0.,1.,0.));
#8239=DIRECTION('ref_axis',(1.,0.,0.));
#8240=DIRECTION('',(0.,1.,0.));
#8241=DIRECTION('center_axis',(-1.,0.,0.));
#8242=DIRECTION('ref_axis',(0.,-0.707106781186563,0.707106781186532));
#8243=DIRECTION('',(-1.,0.,0.));
#8244=DIRECTION('center_axis',(1.,0.,0.));
#8245=DIRECTION('ref_axis',(0.,0.,1.));
#8246=DIRECTION('',(1.,0.,0.));
#8247=DIRECTION('center_axis',(0.,-1.,0.));
#8248=DIRECTION('ref_axis',(0.,0.,-1.));
#8249=DIRECTION('center_axis',(-0.966899220007872,-5.66565849582833E-15,
0.25515857490621));
#8250=DIRECTION('ref_axis',(-0.25515857490621,0.,-0.966899220007872));
#8251=DIRECTION('center_axis',(0.,1.,0.));
#8252=DIRECTION('ref_axis',(-0.991835164494681,0.,0.12752649321537));
#8253=DIRECTION('center_axis',(0.,-1.,0.));
#8254=DIRECTION('ref_axis',(-0.991835164494681,0.,0.12752649321537));
#8255=DIRECTION('center_axis',(-0.495965093674826,-0.859036834815617,0.126784629534053));
#8256=DIRECTION('ref_axis',(-0.247667923305789,-8.58715321072605E-9,-0.968844982319358));
#8257=DIRECTION('center_axis',(0.,-1.,0.));
#8258=DIRECTION('ref_axis',(0.,0.,-1.));
#8259=DIRECTION('',(0.,-1.,0.));
#8260=DIRECTION('center_axis',(0.,1.,0.));
#8261=DIRECTION('ref_axis',(0.,0.,-1.));
#8262=DIRECTION('center_axis',(0.,0.,1.));
#8263=DIRECTION('ref_axis',(-1.,0.,0.));
#8264=DIRECTION('',(0.,-1.,0.));
#8265=DIRECTION('',(1.,0.,0.));
#8266=DIRECTION('center_axis',(0.,-1.,0.));
#8267=DIRECTION('ref_axis',(1.,0.,0.));
#8268=DIRECTION('center_axis',(0.,-1.,0.));
#8269=DIRECTION('ref_axis',(1.,0.,0.));
#8270=DIRECTION('center_axis',(-1.,0.,0.));
#8271=DIRECTION('ref_axis',(0.,0.,-1.));
#8272=DIRECTION('center_axis',(0.,0.,-1.));
#8273=DIRECTION('ref_axis',(-0.707106781186542,-0.707106781186553,0.));
#8274=DIRECTION('center_axis',(0.500000000000026,-0.866025403784424,2.51792941211734E-14));
#8275=DIRECTION('ref_axis',(-0.866025403784424,-0.500000000000026,0.));
#8276=DIRECTION('center_axis',(0.,0.,1.));
#8277=DIRECTION('ref_axis',(-0.707106781186542,-0.707106781186553,0.));
#8278=DIRECTION('center_axis',(1.,0.,0.));
#8279=DIRECTION('ref_axis',(0.,-0.707106781186557,-0.707106781186538));
#8280=DIRECTION('',(-1.,0.,0.));
#8281=DIRECTION('',(1.,0.,0.));
#8282=DIRECTION('center_axis',(0.,0.,-1.));
#8283=DIRECTION('ref_axis',(-1.,0.,0.));
#8284=DIRECTION('center_axis',(1.,0.,0.));
#8285=DIRECTION('ref_axis',(0.,0.,-1.));
#8286=DIRECTION('center_axis',(-1.,0.,0.));
#8287=DIRECTION('ref_axis',(0.,0.,-1.));
#8288=DIRECTION('',(0.,0.,-1.));
#8289=DIRECTION('',(0.,-1.,0.));
#8290=DIRECTION('',(0.,0.,1.));
#8291=DIRECTION('',(0.,1.,0.));
#8292=DIRECTION('center_axis',(0.,0.,-1.));
#8293=DIRECTION('ref_axis',(-0.70710678118654,-0.707106781186555,0.));
#8294=DIRECTION('',(0.,0.,1.));
#8295=DIRECTION('center_axis',(0.,9.27036225562015E-13,1.));
#8296=DIRECTION('ref_axis',(-1.,0.,0.));
#8297=DIRECTION('center_axis',(0.,-1.,0.));
#8298=DIRECTION('ref_axis',(-0.239495798319386,0.,-0.970897400649193));
#8299=DIRECTION('center_axis',(0.,-1.,0.));
#8300=DIRECTION('ref_axis',(0.616645847176717,0.,-0.787240686931074));
#8301=DIRECTION('center_axis',(0.,-1.,0.));
#8302=DIRECTION('ref_axis',(-0.239495798319305,0.,-0.970897400649213));
#8303=DIRECTION('',(0.,-1.,0.));
#8304=DIRECTION('center_axis',(-0.976771023655523,-4.46071750965491E-16,
0.214285714285722));
#8305=DIRECTION('ref_axis',(-0.214285714285722,0.,-0.976771023655523));
#8306=DIRECTION('center_axis',(0.,1.,0.));
#8307=DIRECTION('ref_axis',(0.,0.,1.));
#8308=DIRECTION('center_axis',(-1.,0.,0.));
#8309=DIRECTION('ref_axis',(0.,0.,-1.));
#8310=DIRECTION('center_axis',(0.,1.,0.));
#8311=DIRECTION('ref_axis',(-0.10686190490616,0.,-0.994273872371102));
#8312=DIRECTION('center_axis',(-1.,0.,0.));
#8313=DIRECTION('ref_axis',(0.,-0.70710678118654,-0.707106781186555));
#8314=DIRECTION('center_axis',(-1.,0.,0.));
#8315=DIRECTION('ref_axis',(0.,0.,-1.));
#8316=DIRECTION('',(-1.,0.,0.));
#8317=DIRECTION('center_axis',(0.,0.,-1.));
#8318=DIRECTION('ref_axis',(-1.,0.,0.));
#8319=DIRECTION('center_axis',(-2.22044604925016E-14,1.,0.));
#8320=DIRECTION('ref_axis',(0.,0.,-1.));
#8321=DIRECTION('center_axis',(0.,0.,1.));
#8322=DIRECTION('ref_axis',(0.707106781186536,0.707106781186559,0.));
#8323=DIRECTION('center_axis',(0.,1.,0.));
#8324=DIRECTION('ref_axis',(-0.70710678118654,0.,-0.707106781186555));
#8325=DIRECTION('center_axis',(0.,1.,0.));
#8326=DIRECTION('ref_axis',(0.,0.,-1.));
#8327=DIRECTION('center_axis',(1.,0.,0.));
#8328=DIRECTION('ref_axis',(0.,0.,-1.));
#8329=DIRECTION('center_axis',(0.,-1.,0.));
#8330=DIRECTION('ref_axis',(0.,0.,-1.));
#8331=DIRECTION('center_axis',(-1.,0.,0.));
#8332=DIRECTION('ref_axis',(0.,-1.,0.));
#8333=DIRECTION('center_axis',(0.,0.,1.));
#8334=DIRECTION('ref_axis',(0.70710678118654,-0.707106781186555,0.));
#8335=DIRECTION('',(0.,0.,1.));
#8336=DIRECTION('center_axis',(0.,0.,-1.));
#8337=DIRECTION('ref_axis',(1.,0.,0.));
#8338=DIRECTION('',(0.,0.,-1.));
#8339=DIRECTION('center_axis',(0.,0.,1.));
#8340=DIRECTION('ref_axis',(-0.707106781186548,0.707106781186548,0.));
#8341=DIRECTION('',(0.,0.,1.));
#8342=DIRECTION('center_axis',(0.,0.,1.));
#8343=DIRECTION('ref_axis',(0.,1.,0.));
#8344=DIRECTION('',(0.,0.,-1.));
#8345=DIRECTION('center_axis',(0.,-1.,0.));
#8346=DIRECTION('ref_axis',(1.,0.,0.));
#8347=DIRECTION('center_axis',(0.,-1.,0.));
#8348=DIRECTION('ref_axis',(1.,0.,0.));
#8349=DIRECTION('',(0.,0.,-1.));
#8350=DIRECTION('center_axis',(0.,1.,0.));
#8351=DIRECTION('ref_axis',(0.,0.,1.));
#8352=DIRECTION('center_axis',(0.,1.,0.));
#8353=DIRECTION('ref_axis',(-1.,0.,0.));
#8354=DIRECTION('center_axis',(0.,1.,0.));
#8355=DIRECTION('ref_axis',(-0.947970805799762,0.,0.318357269983505));
#8356=DIRECTION('center_axis',(0.,1.,0.));
#8357=DIRECTION('ref_axis',(-1.,0.,0.));
#8358=DIRECTION('',(0.,1.,0.));
#8359=DIRECTION('center_axis',(0.,0.,-1.));
#8360=DIRECTION('ref_axis',(0.707106781186548,0.707106781186548,0.));
#8361=DIRECTION('center_axis',(0.,-1.,0.));
#8362=DIRECTION('ref_axis',(1.,0.,0.));
#8363=DIRECTION('center_axis',(0.,1.,0.));
#8364=DIRECTION('ref_axis',(0.94797080579976,0.,0.31835726998351));
#8365=DIRECTION('',(0.,-1.,0.));
#8366=DIRECTION('',(0.,1.,0.));
#8367=DIRECTION('center_axis',(-1.,0.,0.));
#8368=DIRECTION('ref_axis',(0.,0.,1.));
#8369=DIRECTION('center_axis',(0.,-1.,0.));
#8370=DIRECTION('ref_axis',(1.,0.,0.));
#8371=DIRECTION('center_axis',(0.,-1.,0.));
#8372=DIRECTION('ref_axis',(0.,0.,1.));
#8373=DIRECTION('center_axis',(0.,-1.,0.));
#8374=DIRECTION('ref_axis',(1.,0.,0.));
#8375=DIRECTION('center_axis',(0.,1.,0.));
#8376=DIRECTION('ref_axis',(1.,0.,0.));
#8377=DIRECTION('center_axis',(0.,1.,0.));
#8378=DIRECTION('ref_axis',(-1.,0.,0.));
#8379=DIRECTION('center_axis',(0.,1.,0.));
#8380=DIRECTION('ref_axis',(-1.,0.,0.));
#8381=DIRECTION('center_axis',(0.,1.,0.));
#8382=DIRECTION('ref_axis',(-1.,0.,0.));
#8383=DIRECTION('center_axis',(0.,1.,0.));
#8384=DIRECTION('ref_axis',(-1.,0.,0.));
#8385=DIRECTION('center_axis',(0.,1.,0.));
#8386=DIRECTION('ref_axis',(0.,0.,1.));
#8387=DIRECTION('center_axis',(0.,-1.,0.));
#8388=DIRECTION('ref_axis',(0.,0.,1.));
#8389=DIRECTION('center_axis',(0.,1.,0.));
#8390=DIRECTION('ref_axis',(0.,0.,1.));
#8391=DIRECTION('center_axis',(0.,1.,0.));
#8392=DIRECTION('ref_axis',(0.,0.,1.));
#8393=DIRECTION('center_axis',(0.,1.,0.));
#8394=DIRECTION('ref_axis',(1.,0.,-2.83609151559029E-16));
#8395=DIRECTION('center_axis',(-0.880000000000007,0.,-0.474973683481504));
#8396=DIRECTION('ref_axis',(0.411339276024056,-0.499999999999986,-0.762102355330319));
#8397=DIRECTION('center_axis',(0.,-1.,0.));
#8398=DIRECTION('ref_axis',(-1.,0.,1.80131661457596E-16));
#8399=DIRECTION('center_axis',(-0.880000000000005,0.,0.474973683481507));
#8400=DIRECTION('ref_axis',(0.,-1.,0.));
#8401=DIRECTION('center_axis',(0.,-1.,0.));
#8402=DIRECTION('ref_axis',(-1.,0.,0.));
#8403=DIRECTION('center_axis',(-0.489937875627469,-7.62385316238584E-14,
-0.871757350428227));
#8404=DIRECTION('ref_axis',(0.260185633010444,-0.954421808594757,-0.146227383391989));
#8405=DIRECTION('center_axis',(-0.489937875726268,-3.02451743845516E-14,
0.871757350372701));
#8406=DIRECTION('ref_axis',(-1.96151539455516E-8,-1.,-1.10239817274761E-8));
#8407=DIRECTION('center_axis',(-0.462552409921007,-0.123761058391369,-0.877911424064021));
#8408=DIRECTION('ref_axis',(0.193565889406596,-0.980418238546526,0.0362260125263806));
#8409=DIRECTION('center_axis',(-0.462552409920879,-0.123761058391321,0.877911424064095));
#8410=DIRECTION('ref_axis',(-4.44089209850064E-14,-0.99020911927327,-0.139591905596471));
#8411=DIRECTION('center_axis',(-1.,0.,0.));
#8412=DIRECTION('ref_axis',(0.,-1.,0.));
#8413=DIRECTION('center_axis',(-1.,0.,0.));
#8414=DIRECTION('ref_axis',(0.,1.,-1.73472347597681E-15));
#8415=DIRECTION('',(1.,0.,0.));
#8416=DIRECTION('center_axis',(0.,-1.,0.));
#8417=DIRECTION('ref_axis',(0.,0.,-1.));
#8418=DIRECTION('center_axis',(0.,1.,0.));
#8419=DIRECTION('ref_axis',(-1.,0.,0.));
#8420=DIRECTION('center_axis',(-1.,0.,0.));
#8421=DIRECTION('ref_axis',(0.,0.,1.));
#8422=DIRECTION('center_axis',(0.,-1.,0.));
#8423=DIRECTION('ref_axis',(-1.,0.,0.));
#8424=DIRECTION('center_axis',(0.,-1.,0.));
#8425=DIRECTION('ref_axis',(-1.,0.,0.));
#8426=DIRECTION('center_axis',(0.,1.,0.));
#8427=DIRECTION('ref_axis',(-1.,0.,0.));
#8428=DIRECTION('',(1.,0.,0.));
#8429=DIRECTION('',(0.,0.,-1.));
#8430=DIRECTION('center_axis',(0.,1.,0.));
#8431=DIRECTION('ref_axis',(1.,0.,0.));
#8432=DIRECTION('',(0.,0.,-1.));
#8433=DIRECTION('center_axis',(0.,1.,0.));
#8434=DIRECTION('ref_axis',(0.,0.,1.));
#8435=DIRECTION('',(0.,0.,1.));
#8436=DIRECTION('center_axis',(0.,1.,0.));
#8437=DIRECTION('ref_axis',(-1.,0.,0.));
#8438=DIRECTION('',(0.,0.,1.));
#8439=DIRECTION('center_axis',(0.,-1.,0.));
#8440=DIRECTION('ref_axis',(1.62644668174076E-14,0.,-1.));
#8441=DIRECTION('',(-1.,0.,0.));
#8442=DIRECTION('',(-1.,0.,0.));
#8443=DIRECTION('center_axis',(0.,1.,0.));
#8444=DIRECTION('ref_axis',(-1.,0.,0.));
#8445=DIRECTION('center_axis',(0.,-1.,0.));
#8446=DIRECTION('ref_axis',(-1.,0.,0.));
#8447=DIRECTION('',(0.,-1.,0.));
#8448=DIRECTION('center_axis',(0.,-1.,0.));
#8449=DIRECTION('ref_axis',(-1.,0.,0.));
#8450=DIRECTION('center_axis',(0.,-1.,0.));
#8451=DIRECTION('ref_axis',(0.,0.,-1.));
#8452=DIRECTION('center_axis',(-1.,0.,0.));
#8453=DIRECTION('ref_axis',(0.,0.,1.));
#8454=DIRECTION('center_axis',(0.,-1.,0.));
#8455=DIRECTION('ref_axis',(-1.,0.,0.));
#8456=DIRECTION('center_axis',(0.,-1.,0.));
#8457=DIRECTION('ref_axis',(-1.,0.,0.));
#8458=DIRECTION('center_axis',(0.,-1.,0.));
#8459=DIRECTION('ref_axis',(-1.,0.,0.));
#8460=DIRECTION('',(0.,-1.,0.));
#8461=DIRECTION('center_axis',(0.,-1.,0.));
#8462=DIRECTION('ref_axis',(-1.,0.,0.));
#8463=DIRECTION('center_axis',(0.,-1.,0.));
#8464=DIRECTION('ref_axis',(1.,0.,-4.13106241720989E-16));
#8465=DIRECTION('center_axis',(0.490101505403109,0.,-0.871665368361969));
#8466=DIRECTION('ref_axis',(0.,1.,0.));
#8467=DIRECTION('center_axis',(0.,-1.,0.));
#8468=DIRECTION('ref_axis',(1.,0.,0.));
#8469=DIRECTION('center_axis',(0.,-1.,0.));
#8470=DIRECTION('ref_axis',(1.,0.,0.));
#8471=DIRECTION('center_axis',(0.490101505403109,0.,0.871665368361969));
#8472=DIRECTION('ref_axis',(0.871665368361969,0.,-0.490101505403109));
#8473=DIRECTION('center_axis',(0.,-1.,0.));
#8474=DIRECTION('ref_axis',(-1.,0.,0.));
#8475=DIRECTION('',(0.,-1.,0.));
#8476=DIRECTION('center_axis',(0.,-1.,0.));
#8477=DIRECTION('ref_axis',(-1.,0.,0.));
#8478=DIRECTION('center_axis',(0.490101505403128,-1.93548592344763E-14,
-0.871665368361958));
#8479=DIRECTION('ref_axis',(-0.871665368361958,0.,-0.490101505403128));
#8480=DIRECTION('center_axis',(0.490101505403128,0.,0.871665368361958));
#8481=DIRECTION('ref_axis',(0.,1.,0.));
#8482=DIRECTION('center_axis',(0.,-1.,0.));
#8483=DIRECTION('ref_axis',(-1.,0.,0.));
#8484=DIRECTION('center_axis',(0.,-1.,0.));
#8485=DIRECTION('ref_axis',(-1.,0.,0.));
#8486=DIRECTION('center_axis',(0.,0.,-1.));
#8487=DIRECTION('ref_axis',(0.707106781186541,0.707106781186554,0.));
#8488=DIRECTION('center_axis',(0.,0.,-1.));
#8489=DIRECTION('ref_axis',(0.,1.,0.));
#8490=DIRECTION('',(0.,0.,-1.));
#8491=DIRECTION('center_axis',(0.,-1.,0.));
#8492=DIRECTION('ref_axis',(-1.,0.,0.));
#8493=DIRECTION('',(0.,-1.,0.));
#8494=DIRECTION('center_axis',(0.,-1.,0.));
#8495=DIRECTION('ref_axis',(-1.,0.,0.));
#8496=DIRECTION('center_axis',(-1.,0.,0.));
#8497=DIRECTION('ref_axis',(0.,0.250000000000004,0.968245836551853));
#8498=DIRECTION('center_axis',(1.,-9.32587340685131E-13,-7.22379047871464E-13));
#8499=DIRECTION('ref_axis',(9.32587340685131E-13,1.,0.));
#8500=DIRECTION('',(-1.,0.,0.));
#8501=DIRECTION('center_axis',(0.,1.,0.));
#8502=DIRECTION('ref_axis',(1.58334296818168E-14,0.,-1.));
#8503=DIRECTION('center_axis',(-0.959001054118215,5.89949968265389E-16,
0.283402502106373));
#8504=DIRECTION('ref_axis',(0.,1.,-2.08166817117217E-15));
#8505=DIRECTION('center_axis',(0.,-1.,0.));
#8506=DIRECTION('ref_axis',(0.,0.,1.));
#8507=DIRECTION('center_axis',(-0.458113665622121,0.51218664902122,0.726496184390997));
#8508=DIRECTION('ref_axis',(0.745355992593641,0.666666666561894,4.85722573273519E-15));
#8509=DIRECTION('center_axis',(0.,-1.,0.));
#8510=DIRECTION('ref_axis',(0.,0.,1.));
#8511=DIRECTION('center_axis',(-3.4261955383482E-13,0.858759065865555,0.512379612000438));
#8512=DIRECTION('ref_axis',(1.,3.21964677141302E-13,1.29063426612677E-13));
#8513=DIRECTION('center_axis',(-1.,0.,0.));
#8514=DIRECTION('ref_axis',(0.,0.,-1.));
#8515=DIRECTION('',(0.,1.,0.));
#8516=DIRECTION('',(0.,0.,1.));
#8517=DIRECTION('',(0.,-1.,0.));
#8518=DIRECTION('center_axis',(1.,0.,0.));
#8519=DIRECTION('ref_axis',(0.,0.250000000000006,-0.968245836551853));
#8520=DIRECTION('',(1.,0.,0.));
#8521=DIRECTION('center_axis',(1.,0.,0.));
#8522=DIRECTION('ref_axis',(0.,0.250000000000006,-0.968245836551853));
#8523=DIRECTION('center_axis',(0.50917507717638,0.569275042553064,0.645497224400412));
#8524=DIRECTION('ref_axis',(4.44089209850064E-14,0.75000000001665,-0.661437827747268));
#8525=DIRECTION('',(1.,0.,0.));
#8526=DIRECTION('center_axis',(-1.,1.33226762955018E-13,-5.73316704660045E-14));
#8527=DIRECTION('ref_axis',(8.88178419700114E-14,0.875000000000026,0.48412291827588));
#8528=DIRECTION('center_axis',(1.,0.,0.));
#8529=DIRECTION('ref_axis',(0.,-1.,0.));
#8530=DIRECTION('center_axis',(1.21430643318379E-15,0.866025403784438,0.500000000000001));
#8531=DIRECTION('ref_axis',(0.,0.5,-0.866025403784438));
#8532=DIRECTION('center_axis',(1.,0.,0.));
#8533=DIRECTION('ref_axis',(0.,0.,-1.));
#8534=DIRECTION('center_axis',(0.,1.,0.));
#8535=DIRECTION('ref_axis',(0.,0.,-1.));
#8536=DIRECTION('center_axis',(1.,0.,0.));
#8537=DIRECTION('ref_axis',(0.,0.204309643689222,-0.978906312930703));
#8538=DIRECTION('center_axis',(-1.,0.,0.));
#8539=DIRECTION('ref_axis',(0.,0.204309643689222,-0.978906312930703));
#8540=DIRECTION('center_axis',(0.,1.,0.));
#8541=DIRECTION('ref_axis',(-0.70710678118654,0.,-0.707106781186555));
#8542=DIRECTION('center_axis',(0.,1.,0.));
#8543=DIRECTION('ref_axis',(0.,0.,-1.));
#8544=DIRECTION('',(0.,1.,0.));
#8545=DIRECTION('',(0.,-1.,0.));
#8546=DIRECTION('center_axis',(0.,0.,-1.));
#8547=DIRECTION('ref_axis',(-1.,0.,0.));
#8548=DIRECTION('center_axis',(1.,0.,0.));
#8549=DIRECTION('ref_axis',(0.,0.,-1.));
#8550=DIRECTION('center_axis',(0.,0.,1.));
#8551=DIRECTION('ref_axis',(0.707106781186548,-0.707106781186548,0.));
#8552=DIRECTION('center_axis',(0.,0.,-1.));
#8553=DIRECTION('ref_axis',(0.707106781186547,-0.707106781186547,0.));
#8554=DIRECTION('center_axis',(1.,0.,0.));
#8555=DIRECTION('ref_axis',(0.,0.70710678118654,-0.707106781186555));
#8556=DIRECTION('center_axis',(1.,0.,0.));
#8557=DIRECTION('ref_axis',(0.,0.,-1.));
#8558=DIRECTION('',(1.,0.,0.));
#8559=DIRECTION('',(-1.,0.,0.));
#8560=DIRECTION('center_axis',(0.,-1.,0.));
#8561=DIRECTION('ref_axis',(0.,0.,-1.));
#8562=DIRECTION('center_axis',(0.976370860613302,-1.7244327434921E-15,-0.216101694915242));
#8563=DIRECTION('ref_axis',(-0.216101694915242,0.,-0.976370860613302));
#8564=DIRECTION('center_axis',(0.,-1.,0.));
#8565=DIRECTION('ref_axis',(-0.10686190490616,0.,-0.994273872371102));
#8566=DIRECTION('center_axis',(0.,1.,0.));
#8567=DIRECTION('ref_axis',(-0.10686190490616,0.,-0.994273872371102));
#8568=DIRECTION('center_axis',(0.,-1.,0.));
#8569=DIRECTION('ref_axis',(-0.249999999999993,0.,-0.968245836551856));
#8570=DIRECTION('center_axis',(0.,-1.,0.));
#8571=DIRECTION('ref_axis',(0.612372435695761,0.,-0.790569415042121));
#8572=DIRECTION('center_axis',(0.,-1.,0.));
#8573=DIRECTION('ref_axis',(-0.249999999999993,0.,-0.968245836551856));
#8574=DIRECTION('',(0.,1.,0.));
#8575=DIRECTION('center_axis',(-3.55534776623811E-16,-0.858759065861957,
-0.512379612006468));
#8576=DIRECTION('ref_axis',(-0.218490909001057,0.500000000000012,-0.838010574327007));
#8577=DIRECTION('center_axis',(0.,1.,0.));
#8578=DIRECTION('ref_axis',(0.,0.,1.));
#8579=DIRECTION('center_axis',(0.,1.,0.));
#8580=DIRECTION('ref_axis',(-1.,0.,0.));
#8581=DIRECTION('center_axis',(-1.,0.,0.));
#8582=DIRECTION('ref_axis',(0.,0.,1.));
#8583=DIRECTION('center_axis',(0.,-1.,0.));
#8584=DIRECTION('ref_axis',(0.,0.,-1.));
#8585=DIRECTION('',(0.,1.,0.));
#8586=DIRECTION('',(0.,1.,0.));
#8587=DIRECTION('center_axis',(0.,0.,1.));
#8588=DIRECTION('ref_axis',(1.,0.,0.));
#8589=DIRECTION('',(-1.,0.,0.));
#8590=DIRECTION('',(1.,0.,0.));
#8591=DIRECTION('center_axis',(-1.,0.,0.));
#8592=DIRECTION('ref_axis',(0.,0.707106781186548,-0.707106781186547));
#8593=DIRECTION('',(1.,0.,0.));
#8594=DIRECTION('center_axis',(0.,0.,1.));
#8595=DIRECTION('ref_axis',(0.707106781186548,-0.707106781186548,0.));
#8596=DIRECTION('',(0.,0.,1.));
#8597=DIRECTION('center_axis',(0.,0.,1.));
#8598=DIRECTION('ref_axis',(0.,-1.,0.));
#8599=DIRECTION('',(0.,0.,-1.));
#8600=DIRECTION('center_axis',(0.,1.,0.));
#8601=DIRECTION('ref_axis',(-1.,0.,0.));
#8602=DIRECTION('',(0.,0.,-1.));
#8603=DIRECTION('center_axis',(0.,1.,0.));
#8604=DIRECTION('ref_axis',(0.951971638232988,0.,0.306186217847899));
#8605=DIRECTION('center_axis',(0.,-1.,0.));
#8606=DIRECTION('ref_axis',(0.0222870825106318,0.,0.999751612128315));
#8607=DIRECTION('center_axis',(0.,0.,1.));
#8608=DIRECTION('ref_axis',(-0.707106781186541,0.707106781186554,0.));
#8609=DIRECTION('',(0.,0.,1.));
#8610=DIRECTION('center_axis',(0.,0.,-1.));
#8611=DIRECTION('ref_axis',(-1.,0.,0.));
#8612=DIRECTION('center_axis',(0.,1.,0.));
#8613=DIRECTION('ref_axis',(-1.,0.,0.));
#8614=DIRECTION('center_axis',(0.,-1.,0.));
#8615=DIRECTION('ref_axis',(-0.951971638232988,0.,0.306186217847898));
#8616=DIRECTION('center_axis',(0.,1.,0.));
#8617=DIRECTION('ref_axis',(-1.,0.,0.));
#8618=DIRECTION('',(0.,1.,0.));
#8619=DIRECTION('',(0.,-1.,0.));
#8620=DIRECTION('center_axis',(0.,-1.,0.));
#8621=DIRECTION('ref_axis',(0.,0.,1.));
#8622=DIRECTION('center_axis',(0.582961190818053,0.,-0.812499999999999));
#8623=DIRECTION('ref_axis',(0.,-1.,0.));
#8624=DIRECTION('center_axis',(0.,1.,0.));
#8625=DIRECTION('ref_axis',(0.0222870825106318,0.,0.999751612128315));
#8626=DIRECTION('center_axis',(1.,0.,0.));
#8627=DIRECTION('ref_axis',(0.,0.,1.));
#8628=DIRECTION('center_axis',(0.,1.,0.));
#8629=DIRECTION('ref_axis',(0.,0.,1.));
#8630=DIRECTION('center_axis',(0.,0.,-1.));
#8631=DIRECTION('ref_axis',(0.,-1.,0.));
#8632=DIRECTION('center_axis',(0.,-1.,0.));
#8633=DIRECTION('ref_axis',(0.951971638232988,0.,0.306186217847899));
#8634=DIRECTION('center_axis',(0.,0.,-1.));
#8635=DIRECTION('ref_axis',(-0.707106781186548,-0.707106781186548,0.));
#8636=DIRECTION('center_axis',(0.,1.,0.));
#8637=DIRECTION('ref_axis',(0.812499999999999,0.,0.582961190818052));
#8638=DIRECTION('center_axis',(0.,-1.,0.));
#8639=DIRECTION('ref_axis',(0.951971638232988,0.,0.306186217847898));
#8640=DIRECTION('',(0.,-1.,0.));
#8641=DIRECTION('center_axis',(0.,-1.,0.));
#8642=DIRECTION('ref_axis',(0.,0.,1.));
#8643=DIRECTION('center_axis',(0.,-1.,0.));
#8644=DIRECTION('ref_axis',(0.,0.,1.));
#8645=DIRECTION('center_axis',(0.,-1.,0.));
#8646=DIRECTION('ref_axis',(0.,0.,1.));
#8647=DIRECTION('center_axis',(0.,1.,0.));
#8648=DIRECTION('ref_axis',(7.93016446160827E-17,0.,1.));
#8649=DIRECTION('center_axis',(1.,0.,0.));
#8650=DIRECTION('ref_axis',(0.,-1.,0.));
#8651=DIRECTION('',(1.,0.,0.));
#8652=DIRECTION('center_axis',(1.,0.,0.));
#8653=DIRECTION('ref_axis',(0.,-1.,0.));
#8654=DIRECTION('center_axis',(-1.,0.,0.));
#8655=DIRECTION('ref_axis',(0.,-1.,0.));
#8656=DIRECTION('center_axis',(-1.,0.,0.));
#8657=DIRECTION('ref_axis',(0.,1.,0.));
#8658=DIRECTION('center_axis',(1.,0.,0.));
#8659=DIRECTION('ref_axis',(0.,-1.,0.));
#8660=DIRECTION('',(1.,0.,0.));
#8661=DIRECTION('center_axis',(1.,0.,0.));
#8662=DIRECTION('ref_axis',(0.,-1.,0.));
#8663=DIRECTION('center_axis',(-1.,0.,0.));
#8664=DIRECTION('ref_axis',(0.,-1.,0.));
#8665=DIRECTION('center_axis',(-1.,0.,0.));
#8666=DIRECTION('ref_axis',(0.,1.,0.));
#8667=DIRECTION('center_axis',(-1.,0.,0.));
#8668=DIRECTION('ref_axis',(0.,0.629307278860358,0.777156579315502));
#8669=DIRECTION('center_axis',(-1.,0.,0.));
#8670=DIRECTION('ref_axis',(0.,1.,0.));
#8671=DIRECTION('center_axis',(1.,0.,0.));
#8672=DIRECTION('ref_axis',(0.,1.,0.));
#8673=DIRECTION('center_axis',(1.,0.,0.));
#8674=DIRECTION('ref_axis',(0.,1.,0.));
#8675=DIRECTION('center_axis',(1.,0.,0.));
#8676=DIRECTION('ref_axis',(0.,1.,0.));
#8677=DIRECTION('center_axis',(1.,0.,0.));
#8678=DIRECTION('ref_axis',(0.,1.,0.));
#8679=DIRECTION('center_axis',(0.,-1.,0.));
#8680=DIRECTION('ref_axis',(1.,0.,0.));
#8681=DIRECTION('',(0.,-1.,0.));
#8682=DIRECTION('center_axis',(0.,0.,-1.));
#8683=DIRECTION('ref_axis',(1.,0.,0.));
#8684=DIRECTION('center_axis',(0.,1.,0.));
#8685=DIRECTION('ref_axis',(1.,0.,0.));
#8686=DIRECTION('center_axis',(0.,1.,0.));
#8687=DIRECTION('ref_axis',(1.,0.,0.));
#8688=DIRECTION('center_axis',(0.,0.999999999999999,4.42680545421325E-8));
#8689=DIRECTION('ref_axis',(0.,4.42680545421325E-8,-0.999999999999999));
#8690=DIRECTION('',(-1.,0.,0.));
#8691=DIRECTION('',(-1.,0.,0.));
#8692=DIRECTION('',(-1.,0.,0.));
#8693=DIRECTION('',(0.,-1.37884138876389E-8,1.));
#8694=DIRECTION('',(0.,0.,1.));
#8695=DIRECTION('center_axis',(0.,-4.42680599248164E-8,0.999999999999999));
#8696=DIRECTION('ref_axis',(0.,0.999999999999999,4.42680599248164E-8));
#8697=DIRECTION('center_axis',(0.,1.37884122590056E-8,-1.));
#8698=DIRECTION('ref_axis',(0.,-1.,-1.37884122590056E-8));
#8699=DIRECTION('',(0.,-1.,0.));
#8700=DIRECTION('',(-1.,0.,0.));
#8701=DIRECTION('center_axis',(0.,1.,1.37884138876389E-8));
#8702=DIRECTION('ref_axis',(0.,1.37884138876389E-8,-1.));
#8703=DIRECTION('',(-1.,0.,0.));
#8704=DIRECTION('center_axis',(1.,0.,0.));
#8705=DIRECTION('ref_axis',(0.,0.,-1.));
#8706=DIRECTION('',(0.,1.,0.));
#8707=DIRECTION('',(0.,0.,1.));
#8708=DIRECTION('center_axis',(0.,-1.,0.));
#8709=DIRECTION('ref_axis',(0.,0.,-1.));
#8710=DIRECTION('',(1.,0.,0.));
#8711=DIRECTION('',(0.,0.,-1.));
#8712=DIRECTION('center_axis',(0.,0.,1.));
#8713=DIRECTION('ref_axis',(-1.,0.,0.));
#8714=DIRECTION('center_axis',(0.,1.,0.));
#8715=DIRECTION('ref_axis',(0.,0.,-1.));
#8716=DIRECTION('center_axis',(-1.,0.,0.));
#8717=DIRECTION('ref_axis',(0.,1.,0.));
#8718=DIRECTION('',(-1.,0.,0.));
#8719=DIRECTION('center_axis',(-1.,0.,0.));
#8720=DIRECTION('ref_axis',(0.,1.,0.));
#8721=DIRECTION('',(-1.,0.,0.));
#8722=DIRECTION('center_axis',(-1.,0.,0.));
#8723=DIRECTION('ref_axis',(0.,1.,0.));
#8724=DIRECTION('',(-1.,0.,0.));
#8725=DIRECTION('center_axis',(-1.,0.,0.));
#8726=DIRECTION('ref_axis',(0.,1.,0.));
#8727=DIRECTION('',(-1.,0.,0.));
#8728=DIRECTION('center_axis',(0.,0.,-1.));
#8729=DIRECTION('ref_axis',(1.,0.,0.));
#8730=DIRECTION('',(1.,-1.1102230101495E-16,0.));
#8731=DIRECTION('center_axis',(0.,0.,-1.));
#8732=DIRECTION('ref_axis',(-1.,0.,0.));
#8733=DIRECTION('',(0.,0.,-1.));
#8734=DIRECTION('center_axis',(0.,0.,1.));
#8735=DIRECTION('ref_axis',(1.,0.,0.));
#8736=DIRECTION('',(0.,0.,1.));
#8737=DIRECTION('center_axis',(0.,1.,0.));
#8738=DIRECTION('ref_axis',(-1.,0.,0.));
#8739=DIRECTION('',(-1.,0.,0.));
#8740=DIRECTION('center_axis',(1.,0.,0.));
#8741=DIRECTION('ref_axis',(0.,-0.707106781186546,0.707106781186549));
#8742=DIRECTION('',(1.,0.,0.));
#8743=DIRECTION('center_axis',(1.,-1.1102230101495E-16,0.));
#8744=DIRECTION('ref_axis',(0.,0.707106781186546,0.707106781186549));
#8745=DIRECTION('center_axis',(-0.967874355616895,-0.251434348765598,0.));
#8746=DIRECTION('ref_axis',(0.177790933035379,-0.684390520193266,-0.707106781186548));
#8747=DIRECTION('',(-0.967874355616895,-0.251434348765598,0.));
#8748=DIRECTION('center_axis',(0.967874355616894,0.2514343487656,2.14911278910023E-15));
#8749=DIRECTION('ref_axis',(0.2514343487656,-0.967874355616894,0.));
#8750=DIRECTION('',(-0.967874355616895,-0.251434348765598,0.));
#8751=DIRECTION('',(-0.967874355616895,-0.251434348765598,0.));
#8752=DIRECTION('center_axis',(0.,0.,1.));
#8753=DIRECTION('ref_axis',(0.126739189643741,-0.991936075464769,0.));
#8754=DIRECTION('center_axis',(0.,0.,1.));
#8755=DIRECTION('ref_axis',(0.,-1.,0.));
#8756=DIRECTION('',(0.,0.,1.));
#8757=DIRECTION('center_axis',(0.,0.,-1.));
#8758=DIRECTION('ref_axis',(0.251434348765598,-0.967874355616895,0.));
#8759=DIRECTION('',(0.,0.,-1.));
#8760=DIRECTION('center_axis',(-0.993575141557717,-0.100894667884949,-0.0512708891179798));
#8761=DIRECTION('ref_axis',(0.113174370237091,-0.885769752605634,-0.450114993407676));
#8762=DIRECTION('center_axis',(0.967874355616895,0.251434348765598,0.));
#8763=DIRECTION('ref_axis',(0.177790933035379,-0.684390520193265,0.707106781186548));
#8764=DIRECTION('center_axis',(0.967874355616894,0.2514343487656,-2.14911278910022E-15));
#8765=DIRECTION('ref_axis',(2.22044604925031E-15,0.,1.));
#8766=DIRECTION('',(0.967874355616895,0.251434348765598,0.));
#8767=DIRECTION('',(0.967874355616895,0.251434348765598,0.));
#8768=DIRECTION('',(0.967874355616895,0.251434348765598,0.));
#8769=DIRECTION('center_axis',(-0.993575141557717,-0.100894667884949,0.0512708891179799));
#8770=DIRECTION('ref_axis',(0.113174370237092,-0.885769752605634,0.450114993407676));
#8771=DIRECTION('center_axis',(-0.967874355616895,-0.251434348765598,0.));
#8772=DIRECTION('ref_axis',(0.177790933035377,-0.684390520193264,0.70710678118655));
#8773=DIRECTION('center_axis',(-0.684390520193272,-0.177790933035397,-0.707106781186537));
#8774=DIRECTION('ref_axis',(0.684390520193261,0.177790933035359,-0.707106781186558));
#8775=DIRECTION('center_axis',(1.,0.,0.));
#8776=DIRECTION('ref_axis',(0.,-1.,-1.81331391580332E-15));
#8777=DIRECTION('center_axis',(0.684390520193264,0.17779093303538,-0.707106781186549));
#8778=DIRECTION('ref_axis',(0.684390520193269,0.177790933035376,0.707106781186546));
#8779=DIRECTION('center_axis',(0.,0.,-1.));
#8780=DIRECTION('ref_axis',(-0.611786585025536,-0.791022865903883,0.));
#8781=DIRECTION('',(0.,0.,1.));
#8782=DIRECTION('center_axis',(-0.684390520193269,-0.177790933035385,0.707106781186544));
#8783=DIRECTION('ref_axis',(-0.684390520193264,-0.177790933035371,-0.707106781186551));
#8784=DIRECTION('center_axis',(0.,-1.,0.));
#8785=DIRECTION('ref_axis',(1.,0.,0.));
#8786=DIRECTION('center_axis',(0.,1.,0.));
#8787=DIRECTION('ref_axis',(1.,0.,0.));
#8788=DIRECTION('',(-1.,0.,0.));
#8789=DIRECTION('',(0.,0.,1.));
#8790=DIRECTION('',(1.,0.,0.));
#8791=DIRECTION('center_axis',(0.,1.,0.));
#8792=DIRECTION('ref_axis',(1.,0.,0.));
#8793=DIRECTION('center_axis',(0.,1.,0.));
#8794=DIRECTION('ref_axis',(1.,0.,0.));
#8795=DIRECTION('center_axis',(0.,1.,0.));
#8796=DIRECTION('ref_axis',(1.,0.,0.));
#8797=DIRECTION('center_axis',(0.251434348765598,-0.967874355616895,0.));
#8798=DIRECTION('ref_axis',(0.967874355616895,0.251434348765598,0.));
#8799=DIRECTION('center_axis',(0.967874355616895,0.251434348765598,0.));
#8800=DIRECTION('ref_axis',(0.177790933035376,-0.684390520193263,-0.707106781186552));
#8801=DIRECTION('center_axis',(-0.684390520193267,-0.177790933035377,-0.707106781186547));
#8802=DIRECTION('ref_axis',(0.684390520193266,0.177790933035377,-0.707106781186548));
#8803=DIRECTION('center_axis',(1.,0.,0.));
#8804=DIRECTION('ref_axis',(0.,-1.,2.01479323978146E-15));
#8805=DIRECTION('center_axis',(0.,0.,1.));
#8806=DIRECTION('ref_axis',(0.79102286590389,-0.611786585025528,0.));
#8807=DIRECTION('',(0.,0.,1.));
#8808=DIRECTION('',(0.,0.,-1.));
#8809=DIRECTION('center_axis',(-1.,0.,0.));
#8810=DIRECTION('ref_axis',(0.,0.,-1.));
#8811=DIRECTION('center_axis',(0.251434348765598,-0.967874355616895,0.));
#8812=DIRECTION('ref_axis',(0.967874355616895,0.251434348765598,0.));
#8813=DIRECTION('center_axis',(0.,0.,-1.));
#8814=DIRECTION('ref_axis',(-0.707106781186548,-0.707106781186548,0.));
#8815=DIRECTION('center_axis',(0.,-1.,0.));
#8816=DIRECTION('ref_axis',(1.,0.,0.));
#8817=DIRECTION('center_axis',(-1.,0.,0.));
#8818=DIRECTION('ref_axis',(0.,0.707106781186546,0.707106781186549));
#8819=DIRECTION('',(1.,0.,0.));
#8820=DIRECTION('center_axis',(0.,0.,1.));
#8821=DIRECTION('ref_axis',(1.,0.,0.));
#8822=DIRECTION('',(-1.,0.,0.));
#8823=DIRECTION('center_axis',(1.,0.,0.));
#8824=DIRECTION('ref_axis',(0.,-0.707106781186547,-0.707106781186548));
#8825=DIRECTION('center_axis',(1.,0.,0.));
#8826=DIRECTION('ref_axis',(0.,-0.707106781186547,0.707106781186547));
#8827=DIRECTION('center_axis',(0.,1.,0.));
#8828=DIRECTION('ref_axis',(1.,0.,0.));
#8829=DIRECTION('',(0.,1.,0.));
#8830=DIRECTION('center_axis',(0.,1.,0.));
#8831=DIRECTION('ref_axis',(1.,0.,0.));
#8832=DIRECTION('center_axis',(0.,1.,0.));
#8833=DIRECTION('ref_axis',(-1.,0.,0.));
#8834=DIRECTION('center_axis',(0.,1.,0.));
#8835=DIRECTION('ref_axis',(-1.,0.,0.));
#8836=DIRECTION('center_axis',(0.,-1.,0.));
#8837=DIRECTION('ref_axis',(-1.,0.,0.));
#8838=DIRECTION('',(0.,-1.,0.));
#8839=DIRECTION('center_axis',(0.,-1.,0.));
#8840=DIRECTION('ref_axis',(-1.,0.,0.));
#8841=DIRECTION('center_axis',(0.,1.,0.));
#8842=DIRECTION('ref_axis',(-1.,0.,0.));
#8843=DIRECTION('center_axis',(0.,1.,0.));
#8844=DIRECTION('ref_axis',(-1.,0.,0.));
#8845=DIRECTION('center_axis',(0.,-1.,0.));
#8846=DIRECTION('ref_axis',(-1.,0.,0.));
#8847=DIRECTION('',(0.,-1.,0.));
#8848=DIRECTION('center_axis',(0.,-1.,0.));
#8849=DIRECTION('ref_axis',(-1.,0.,0.));
#8850=DIRECTION('center_axis',(0.,1.,0.));
#8851=DIRECTION('ref_axis',(-1.,0.,0.));
#8852=DIRECTION('center_axis',(0.,1.,0.));
#8853=DIRECTION('ref_axis',(-1.,0.,0.));
#8854=DIRECTION('center_axis',(0.,-1.,0.));
#8855=DIRECTION('ref_axis',(-1.,0.,0.));
#8856=DIRECTION('',(0.,-1.,0.));
#8857=DIRECTION('center_axis',(0.,-1.,0.));
#8858=DIRECTION('ref_axis',(-1.,0.,0.));
#8859=DIRECTION('center_axis',(0.,1.,0.));
#8860=DIRECTION('ref_axis',(-1.,0.,0.));
#8861=DIRECTION('center_axis',(0.,1.,0.));
#8862=DIRECTION('ref_axis',(-1.,0.,0.));
#8863=DIRECTION('center_axis',(0.,1.,0.));
#8864=DIRECTION('ref_axis',(1.,0.,0.));
#8865=DIRECTION('',(0.,1.,0.));
#8866=DIRECTION('center_axis',(0.,1.,0.));
#8867=DIRECTION('ref_axis',(1.,0.,0.));
#8868=DIRECTION('center_axis',(0.,-1.,0.));
#8869=DIRECTION('ref_axis',(1.,0.,0.));
#8870=DIRECTION('center_axis',(0.,1.,0.));
#8871=DIRECTION('ref_axis',(1.,0.,0.));
#8872=DIRECTION('',(0.,1.,0.));
#8873=DIRECTION('center_axis',(0.,1.,0.));
#8874=DIRECTION('ref_axis',(1.,0.,0.));
#8875=DIRECTION('center_axis',(0.,-1.,0.));
#8876=DIRECTION('ref_axis',(1.,0.,0.));
#8877=DIRECTION('center_axis',(0.,-1.,0.));
#8878=DIRECTION('ref_axis',(1.,0.,0.));
#8879=DIRECTION('center_axis',(0.,1.,0.));
#8880=DIRECTION('ref_axis',(1.,0.,0.));
#8881=DIRECTION('',(0.,1.,0.));
#8882=DIRECTION('center_axis',(0.,1.,0.));
#8883=DIRECTION('ref_axis',(1.,0.,0.));
#8884=DIRECTION('center_axis',(0.,-1.,0.));
#8885=DIRECTION('ref_axis',(1.,0.,0.));
#8886=DIRECTION('center_axis',(0.,-1.,0.));
#8887=DIRECTION('ref_axis',(-1.,0.,0.));
#8888=DIRECTION('',(0.,-1.,0.));
#8889=DIRECTION('center_axis',(0.,-1.,0.));
#8890=DIRECTION('ref_axis',(-1.,0.,0.));
#8891=DIRECTION('',(0.,-1.,0.));
#8892=DIRECTION('center_axis',(0.,-1.,0.));
#8893=DIRECTION('ref_axis',(-1.,0.,0.));
#8894=DIRECTION('',(0.,-1.,0.));
#8895=DIRECTION('center_axis',(0.,-1.,0.));
#8896=DIRECTION('ref_axis',(-1.,0.,0.));
#8897=DIRECTION('',(0.,-1.,0.));
#8898=DIRECTION('center_axis',(0.,0.,1.));
#8899=DIRECTION('ref_axis',(1.,0.,0.));
#8900=DIRECTION('',(0.,0.,1.));
#8901=DIRECTION('center_axis',(0.,0.,1.));
#8902=DIRECTION('ref_axis',(1.,0.,0.));
#8903=DIRECTION('',(0.,0.,1.));
#8904=DIRECTION('center_axis',(0.,0.,1.));
#8905=DIRECTION('ref_axis',(1.,0.,0.));
#8906=DIRECTION('',(0.,0.,1.));
#8907=DIRECTION('center_axis',(0.,0.,1.));
#8908=DIRECTION('ref_axis',(1.,0.,0.));
#8909=DIRECTION('',(0.,0.,1.));
#8910=DIRECTION('center_axis',(0.,0.,1.));
#8911=DIRECTION('ref_axis',(1.,0.,0.));
#8912=DIRECTION('',(0.,0.,1.));
#8913=DIRECTION('center_axis',(0.,0.,1.));
#8914=DIRECTION('ref_axis',(1.,0.,0.));
#8915=DIRECTION('',(0.,0.,1.));
#8916=DIRECTION('center_axis',(0.,0.,1.));
#8917=DIRECTION('ref_axis',(1.,0.,0.));
#8918=DIRECTION('',(0.,0.,1.));
#8919=DIRECTION('center_axis',(0.,0.,1.));
#8920=DIRECTION('ref_axis',(1.,0.,0.));
#8921=DIRECTION('',(0.,0.,1.));
#8922=DIRECTION('center_axis',(0.,0.,1.));
#8923=DIRECTION('ref_axis',(1.,0.,0.));
#8924=DIRECTION('',(0.,0.,1.));
#8925=DIRECTION('center_axis',(0.,0.,1.));
#8926=DIRECTION('ref_axis',(1.,0.,0.));
#8927=DIRECTION('',(0.,0.,1.));
#8928=DIRECTION('center_axis',(0.,0.,1.));
#8929=DIRECTION('ref_axis',(1.,0.,0.));
#8930=DIRECTION('',(0.,0.,1.));
#8931=DIRECTION('center_axis',(0.,0.,1.));
#8932=DIRECTION('ref_axis',(1.,0.,0.));
#8933=DIRECTION('',(0.,0.,1.));
#8934=DIRECTION('center_axis',(0.,0.,1.));
#8935=DIRECTION('ref_axis',(1.,0.,0.));
#8936=DIRECTION('',(0.,0.,1.));
#8937=DIRECTION('center_axis',(0.,0.,1.));
#8938=DIRECTION('ref_axis',(1.,0.,0.));
#8939=DIRECTION('',(0.,0.,1.));
#8940=DIRECTION('center_axis',(0.,0.,1.));
#8941=DIRECTION('ref_axis',(1.,0.,0.));
#8942=DIRECTION('',(0.,0.,1.));
#8943=DIRECTION('center_axis',(0.,0.,1.));
#8944=DIRECTION('ref_axis',(1.,0.,0.));
#8945=DIRECTION('',(0.,0.,1.));
#8946=DIRECTION('center_axis',(0.,0.,1.));
#8947=DIRECTION('ref_axis',(1.,0.,0.));
#8948=DIRECTION('',(0.,0.,1.));
#8949=DIRECTION('center_axis',(0.,0.,1.));
#8950=DIRECTION('ref_axis',(1.,0.,0.));
#8951=DIRECTION('',(0.,0.,1.));
#8952=DIRECTION('center_axis',(0.,0.,1.));
#8953=DIRECTION('ref_axis',(1.,0.,0.));
#8954=DIRECTION('',(0.,0.,1.));
#8955=DIRECTION('center_axis',(0.,0.,1.));
#8956=DIRECTION('ref_axis',(1.,0.,0.));
#8957=DIRECTION('',(0.,0.,1.));
#8958=DIRECTION('center_axis',(0.,0.,1.));
#8959=DIRECTION('ref_axis',(1.,0.,0.));
#8960=DIRECTION('',(0.,0.,1.));
#8961=DIRECTION('center_axis',(0.,0.,1.));
#8962=DIRECTION('ref_axis',(1.,0.,0.));
#8963=DIRECTION('',(0.,0.,1.));
#8964=DIRECTION('center_axis',(0.,0.,1.));
#8965=DIRECTION('ref_axis',(1.,0.,0.));
#8966=DIRECTION('',(0.,0.,1.));
#8967=DIRECTION('center_axis',(0.,0.,1.));
#8968=DIRECTION('ref_axis',(1.,0.,0.));
#8969=DIRECTION('',(0.,0.,1.));
#8970=DIRECTION('center_axis',(0.,0.,1.));
#8971=DIRECTION('ref_axis',(1.,0.,0.));
#8972=DIRECTION('',(0.,0.,1.));
#8973=DIRECTION('center_axis',(0.,0.,1.));
#8974=DIRECTION('ref_axis',(1.,0.,0.));
#8975=DIRECTION('',(0.,0.,1.));
#8976=DIRECTION('center_axis',(0.,0.,1.));
#8977=DIRECTION('ref_axis',(1.,0.,0.));
#8978=DIRECTION('',(0.,0.,1.));
#8979=DIRECTION('center_axis',(0.,0.,1.));
#8980=DIRECTION('ref_axis',(1.,0.,0.));
#8981=DIRECTION('',(0.,0.,1.));
#8982=DIRECTION('center_axis',(0.,0.,1.));
#8983=DIRECTION('ref_axis',(1.,0.,0.));
#8984=DIRECTION('',(0.,0.,1.));
#8985=DIRECTION('center_axis',(0.,0.,1.));
#8986=DIRECTION('ref_axis',(1.,0.,0.));
#8987=DIRECTION('',(0.,0.,1.));
#8988=DIRECTION('center_axis',(0.,0.,1.));
#8989=DIRECTION('ref_axis',(1.,0.,0.));
#8990=DIRECTION('',(0.,0.,1.));
#8991=DIRECTION('center_axis',(0.,0.,1.));
#8992=DIRECTION('ref_axis',(1.,0.,0.));
#8993=DIRECTION('',(0.,0.,1.));
#8994=DIRECTION('center_axis',(0.,0.,1.));
#8995=DIRECTION('ref_axis',(1.,0.,0.));
#8996=DIRECTION('',(0.,0.,1.));
#8997=DIRECTION('center_axis',(0.,0.,1.));
#8998=DIRECTION('ref_axis',(1.,0.,0.));
#8999=DIRECTION('',(0.,0.,1.));
#9000=DIRECTION('center_axis',(0.,0.,1.));
#9001=DIRECTION('ref_axis',(1.,0.,0.));
#9002=DIRECTION('',(0.,0.,1.));
#9003=DIRECTION('center_axis',(0.,0.,-1.));
#9004=DIRECTION('ref_axis',(-1.,0.,0.));
#9005=DIRECTION('',(0.,0.,-1.));
#9006=DIRECTION('center_axis',(0.,0.,-1.));
#9007=DIRECTION('ref_axis',(-1.,0.,0.));
#9008=DIRECTION('',(0.,0.,-1.));
#9009=DIRECTION('center_axis',(0.,0.,-1.));
#9010=DIRECTION('ref_axis',(-1.,0.,0.));
#9011=DIRECTION('',(0.,0.,-1.));
#9012=DIRECTION('center_axis',(0.,0.,-1.));
#9013=DIRECTION('ref_axis',(-1.,0.,0.));
#9014=DIRECTION('',(0.,0.,-1.));
#9015=DIRECTION('center_axis',(0.,0.,-1.));
#9016=DIRECTION('ref_axis',(-1.,0.,0.));
#9017=DIRECTION('',(0.,0.,-1.));
#9018=DIRECTION('center_axis',(0.,0.,-1.));
#9019=DIRECTION('ref_axis',(-1.,0.,0.));
#9020=DIRECTION('',(0.,0.,-1.));
#9021=DIRECTION('center_axis',(0.,0.,-1.));
#9022=DIRECTION('ref_axis',(-1.,0.,0.));
#9023=DIRECTION('',(0.,0.,-1.));
#9024=DIRECTION('center_axis',(0.,0.,-1.));
#9025=DIRECTION('ref_axis',(-1.,0.,0.));
#9026=DIRECTION('',(0.,0.,-1.));
#9027=DIRECTION('center_axis',(0.,0.,-1.));
#9028=DIRECTION('ref_axis',(-1.,0.,0.));
#9029=DIRECTION('',(0.,0.,-1.));
#9030=DIRECTION('center_axis',(0.,0.,-1.));
#9031=DIRECTION('ref_axis',(-1.,0.,0.));
#9032=DIRECTION('',(0.,0.,-1.));
#9033=DIRECTION('center_axis',(0.,0.,-1.));
#9034=DIRECTION('ref_axis',(-1.,0.,0.));
#9035=DIRECTION('',(0.,0.,-1.));
#9036=DIRECTION('center_axis',(0.,0.,-1.));
#9037=DIRECTION('ref_axis',(-1.,0.,0.));
#9038=DIRECTION('',(0.,0.,-1.));
#9039=DIRECTION('center_axis',(0.,0.,-1.));
#9040=DIRECTION('ref_axis',(-1.,0.,0.));
#9041=DIRECTION('',(0.,0.,-1.));
#9042=DIRECTION('center_axis',(0.,0.,-1.));
#9043=DIRECTION('ref_axis',(-1.,0.,0.));
#9044=DIRECTION('',(0.,0.,-1.));
#9045=DIRECTION('center_axis',(0.,0.,-1.));
#9046=DIRECTION('ref_axis',(-1.,0.,0.));
#9047=DIRECTION('',(0.,0.,-1.));
#9048=DIRECTION('center_axis',(0.,0.,-1.));
#9049=DIRECTION('ref_axis',(-1.,0.,0.));
#9050=DIRECTION('',(0.,0.,-1.));
#9051=DIRECTION('center_axis',(0.,0.,-1.));
#9052=DIRECTION('ref_axis',(-1.,0.,0.));
#9053=DIRECTION('',(0.,0.,-1.));
#9054=DIRECTION('center_axis',(0.,0.,-1.));
#9055=DIRECTION('ref_axis',(-1.,0.,0.));
#9056=DIRECTION('',(0.,0.,-1.));
#9057=DIRECTION('center_axis',(0.,0.,-1.));
#9058=DIRECTION('ref_axis',(-1.,0.,0.));
#9059=DIRECTION('',(0.,0.,-1.));
#9060=DIRECTION('center_axis',(0.,0.,-1.));
#9061=DIRECTION('ref_axis',(-1.,0.,0.));
#9062=DIRECTION('',(0.,0.,-1.));
#9063=DIRECTION('center_axis',(0.,0.,-1.));
#9064=DIRECTION('ref_axis',(-1.,0.,0.));
#9065=DIRECTION('',(0.,0.,-1.));
#9066=DIRECTION('center_axis',(0.,0.,-1.));
#9067=DIRECTION('ref_axis',(-1.,0.,0.));
#9068=DIRECTION('',(0.,0.,-1.));
#9069=DIRECTION('center_axis',(0.,0.,-1.));
#9070=DIRECTION('ref_axis',(-1.,0.,0.));
#9071=DIRECTION('',(0.,0.,-1.));
#9072=DIRECTION('center_axis',(0.,0.,-1.));
#9073=DIRECTION('ref_axis',(-1.,0.,0.));
#9074=DIRECTION('',(0.,0.,-1.));
#9075=DIRECTION('center_axis',(0.,0.,-1.));
#9076=DIRECTION('ref_axis',(-1.,0.,0.));
#9077=DIRECTION('',(0.,0.,-1.));
#9078=DIRECTION('center_axis',(0.,0.,-1.));
#9079=DIRECTION('ref_axis',(-1.,0.,0.));
#9080=DIRECTION('',(0.,0.,-1.));
#9081=DIRECTION('center_axis',(0.,0.,-1.));
#9082=DIRECTION('ref_axis',(-1.,0.,0.));
#9083=DIRECTION('',(0.,0.,-1.));
#9084=DIRECTION('center_axis',(0.,0.,-1.));
#9085=DIRECTION('ref_axis',(-1.,0.,0.));
#9086=DIRECTION('',(0.,0.,-1.));
#9087=DIRECTION('center_axis',(0.,0.,-1.));
#9088=DIRECTION('ref_axis',(-1.,0.,0.));
#9089=DIRECTION('',(0.,0.,-1.));
#9090=DIRECTION('center_axis',(0.,0.,-1.));
#9091=DIRECTION('ref_axis',(-1.,0.,0.));
#9092=DIRECTION('',(0.,0.,-1.));
#9093=DIRECTION('center_axis',(0.,0.,-1.));
#9094=DIRECTION('ref_axis',(-1.,0.,0.));
#9095=DIRECTION('',(0.,0.,-1.));
#9096=DIRECTION('center_axis',(0.,0.,-1.));
#9097=DIRECTION('ref_axis',(-1.,0.,0.));
#9098=DIRECTION('',(0.,0.,-1.));
#9099=DIRECTION('center_axis',(0.,0.,-1.));
#9100=DIRECTION('ref_axis',(-1.,0.,0.));
#9101=DIRECTION('',(0.,0.,-1.));
#9102=DIRECTION('center_axis',(0.,0.,-1.));
#9103=DIRECTION('ref_axis',(-1.,0.,0.));
#9104=DIRECTION('',(0.,0.,-1.));
#9105=DIRECTION('center_axis',(0.,0.,-1.));
#9106=DIRECTION('ref_axis',(-1.,0.,0.));
#9107=DIRECTION('',(0.,0.,-1.));
#9108=CARTESIAN_POINT('',(0.,0.,0.));
#9109=CARTESIAN_POINT('Origin',(5.99999999999999,20.0000002980232,15.0000002235174));
#9110=CARTESIAN_POINT('',(6.,11.6189499809103,15.0000002235174));
#9111=CARTESIAN_POINT('',(8.99999999999999,11.6189499809102,15.0000002235174));
#9112=CARTESIAN_POINT('',(8.99999999999999,11.6189499809102,15.0000002235174));
#9113=CARTESIAN_POINT('',(8.99999999999999,20.0000002980232,15.0000002235174));
#9114=CARTESIAN_POINT('',(8.99999999999999,10.0000001490116,15.0000002235174));
#9115=CARTESIAN_POINT('',(5.99999999999999,20.0000002980232,15.0000002235174));
#9116=CARTESIAN_POINT('',(5.99999999999999,20.0000002980232,15.0000002235174));
#9117=CARTESIAN_POINT('',(5.99999999999999,1.00000014901161,15.0000002235174));
#9118=CARTESIAN_POINT('Origin',(8.99999999999999,15.2915027394602,12.0000001788139));
#9119=CARTESIAN_POINT('',(8.99999999999999,11.6189500732493,9.00000013411045));
#9120=CARTESIAN_POINT('Origin',(8.99999999999999,-7.32747196252603E-14,
12.));
#9121=CARTESIAN_POINT('',(8.99999999999999,20.0000002980232,9.00000013411045));
#9122=CARTESIAN_POINT('',(8.99999999999999,20.0000002980232,9.00000013411045));
#9123=CARTESIAN_POINT('',(8.99999999999999,20.0000002980232,15.0000002235174));
#9124=CARTESIAN_POINT('Origin',(6.,-4.85722573273506E-16,12.));
#9125=CARTESIAN_POINT('',(2.99999976158142,8.9442720699352,4.00000017881393));
#9126=CARTESIAN_POINT('',(2.99999976158142,8.94427175006312,20.0000001788139));
#9127=CARTESIAN_POINT('Origin',(2.99999976158142,-7.32747196252603E-14,
12.));
#9128=CARTESIAN_POINT('',(0.0999997615814219,8.9442720699352,4.00000017881393));
#9129=CARTESIAN_POINT('',(6.,8.9442720699352,4.00000017881393));
#9130=CARTESIAN_POINT('',(0.0999997615814219,8.67964249071037,3.71363733394108));
#9131=CARTESIAN_POINT('Origin',(0.0999997615814219,-4.85722573273506E-16,
12.));
#9132=CARTESIAN_POINT('',(1.99999999999999,8.67964249071037,3.71363733394108));
#9133=CARTESIAN_POINT('',(6.,8.67964249071037,3.71363733394108));
#9134=CARTESIAN_POINT('',(6.,8.67964249071037,3.71363733394108));
#9135=CARTESIAN_POINT('',(6.,8.67964249071037,3.71363733394108));
#9136=CARTESIAN_POINT('',(6.,11.6189500732494,9.00000013411045));
#9137=CARTESIAN_POINT('Origin',(5.99999999999999,-4.85722573273506E-16,
12.));
#9138=CARTESIAN_POINT('',(8.99999999999999,11.6189500732493,9.00000013411045));
#9139=CARTESIAN_POINT('',(6.,8.67964249071037,20.2863626660589));
#9140=CARTESIAN_POINT('Origin',(5.99999999999999,-4.85722573273506E-16,
12.));
#9141=CARTESIAN_POINT('',(1.99999999999999,8.67964249071037,20.2863626660589));
#9142=CARTESIAN_POINT('',(6.,8.67964249071037,20.2863626660589));
#9143=CARTESIAN_POINT('',(0.0999997615814219,8.67964249071037,20.2863626660589));
#9144=CARTESIAN_POINT('',(6.,8.67964249071037,20.2863626660589));
#9145=CARTESIAN_POINT('',(0.0999997615814219,8.94427175006312,20.0000001788139));
#9146=CARTESIAN_POINT('Origin',(0.0999997615814219,-4.85722573273506E-16,
12.));
#9147=CARTESIAN_POINT('',(6.,8.94427175006312,20.0000001788139));
#9148=CARTESIAN_POINT('Origin',(6.,8.3,22.25));
#9149=CARTESIAN_POINT('',(1.99999999999999,6.30034198781107,22.2130157562115));
#9150=CARTESIAN_POINT('Origin',(1.99999999999999,8.3,22.25));
#9151=CARTESIAN_POINT('',(0.0999997615814219,6.30034198781107,22.2130157562115));
#9152=CARTESIAN_POINT('',(6.,6.30034198781107,22.2130157562115));
#9153=CARTESIAN_POINT('Origin',(0.0999997615814219,8.3,22.25));
#9154=CARTESIAN_POINT('Origin',(6.,-4.85722573273506E-16,12.));
#9155=CARTESIAN_POINT('',(0.0999997615814219,6.30034198781107,1.78698424378848));
#9156=CARTESIAN_POINT('Origin',(0.0999997615814219,-4.85722573273506E-16,
12.));
#9157=CARTESIAN_POINT('',(6.,6.30034198781107,22.2130157562115));
#9158=CARTESIAN_POINT('',(6.,6.30034198781107,22.2130157562115));
#9159=CARTESIAN_POINT('',(6.,6.30034198781107,1.78698424378848));
#9160=CARTESIAN_POINT('Origin',(5.99999999999999,-4.85722573273506E-16,
12.));
#9161=CARTESIAN_POINT('',(1.99999999999999,6.30034198781107,1.78698424378848));
#9162=CARTESIAN_POINT('',(6.,6.30034198781107,1.78698424378848));
#9163=CARTESIAN_POINT('',(6.,6.30034198781107,1.78698424378848));
#9164=CARTESIAN_POINT('Origin',(6.,8.3,1.75));
#9165=CARTESIAN_POINT('Origin',(1.99999999999999,8.3,1.75));
#9166=CARTESIAN_POINT('Origin',(0.0999997615814219,8.3,1.75));
#9167=CARTESIAN_POINT('Origin',(4.99999999999999,8.3,1.75));
#9168=CARTESIAN_POINT('Origin',(5.99999999999999,8.3,1.75));
#9169=CARTESIAN_POINT('Origin',(1.99999999999999,8.3,1.75));
#9170=CARTESIAN_POINT('Origin',(5.99999999999999,-18.,0.));
#9171=CARTESIAN_POINT('',(6.,34.5,-2.));
#9172=CARTESIAN_POINT('',(5.99999999999999,-15.933616085194,-2.));
#9173=CARTESIAN_POINT('',(5.99999999999999,-9.00000009872019,-2.));
#9174=CARTESIAN_POINT('',(6.,34.5,26.));
#9175=CARTESIAN_POINT('',(6.,34.5,6.));
#9176=CARTESIAN_POINT('',(5.99999999999999,-15.933616085194,26.));
#9177=CARTESIAN_POINT('',(5.99999999999999,-9.00000009872019,26.));
#9178=CARTESIAN_POINT('',(5.99999999999999,-17.,25.));
#9179=CARTESIAN_POINT('Ctrl Pts',(5.99999999999999,-17.,25.));
#9180=CARTESIAN_POINT('Ctrl Pts',(5.99999999999999,-17.,25.1545781364804));
#9181=CARTESIAN_POINT('Ctrl Pts',(6.,-16.9210934287967,25.4630763821295));
#9182=CARTESIAN_POINT('Ctrl Pts',(5.99999999999999,-16.5522254501905,25.878562231212));
#9183=CARTESIAN_POINT('Ctrl Pts',(5.99999999999999,-16.1654832899146,26.));
#9184=CARTESIAN_POINT('Ctrl Pts',(5.99999999999999,-15.933616085194,26.));
#9185=CARTESIAN_POINT('',(5.99999999999999,-17.,-1.));
#9186=CARTESIAN_POINT('',(5.99999999999999,-17.,12.5));
#9187=CARTESIAN_POINT('Ctrl Pts',(5.99999999999999,-15.933616085194,-2.));
#9188=CARTESIAN_POINT('Ctrl Pts',(5.99999999999999,-16.2427761304754,-2.));
#9189=CARTESIAN_POINT('Ctrl Pts',(5.99999999999999,-16.6687183503296,-1.81759725516025));
#9190=CARTESIAN_POINT('Ctrl Pts',(5.99999999999999,-16.9562388584528,-1.3468401053587));
#9191=CARTESIAN_POINT('Ctrl Pts',(5.99999999999999,-17.,-1.11593501698054));
#9192=CARTESIAN_POINT('Ctrl Pts',(5.99999999999999,-17.,-1.));
#9193=CARTESIAN_POINT('',(5.99999999999999,27.,1.74999999999999));
#9194=CARTESIAN_POINT('Origin',(5.99999999999999,29.,1.74999999999999));
#9195=CARTESIAN_POINT('',(5.99999999999999,27.,22.25));
#9196=CARTESIAN_POINT('Origin',(5.99999999999999,29.,22.25));
#9197=CARTESIAN_POINT('Origin',(5.99999999999999,8.3,22.25));
#9198=CARTESIAN_POINT('',(5.99999999999999,20.0000002980232,9.00000013411045));
#9199=CARTESIAN_POINT('',(6.,20.0000002980232,4.50000006705523));
#9200=CARTESIAN_POINT('',(5.99999999999999,-3.70849735886245,9.00000013411045));
#9201=CARTESIAN_POINT('Origin',(2.99999976158142,26.5,20.0000001788139));
#9202=CARTESIAN_POINT('',(0.0999997615814218,36.3,20.0000001788139));
#9203=CARTESIAN_POINT('',(0.0999997615814219,26.5,20.0000001788139));
#9204=CARTESIAN_POINT('',(2.99999976158142,36.3,20.0000001788139));
#9205=CARTESIAN_POINT('',(-6.25000011920929,36.3,20.0000001788139));
#9206=CARTESIAN_POINT('',(2.99999976158142,26.5,20.0000001788139));
#9207=CARTESIAN_POINT('Origin',(5.99999999999999,10.5830052822751,9.00000013411045));
#9208=CARTESIAN_POINT('',(5.99999999999999,20.0000002980232,9.00000013411045));
#9209=CARTESIAN_POINT('Origin',(5.99999999999999,20.0000002980232,9.00000013411045));
#9210=CARTESIAN_POINT('Origin',(-32.0000002384186,26.,1.50000017881394));
#9211=CARTESIAN_POINT('',(-32.0000002384186,26.,1.50000017881394));
#9212=CARTESIAN_POINT('',(-32.0000002384186,26.,-0.559999821186063));
#9213=CARTESIAN_POINT('',(-32.0000002384186,26.,12.180000089407));
#9214=CARTESIAN_POINT('',(-32.1000002384186,26.,1.50000017881394));
#9215=CARTESIAN_POINT('',(-14.5000001192093,26.,1.50000017881394));
#9216=CARTESIAN_POINT('',(-32.1000002384186,26.,-0.559999821186064));
#9217=CARTESIAN_POINT('',(-32.1000002384186,26.,12.180000089407));
#9218=CARTESIAN_POINT('',(-32.0000002384186,26.,-0.559999821186063));
#9219=CARTESIAN_POINT('Origin',(-32.1000002384186,26.5,24.3600001788139));
#9220=CARTESIAN_POINT('',(-32.1000002384186,10.6,8.00000017881394));
#9221=CARTESIAN_POINT('',(-32.1000002384186,10.6,1.49999996647239));
#9222=CARTESIAN_POINT('',(-32.1000002384186,10.6,13.055000089407));
#9223=CARTESIAN_POINT('',(-32.1000002384186,-10.5,8.00000017881394));
#9224=CARTESIAN_POINT('',(-32.1000002384186,26.5,8.00000017881394));
#9225=CARTESIAN_POINT('',(-32.1000002384186,-10.5,-0.559999821186064));
#9226=CARTESIAN_POINT('',(-32.1000002384186,-10.5,-0.359999821186063));
#9227=CARTESIAN_POINT('',(-32.1000002384186,26.5,-0.559999821186063));
#9228=CARTESIAN_POINT('',(-32.1000002384186,26.5,1.50000017881394));
#9229=CARTESIAN_POINT('',(-32.1000002384186,7.05,1.75));
#9230=CARTESIAN_POINT('Origin',(-32.1000002384186,8.3,1.75));
#9231=CARTESIAN_POINT('Origin',(-36.0000002384186,26.5,8.00000017881393));
#9232=CARTESIAN_POINT('',(-35.0000002384186,10.6,8.00000017881393));
#9233=CARTESIAN_POINT('',(-35.0000002384186,10.6,8.00000017881394));
#9234=CARTESIAN_POINT('',(-35.0000002384186,-10.5,8.00000017881393));
#9235=CARTESIAN_POINT('',(-35.0000002384186,26.5,8.00000017881394));
#9236=CARTESIAN_POINT('',(-25.0000002384186,-10.5,8.00000017881394));
#9237=CARTESIAN_POINT('Origin',(-34.0000002384186,10.6,1.75));
#9238=CARTESIAN_POINT('',(-34.0000002384186,10.6,1.49999996647239));
#9239=CARTESIAN_POINT('',(-34.0000002384186,10.6,1.50000017881394));
#9240=CARTESIAN_POINT('',(-37.,10.6,1.49999996647239));
#9241=CARTESIAN_POINT('',(-34.0000002384186,10.6,1.49999996647239));
#9242=CARTESIAN_POINT('',(-37.,10.6,22.4999994970858));
#9243=CARTESIAN_POINT('',(-37.,10.6,11.125));
#9244=CARTESIAN_POINT('',(-34.0000002384186,10.6,22.4999994970858));
#9245=CARTESIAN_POINT('',(-34.0000002384186,10.6,22.4999994970858));
#9246=CARTESIAN_POINT('',(-32.1000002384186,10.6,22.4999994970858));
#9247=CARTESIAN_POINT('',(-33.0000002384186,10.6,22.5000001788139));
#9248=CARTESIAN_POINT('',(-32.1000002384186,10.6,16.0000001788139));
#9249=CARTESIAN_POINT('',(-32.1000002384186,10.6,13.055000089407));
#9250=CARTESIAN_POINT('',(-35.0000002384186,10.6,16.0000001788139));
#9251=CARTESIAN_POINT('',(-34.0000002384186,10.6,16.0000001788139));
#9252=CARTESIAN_POINT('',(-35.0000002384186,10.6,8.87500008940697));
#9253=CARTESIAN_POINT('Origin',(-32.1000002384186,26.5,24.3600001788139));
#9254=CARTESIAN_POINT('',(-32.1000002384186,36.3,24.5600001788139));
#9255=CARTESIAN_POINT('',(-32.1000002384186,36.3,22.5000001788139));
#9256=CARTESIAN_POINT('',(-32.1000002384186,36.3,18.180000089407));
#9257=CARTESIAN_POINT('',(-32.1000002384186,-10.5,24.5600001788139));
#9258=CARTESIAN_POINT('',(-32.1000002384186,26.5,24.5600001788139));
#9259=CARTESIAN_POINT('',(-32.1000002384186,-10.5,16.0000001788139));
#9260=CARTESIAN_POINT('',(-32.1000002384186,-10.5,-0.359999821186063));
#9261=CARTESIAN_POINT('',(-32.1000002384186,26.5,16.0000001788139));
#9262=CARTESIAN_POINT('',(-32.1000002384186,26.5,22.5000001788139));
#9263=CARTESIAN_POINT('',(-32.1000002384186,7.05,22.25));
#9264=CARTESIAN_POINT('Origin',(-32.1000002384186,8.3,22.25));
#9265=CARTESIAN_POINT('Origin',(-2.38418578213384E-7,26.5,24.5600001788139));
#9266=CARTESIAN_POINT('',(0.0999997615814218,36.3,24.5600001788139));
#9267=CARTESIAN_POINT('',(-32.0000002384186,36.3,24.5600001788139));
#9268=CARTESIAN_POINT('',(0.0999997615814218,-18.0059278923713,24.5600001788139));
#9269=CARTESIAN_POINT('',(0.0999997615814218,26.5,24.5600001788139));
#9270=CARTESIAN_POINT('',(-2.38418578213384E-7,-18.0059278923713,24.5600001788139));
#9271=CARTESIAN_POINT('',(-2.38418578213384E-7,-18.0059278923713,24.5600001788139));
#9272=CARTESIAN_POINT('',(0.0321254059645276,-18.2573622411369,24.5600001788139));
#9273=CARTESIAN_POINT('Origin',(0.999999761581422,-18.0059278923713,24.5600001788139));
#9274=CARTESIAN_POINT('',(-25.0000002384186,-24.7602065133178,24.5600001788139));
#9275=CARTESIAN_POINT('',(-8.53869654487601,-20.4838899129254,24.5600001788139));
#9276=CARTESIAN_POINT('',(-25.0000002384186,-10.5,24.5600001788139));
#9277=CARTESIAN_POINT('',(-25.0000002384186,-10.5,24.5600001788139));
#9278=CARTESIAN_POINT('',(-32.0000002384186,-10.5,24.5600001788139));
#9279=CARTESIAN_POINT('',(-28.5000004470348,-5.00000007450581,24.5600001788139));
#9280=CARTESIAN_POINT('Origin',(-30.0000004470348,-5.00000007450581,24.5600001788139));
#9281=CARTESIAN_POINT('',(-23.5000004470348,-5.00000007450581,24.5600001788139));
#9282=CARTESIAN_POINT('Origin',(-25.0000004470348,-5.00000007450581,24.5600001788139));
#9283=CARTESIAN_POINT('',(-18.5000004470348,-5.00000007450581,24.5600001788139));
#9284=CARTESIAN_POINT('Origin',(-20.0000004470348,-5.00000007450581,24.5600001788139));
#9285=CARTESIAN_POINT('',(-13.5000004470348,-5.00000007450581,24.5600001788139));
#9286=CARTESIAN_POINT('Origin',(-15.0000004470348,-5.00000007450581,24.5600001788139));
#9287=CARTESIAN_POINT('',(-8.50000044703484,-5.00000007450581,24.5600001788139));
#9288=CARTESIAN_POINT('Origin',(-10.0000004470348,-5.00000007450581,24.5600001788139));
#9289=CARTESIAN_POINT('',(-3.50000044703484,-5.00000007450581,24.5600001788139));
#9290=CARTESIAN_POINT('Origin',(-5.00000044703484,-5.00000007450581,24.5600001788139));
#9291=CARTESIAN_POINT('',(-28.5000004470348,-7.45058059692383E-8,24.5600001788139));
#9292=CARTESIAN_POINT('Origin',(-30.0000004470348,-7.45058059692383E-8,
24.5600001788139));
#9293=CARTESIAN_POINT('',(-28.5000004470348,4.99999992549419,24.5600001788139));
#9294=CARTESIAN_POINT('Origin',(-30.0000004470348,4.99999992549419,24.5600001788139));
#9295=CARTESIAN_POINT('',(-28.5000004470348,9.99999992549419,24.5600001788139));
#9296=CARTESIAN_POINT('Origin',(-30.0000004470348,9.99999992549419,24.5600001788139));
#9297=CARTESIAN_POINT('',(-28.5000004470348,14.9999999254942,24.5600001788139));
#9298=CARTESIAN_POINT('Origin',(-30.0000004470348,14.9999999254942,24.5600001788139));
#9299=CARTESIAN_POINT('',(-28.5000004470348,19.9999999254942,24.5600001788139));
#9300=CARTESIAN_POINT('Origin',(-30.0000004470348,19.9999999254942,24.5600001788139));
#9301=CARTESIAN_POINT('',(-23.5000004470348,-7.45058059692383E-8,24.5600001788139));
#9302=CARTESIAN_POINT('Origin',(-25.0000004470348,-7.45058059692383E-8,
24.5600001788139));
#9303=CARTESIAN_POINT('',(-23.5000004470348,4.99999992549419,24.5600001788139));
#9304=CARTESIAN_POINT('Origin',(-25.0000004470348,4.99999992549419,24.5600001788139));
#9305=CARTESIAN_POINT('',(-23.5000004470348,9.99999992549419,24.5600001788139));
#9306=CARTESIAN_POINT('Origin',(-25.0000004470348,9.99999992549419,24.5600001788139));
#9307=CARTESIAN_POINT('',(-23.5000004470348,14.9999999254942,24.5600001788139));
#9308=CARTESIAN_POINT('Origin',(-25.0000004470348,14.9999999254942,24.5600001788139));
#9309=CARTESIAN_POINT('',(-23.5000004470348,19.9999999254942,24.5600001788139));
#9310=CARTESIAN_POINT('Origin',(-25.0000004470348,19.9999999254942,24.5600001788139));
#9311=CARTESIAN_POINT('',(-18.5000004470348,-7.45058059692383E-8,24.5600001788139));
#9312=CARTESIAN_POINT('Origin',(-20.0000004470348,-7.45058059692383E-8,
24.5600001788139));
#9313=CARTESIAN_POINT('',(-18.5000004470348,4.99999992549419,24.5600001788139));
#9314=CARTESIAN_POINT('Origin',(-20.0000004470348,4.99999992549419,24.5600001788139));
#9315=CARTESIAN_POINT('',(-18.5000004470348,9.99999992549419,24.5600001788139));
#9316=CARTESIAN_POINT('Origin',(-20.0000004470348,9.99999992549419,24.5600001788139));
#9317=CARTESIAN_POINT('',(-18.5000004470348,14.9999999254942,24.5600001788139));
#9318=CARTESIAN_POINT('Origin',(-20.0000004470348,14.9999999254942,24.5600001788139));
#9319=CARTESIAN_POINT('',(-18.5000004470348,19.9999999254942,24.5600001788139));
#9320=CARTESIAN_POINT('Origin',(-20.0000004470348,19.9999999254942,24.5600001788139));
#9321=CARTESIAN_POINT('',(-13.5000004470348,-7.45058059692383E-8,24.5600001788139));
#9322=CARTESIAN_POINT('Origin',(-15.0000004470348,-7.45058059692383E-8,
24.5600001788139));
#9323=CARTESIAN_POINT('',(-13.5000004470348,4.99999992549419,24.5600001788139));
#9324=CARTESIAN_POINT('Origin',(-15.0000004470348,4.99999992549419,24.5600001788139));
#9325=CARTESIAN_POINT('',(-13.5000004470348,9.99999992549419,24.5600001788139));
#9326=CARTESIAN_POINT('Origin',(-15.0000004470348,9.99999992549419,24.5600001788139));
#9327=CARTESIAN_POINT('',(-13.5000004470348,14.9999999254942,24.5600001788139));
#9328=CARTESIAN_POINT('Origin',(-15.0000004470348,14.9999999254942,24.5600001788139));
#9329=CARTESIAN_POINT('',(-13.5000004470348,19.9999999254942,24.5600001788139));
#9330=CARTESIAN_POINT('Origin',(-15.0000004470348,19.9999999254942,24.5600001788139));
#9331=CARTESIAN_POINT('',(-8.50000044703484,-7.45058059692383E-8,24.5600001788139));
#9332=CARTESIAN_POINT('Origin',(-10.0000004470348,-7.45058059692383E-8,
24.5600001788139));
#9333=CARTESIAN_POINT('',(-8.50000044703484,4.99999992549419,24.5600001788139));
#9334=CARTESIAN_POINT('Origin',(-10.0000004470348,4.99999992549419,24.5600001788139));
#9335=CARTESIAN_POINT('',(-8.50000044703484,9.99999992549419,24.5600001788139));
#9336=CARTESIAN_POINT('Origin',(-10.0000004470348,9.99999992549419,24.5600001788139));
#9337=CARTESIAN_POINT('',(-8.50000044703484,14.9999999254942,24.5600001788139));
#9338=CARTESIAN_POINT('Origin',(-10.0000004470348,14.9999999254942,24.5600001788139));
#9339=CARTESIAN_POINT('',(-8.50000044703484,19.9999999254942,24.5600001788139));
#9340=CARTESIAN_POINT('Origin',(-10.0000004470348,19.9999999254942,24.5600001788139));
#9341=CARTESIAN_POINT('',(-3.50000044703484,-7.45058059692383E-8,24.5600001788139));
#9342=CARTESIAN_POINT('Origin',(-5.00000044703484,-7.45058059692383E-8,
24.5600001788139));
#9343=CARTESIAN_POINT('',(-3.50000044703484,4.99999992549419,24.5600001788139));
#9344=CARTESIAN_POINT('Origin',(-5.00000044703484,4.99999992549419,24.5600001788139));
#9345=CARTESIAN_POINT('',(-3.50000044703484,9.99999992549419,24.5600001788139));
#9346=CARTESIAN_POINT('Origin',(-5.00000044703483,9.99999992549419,24.5600001788139));
#9347=CARTESIAN_POINT('',(-3.50000044703484,14.9999999254942,24.5600001788139));
#9348=CARTESIAN_POINT('Origin',(-5.00000044703483,14.9999999254942,24.5600001788139));
#9349=CARTESIAN_POINT('',(-3.50000044703484,19.9999999254942,24.5600001788139));
#9350=CARTESIAN_POINT('Origin',(-5.00000044703483,19.9999999254942,24.5600001788139));
#9351=CARTESIAN_POINT('Origin',(-32.0000002384186,26.5,-0.559999821186063));
#9352=CARTESIAN_POINT('',(-32.5000002384186,36.3,-0.559999821186064));
#9353=CARTESIAN_POINT('',(0.0999997615814197,36.3,-0.559999821186063));
#9354=CARTESIAN_POINT('',(-2.38418578213384E-7,36.3,-0.559999821186063));
#9355=CARTESIAN_POINT('',(-32.5000002384186,26.5,-0.559999821186063));
#9356=CARTESIAN_POINT('',(-32.5000002384186,26.5,-0.559999821186064));
#9357=CARTESIAN_POINT('Origin',(-32.5000002384186,26.,-0.559999821186063));
#9358=CARTESIAN_POINT('',(-25.0000002384186,-10.5,-0.559999821186063));
#9359=CARTESIAN_POINT('',(-32.0000002384186,-10.5,-0.559999821186063));
#9360=CARTESIAN_POINT('',(-25.0000002384186,-24.7602065133178,-0.559999821186063));
#9361=CARTESIAN_POINT('',(-25.0000002384186,-10.5,-0.559999821186063));
#9362=CARTESIAN_POINT('',(0.0321254059645293,-18.2573622411369,-0.559999821186063));
#9363=CARTESIAN_POINT('',(-23.5271888370491,-24.3775996455887,-0.559999821186063));
#9364=CARTESIAN_POINT('',(-2.38418578213384E-7,-18.0059278923713,-0.559999821186063));
#9365=CARTESIAN_POINT('Origin',(0.999999761581422,-18.0059278923713,-0.559999821186063));
#9366=CARTESIAN_POINT('',(0.0999997615814197,-18.0059278923713,-0.559999821186063));
#9367=CARTESIAN_POINT('',(-2.38418578213384E-7,-18.0059278923713,-0.559999821186063));
#9368=CARTESIAN_POINT('',(0.0999997615814218,26.5,-0.559999821186063));
#9369=CARTESIAN_POINT('',(-31.5000004470348,-5.00000007450581,-0.559999821186063));
#9370=CARTESIAN_POINT('Origin',(-30.0000004470348,-5.00000007450581,-0.559999821186064));
#9371=CARTESIAN_POINT('',(-26.5000004470348,-5.00000007450581,-0.559999821186063));
#9372=CARTESIAN_POINT('Origin',(-25.0000004470348,-5.00000007450581,-0.559999821186064));
#9373=CARTESIAN_POINT('',(-21.5000004470348,-5.00000007450581,-0.559999821186063));
#9374=CARTESIAN_POINT('Origin',(-20.0000004470348,-5.00000007450581,-0.559999821186064));
#9375=CARTESIAN_POINT('',(-16.5000004470348,-5.00000007450581,-0.559999821186063));
#9376=CARTESIAN_POINT('Origin',(-15.0000004470348,-5.00000007450581,-0.559999821186064));
#9377=CARTESIAN_POINT('',(-11.5000004470348,-5.00000007450581,-0.559999821186063));
#9378=CARTESIAN_POINT('Origin',(-10.0000004470348,-5.00000007450581,-0.559999821186064));
#9379=CARTESIAN_POINT('',(-6.50000044703484,-5.00000007450581,-0.559999821186063));
#9380=CARTESIAN_POINT('Origin',(-5.00000044703484,-5.00000007450581,-0.559999821186064));
#9381=CARTESIAN_POINT('',(-31.5000004470348,-7.45058059692383E-8,-0.559999821186063));
#9382=CARTESIAN_POINT('Origin',(-30.0000004470348,-7.45058059692383E-8,
-0.559999821186064));
#9383=CARTESIAN_POINT('',(-31.5000004470348,4.99999992549419,-0.559999821186063));
#9384=CARTESIAN_POINT('Origin',(-30.0000004470348,4.99999992549419,-0.559999821186064));
#9385=CARTESIAN_POINT('',(-31.5000004470348,9.99999992549419,-0.559999821186063));
#9386=CARTESIAN_POINT('Origin',(-30.0000004470348,9.99999992549419,-0.559999821186064));
#9387=CARTESIAN_POINT('',(-31.5000004470348,14.9999999254942,-0.559999821186063));
#9388=CARTESIAN_POINT('Origin',(-30.0000004470348,14.9999999254942,-0.559999821186064));
#9389=CARTESIAN_POINT('',(-31.5000004470348,19.9999999254942,-0.559999821186063));
#9390=CARTESIAN_POINT('Origin',(-30.0000004470348,19.9999999254942,-0.559999821186064));
#9391=CARTESIAN_POINT('',(-26.5000004470348,-7.45058059692383E-8,-0.559999821186063));
#9392=CARTESIAN_POINT('Origin',(-25.0000004470348,-7.45058059692383E-8,
-0.559999821186064));
#9393=CARTESIAN_POINT('',(-26.5000004470348,4.99999992549419,-0.559999821186063));
#9394=CARTESIAN_POINT('Origin',(-25.0000004470348,4.99999992549419,-0.559999821186064));
#9395=CARTESIAN_POINT('',(-26.5000004470348,9.99999992549419,-0.559999821186063));
#9396=CARTESIAN_POINT('Origin',(-25.0000004470348,9.99999992549419,-0.559999821186064));
#9397=CARTESIAN_POINT('',(-26.5000004470348,14.9999999254942,-0.559999821186063));
#9398=CARTESIAN_POINT('Origin',(-25.0000004470348,14.9999999254942,-0.559999821186064));
#9399=CARTESIAN_POINT('',(-26.5000004470348,19.9999999254942,-0.559999821186063));
#9400=CARTESIAN_POINT('Origin',(-25.0000004470348,19.9999999254942,-0.559999821186064));
#9401=CARTESIAN_POINT('',(-21.5000004470348,-7.45058059692383E-8,-0.559999821186063));
#9402=CARTESIAN_POINT('Origin',(-20.0000004470348,-7.45058059692383E-8,
-0.559999821186064));
#9403=CARTESIAN_POINT('',(-21.5000004470348,4.99999992549419,-0.559999821186063));
#9404=CARTESIAN_POINT('Origin',(-20.0000004470348,4.99999992549419,-0.559999821186064));
#9405=CARTESIAN_POINT('',(-21.5000004470348,9.99999992549419,-0.559999821186063));
#9406=CARTESIAN_POINT('Origin',(-20.0000004470348,9.99999992549419,-0.559999821186064));
#9407=CARTESIAN_POINT('',(-21.5000004470348,14.9999999254942,-0.559999821186063));
#9408=CARTESIAN_POINT('Origin',(-20.0000004470348,14.9999999254942,-0.559999821186064));
#9409=CARTESIAN_POINT('',(-21.5000004470348,19.9999999254942,-0.559999821186063));
#9410=CARTESIAN_POINT('Origin',(-20.0000004470348,19.9999999254942,-0.559999821186064));
#9411=CARTESIAN_POINT('',(-16.5000004470348,-7.45058059692383E-8,-0.559999821186063));
#9412=CARTESIAN_POINT('Origin',(-15.0000004470348,-7.45058059692383E-8,
-0.559999821186064));
#9413=CARTESIAN_POINT('',(-16.5000004470348,4.99999992549419,-0.559999821186063));
#9414=CARTESIAN_POINT('Origin',(-15.0000004470348,4.99999992549419,-0.559999821186064));
#9415=CARTESIAN_POINT('',(-16.5000004470348,9.99999992549419,-0.559999821186063));
#9416=CARTESIAN_POINT('Origin',(-15.0000004470348,9.99999992549419,-0.559999821186064));
#9417=CARTESIAN_POINT('',(-16.5000004470348,14.9999999254942,-0.559999821186063));
#9418=CARTESIAN_POINT('Origin',(-15.0000004470348,14.9999999254942,-0.559999821186064));
#9419=CARTESIAN_POINT('',(-16.5000004470348,19.9999999254942,-0.559999821186063));
#9420=CARTESIAN_POINT('Origin',(-15.0000004470348,19.9999999254942,-0.559999821186064));
#9421=CARTESIAN_POINT('',(-11.5000004470348,-7.45058059692383E-8,-0.559999821186063));
#9422=CARTESIAN_POINT('Origin',(-10.0000004470348,-7.45058059692383E-8,
-0.559999821186064));
#9423=CARTESIAN_POINT('',(-11.5000004470348,4.99999992549419,-0.559999821186063));
#9424=CARTESIAN_POINT('Origin',(-10.0000004470348,4.99999992549419,-0.559999821186064));
#9425=CARTESIAN_POINT('',(-11.5000004470348,9.99999992549419,-0.559999821186063));
#9426=CARTESIAN_POINT('Origin',(-10.0000004470348,9.99999992549419,-0.559999821186064));
#9427=CARTESIAN_POINT('',(-11.5000004470348,14.9999999254942,-0.559999821186063));
#9428=CARTESIAN_POINT('Origin',(-10.0000004470348,14.9999999254942,-0.559999821186064));
#9429=CARTESIAN_POINT('',(-11.5000004470348,19.9999999254942,-0.559999821186063));
#9430=CARTESIAN_POINT('Origin',(-10.0000004470348,19.9999999254942,-0.559999821186064));
#9431=CARTESIAN_POINT('',(-6.50000044703484,-7.45058059692383E-8,-0.559999821186063));
#9432=CARTESIAN_POINT('Origin',(-5.00000044703484,-7.45058059692383E-8,
-0.559999821186064));
#9433=CARTESIAN_POINT('',(-6.50000044703484,4.99999992549419,-0.559999821186063));
#9434=CARTESIAN_POINT('Origin',(-5.00000044703484,4.99999992549419,-0.559999821186064));
#9435=CARTESIAN_POINT('',(-6.50000044703484,9.99999992549419,-0.559999821186063));
#9436=CARTESIAN_POINT('Origin',(-5.00000044703484,9.99999992549419,-0.559999821186064));
#9437=CARTESIAN_POINT('',(-6.50000044703484,14.9999999254942,-0.559999821186063));
#9438=CARTESIAN_POINT('Origin',(-5.00000044703484,14.9999999254942,-0.559999821186064));
#9439=CARTESIAN_POINT('',(-6.50000044703484,19.9999999254942,-0.559999821186063));
#9440=CARTESIAN_POINT('Origin',(-5.00000044703484,19.9999999254942,-0.559999821186064));
#9441=CARTESIAN_POINT('Origin',(-2.38418578213384E-7,-18.0059278923713,
24.4600001788139));
#9442=CARTESIAN_POINT('',(-2.38418578213384E-7,-18.0059278923713,-0.179999910593032));
#9443=CARTESIAN_POINT('',(0.0999997615814218,-18.0059278923713,-0.459999821186063));
#9444=CARTESIAN_POINT('Origin',(0.0999997615814218,26.5,-0.359999821186063));
#9445=CARTESIAN_POINT('',(0.0999997615814218,36.3,4.00000017881393));
#9446=CARTESIAN_POINT('',(0.0999997615814218,26.5,4.00000017881393));
#9447=CARTESIAN_POINT('',(0.0999997615814218,36.3,5.82000008940697));
#9448=CARTESIAN_POINT('',(0.0999997615814218,36.3,24.4600001788139));
#9449=CARTESIAN_POINT('',(0.0999997615814218,27.75,1.74999999999999));
#9450=CARTESIAN_POINT('Origin',(0.0999997615814219,29.,1.74999999999999));
#9451=CARTESIAN_POINT('',(0.0999997615814218,27.75,22.25));
#9452=CARTESIAN_POINT('Origin',(0.0999997615814219,29.,22.25));
#9453=CARTESIAN_POINT('',(0.0999997615814224,7.05,1.75));
#9454=CARTESIAN_POINT('Origin',(0.0999997615814219,8.3,1.75));
#9455=CARTESIAN_POINT('',(0.0999997615814224,7.05,22.25));
#9456=CARTESIAN_POINT('Origin',(0.0999997615814219,8.3,22.25));
#9457=CARTESIAN_POINT('Origin',(-25.0000002384186,-24.7602065133178,24.3600001788139));
#9458=CARTESIAN_POINT('',(-25.0000002384186,-24.7602065133178,24.3600001788139));
#9459=CARTESIAN_POINT('',(0.0321254059645276,-18.2573622411369,24.3600001788139));
#9460=CARTESIAN_POINT('',(-8.53869654487601,-20.4838899129254,24.3600001788139));
#9461=CARTESIAN_POINT('',(-25.0000002384186,-24.7602065133178,24.3600001788139));
#9462=CARTESIAN_POINT('',(0.0321254059645276,-18.2573622411369,24.3600001788139));
#9463=CARTESIAN_POINT('Origin',(-2.38418578213384E-7,36.3,24.3600001788139));
#9464=CARTESIAN_POINT('',(-2.38418578213384E-7,36.3,24.3600001788139));
#9465=CARTESIAN_POINT('',(-32.0000002384186,36.3,24.3600001788139));
#9466=CARTESIAN_POINT('',(-7.75000011920929,36.3,24.3600001788139));
#9467=CARTESIAN_POINT('',(-2.38418578213384E-7,36.3,20.0000001788139));
#9468=CARTESIAN_POINT('',(-2.38418578213384E-7,36.3,5.82000008940697));
#9469=CARTESIAN_POINT('',(-6.25000011920929,36.3,20.0000001788139));
#9470=CARTESIAN_POINT('',(-32.0000002384186,36.3,22.5000001788139));
#9471=CARTESIAN_POINT('',(-23.7500001192093,36.3,22.5000001788139));
#9472=CARTESIAN_POINT('',(-32.0000002384186,36.3,18.180000089407));
#9473=CARTESIAN_POINT('Origin',(0.0321254059645337,-18.2573622411369,-0.359999821186063));
#9474=CARTESIAN_POINT('',(0.0321254059645287,-18.2573622411369,-0.359999821186063));
#9475=CARTESIAN_POINT('',(-25.0000002384186,-24.7602065133178,-0.359999821186063));
#9476=CARTESIAN_POINT('',(-23.5271888370491,-24.3775996455887,-0.359999821186063));
#9477=CARTESIAN_POINT('',(0.0321254059645287,-18.2573622411369,-0.359999821186063));
#9478=CARTESIAN_POINT('',(-25.0000002384186,-24.7602065133178,-0.359999821186063));
#9479=CARTESIAN_POINT('Origin',(-32.5000002384186,36.3,-0.359999821186063));
#9480=CARTESIAN_POINT('',(-32.5000002384186,36.3,-0.359999821186063));
#9481=CARTESIAN_POINT('',(-2.38418578213384E-7,36.3,-0.359999821186063));
#9482=CARTESIAN_POINT('',(-23.7500001192093,36.3,-0.359999821186063));
#9483=CARTESIAN_POINT('',(-32.5000002384186,36.3,-0.359999821186063));
#9484=CARTESIAN_POINT('',(-2.38418578213384E-7,36.3,4.00000017881393));
#9485=CARTESIAN_POINT('',(-7.75000011920929,36.3,4.00000017881393));
#9486=CARTESIAN_POINT('',(-2.38418578213384E-7,36.3,5.82000008940697));
#9487=CARTESIAN_POINT('Origin',(-64.5000009611249,-24.5,12.0000001788139));
#9488=CARTESIAN_POINT('',(-66.7860803577531,-24.5,11.0000001639128));
#9489=CARTESIAN_POINT('',(-66.7860803274098,-24.5,13.0000001937151));
#9490=CARTESIAN_POINT('Origin',(-55.0000000689863,-24.5,12.));
#9491=CARTESIAN_POINT('',(-61.0000009089708,-24.5,11.0000001639128));
#9492=CARTESIAN_POINT('',(-61.0000009089708,-24.5,11.0000001639128));
#9493=CARTESIAN_POINT('',(-61.0000009089708,-24.5,13.0000001937151));
#9494=CARTESIAN_POINT('',(-61.0000009089708,-24.5,13.0000001937151));
#9495=CARTESIAN_POINT('',(-68.000001013279,-24.5,13.0000001937151));
#9496=CARTESIAN_POINT('Origin',(-68.000001013279,-26.5,13.0000001937151));
#9497=CARTESIAN_POINT('',(-63.9442719573275,-26.5,13.0000001937151));
#9498=CARTESIAN_POINT('Ctrl Pts',(-66.7860803274098,-24.5,13.0000001937151));
#9499=CARTESIAN_POINT('Ctrl Pts',(-66.7682539002206,-24.5502402392367,13.0000001937151));
#9500=CARTESIAN_POINT('Ctrl Pts',(-66.7493829430763,-24.5991457584215,13.0000001937151));
#9501=CARTESIAN_POINT('Ctrl Pts',(-66.5878066764502,-24.9884825247442,13.0000001937151));
#9502=CARTESIAN_POINT('Ctrl Pts',(-66.3404213118315,-25.3577598514973,13.0000001937151));
#9503=CARTESIAN_POINT('Ctrl Pts',(-65.815256183344,-25.8817547973014,13.0000001937151));
#9504=CARTESIAN_POINT('Ctrl Pts',(-65.4442546958653,-26.1288564179671,13.0000001937151));
#9505=CARTESIAN_POINT('Ctrl Pts',(-64.7562459249039,-26.4131085449193,13.0000001937151));
#9506=CARTESIAN_POINT('Ctrl Pts',(-64.3172220175036,-26.5,13.0000001937151));
#9507=CARTESIAN_POINT('Ctrl Pts',(-63.9442719573275,-26.5,13.0000001937151));
#9508=CARTESIAN_POINT('',(-61.0000009089708,-26.5,13.0000001937151));
#9509=CARTESIAN_POINT('',(-61.0000009089708,-26.5,13.0000001937151));
#9510=CARTESIAN_POINT('',(-67.5000005066395,-26.5,13.0000001937151));
#9511=CARTESIAN_POINT('Origin',(-61.0000009089708,-26.5,13.0000001937151));
#9512=CARTESIAN_POINT('',(-61.0000009089708,-26.5,11.0000001639128));
#9513=CARTESIAN_POINT('',(-61.0000009089708,-26.5,6.50000009685755));
#9514=CARTESIAN_POINT('',(-61.0000009089708,-26.5,11.0000001639128));
#9515=CARTESIAN_POINT('Origin',(-61.0000009089708,-26.5,11.0000001639128));
#9516=CARTESIAN_POINT('',(-63.9442719973115,-26.5,11.0000001639128));
#9517=CARTESIAN_POINT('Ctrl Pts',(-63.9442719973115,-26.5,11.0000001639128));
#9518=CARTESIAN_POINT('Ctrl Pts',(-64.3172220555324,-26.5,11.0000001639128));
#9519=CARTESIAN_POINT('Ctrl Pts',(-64.7562459605713,-26.4131085450734,11.0000001639128));
#9520=CARTESIAN_POINT('Ctrl Pts',(-65.4442547287263,-26.128856418757,11.0000001639128));
#9521=CARTESIAN_POINT('Ctrl Pts',(-65.8152562150627,-25.8817547982834,11.0000001639128));
#9522=CARTESIAN_POINT('Ctrl Pts',(-66.3404213424252,-25.3577598527633,11.0000001639128));
#9523=CARTESIAN_POINT('Ctrl Pts',(-66.5878067066483,-24.9884825259124,11.0000001639128));
#9524=CARTESIAN_POINT('Ctrl Pts',(-66.7493829731955,-24.5991457592477,11.0000001639128));
#9525=CARTESIAN_POINT('Ctrl Pts',(-66.7682539304602,-24.5502402396581,11.0000001639128));
#9526=CARTESIAN_POINT('Ctrl Pts',(-66.7860803577531,-24.5,11.0000001639128));
#9527=CARTESIAN_POINT('',(-64.0000004544854,-26.5,11.0000001639128));
#9528=CARTESIAN_POINT('Origin',(-55.0000000689863,-23.5,12.));
#9529=CARTESIAN_POINT('',(-62.8863906263542,-26.5,16.3364552317139));
#9530=CARTESIAN_POINT('Origin',(-55.0000000689863,-26.5,12.));
#9531=CARTESIAN_POINT('',(-62.9497475372921,-26.4777440600082,16.9497474683059));
#9532=CARTESIAN_POINT('Ctrl Pts',(-62.8863906263542,-26.5,16.3364552317139));
#9533=CARTESIAN_POINT('Ctrl Pts',(-62.9285837476176,-26.5,16.5384896462577));
#9534=CARTESIAN_POINT('Ctrl Pts',(-62.9497475372921,-26.4910625774958,16.7440331002227));
#9535=CARTESIAN_POINT('Ctrl Pts',(-62.9497475372921,-26.4777440600082,16.9497474683059));
#9536=CARTESIAN_POINT('',(-59.3364553007002,-26.5,19.8863905573679));
#9537=CARTESIAN_POINT('Ctrl Pts',(-62.9497475372921,-26.4777440600082,16.9497474683059));
#9538=CARTESIAN_POINT('Ctrl Pts',(-62.9497475372921,-26.4692184404748,17.0814319772198));
#9539=CARTESIAN_POINT('Ctrl Pts',(-62.9410760485315,-26.4588764657563,17.2131851565712));
#9540=CARTESIAN_POINT('Ctrl Pts',(-62.8724327570631,-26.4149023402081,17.7308232520036));
#9541=CARTESIAN_POINT('Ctrl Pts',(-62.745989160447,-26.3765579981258,18.1049464693783));
#9542=CARTESIAN_POINT('Ctrl Pts',(-62.3584892784471,-26.3300981481034,18.7792061697758));
#9543=CARTESIAN_POINT('Ctrl Pts',(-62.1039017614432,-26.3224423719011,19.0732270669824));
#9544=CARTESIAN_POINT('Ctrl Pts',(-61.4989707170952,-26.3450392515219,19.5469692443969));
#9545=CARTESIAN_POINT('Ctrl Pts',(-61.1573679456558,-26.3742614743595,19.7220656040717));
#9546=CARTESIAN_POINT('Ctrl Pts',(-60.4152055211422,-26.4420554544671,19.9394609993816));
#9547=CARTESIAN_POINT('Ctrl Pts',(-60.0192883690235,-26.4800353010915,19.9746889378956));
#9548=CARTESIAN_POINT('Ctrl Pts',(-59.5296690116305,-26.497965739973,19.9218278225732));
#9549=CARTESIAN_POINT('Ctrl Pts',(-59.4324566849989,-26.5,19.9064396072207));
#9550=CARTESIAN_POINT('Ctrl Pts',(-59.3364553007002,-26.5,19.8863905573679));
#9551=CARTESIAN_POINT('',(-55.0000000689863,-26.5,21.));
#9552=CARTESIAN_POINT('Origin',(-55.0000000689863,-26.5,12.));
#9553=CARTESIAN_POINT('',(-55.0000000689863,-23.5,24.));
#9554=CARTESIAN_POINT('Origin',(-55.0000000689863,-23.5,21.));
#9555=CARTESIAN_POINT('',(-55.0000000689863,-23.5,0.));
#9556=CARTESIAN_POINT('Origin',(-55.0000000689863,-23.5,12.));
#9557=CARTESIAN_POINT('',(-55.0000000689863,-26.5,3.));
#9558=CARTESIAN_POINT('Origin',(-55.0000000689863,-23.5,3.));
#9559=CARTESIAN_POINT('',(-59.3364553007002,-26.5,4.1136094426321));
#9560=CARTESIAN_POINT('Origin',(-55.0000000689863,-26.5,12.));
#9561=CARTESIAN_POINT('',(-62.9497475372921,-26.4777440600082,7.05025253169425));
#9562=CARTESIAN_POINT('Ctrl Pts',(-59.3364553007002,-26.5,4.1136094426321));
#9563=CARTESIAN_POINT('Ctrl Pts',(-59.6678185652939,-26.5,4.04440712164729));
#9564=CARTESIAN_POINT('Ctrl Pts',(-60.0086403985752,-26.4762528528139,4.03179960611832));
#9565=CARTESIAN_POINT('Ctrl Pts',(-60.7308233209899,-26.4149023402081,4.12756731192318));
#9566=CARTESIAN_POINT('Ctrl Pts',(-61.1049465383646,-26.3765579981258,4.2540109085393));
#9567=CARTESIAN_POINT('Ctrl Pts',(-61.7792062387621,-26.3300981481034,4.64151079053925));
#9568=CARTESIAN_POINT('Ctrl Pts',(-62.0732271359687,-26.3224423719011,4.89609830754306));
#9569=CARTESIAN_POINT('Ctrl Pts',(-62.5469693133832,-26.3450392515219,5.50102935189107));
#9570=CARTESIAN_POINT('Ctrl Pts',(-62.722065673058,-26.3742614743595,5.84263212333045));
#9571=CARTESIAN_POINT('Ctrl Pts',(-62.9091665144903,-26.4326082056878,6.4813724881295));
#9572=CARTESIAN_POINT('Ctrl Pts',(-62.9497475372922,-26.459298967231,6.76535441083307));
#9573=CARTESIAN_POINT('Ctrl Pts',(-62.9497475372921,-26.4777440600082,7.05025253169433));
#9574=CARTESIAN_POINT('',(-62.8863906263542,-26.5,7.66354476828615));
#9575=CARTESIAN_POINT('Ctrl Pts',(-62.9497475372921,-26.4777440600082,7.05025253169433));
#9576=CARTESIAN_POINT('Ctrl Pts',(-62.9497475372921,-26.4846948190337,7.15761215351167));
#9577=CARTESIAN_POINT('Ctrl Pts',(-62.9439850189257,-26.4904500639301,7.26510348323965));
#9578=CARTESIAN_POINT('Ctrl Pts',(-62.9218278915595,-26.497965739973,7.47033105735584));
#9579=CARTESIAN_POINT('Ctrl Pts',(-62.906439676207,-26.5,7.56754338398743));
#9580=CARTESIAN_POINT('Ctrl Pts',(-62.8863906263542,-26.5,7.66354476828615));
#9581=CARTESIAN_POINT('Origin',(-55.0000000689863,-26.5,12.));
#9582=CARTESIAN_POINT('Origin',(-62.000000923872,26.5,11.0000001639128));
#9583=CARTESIAN_POINT('',(-62.000000923872,26.5,11.0000001639128));
#9584=CARTESIAN_POINT('',(-62.000000923872,26.5,13.0000001937151));
#9585=CARTESIAN_POINT('',(-62.000000923872,26.5,5.50000008195639));
#9586=CARTESIAN_POINT('',(-62.000000923872,24.5,11.0000001639128));
#9587=CARTESIAN_POINT('',(-62.000000923872,26.5,11.0000001639128));
#9588=CARTESIAN_POINT('',(-62.000000923872,24.5,13.0000001937151));
#9589=CARTESIAN_POINT('',(-62.000000923872,24.5,11.0000001639128));
#9590=CARTESIAN_POINT('',(-62.000000923872,26.5,13.0000001937151));
#9591=CARTESIAN_POINT('Origin',(-68.000001013279,26.5,11.0000001639128));
#9592=CARTESIAN_POINT('',(-66.7860803577531,24.5,11.0000001639128));
#9593=CARTESIAN_POINT('',(-63.9442719973115,26.5,11.0000001639128));
#9594=CARTESIAN_POINT('Ctrl Pts',(-66.7860803577531,24.5,11.0000001639128));
#9595=CARTESIAN_POINT('Ctrl Pts',(-66.7682539304602,24.5502402396581,11.0000001639128));
#9596=CARTESIAN_POINT('Ctrl Pts',(-66.7493829731955,24.5991457592477,11.0000001639128));
#9597=CARTESIAN_POINT('Ctrl Pts',(-66.5878067066483,24.9884825259124,11.0000001639128));
#9598=CARTESIAN_POINT('Ctrl Pts',(-66.3404213424252,25.3577598527633,11.0000001639128));
#9599=CARTESIAN_POINT('Ctrl Pts',(-65.8152562150627,25.8817547982834,11.0000001639128));
#9600=CARTESIAN_POINT('Ctrl Pts',(-65.4442547287263,26.128856418757,11.0000001639128));
#9601=CARTESIAN_POINT('Ctrl Pts',(-64.7562459605713,26.4131085450734,11.0000001639128));
#9602=CARTESIAN_POINT('Ctrl Pts',(-64.3172220555324,26.5,11.0000001639128));
#9603=CARTESIAN_POINT('Ctrl Pts',(-63.9442719973115,26.5,11.0000001639128));
#9604=CARTESIAN_POINT('',(-68.000001013279,24.5,11.0000001639128));
#9605=CARTESIAN_POINT('',(-31.5000005066395,26.5,11.0000001639128));
#9606=CARTESIAN_POINT('Origin',(-62.000000923872,26.5,13.0000001937151));
#9607=CARTESIAN_POINT('',(-63.9442719573275,26.5,13.0000001937151));
#9608=CARTESIAN_POINT('',(-66.7860803274098,24.5,13.0000001937151));
#9609=CARTESIAN_POINT('Ctrl Pts',(-63.9442719573275,26.5,13.0000001937151));
#9610=CARTESIAN_POINT('Ctrl Pts',(-64.3172220175036,26.5,13.0000001937151));
#9611=CARTESIAN_POINT('Ctrl Pts',(-64.7562459249039,26.4131085449193,13.0000001937151));
#9612=CARTESIAN_POINT('Ctrl Pts',(-65.4442546958653,26.1288564179671,13.0000001937151));
#9613=CARTESIAN_POINT('Ctrl Pts',(-65.815256183344,25.8817547973014,13.0000001937151));
#9614=CARTESIAN_POINT('Ctrl Pts',(-66.3404213118315,25.3577598514973,13.0000001937151));
#9615=CARTESIAN_POINT('Ctrl Pts',(-66.5878066764502,24.9884825247442,13.0000001937151));
#9616=CARTESIAN_POINT('Ctrl Pts',(-66.7493829430763,24.5991457584215,13.0000001937151));
#9617=CARTESIAN_POINT('Ctrl Pts',(-66.7682539002206,24.5502402392367,13.0000001937151));
#9618=CARTESIAN_POINT('Ctrl Pts',(-66.7860803274098,24.5,13.0000001937151));
#9619=CARTESIAN_POINT('',(-28.500000461936,26.5,13.0000001937151));
#9620=CARTESIAN_POINT('',(-62.000000923872,24.5,13.0000001937151));
#9621=CARTESIAN_POINT('Origin',(-65.0000009685755,24.5,12.0000001788139));
#9622=CARTESIAN_POINT('Origin',(-55.0000000689863,24.5,12.));
#9623=CARTESIAN_POINT('Origin',(4.99999999999999,26.5,0.));
#9624=CARTESIAN_POINT('',(-62.8863906263542,26.5,16.3364552317139));
#9625=CARTESIAN_POINT('Origin',(-55.0000000689863,26.5,12.));
#9626=CARTESIAN_POINT('',(-56.9497475372921,26.5,16.9497474683058));
#9627=CARTESIAN_POINT('Origin',(-59.9497475372921,26.5,16.9497474683058));
#9628=CARTESIAN_POINT('',(-59.3364553007002,26.5,19.8863905573679));
#9629=CARTESIAN_POINT('Origin',(-59.9497475372921,26.5,16.9497474683058));
#9630=CARTESIAN_POINT('',(-55.0000000689863,26.5,21.));
#9631=CARTESIAN_POINT('Origin',(-55.0000000689863,26.5,12.));
#9632=CARTESIAN_POINT('',(-47.,26.5,21.));
#9633=CARTESIAN_POINT('',(-13.0000000172466,26.5,21.));
#9634=CARTESIAN_POINT('',(-47.,26.5,3.));
#9635=CARTESIAN_POINT('',(-47.,26.5,0.));
#9636=CARTESIAN_POINT('',(-55.0000000689863,26.5,3.));
#9637=CARTESIAN_POINT('',(-13.0000000172466,26.5,3.));
#9638=CARTESIAN_POINT('',(-59.3364553007002,26.5,4.1136094426321));
#9639=CARTESIAN_POINT('Origin',(-55.0000000689863,26.5,12.));
#9640=CARTESIAN_POINT('',(-56.9497475372921,26.5,7.05025253169417));
#9641=CARTESIAN_POINT('Origin',(-59.9497475372921,26.5,7.05025253169417));
#9642=CARTESIAN_POINT('',(-62.8863906263542,26.5,7.66354476828615));
#9643=CARTESIAN_POINT('Origin',(-59.9497475372921,26.5,7.05025253169417));
#9644=CARTESIAN_POINT('Origin',(-55.0000000689863,26.5,12.));
#9645=CARTESIAN_POINT('',(-47.0502526006805,26.5,16.9497474683058));
#9646=CARTESIAN_POINT('Origin',(-50.0502526006805,26.5,16.9497474683058));
#9647=CARTESIAN_POINT('',(-47.0502526006805,26.5,7.05025253169417));
#9648=CARTESIAN_POINT('Origin',(-50.0502526006805,26.5,7.05025253169417));
#9649=CARTESIAN_POINT('',(-56.7500000689863,26.5,12.));
#9650=CARTESIAN_POINT('Origin',(-55.0000000689863,26.5,12.));
#9651=CARTESIAN_POINT('Origin',(5.99999999999999,29.,1.74999999999999));
#9652=CARTESIAN_POINT('',(1.99999999999999,27.,1.74999999999999));
#9653=CARTESIAN_POINT('',(5.99999999999999,27.,1.74999999999999));
#9654=CARTESIAN_POINT('Origin',(1.99999999999999,29.,1.74999999999999));
#9655=CARTESIAN_POINT('Origin',(1.99999999999999,29.,1.74999999999999));
#9656=CARTESIAN_POINT('',(1.99999999999999,27.75,1.74999999999999));
#9657=CARTESIAN_POINT('Origin',(1.99999999999999,29.,1.74999999999999));
#9658=CARTESIAN_POINT('Origin',(5.99999999999999,29.,22.25));
#9659=CARTESIAN_POINT('',(1.99999999999999,27.,22.25));
#9660=CARTESIAN_POINT('',(5.99999999999999,27.,22.25));
#9661=CARTESIAN_POINT('Origin',(1.99999999999999,29.,22.25));
#9662=CARTESIAN_POINT('Origin',(1.99999999999999,29.,22.25));
#9663=CARTESIAN_POINT('',(1.99999999999999,27.75,22.25));
#9664=CARTESIAN_POINT('Origin',(1.99999999999999,29.,22.25));
#9665=CARTESIAN_POINT('Origin',(5.99999999999999,29.,1.74999999999999));
#9666=CARTESIAN_POINT('',(5.99999999999999,27.75,1.74999999999999));
#9667=CARTESIAN_POINT('Origin',(5.99999999999999,29.,22.25));
#9668=CARTESIAN_POINT('',(5.99999999999999,27.75,22.25));
#9669=CARTESIAN_POINT('Origin',(-35.2000002384186,36.2997126845602,0.));
#9670=CARTESIAN_POINT('',(-35.2035735500428,36.4996807606225,7.811295923023));
#9671=CARTESIAN_POINT('',(-35.0000002384186,36.3,8.00000017881394));
#9672=CARTESIAN_POINT('Ctrl Pts',(-35.2035735500428,36.4996807606225,7.81129592302301));
#9673=CARTESIAN_POINT('Ctrl Pts',(-35.202516396161,36.4996996513391,7.81096198197494));
#9674=CARTESIAN_POINT('Ctrl Pts',(-35.2013544435221,36.4997126845602,7.81071669064161));
#9675=CARTESIAN_POINT('Ctrl Pts',(-35.1976805766667,36.4997126845602,7.81071669064161));
#9676=CARTESIAN_POINT('Ctrl Pts',(-35.1959024102541,36.4996777120867,7.81136569531083));
#9677=CARTESIAN_POINT('Ctrl Pts',(-35.1927142403271,36.4995856667725,7.81290119543737));
#9678=CARTESIAN_POINT('Ctrl Pts',(-35.191268773084,36.4995297729957,7.81371301506092));
#9679=CARTESIAN_POINT('Ctrl Pts',(-35.1872675529987,36.499319583643,7.81668134477156));
#9680=CARTESIAN_POINT('Ctrl Pts',(-35.1846910255964,36.4991424667936,7.81863158444362));
#9681=CARTESIAN_POINT('Ctrl Pts',(-35.177013447994,36.4984537231984,7.82521116653137));
#9682=CARTESIAN_POINT('Ctrl Pts',(-35.1718857776251,36.4978033768872,7.83000275295216));
#9683=CARTESIAN_POINT('Ctrl Pts',(-35.1557861612462,36.4950642592809,7.84538862153007));
#9684=CARTESIAN_POINT('Ctrl Pts',(-35.1440512276029,36.4921538070694,7.85681047102833));
#9685=CARTESIAN_POINT('Ctrl Pts',(-35.1084566024347,36.4792875245508,7.89219806779412));
#9686=CARTESIAN_POINT('Ctrl Pts',(-35.0827498748281,36.4645239714357,7.91763688106221));
#9687=CARTESIAN_POINT('Ctrl Pts',(-35.04505309992,36.4281103159214,7.95517816762105));
#9688=CARTESIAN_POINT('Ctrl Pts',(-35.0296004783677,36.4076866943863,7.97057868134113));
#9689=CARTESIAN_POINT('Ctrl Pts',(-35.01298597306,36.371818736763,7.9871242911282));
#9690=CARTESIAN_POINT('Ctrl Pts',(-35.0085035167221,36.3590022371674,7.99158528816147));
#9691=CARTESIAN_POINT('Ctrl Pts',(-35.0022301917427,36.332463251558,7.99781725866855));
#9692=CARTESIAN_POINT('Ctrl Pts',(-35.0004385339727,36.3187411407029,7.99958903534224));
#9693=CARTESIAN_POINT('Ctrl Pts',(-35.0000268290238,36.3033850534766,7.99997865755009));
#9694=CARTESIAN_POINT('Ctrl Pts',(-35.0000028779788,36.3016937371935,8.00000017881595));
#9695=CARTESIAN_POINT('Ctrl Pts',(-35.0000004447938,36.2999999997623,8.00000017881394));
#9696=CARTESIAN_POINT('',(-35.2035735500428,36.4996807606225,16.1887044346049));
#9697=CARTESIAN_POINT('',(-35.2035735500428,36.4996807606225,0.));
#9698=CARTESIAN_POINT('',(-35.0000002384186,36.3,16.0000001788139));
#9699=CARTESIAN_POINT('Ctrl Pts',(-35.0000004447938,36.2999999997623,16.0000001788139));
#9700=CARTESIAN_POINT('Ctrl Pts',(-35.0000028779788,36.3016937371935,16.0000001788119));
#9701=CARTESIAN_POINT('Ctrl Pts',(-35.0000268290238,36.3033850534766,16.0000217000778));
#9702=CARTESIAN_POINT('Ctrl Pts',(-35.0004385339727,36.3187411407029,16.0004113222856));
#9703=CARTESIAN_POINT('Ctrl Pts',(-35.0022301917427,36.332463251558,16.0021830989593));
#9704=CARTESIAN_POINT('Ctrl Pts',(-35.0085035167221,36.3590022371674,16.0084150694664));
#9705=CARTESIAN_POINT('Ctrl Pts',(-35.01298597306,36.371818736763,16.0128760664997));
#9706=CARTESIAN_POINT('Ctrl Pts',(-35.0296004783677,36.4076866943863,16.0294216762867));
#9707=CARTESIAN_POINT('Ctrl Pts',(-35.04505309992,36.4281103159214,16.0448221900068));
#9708=CARTESIAN_POINT('Ctrl Pts',(-35.0827498748281,36.4645239714357,16.0823634765657));
#9709=CARTESIAN_POINT('Ctrl Pts',(-35.1084566024347,36.4792875245508,16.1078022898338));
#9710=CARTESIAN_POINT('Ctrl Pts',(-35.1440512276029,36.4921538070694,16.1431898865996));
#9711=CARTESIAN_POINT('Ctrl Pts',(-35.1557861612462,36.4950642592809,16.1546117360978));
#9712=CARTESIAN_POINT('Ctrl Pts',(-35.1718857776251,36.4978033768872,16.1699976046757));
#9713=CARTESIAN_POINT('Ctrl Pts',(-35.177013447994,36.4984537231984,16.1747891910965));
#9714=CARTESIAN_POINT('Ctrl Pts',(-35.1846910255964,36.4991424667936,16.1813687731843));
#9715=CARTESIAN_POINT('Ctrl Pts',(-35.1872675529987,36.499319583643,16.1833190128563));
#9716=CARTESIAN_POINT('Ctrl Pts',(-35.191268773084,36.4995297729957,16.186287342567));
#9717=CARTESIAN_POINT('Ctrl Pts',(-35.192714240327,36.4995856667725,16.1870991621905));
#9718=CARTESIAN_POINT('Ctrl Pts',(-35.1959024102541,36.4996777120867,16.188634662317));
#9719=CARTESIAN_POINT('Ctrl Pts',(-35.1976805766667,36.4997126845602,16.1892836669863));
#9720=CARTESIAN_POINT('Ctrl Pts',(-35.2013544435221,36.4997126845602,16.1892836669863));
#9721=CARTESIAN_POINT('Ctrl Pts',(-35.202516396161,36.4996996513391,16.1890383756529));
#9722=CARTESIAN_POINT('Ctrl Pts',(-35.2035735500428,36.4996807606225,16.1887044346049));
#9723=CARTESIAN_POINT('',(-35.0000002384186,36.2997126845602,16.0000001788139));
#9724=CARTESIAN_POINT('Origin',(-35.2000002384186,36.2997126845602,16.0000001788139));
#9725=CARTESIAN_POINT('',(-35.0000002384186,36.2997126845602,8.00000017881394));
#9726=CARTESIAN_POINT('',(-35.0000002384186,36.2997126845602,0.));
#9727=CARTESIAN_POINT('Origin',(-35.2000002384186,36.2997126845602,8.00000017881393));
#9728=CARTESIAN_POINT('Origin',(-35.0000002384186,26.5,16.0000001788139));
#9729=CARTESIAN_POINT('',(-35.0000002384186,17.6,16.0000001788139));
#9730=CARTESIAN_POINT('',(-35.0000002384186,26.5,16.0000001788139));
#9731=CARTESIAN_POINT('',(-35.0000002384186,17.6,8.00000017881393));
#9732=CARTESIAN_POINT('',(-35.0000002384186,17.6,19.125000089407));
#9733=CARTESIAN_POINT('',(-35.0000002384186,26.5,8.00000017881394));
#9734=CARTESIAN_POINT('Origin',(-24.7500001192093,36.3,16.2000001788139));
#9735=CARTESIAN_POINT('',(-34.0000002384186,36.3,16.0000001788139));
#9736=CARTESIAN_POINT('',(-24.7500001192093,36.3,16.0000001788139));
#9737=CARTESIAN_POINT('',(-35.1678404338008,36.5,16.2000001788139));
#9738=CARTESIAN_POINT('Ctrl Pts',(-35.2035735500428,36.4996807606225,16.1887044346049));
#9739=CARTESIAN_POINT('Ctrl Pts',(-35.1915788644358,36.4998950985826,16.1924933984936));
#9740=CARTESIAN_POINT('Ctrl Pts',(-35.1796645906388,36.5,16.196261052112));
#9741=CARTESIAN_POINT('Ctrl Pts',(-35.1678404338008,36.5,16.2000001788139));
#9742=CARTESIAN_POINT('',(-34.2000002384186,36.5,16.2000001788139));
#9743=CARTESIAN_POINT('',(-24.7500001192093,36.5,16.2000001788139));
#9744=CARTESIAN_POINT('Origin',(-34.2000002384186,36.3,16.2000001788139));
#9745=CARTESIAN_POINT('Origin',(-34.2000002384186,36.3,17.250000089407));
#9746=CARTESIAN_POINT('',(-34.2000002384186,36.5,22.7000001788139));
#9747=CARTESIAN_POINT('',(-34.2000002384186,36.5,17.250000089407));
#9748=CARTESIAN_POINT('',(-34.0000002384186,36.3,22.5000001788139));
#9749=CARTESIAN_POINT('Origin',(-34.2000002384186,36.3,22.7000001788139));
#9750=CARTESIAN_POINT('',(-34.0000002384186,36.3,17.250000089407));
#9751=CARTESIAN_POINT('Origin',(-23.7500001192093,36.3,22.7000001788139));
#9752=CARTESIAN_POINT('',(-32.2000002384186,36.5,22.7000001788139));
#9753=CARTESIAN_POINT('',(-23.7500001192093,36.5,22.7000001788139));
#9754=CARTESIAN_POINT('Origin',(-32.2000002384186,36.3,22.7000001788139));
#9755=CARTESIAN_POINT('',(-23.7500001192093,36.3,22.5000001788139));
#9756=CARTESIAN_POINT('Origin',(-32.2000002384186,36.3,18.180000089407));
#9757=CARTESIAN_POINT('',(-32.2000002384186,36.5,24.5600001788139));
#9758=CARTESIAN_POINT('',(-32.2000002384186,36.5,18.180000089407));
#9759=CARTESIAN_POINT('Origin',(-32.2000002384186,36.3,24.5600001788139));
#9760=CARTESIAN_POINT('Origin',(-7.75000011920929,36.3,24.5600001788139));
#9761=CARTESIAN_POINT('',(0.199999761581422,36.5,24.5600001788139));
#9762=CARTESIAN_POINT('',(-7.75000011920929,36.5,24.5600001788139));
#9763=CARTESIAN_POINT('Origin',(0.199999761581422,36.3,24.5600001788139));
#9764=CARTESIAN_POINT('Origin',(0.199999761581422,36.3,5.82000008940697));
#9765=CARTESIAN_POINT('',(0.199999761581422,36.5,20.2000001788139));
#9766=CARTESIAN_POINT('',(0.199999761581422,36.5,5.82000008940697));
#9767=CARTESIAN_POINT('Origin',(0.199999761581422,36.3,20.2000001788139));
#9768=CARTESIAN_POINT('Origin',(-6.25000011920929,36.3,20.2000001788139));
#9769=CARTESIAN_POINT('',(3.19999976158142,36.5,20.2000001788139));
#9770=CARTESIAN_POINT('',(-6.25000011920929,36.5,20.2000001788139));
#9771=CARTESIAN_POINT('Origin',(3.19999976158142,36.3,20.2000001788139));
#9772=CARTESIAN_POINT('Origin',(3.19999976158142,36.3,8.00000008940697));
#9773=CARTESIAN_POINT('',(2.99999976158142,36.3,4.00000017881393));
#9774=CARTESIAN_POINT('',(2.99999976158142,36.3,8.00000008940697));
#9775=CARTESIAN_POINT('',(3.19999976158142,36.5,3.80000017881393));
#9776=CARTESIAN_POINT('',(3.19999976158142,36.5,8.00000008940697));
#9777=CARTESIAN_POINT('Origin',(3.19999976158142,36.3,3.80000017881393));
#9778=CARTESIAN_POINT('Origin',(-7.75000011920929,36.3,3.80000017881393));
#9779=CARTESIAN_POINT('',(-7.75000011920929,36.3,4.00000017881393));
#9780=CARTESIAN_POINT('',(0.199999761581422,36.5,3.80000017881393));
#9781=CARTESIAN_POINT('',(-7.75000011920929,36.5,3.80000017881393));
#9782=CARTESIAN_POINT('Origin',(0.199999761581422,36.3,3.80000017881393));
#9783=CARTESIAN_POINT('Origin',(0.199999761581422,36.3,5.82000008940697));
#9784=CARTESIAN_POINT('',(0.199999761581422,36.5,-0.559999821186064));
#9785=CARTESIAN_POINT('',(0.199999761581422,36.5,5.82000008940697));
#9786=CARTESIAN_POINT('Origin',(0.199999761581422,36.3,-0.559999821186064));
#9787=CARTESIAN_POINT('Origin',(-23.7500001192093,36.3,-0.559999821186064));
#9788=CARTESIAN_POINT('',(-32.7000002384186,36.5,-0.559999821186064));
#9789=CARTESIAN_POINT('',(-23.7500001192093,36.5,-0.559999821186064));
#9790=CARTESIAN_POINT('Origin',(-32.7000002384186,36.3,-0.559999821186064));
#9791=CARTESIAN_POINT('Origin',(-32.7000002384186,36.3,6.50000008940697));
#9792=CARTESIAN_POINT('',(-32.5000002384186,36.3,1.00000017881394));
#9793=CARTESIAN_POINT('',(-32.5000002384186,36.3,6.50000008940697));
#9794=CARTESIAN_POINT('',(-32.7000002384186,36.5,0.800000178813935));
#9795=CARTESIAN_POINT('',(-32.7000002384186,36.5,6.50000008940697));
#9796=CARTESIAN_POINT('Origin',(-32.7000002384186,36.3,0.800000178813935));
#9797=CARTESIAN_POINT('Origin',(-24.7500001192093,36.3,0.800000178813938));
#9798=CARTESIAN_POINT('',(-34.2000002384186,36.5,0.800000178813935));
#9799=CARTESIAN_POINT('',(-24.7500001192093,36.5,0.800000178813938));
#9800=CARTESIAN_POINT('',(-34.0000002384186,36.3,1.00000017881394));
#9801=CARTESIAN_POINT('Origin',(-34.2000002384186,36.3,0.800000178813935));
#9802=CARTESIAN_POINT('',(-24.7500001192093,36.3,1.00000017881394));
#9803=CARTESIAN_POINT('Origin',(-34.2000002384186,36.3,17.250000089407));
#9804=CARTESIAN_POINT('',(-34.2000002384186,36.5,7.80000017881394));
#9805=CARTESIAN_POINT('',(-34.2000002384186,36.5,17.250000089407));
#9806=CARTESIAN_POINT('',(-34.0000002384186,36.3,8.00000017881394));
#9807=CARTESIAN_POINT('Origin',(-34.2000002384186,36.3,7.80000017881394));
#9808=CARTESIAN_POINT('',(-34.0000002384186,36.3,17.250000089407));
#9809=CARTESIAN_POINT('Origin',(-25.7500001192093,36.3,7.80000017881395));
#9810=CARTESIAN_POINT('',(-35.1678404338008,36.5,7.80000017881394));
#9811=CARTESIAN_POINT('',(-25.7500001192093,36.5,7.80000017881395));
#9812=CARTESIAN_POINT('Ctrl Pts',(-35.1678404338008,36.5,7.80000017881394));
#9813=CARTESIAN_POINT('Ctrl Pts',(-35.1796645906388,36.5,7.80373930551587));
#9814=CARTESIAN_POINT('Ctrl Pts',(-35.1915788644358,36.4998950985826,7.80750695913431));
#9815=CARTESIAN_POINT('Ctrl Pts',(-35.2035735500428,36.4996807606225,7.81129592302293));
#9816=CARTESIAN_POINT('',(-25.7500001192093,36.3,8.00000017881395));
#9817=CARTESIAN_POINT('Origin',(-34.0000002384186,26.5,16.0000001788139));
#9818=CARTESIAN_POINT('',(-34.0000002384186,17.6,16.0000001788139));
#9819=CARTESIAN_POINT('',(-34.0000002384186,26.5,16.0000001788139));
#9820=CARTESIAN_POINT('',(-34.0000002384186,17.6,16.0000001788139));
#9821=CARTESIAN_POINT('Origin',(-34.0000002384186,26.5,22.5000001788139));
#9822=CARTESIAN_POINT('',(-34.0000002384186,17.599999988933,22.4999998069622));
#9823=CARTESIAN_POINT('',(-34.0000002384186,26.5,22.5000001788139));
#9824=CARTESIAN_POINT('',(-34.0000002384186,17.6,22.25));
#9825=CARTESIAN_POINT('',(-34.0000002384186,17.599999988933,22.4999997958952));
#9826=CARTESIAN_POINT('',(-34.0000002384186,17.6,22.375000089407));
#9827=CARTESIAN_POINT('Origin',(-32.0000002384186,26.5,22.5000001788139));
#9828=CARTESIAN_POINT('',(-34.0000002384186,26.5,22.5000001788139));
#9829=CARTESIAN_POINT('Origin',(2.99999976158142,26.5,4.00000017881393));
#9830=CARTESIAN_POINT('',(2.99999976158142,26.5,4.00000017881393));
#9831=CARTESIAN_POINT('Origin',(-2.38418582389925E-7,26.5,4.00000017881393));
#9832=CARTESIAN_POINT('Origin',(-32.5000002384186,26.5,1.00000017881394));
#9833=CARTESIAN_POINT('',(-32.5000002384186,26.5,1.00000017881394));
#9834=CARTESIAN_POINT('',(-32.5000002384186,26.5,1.00000017881394));
#9835=CARTESIAN_POINT('',(-32.5000002384186,26.5,12.180000089407));
#9836=CARTESIAN_POINT('Origin',(-34.0000002384186,26.5,1.00000017881394));
#9837=CARTESIAN_POINT('',(-34.0000002384186,26.5,1.00000017881394));
#9838=CARTESIAN_POINT('',(-34.0000002384186,26.5,1.00000017881394));
#9839=CARTESIAN_POINT('',(-14.5000001192093,26.5,1.00000017881394));
#9840=CARTESIAN_POINT('Origin',(-34.0000002384186,26.5,22.5000001788139));
#9841=CARTESIAN_POINT('',(-34.0000002384186,17.6,8.00000017881394));
#9842=CARTESIAN_POINT('',(-34.0000002384186,26.5,8.00000017881394));
#9843=CARTESIAN_POINT('',(-34.0000002384186,17.6,1.75));
#9844=CARTESIAN_POINT('',(-34.0000002384186,17.6,22.375000089407));
#9845=CARTESIAN_POINT('',(-34.0000002384186,17.6000000034471,1.50000006299127));
#9846=CARTESIAN_POINT('',(-34.0000002384186,17.5999998569452,12.1250000280485));
#9847=CARTESIAN_POINT('',(-34.0000002384186,26.,1.50000017881394));
#9848=CARTESIAN_POINT('',(-34.0000002384186,26.5,1.50000017881394));
#9849=CARTESIAN_POINT('Origin',(-34.0000002384186,26.,1.00000017881394));
#9850=CARTESIAN_POINT('Origin',(-36.0000002384186,26.5,8.00000017881393));
#9851=CARTESIAN_POINT('',(-35.0000002384186,17.6,8.00000017881394));
#9852=CARTESIAN_POINT('Ctrl Pts',(3.99999999999999,36.5,25.));
#9853=CARTESIAN_POINT('Ctrl Pts',(4.22439947525641,36.5,25.4487989505128));
#9854=CARTESIAN_POINT('Ctrl Pts',(4.59704859902121,36.2378167158035,26.1940971980424));
#9855=CARTESIAN_POINT('Ctrl Pts',(4.93158303450822,35.3965656636946,26.8631660690165));
#9856=CARTESIAN_POINT('Ctrl Pts',(5.,34.7991993003419,27.));
#9857=CARTESIAN_POINT('Ctrl Pts',(5.,34.5,27.));
#9858=CARTESIAN_POINT('Ctrl Pts',(3.99999999999999,36.5,25.));
#9859=CARTESIAN_POINT('Ctrl Pts',(4.26714223244811,36.5,25.4060561933211));
#9860=CARTESIAN_POINT('Ctrl Pts',(4.71012825156602,36.2975971948838,26.0814234119048));
#9861=CARTESIAN_POINT('Ctrl Pts',(5.17791785841496,35.5203134190043,26.8127194541553));
#9862=CARTESIAN_POINT('Ctrl Pts',(5.29919930034188,34.8446314438419,27.));
#9863=CARTESIAN_POINT('Ctrl Pts',(5.29919930034188,34.5,27.));
#9864=CARTESIAN_POINT('Ctrl Pts',(4.,36.5,25.));
#9865=CARTESIAN_POINT('Ctrl Pts',(4.34194205753358,36.5,25.3312563682357));
#9866=CARTESIAN_POINT('Ctrl Pts',(4.91060594003198,36.3416205735132,25.8817419960657));
#9867=CARTESIAN_POINT('Ctrl Pts',(5.60743934377907,35.6244275412679,26.548429560203));
#9868=CARTESIAN_POINT('Ctrl Pts',(5.81709047582271,34.8836634429621,26.7487795978202));
#9869=CARTESIAN_POINT('Ctrl Pts',(5.81709047582271,34.5,26.7487795978202));
#9870=CARTESIAN_POINT('Ctrl Pts',(4.,36.5,25.));
#9871=CARTESIAN_POINT('Ctrl Pts',(4.41674188261905,36.5,25.2564565431502));
#9872=CARTESIAN_POINT('Ctrl Pts',(5.11040857836189,36.2828740138931,25.682594503372));
#9873=CARTESIAN_POINT('Ctrl Pts',(5.82553717524424,35.488605866094,26.1165266631266));
#9874=CARTESIAN_POINT('Ctrl Pts',(6.,34.8328222997077,26.2243994752564));
#9875=CARTESIAN_POINT('Ctrl Pts',(6.,34.5,26.2243994752564));
#9876=CARTESIAN_POINT('Ctrl Pts',(4.,36.5,25.));
#9877=CARTESIAN_POINT('Ctrl Pts',(4.44879895051282,36.5,25.2243994752564));
#9878=CARTESIAN_POINT('Ctrl Pts',(5.19409719804243,36.2378167158035,25.5970485990212));
#9879=CARTESIAN_POINT('Ctrl Pts',(5.86316606901644,35.3965656636946,25.9315830345082));
#9880=CARTESIAN_POINT('Ctrl Pts',(6.,34.7991993003419,26.));
#9881=CARTESIAN_POINT('Ctrl Pts',(6.,34.5,26.));
#9882=CARTESIAN_POINT('',(5.,34.5,27.));
#9883=CARTESIAN_POINT('Origin',(5.,34.5,26.));
#9884=CARTESIAN_POINT('',(3.99999999999999,36.5,25.));
#9885=CARTESIAN_POINT('Origin',(4.,34.5,25.));
#9886=CARTESIAN_POINT('Origin',(4.,34.5,25.));
#9887=CARTESIAN_POINT('Origin',(4.99999999999999,-9.00000009872019,26.));
#9888=CARTESIAN_POINT('',(4.99999999999999,-15.933616085194,27.));
#9889=CARTESIAN_POINT('Origin',(4.99999999999999,-15.933616085194,26.));
#9890=CARTESIAN_POINT('',(4.99999999999999,-9.00000009872019,27.));
#9891=CARTESIAN_POINT('Ctrl Pts',(4.99999999999999,-15.933616085194,27.));
#9892=CARTESIAN_POINT('Ctrl Pts',(4.99999999999999,-16.3697767523431,27.));
#9893=CARTESIAN_POINT('Ctrl Pts',(4.99999999999999,-17.0993242190146,26.7755225934637));
#9894=CARTESIAN_POINT('Ctrl Pts',(4.99999999999999,-17.8347108497588,25.9569625434893));
#9895=CARTESIAN_POINT('Ctrl Pts',(4.99999999999999,-18.,25.3197700674173));
#9896=CARTESIAN_POINT('Ctrl Pts',(4.99999999999999,-18.,25.));
#9897=CARTESIAN_POINT('Ctrl Pts',(5.29919930034188,-15.933616085194,27.));
#9898=CARTESIAN_POINT('Ctrl Pts',(5.29919930034188,-16.3704296421628,27.));
#9899=CARTESIAN_POINT('Ctrl Pts',(5.29919930034188,-17.0986543475398,26.7775625018532));
#9900=CARTESIAN_POINT('Ctrl Pts',(5.29919930034188,-17.8355027203845,25.9574374883137));
#9901=CARTESIAN_POINT('Ctrl Pts',(5.29919930034188,-18.,25.3202979948835));
#9902=CARTESIAN_POINT('Ctrl Pts',(5.29919930034188,-18.,25.));
#9903=CARTESIAN_POINT('Ctrl Pts',(5.8171393334519,-15.933616085194,26.7488203172966));
#9904=CARTESIAN_POINT('Ctrl Pts',(5.8171393334519,-16.3182830414067,26.7488203172966));
#9905=CARTESIAN_POINT('Ctrl Pts',(5.8171393334519,-16.9620881324507,26.5496640269641));
#9906=CARTESIAN_POINT('Ctrl Pts',(5.81713933345191,-17.6050111950142,25.8327779104583));
#9907=CARTESIAN_POINT('Ctrl Pts',(5.8171393334519,-17.7488203172966,25.2781321929617));
#9908=CARTESIAN_POINT('Ctrl Pts',(5.8171393334519,-17.7488203172966,25.));
#9909=CARTESIAN_POINT('Ctrl Pts',(5.99999999999999,-15.933616085194,26.2243994752564));
#9910=CARTESIAN_POINT('Ctrl Pts',(5.99999999999999,-16.2112328599444,26.2243994752564));
#9911=CARTESIAN_POINT('Ctrl Pts',(5.99999999999999,-16.6750903416711,26.0795466701212));
#9912=CARTESIAN_POINT('Ctrl Pts',(6.,-17.1259949608455,25.5738359603969));
#9913=CARTESIAN_POINT('Ctrl Pts',(5.99999999999999,-17.2243994752564,25.191571291929));
#9914=CARTESIAN_POINT('Ctrl Pts',(5.99999999999999,-17.2243994752564,25.));
#9915=CARTESIAN_POINT('Ctrl Pts',(5.99999999999999,-15.933616085194,26.));
#9916=CARTESIAN_POINT('Ctrl Pts',(5.99999999999999,-16.1654832899146,26.));
#9917=CARTESIAN_POINT('Ctrl Pts',(5.99999999999999,-16.5522254501905,25.878562231212));
#9918=CARTESIAN_POINT('Ctrl Pts',(6.,-16.9210934287967,25.4630763821295));
#9919=CARTESIAN_POINT('Ctrl Pts',(5.99999999999999,-17.,25.1545781364804));
#9920=CARTESIAN_POINT('Ctrl Pts',(5.99999999999999,-17.,25.));
#9921=CARTESIAN_POINT('',(4.99999999999999,-18.,25.));
#9922=CARTESIAN_POINT('Origin',(4.99999999999999,-17.,25.));
#9923=CARTESIAN_POINT('Origin',(4.99999999999999,-15.933616085194,25.));
#9924=CARTESIAN_POINT('Origin',(4.99999999999999,-17.,12.5));
#9925=CARTESIAN_POINT('',(4.99999999999999,-18.,-1.));
#9926=CARTESIAN_POINT('',(4.99999999999999,-18.,0.));
#9927=CARTESIAN_POINT('Origin',(4.99999999999999,-17.,-1.));
#9928=CARTESIAN_POINT('Ctrl Pts',(4.99999999999999,-18.,-0.999999999999999));
#9929=CARTESIAN_POINT('Ctrl Pts',(4.99999999999999,-18.,-1.23983047693547));
#9930=CARTESIAN_POINT('Ctrl Pts',(4.99999999999999,-17.9097429003359,-1.71782535687722));
#9931=CARTESIAN_POINT('Ctrl Pts',(4.99999999999999,-17.324907640667,-2.66364774897165));
#9932=CARTESIAN_POINT('Ctrl Pts',(4.99999999999999,-16.5151707374283,-3.));
#9933=CARTESIAN_POINT('Ctrl Pts',(4.99999999999999,-15.933616085194,-3.));
#9934=CARTESIAN_POINT('Ctrl Pts',(5.29919930034188,-18.,-0.999999999999999));
#9935=CARTESIAN_POINT('Ctrl Pts',(5.29919930034188,-18.,-1.2402264273665));
#9936=CARTESIAN_POINT('Ctrl Pts',(5.29919930034188,-17.910394846581,-1.71815549450226));
#9937=CARTESIAN_POINT('Ctrl Pts',(5.29919930034188,-17.3245989397087,-2.66546699015007));
#9938=CARTESIAN_POINT('Ctrl Pts',(5.29919930034188,-16.5160412678099,-3.));
#9939=CARTESIAN_POINT('Ctrl Pts',(5.29919930034188,-15.933616085194,-3.));
#9940=CARTESIAN_POINT('Ctrl Pts',(5.81727800359777,-17.7489358893339,-0.999999999999999));
#9941=CARTESIAN_POINT('Ctrl Pts',(5.81727800359777,-17.7489358893339,-1.20860169004523));
#9942=CARTESIAN_POINT('Ctrl Pts',(5.81727800359777,-17.6701495948826,-1.62458164949474));
#9943=CARTESIAN_POINT('Ctrl Pts',(5.81727800359777,-17.160258021491,-2.45066931279979));
#9944=CARTESIAN_POINT('Ctrl Pts',(5.81727800359777,-16.4465116184123,-2.74893588933393));
#9945=CARTESIAN_POINT('Ctrl Pts',(5.81727800359777,-15.933616085194,-2.74893588933393));
#9946=CARTESIAN_POINT('Ctrl Pts',(5.99999999999999,-17.2243994752564,-1.));
#9947=CARTESIAN_POINT('Ctrl Pts',(5.99999999999999,-17.2243994752564,-1.14368022210952));
#9948=CARTESIAN_POINT('Ctrl Pts',(5.99999999999999,-17.1701110248961,-1.43004158286729));
#9949=CARTESIAN_POINT('Ctrl Pts',(5.99999999999999,-16.8160112220233,-2.00718924113401));
#9950=CARTESIAN_POINT('Ctrl Pts',(5.99999999999999,-16.3037763014961,-2.22439947525642));
#9951=CARTESIAN_POINT('Ctrl Pts',(5.99999999999999,-15.933616085194,-2.22439947525641));
#9952=CARTESIAN_POINT('Ctrl Pts',(5.99999999999999,-17.,-1.));
#9953=CARTESIAN_POINT('Ctrl Pts',(5.99999999999999,-17.,-1.11593501698054));
#9954=CARTESIAN_POINT('Ctrl Pts',(5.99999999999999,-16.9562388584528,-1.3468401053587));
#9955=CARTESIAN_POINT('Ctrl Pts',(5.99999999999999,-16.6687183503296,-1.81759725516025));
#9956=CARTESIAN_POINT('Ctrl Pts',(5.99999999999999,-16.2427761304754,-2.));
#9957=CARTESIAN_POINT('Ctrl Pts',(5.99999999999999,-15.933616085194,-2.));
#9958=CARTESIAN_POINT('',(4.99999999999999,-15.933616085194,-3.));
#9959=CARTESIAN_POINT('Origin',(4.99999999999999,-15.933616085194,-2.));
#9960=CARTESIAN_POINT('Origin',(4.99999999999999,-15.933616085194,-1.));
#9961=CARTESIAN_POINT('Origin',(4.99999999999999,-9.00000009872019,-2.));
#9962=CARTESIAN_POINT('',(4.99999999999999,34.5,-3.));
#9963=CARTESIAN_POINT('',(4.99999999999999,-9.00000009872019,-3.));
#9964=CARTESIAN_POINT('Origin',(4.99999999999999,34.5,-2.));
#9965=CARTESIAN_POINT('Ctrl Pts',(3.99999999999999,36.5,-1.));
#9966=CARTESIAN_POINT('Ctrl Pts',(4.44879895051282,36.5,-1.22439947525641));
#9967=CARTESIAN_POINT('Ctrl Pts',(5.19414296093469,36.2379333104279,-1.59707148046735));
#9968=CARTESIAN_POINT('Ctrl Pts',(5.86319990074886,35.3966127762128,-1.93159995037443));
#9969=CARTESIAN_POINT('Ctrl Pts',(6.,34.7991993003419,-2.));
#9970=CARTESIAN_POINT('Ctrl Pts',(6.,34.5,-2.));
#9971=CARTESIAN_POINT('Ctrl Pts',(3.99999999999999,36.5,-1.));
#9972=CARTESIAN_POINT('Ctrl Pts',(4.40605619332112,36.5,-1.26714223244811));
#9973=CARTESIAN_POINT('Ctrl Pts',(5.08171757777228,36.2976304275657,-1.71029823393181));
#9974=CARTESIAN_POINT('Ctrl Pts',(5.81294493996645,35.5203372605421,-2.17805329401554));
#9975=CARTESIAN_POINT('Ctrl Pts',(6.,34.8446314438419,-2.29919930034189));
#9976=CARTESIAN_POINT('Ctrl Pts',(6.,34.5,-2.29919930034189));
#9977=CARTESIAN_POINT('Ctrl Pts',(3.99999999999999,36.5,-1.));
#9978=CARTESIAN_POINT('Ctrl Pts',(4.33125636823565,36.5,-1.34194205753358));
#9979=CARTESIAN_POINT('Ctrl Pts',(4.88190417035345,36.3417301479859,-1.91079746865445));
#9980=CARTESIAN_POINT('Ctrl Pts',(5.54864130220969,35.6247388942783,-2.60767637249118));
#9981=CARTESIAN_POINT('Ctrl Pts',(5.74883839810315,34.8836634429621,-2.81716102786983));
#9982=CARTESIAN_POINT('Ctrl Pts',(5.74883839810315,34.5,-2.81716102786983));
#9983=CARTESIAN_POINT('Ctrl Pts',(3.99999999999999,36.5,-1.));
#9984=CARTESIAN_POINT('Ctrl Pts',(4.25645654315018,36.5,-1.41674188261906));
#9985=CARTESIAN_POINT('Ctrl Pts',(4.68263984643716,36.2829503404051,-2.11054360567202));
#9986=CARTESIAN_POINT('Ctrl Pts',(5.11658694849673,35.4887082101086,-2.82566488004148));
#9987=CARTESIAN_POINT('Ctrl Pts',(5.22439947525641,34.8328222997077,-3.));
#9988=CARTESIAN_POINT('Ctrl Pts',(5.22439947525641,34.5,-3.));
#9989=CARTESIAN_POINT('Ctrl Pts',(3.99999999999999,36.5,-1.));
#9990=CARTESIAN_POINT('Ctrl Pts',(4.22439947525641,36.5,-1.44879895051283));
#9991=CARTESIAN_POINT('Ctrl Pts',(4.59707148046734,36.2379333104279,-2.19414296093469));
#9992=CARTESIAN_POINT('Ctrl Pts',(4.93159995037443,35.3966127762128,-2.86319990074887));
#9993=CARTESIAN_POINT('Ctrl Pts',(5.,34.7991993003419,-3.));
#9994=CARTESIAN_POINT('Ctrl Pts',(5.,34.5,-3.));
#9995=CARTESIAN_POINT('',(4.,36.5,-1.));
#9996=CARTESIAN_POINT('Origin',(3.99999999999999,34.5,-1.));
#9997=CARTESIAN_POINT('Origin',(4.,34.5,-1.));
#9998=CARTESIAN_POINT('Origin',(-15.75,34.5,-1.));
#9999=CARTESIAN_POINT('',(-35.1678404338008,34.5,-3.));
#10000=CARTESIAN_POINT('',(-15.75,34.5,-3.));
#10001=CARTESIAN_POINT('',(-35.1678404338008,36.5,-1.));
#10002=CARTESIAN_POINT('Origin',(-35.1678404338008,34.5,-1.));
#10003=CARTESIAN_POINT('',(-15.75,36.5,-1.));
#10004=CARTESIAN_POINT('Origin',(-16.,-1.97440384042125E-7,-3.));
#10005=CARTESIAN_POINT('',(-27.9755395482553,-24.5,-3.));
#10006=CARTESIAN_POINT('',(-19.5088553244412,-22.3005252214149,-3.));
#10007=CARTESIAN_POINT('',(-35.,-24.5,-3.));
#10008=CARTESIAN_POINT('',(-41.5,-24.5,-3.));
#10009=CARTESIAN_POINT('',(-35.,14.9688711258507,-3.));
#10010=CARTESIAN_POINT('',(-35.,8.99999990127981,-3.));
#10011=CARTESIAN_POINT('',(-35.4812850250288,17.9692235935956,-3.));
#10012=CARTESIAN_POINT('Ctrl Pts',(-35.4812850250288,17.9692235935956,-3.));
#10013=CARTESIAN_POINT('Ctrl Pts',(-35.4229158544588,17.6850317663515,-3.));
#10014=CARTESIAN_POINT('Ctrl Pts',(-35.2832941256727,17.1216898213556,-3.));
#10015=CARTESIAN_POINT('Ctrl Pts',(-35.0708862140517,16.1284069752867,-3.));
#10016=CARTESIAN_POINT('Ctrl Pts',(-35.,15.4040571759226,-3.00000000000001));
#10017=CARTESIAN_POINT('Ctrl Pts',(-35.,14.9688711258507,-3.00000000000001));
#10018=CARTESIAN_POINT('',(-35.6010205144336,19.,-3.));
#10019=CARTESIAN_POINT('Ctrl Pts',(-35.6010205144336,19.,-3.));
#10020=CARTESIAN_POINT('Ctrl Pts',(-35.6010205144336,18.6534889478094,-3.));
#10021=CARTESIAN_POINT('Ctrl Pts',(-35.5509985281605,18.3086494864962,-3.));
#10022=CARTESIAN_POINT('Ctrl Pts',(-35.4812850250288,17.9692235935956,-3.));
#10023=CARTESIAN_POINT('',(-35.6010205144336,32.2616985154641,-3.));
#10024=CARTESIAN_POINT('',(-35.6010205144336,9.,-3.));
#10025=CARTESIAN_POINT('',(-35.4615384615385,33.2039561099033,-3.));
#10026=CARTESIAN_POINT('Ctrl Pts',(-35.4615384615385,33.2039561099033,-3.));
#10027=CARTESIAN_POINT('Ctrl Pts',(-35.4740362098567,33.1602052397401,-3.));
#10028=CARTESIAN_POINT('Ctrl Pts',(-35.5555688599265,32.8524523371888,-3.));
#10029=CARTESIAN_POINT('Ctrl Pts',(-35.6010205144336,32.5347039452823,-3.));
#10030=CARTESIAN_POINT('Ctrl Pts',(-35.6010205144336,32.2616985154641,-3.));
#10031=CARTESIAN_POINT('Origin',(-47.,36.5,-3.));
#10032=CARTESIAN_POINT('',(-6.50000044703484,19.9999999254942,-3.));
#10033=CARTESIAN_POINT('Origin',(-5.00000044703484,19.9999999254942,-3.));
#10034=CARTESIAN_POINT('',(-6.50000044703484,14.9999999254942,-3.));
#10035=CARTESIAN_POINT('Origin',(-5.00000044703484,14.9999999254942,-3.));
#10036=CARTESIAN_POINT('',(-6.50000044703484,9.99999992549419,-3.));
#10037=CARTESIAN_POINT('Origin',(-5.00000044703484,9.99999992549419,-3.));
#10038=CARTESIAN_POINT('',(-6.50000044703484,4.99999992549419,-3.));
#10039=CARTESIAN_POINT('Origin',(-5.00000044703484,4.99999992549419,-3.));
#10040=CARTESIAN_POINT('',(-6.50000044703484,-7.45058059692383E-8,-3.));
#10041=CARTESIAN_POINT('Origin',(-5.00000044703484,-7.45058059692383E-8,
-3.));
#10042=CARTESIAN_POINT('',(-11.5000004470348,19.9999999254942,-3.));
#10043=CARTESIAN_POINT('Origin',(-10.0000004470348,19.9999999254942,-3.));
#10044=CARTESIAN_POINT('',(-11.5000004470348,14.9999999254942,-3.));
#10045=CARTESIAN_POINT('Origin',(-10.0000004470348,14.9999999254942,-3.));
#10046=CARTESIAN_POINT('',(-11.5000004470348,9.99999992549419,-3.));
#10047=CARTESIAN_POINT('Origin',(-10.0000004470348,9.99999992549419,-3.));
#10048=CARTESIAN_POINT('',(-11.5000004470348,4.99999992549419,-3.));
#10049=CARTESIAN_POINT('Origin',(-10.0000004470348,4.99999992549419,-3.));
#10050=CARTESIAN_POINT('',(-11.5000004470348,-7.45058059692383E-8,-3.));
#10051=CARTESIAN_POINT('Origin',(-10.0000004470348,-7.45058059692383E-8,
-3.));
#10052=CARTESIAN_POINT('',(-16.5000004470348,19.9999999254942,-3.));
#10053=CARTESIAN_POINT('Origin',(-15.0000004470348,19.9999999254942,-3.));
#10054=CARTESIAN_POINT('',(-16.5000004470348,14.9999999254942,-3.));
#10055=CARTESIAN_POINT('Origin',(-15.0000004470348,14.9999999254942,-3.));
#10056=CARTESIAN_POINT('',(-16.5000004470348,9.99999992549419,-3.));
#10057=CARTESIAN_POINT('Origin',(-15.0000004470348,9.99999992549419,-3.));
#10058=CARTESIAN_POINT('',(-16.5000004470348,4.99999992549419,-3.));
#10059=CARTESIAN_POINT('Origin',(-15.0000004470348,4.99999992549419,-3.));
#10060=CARTESIAN_POINT('',(-16.5000004470348,-7.45058059692383E-8,-3.));
#10061=CARTESIAN_POINT('Origin',(-15.0000004470348,-7.45058059692383E-8,
-3.));
#10062=CARTESIAN_POINT('',(-21.5000004470348,19.9999999254942,-3.));
#10063=CARTESIAN_POINT('Origin',(-20.0000004470348,19.9999999254942,-3.));
#10064=CARTESIAN_POINT('',(-21.5000004470348,14.9999999254942,-3.));
#10065=CARTESIAN_POINT('Origin',(-20.0000004470348,14.9999999254942,-3.));
#10066=CARTESIAN_POINT('',(-21.5000004470348,9.99999992549419,-3.));
#10067=CARTESIAN_POINT('Origin',(-20.0000004470348,9.99999992549419,-3.));
#10068=CARTESIAN_POINT('',(-21.5000004470348,4.99999992549419,-3.));
#10069=CARTESIAN_POINT('Origin',(-20.0000004470348,4.99999992549419,-3.));
#10070=CARTESIAN_POINT('',(-21.5000004470348,-7.45058059692383E-8,-3.));
#10071=CARTESIAN_POINT('Origin',(-20.0000004470348,-7.45058059692383E-8,
-3.));
#10072=CARTESIAN_POINT('',(-26.5000004470348,19.9999999254942,-3.));
#10073=CARTESIAN_POINT('Origin',(-25.0000004470348,19.9999999254942,-3.));
#10074=CARTESIAN_POINT('',(-26.5000004470348,14.9999999254942,-3.));
#10075=CARTESIAN_POINT('Origin',(-25.0000004470348,14.9999999254942,-3.));
#10076=CARTESIAN_POINT('',(-26.5000004470348,9.99999992549419,-3.));
#10077=CARTESIAN_POINT('Origin',(-25.0000004470348,9.99999992549419,-3.));
#10078=CARTESIAN_POINT('',(-26.5000004470348,4.99999992549419,-3.));
#10079=CARTESIAN_POINT('Origin',(-25.0000004470348,4.99999992549419,-3.));
#10080=CARTESIAN_POINT('',(-26.5000004470348,-7.45058059692383E-8,-3.));
#10081=CARTESIAN_POINT('Origin',(-25.0000004470348,-7.45058059692383E-8,
-3.));
#10082=CARTESIAN_POINT('',(-31.5000004470348,19.9999999254942,-3.));
#10083=CARTESIAN_POINT('Origin',(-30.0000004470348,19.9999999254942,-3.));
#10084=CARTESIAN_POINT('',(-31.5000004470348,14.9999999254942,-3.));
#10085=CARTESIAN_POINT('Origin',(-30.0000004470348,14.9999999254942,-3.));
#10086=CARTESIAN_POINT('',(-31.5000004470348,9.99999992549419,-3.));
#10087=CARTESIAN_POINT('Origin',(-30.0000004470348,9.99999992549419,-3.));
#10088=CARTESIAN_POINT('',(-31.5000004470348,4.99999992549419,-3.));
#10089=CARTESIAN_POINT('Origin',(-30.0000004470348,4.99999992549419,-3.));
#10090=CARTESIAN_POINT('',(-31.5000004470348,-7.45058059692383E-8,-3.));
#10091=CARTESIAN_POINT('Origin',(-30.0000004470348,-7.45058059692383E-8,
-3.));
#10092=CARTESIAN_POINT('',(-6.50000044703484,-5.00000007450581,-3.));
#10093=CARTESIAN_POINT('Origin',(-5.00000044703484,-5.00000007450581,-3.));
#10094=CARTESIAN_POINT('',(-11.5000004470348,-5.00000007450581,-3.));
#10095=CARTESIAN_POINT('Origin',(-10.0000004470348,-5.00000007450581,-3.));
#10096=CARTESIAN_POINT('',(-16.5000004470348,-5.00000007450581,-3.));
#10097=CARTESIAN_POINT('Origin',(-15.0000004470348,-5.00000007450581,-3.));
#10098=CARTESIAN_POINT('',(-21.5000004470348,-5.00000007450581,-3.));
#10099=CARTESIAN_POINT('Origin',(-20.0000004470348,-5.00000007450581,-3.));
#10100=CARTESIAN_POINT('',(-26.5000004470348,-5.00000007450581,-3.));
#10101=CARTESIAN_POINT('Origin',(-25.0000004470348,-5.00000007450581,-3.));
#10102=CARTESIAN_POINT('',(-31.5000004470348,-5.00000007450581,-3.));
#10103=CARTESIAN_POINT('Origin',(-30.0000004470348,-5.00000007450581,-3.));
#10104=CARTESIAN_POINT('Origin',(-16.,-1.97440384042125E-7,27.));
#10105=CARTESIAN_POINT('',(-35.1678404338008,34.5,27.));
#10106=CARTESIAN_POINT('',(-15.75,34.5,27.));
#10107=CARTESIAN_POINT('',(-35.461538461517,33.2039561099784,27.));
#10108=CARTESIAN_POINT('Origin',(-47.,36.5,27.));
#10109=CARTESIAN_POINT('',(-35.6010205144336,32.261698515464,27.));
#10110=CARTESIAN_POINT('Ctrl Pts',(-35.6010205144336,32.2616985154641,27.));
#10111=CARTESIAN_POINT('Ctrl Pts',(-35.6010205144336,32.5347039449838,27.));
#10112=CARTESIAN_POINT('Ctrl Pts',(-35.5555689606614,32.8524523139676,27.));
#10113=CARTESIAN_POINT('Ctrl Pts',(-35.4740362098431,33.160205239788,27.));
#10114=CARTESIAN_POINT('Ctrl Pts',(-35.4615384615385,33.2039561099033,27.));
#10115=CARTESIAN_POINT('',(-35.6010205144336,19.,27.));
#10116=CARTESIAN_POINT('',(-35.6010205144336,9.,27.));
#10117=CARTESIAN_POINT('',(-35.4812850250288,17.9692235935956,27.));
#10118=CARTESIAN_POINT('Ctrl Pts',(-35.4812850250288,17.9692235935956,27.));
#10119=CARTESIAN_POINT('Ctrl Pts',(-35.5509985281605,18.3086494864962,27.));
#10120=CARTESIAN_POINT('Ctrl Pts',(-35.6010205144336,18.6534889478094,27.));
#10121=CARTESIAN_POINT('Ctrl Pts',(-35.6010205144336,19.,27.));
#10122=CARTESIAN_POINT('',(-35.,14.9688711258507,27.));
#10123=CARTESIAN_POINT('Ctrl Pts',(-35.,14.9688711258507,27.));
#10124=CARTESIAN_POINT('Ctrl Pts',(-35.,15.5491364261364,27.));
#10125=CARTESIAN_POINT('Ctrl Pts',(-35.1349001788731,16.5607383654512,27.));
#10126=CARTESIAN_POINT('Ctrl Pts',(-35.3937286688038,17.5429231918691,27.));
#10127=CARTESIAN_POINT('Ctrl Pts',(-35.4812850250288,17.9692235935956,27.));
#10128=CARTESIAN_POINT('',(-35.,-24.5,27.));
#10129=CARTESIAN_POINT('',(-35.,8.99999990127981,27.));
#10130=CARTESIAN_POINT('',(-27.9755395482553,-24.5,27.));
#10131=CARTESIAN_POINT('',(-41.5,-24.5,27.));
#10132=CARTESIAN_POINT('',(-19.5088553244412,-22.3005252214149,27.));
#10133=CARTESIAN_POINT('',(-28.5000004470348,-5.00000007450581,27.));
#10134=CARTESIAN_POINT('Origin',(-30.0000004470348,-5.00000007450581,27.));
#10135=CARTESIAN_POINT('',(-23.5000004470348,-5.00000007450581,27.));
#10136=CARTESIAN_POINT('Origin',(-25.0000004470348,-5.00000007450581,27.));
#10137=CARTESIAN_POINT('',(-18.5000004470348,-5.00000007450581,27.));
#10138=CARTESIAN_POINT('Origin',(-20.0000004470348,-5.00000007450581,27.));
#10139=CARTESIAN_POINT('',(-13.5000004470348,-5.00000007450581,27.));
#10140=CARTESIAN_POINT('Origin',(-15.0000004470348,-5.00000007450581,27.));
#10141=CARTESIAN_POINT('',(-8.50000044703484,-5.00000007450581,27.));
#10142=CARTESIAN_POINT('Origin',(-10.0000004470348,-5.00000007450581,27.));
#10143=CARTESIAN_POINT('',(-3.50000044703484,-5.00000007450581,27.));
#10144=CARTESIAN_POINT('Origin',(-5.00000044703484,-5.00000007450581,27.));
#10145=CARTESIAN_POINT('',(-28.5000004470348,-7.45058059692383E-8,27.));
#10146=CARTESIAN_POINT('Origin',(-30.0000004470348,-7.45058059692383E-8,
27.));
#10147=CARTESIAN_POINT('',(-28.5000004470348,4.99999992549419,27.));
#10148=CARTESIAN_POINT('Origin',(-30.0000004470348,4.99999992549419,27.));
#10149=CARTESIAN_POINT('',(-28.5000004470348,9.99999992549419,27.));
#10150=CARTESIAN_POINT('Origin',(-30.0000004470348,9.99999992549419,27.));
#10151=CARTESIAN_POINT('',(-28.5000004470348,14.9999999254942,27.));
#10152=CARTESIAN_POINT('Origin',(-30.0000004470348,14.9999999254942,27.));
#10153=CARTESIAN_POINT('',(-28.5000004470348,19.9999999254942,27.));
#10154=CARTESIAN_POINT('Origin',(-30.0000004470348,19.9999999254942,27.));
#10155=CARTESIAN_POINT('',(-23.5000004470348,-7.45058059692383E-8,27.));
#10156=CARTESIAN_POINT('Origin',(-25.0000004470348,-7.45058059692383E-8,
27.));
#10157=CARTESIAN_POINT('',(-23.5000004470348,4.99999992549419,27.));
#10158=CARTESIAN_POINT('Origin',(-25.0000004470348,4.99999992549419,27.));
#10159=CARTESIAN_POINT('',(-23.5000004470348,9.99999992549419,27.));
#10160=CARTESIAN_POINT('Origin',(-25.0000004470348,9.99999992549419,27.));
#10161=CARTESIAN_POINT('',(-23.5000004470348,14.9999999254942,27.));
#10162=CARTESIAN_POINT('Origin',(-25.0000004470348,14.9999999254942,27.));
#10163=CARTESIAN_POINT('',(-23.5000004470348,19.9999999254942,27.));
#10164=CARTESIAN_POINT('Origin',(-25.0000004470348,19.9999999254942,27.));
#10165=CARTESIAN_POINT('',(-18.5000004470348,-7.45058059692383E-8,27.));
#10166=CARTESIAN_POINT('Origin',(-20.0000004470348,-7.45058059692383E-8,
27.));
#10167=CARTESIAN_POINT('',(-18.5000004470348,4.99999992549419,27.));
#10168=CARTESIAN_POINT('Origin',(-20.0000004470348,4.99999992549419,27.));
#10169=CARTESIAN_POINT('',(-18.5000004470348,9.99999992549419,27.));
#10170=CARTESIAN_POINT('Origin',(-20.0000004470348,9.99999992549419,27.));
#10171=CARTESIAN_POINT('',(-18.5000004470348,14.9999999254942,27.));
#10172=CARTESIAN_POINT('Origin',(-20.0000004470348,14.9999999254942,27.));
#10173=CARTESIAN_POINT('',(-18.5000004470348,19.9999999254942,27.));
#10174=CARTESIAN_POINT('Origin',(-20.0000004470348,19.9999999254942,27.));
#10175=CARTESIAN_POINT('',(-13.5000004470348,-7.45058059692383E-8,27.));
#10176=CARTESIAN_POINT('Origin',(-15.0000004470348,-7.45058059692383E-8,
27.));
#10177=CARTESIAN_POINT('',(-13.5000004470348,4.99999992549419,27.));
#10178=CARTESIAN_POINT('Origin',(-15.0000004470348,4.99999992549419,27.));
#10179=CARTESIAN_POINT('',(-13.5000004470348,9.99999992549419,27.));
#10180=CARTESIAN_POINT('Origin',(-15.0000004470348,9.99999992549419,27.));
#10181=CARTESIAN_POINT('',(-13.5000004470348,14.9999999254942,27.));
#10182=CARTESIAN_POINT('Origin',(-15.0000004470348,14.9999999254942,27.));
#10183=CARTESIAN_POINT('',(-13.5000004470348,19.9999999254942,27.));
#10184=CARTESIAN_POINT('Origin',(-15.0000004470348,19.9999999254942,27.));
#10185=CARTESIAN_POINT('',(-8.50000044703484,-7.45058059692383E-8,27.));
#10186=CARTESIAN_POINT('Origin',(-10.0000004470348,-7.45058059692383E-8,
27.));
#10187=CARTESIAN_POINT('',(-8.50000044703484,4.99999992549419,27.));
#10188=CARTESIAN_POINT('Origin',(-10.0000004470348,4.99999992549419,27.));
#10189=CARTESIAN_POINT('',(-8.50000044703484,9.99999992549419,27.));
#10190=CARTESIAN_POINT('Origin',(-10.0000004470348,9.99999992549419,27.));
#10191=CARTESIAN_POINT('',(-8.50000044703484,14.9999999254942,27.));
#10192=CARTESIAN_POINT('Origin',(-10.0000004470348,14.9999999254942,27.));
#10193=CARTESIAN_POINT('',(-8.50000044703484,19.9999999254942,27.));
#10194=CARTESIAN_POINT('Origin',(-10.0000004470348,19.9999999254942,27.));
#10195=CARTESIAN_POINT('',(-3.50000044703484,-7.45058059692383E-8,27.));
#10196=CARTESIAN_POINT('Origin',(-5.00000044703484,-7.45058059692383E-8,
27.));
#10197=CARTESIAN_POINT('',(-3.50000044703484,4.99999992549419,27.));
#10198=CARTESIAN_POINT('Origin',(-5.00000044703484,4.99999992549419,27.));
#10199=CARTESIAN_POINT('',(-3.50000044703484,9.99999992549419,27.));
#10200=CARTESIAN_POINT('Origin',(-5.00000044703483,9.99999992549419,27.));
#10201=CARTESIAN_POINT('',(-3.50000044703484,14.9999999254942,27.));
#10202=CARTESIAN_POINT('Origin',(-5.00000044703483,14.9999999254942,27.));
#10203=CARTESIAN_POINT('',(-3.50000044703484,19.9999999254942,27.));
#10204=CARTESIAN_POINT('Origin',(-5.00000044703483,19.9999999254942,27.));
#10205=CARTESIAN_POINT('Origin',(-15.75,34.5,25.));
#10206=CARTESIAN_POINT('',(-35.1678404338008,36.5,25.));
#10207=CARTESIAN_POINT('',(-15.75,36.5,25.));
#10208=CARTESIAN_POINT('Origin',(-35.1678404338008,34.5,25.));
#10209=CARTESIAN_POINT('Origin',(-35.,-24.5,-1.));
#10210=CARTESIAN_POINT('',(-37.,-24.5,-1.));
#10211=CARTESIAN_POINT('Origin',(-35.,-24.5,-1.));
#10212=CARTESIAN_POINT('',(-35.,-26.5,-1.));
#10213=CARTESIAN_POINT('Origin',(-35.,-24.5,-1.));
#10214=CARTESIAN_POINT('Origin',(-35.,-24.5,-1.));
#10215=CARTESIAN_POINT('Origin',(-35.,8.99999990127981,-1.));
#10216=CARTESIAN_POINT('',(-37.,14.9688711258507,-1.));
#10217=CARTESIAN_POINT('Origin',(-35.,14.9688711258507,-1.));
#10218=CARTESIAN_POINT('',(-37.,8.99999990127981,-1.));
#10219=CARTESIAN_POINT('Ctrl Pts',(-37.3062722886547,17.5943958094485,-1.72727272727273));
#10220=CARTESIAN_POINT('Ctrl Pts',(-37.3506354270112,18.0054401848018,-1.8277971759191));
#10221=CARTESIAN_POINT('Ctrl Pts',(-37.3824676000941,18.4959839240864,-1.90909090909091));
#10222=CARTESIAN_POINT('Ctrl Pts',(-37.3824676000941,19.,-1.90909090909091));
#10223=CARTESIAN_POINT('Ctrl Pts',(-37.1436237296954,17.6278016310477,-2.15263307289651));
#10224=CARTESIAN_POINT('Ctrl Pts',(-37.1712919980169,18.0364214366449,-2.22486606162889));
#10225=CARTESIAN_POINT('Ctrl Pts',(-37.192175913598,18.512700992875,-2.28198493645829));
#10226=CARTESIAN_POINT('Ctrl Pts',(-37.192175913598,19.,-2.28198493645829));
#10227=CARTESIAN_POINT('Ctrl Pts',(-36.6000416451923,17.7394460640239,-2.79065393351568));
#10228=CARTESIAN_POINT('Ctrl Pts',(-36.6274362270272,18.1282580847712,-2.80998659475164));
#10229=CARTESIAN_POINT('Ctrl Pts',(-36.6480088191047,18.5609492182018,-2.82464735298262));
#10230=CARTESIAN_POINT('Ctrl Pts',(-36.6480088191047,19.,-2.82464735298262));
#10231=CARTESIAN_POINT('Ctrl Pts',(-35.8167476778824,17.9003240865473,-3.));
#10232=CARTESIAN_POINT('Ctrl Pts',(-35.8738202773705,18.2545439868538,-2.99990651098487));
#10233=CARTESIAN_POINT('Ctrl Pts',(-35.9150017971523,18.6257449249422,-3.));
#10234=CARTESIAN_POINT('Ctrl Pts',(-35.9150017971523,19.,-3.));
#10235=CARTESIAN_POINT('Ctrl Pts',(-35.4812850250288,17.9692235935956,-3.));
#10236=CARTESIAN_POINT('Ctrl Pts',(-35.5509985281605,18.3086494864962,-3.));
#10237=CARTESIAN_POINT('Ctrl Pts',(-35.6010205144336,18.6534889478094,-3.));
#10238=CARTESIAN_POINT('Ctrl Pts',(-35.6010205144336,19.,-3.));
#10239=CARTESIAN_POINT('',(-37.3824676000941,19.,-1.90909090909091));
#10240=CARTESIAN_POINT('Origin',(-35.6010205144336,19.,-1.));
#10241=CARTESIAN_POINT('',(-37.3062722886547,17.5943958094485,-1.72727272727273));
#10242=CARTESIAN_POINT('Origin',(-35.4812850250288,17.9692235935956,-1.));
#10243=CARTESIAN_POINT('Ctrl Pts',(-37.3062722886547,17.5943958094485,-1.72727272727273));
#10244=CARTESIAN_POINT('Ctrl Pts',(-37.3506354270112,18.0054401848018,-1.8277971759191));
#10245=CARTESIAN_POINT('Ctrl Pts',(-37.3824676000941,18.4959839240864,-1.90909090909091));
#10246=CARTESIAN_POINT('Ctrl Pts',(-37.3824676000941,19.,-1.90909090909091));
#10247=CARTESIAN_POINT('Origin',(-35.6010205144336,9.,-1.));
#10248=CARTESIAN_POINT('',(-37.3824676000941,32.2616985154641,-1.90909090909091));
#10249=CARTESIAN_POINT('Origin',(-35.6010205144336,32.2616985154641,-1.));
#10250=CARTESIAN_POINT('',(-37.3824676000941,9.,-1.90909090909091));
#10251=CARTESIAN_POINT('Ctrl Pts',(-37.,14.9688711258507,-1.));
#10252=CARTESIAN_POINT('Ctrl Pts',(-37.,15.277066858281,-1.06300484137631));
#10253=CARTESIAN_POINT('Ctrl Pts',(-37.045109408942,15.8079510792153,-1.19233181056747));
#10254=CARTESIAN_POINT('Ctrl Pts',(-37.1802780799735,16.6563220466747,-1.45662164868913));
#10255=CARTESIAN_POINT('Ctrl Pts',(-37.2691282710193,17.2502398256141,-1.64310641191183));
#10256=CARTESIAN_POINT('Ctrl Pts',(-37.3062722886547,17.5943958094485,-1.72727272727273));
#10257=CARTESIAN_POINT('Ctrl Pts',(-37.,14.9688711258507,-1.59839860068377));
#10258=CARTESIAN_POINT('Ctrl Pts',(-36.980562708246,15.2766538951933,-1.64934001170154));
#10259=CARTESIAN_POINT('Ctrl Pts',(-36.9899237101073,15.813807742926,-1.75311529825628));
#10260=CARTESIAN_POINT('Ctrl Pts',(-37.0640435132699,16.6834734101822,-1.95511921193654));
#10261=CARTESIAN_POINT('Ctrl Pts',(-37.1204632820134,17.28567359504,-2.09215878533523));
#10262=CARTESIAN_POINT('Ctrl Pts',(-37.1436237296954,17.6278016310477,-2.15263307289651));
#10263=CARTESIAN_POINT('Ctrl Pts',(-36.4981455641046,14.9688711258507,-2.63461943996187));
#10264=CARTESIAN_POINT('Ctrl Pts',(-36.4681626486578,15.3090573086737,-2.64996132406852));
#10265=CARTESIAN_POINT('Ctrl Pts',(-36.4609590016173,15.8989243477189,-2.68030396459937));
#10266=CARTESIAN_POINT('Ctrl Pts',(-36.5248306186733,16.816261161407,-2.73765840675868));
#10267=CARTESIAN_POINT('Ctrl Pts',(-36.5772682031816,17.4138686417096,-2.77464773444695));
#10268=CARTESIAN_POINT('Ctrl Pts',(-36.600191033381,17.7394153817036,-2.79082718760941));
#10269=CARTESIAN_POINT('Ctrl Pts',(-35.4487989505128,14.9688711258507,-3.00000000000001));
#10270=CARTESIAN_POINT('Ctrl Pts',(-35.4398944996895,15.3756315137219,-2.99984039490206));
#10271=CARTESIAN_POINT('Ctrl Pts',(-35.487358128724,16.0596985883225,-3.00013159265316));
#10272=CARTESIAN_POINT('Ctrl Pts',(-35.6554719494042,17.030185205805,-2.99982792227483));
#10273=CARTESIAN_POINT('Ctrl Pts',(-35.7689528685843,17.6037492733766,-3.00007305492616));
#10274=CARTESIAN_POINT('Ctrl Pts',(-35.8167476778824,17.9003240865473,-3.));
#10275=CARTESIAN_POINT('Ctrl Pts',(-35.,14.9688711258507,-3.00000000000001));
#10276=CARTESIAN_POINT('Ctrl Pts',(-35.,15.4040571759226,-3.00000000000001));
#10277=CARTESIAN_POINT('Ctrl Pts',(-35.0708862140517,16.1284069752867,-3.));
#10278=CARTESIAN_POINT('Ctrl Pts',(-35.2832941256727,17.1216898213556,-3.));
#10279=CARTESIAN_POINT('Ctrl Pts',(-35.4229158544588,17.6850317663515,-3.));
#10280=CARTESIAN_POINT('Ctrl Pts',(-35.4812850250288,17.9692235935956,-3.));
#10281=CARTESIAN_POINT('Ctrl Pts',(-37.,14.9688711258507,-1.));
#10282=CARTESIAN_POINT('Ctrl Pts',(-37.,15.277066858281,-1.06300484137631));
#10283=CARTESIAN_POINT('Ctrl Pts',(-37.045109408942,15.8079510792153,-1.19233181056747));
#10284=CARTESIAN_POINT('Ctrl Pts',(-37.1802780799735,16.6563220466747,-1.45662164868913));
#10285=CARTESIAN_POINT('Ctrl Pts',(-37.2691282710193,17.2502398256141,-1.64310641191183));
#10286=CARTESIAN_POINT('Ctrl Pts',(-37.3062722886547,17.5943958094485,-1.72727272727273));
#10287=CARTESIAN_POINT('Ctrl Pts',(-37.3824676000941,32.2616985154641,-1.90909090909091));
#10288=CARTESIAN_POINT('Ctrl Pts',(-37.5090924491782,32.7135437112778,-1.66095789388064));
#10289=CARTESIAN_POINT('Ctrl Pts',(-37.5176091917357,33.2144415712752,-1.353254655598));
#10290=CARTESIAN_POINT('Ctrl Pts',(-37.4036975463608,33.6864958306221,-1.0441865997027));
#10291=CARTESIAN_POINT('Ctrl Pts',(-37.3846153846154,33.7532967582528,-1.00000000000001));
#10292=CARTESIAN_POINT('Ctrl Pts',(-37.192175913598,32.2616985154641,-2.28198493645829));
#10293=CARTESIAN_POINT('Ctrl Pts',(-37.3473676513412,32.6945643907734,-2.10806759955892));
#10294=CARTESIAN_POINT('Ctrl Pts',(-37.4158754855338,33.1884552164896,-1.88086096973528));
#10295=CARTESIAN_POINT('Ctrl Pts',(-37.3906114822935,33.6826766294507,-1.63412486691605));
#10296=CARTESIAN_POINT('Ctrl Pts',(-37.3846153846154,33.7532967582528,-1.59839860068378));
#10297=CARTESIAN_POINT('Ctrl Pts',(-36.6480929182048,32.2616985154641,-2.82475305502847));
#10298=CARTESIAN_POINT('Ctrl Pts',(-36.7807979508007,32.6397839841605,-2.77937051549092));
#10299=CARTESIAN_POINT('Ctrl Pts',(-36.8693933392057,33.0850856442225,-2.71867570410682));
#10300=CARTESIAN_POINT('Ctrl Pts',(-36.89918524841,33.5486587082954,-2.64530765736262));
#10301=CARTESIAN_POINT('Ctrl Pts',(-36.9019806668214,33.6154287064825,-2.6345480764019));
#10302=CARTESIAN_POINT('Ctrl Pts',(-35.9150017971523,32.2616985154641,-3.));
#10303=CARTESIAN_POINT('Ctrl Pts',(-35.9546663147601,32.5662023113751,-3.00015718290425));
#10304=CARTESIAN_POINT('Ctrl Pts',(-35.9495740874252,32.9223006670379,-2.9991605211893));
#10305=CARTESIAN_POINT('Ctrl Pts',(-35.9010428369344,33.2766021589293,-2.99988806564036));
#10306=CARTESIAN_POINT('Ctrl Pts',(-35.8930759139546,33.3272278631299,-3.));
#10307=CARTESIAN_POINT('Ctrl Pts',(-35.6010205144336,32.2616985154641,-3.));
#10308=CARTESIAN_POINT('Ctrl Pts',(-35.6010205144336,32.5347039452823,-3.));
#10309=CARTESIAN_POINT('Ctrl Pts',(-35.5555688599265,32.8524523371888,-3.));
#10310=CARTESIAN_POINT('Ctrl Pts',(-35.4740362098567,33.1602052397401,-3.));
#10311=CARTESIAN_POINT('Ctrl Pts',(-35.4615384615385,33.2039561099033,-3.));
#10312=CARTESIAN_POINT('',(-37.3846153846154,33.7532967582527,-0.999999999999988));
#10313=CARTESIAN_POINT('Origin',(-35.4615384615385,33.2039561099033,-1.));
#10314=CARTESIAN_POINT('Ctrl Pts',(-37.3824676000941,32.2616985154641,-1.90909090909091));
#10315=CARTESIAN_POINT('Ctrl Pts',(-37.5090924491782,32.7135437112778,-1.66095789388064));
#10316=CARTESIAN_POINT('Ctrl Pts',(-37.5176091917357,33.2144415712752,-1.353254655598));
#10317=CARTESIAN_POINT('Ctrl Pts',(-37.4036975463608,33.6864958306221,-1.0441865997027));
#10318=CARTESIAN_POINT('Ctrl Pts',(-37.3846153846154,33.7532967582528,-1.00000000000001));
#10319=CARTESIAN_POINT('Origin',(-47.,36.5,-1.));
#10320=CARTESIAN_POINT('',(-37.1398670281673,34.8333333333333,-1.));
#10321=CARTESIAN_POINT('Origin',(-35.1678404338008,34.5,-1.));
#10322=CARTESIAN_POINT('Origin',(-47.,36.5,-1.));
#10323=CARTESIAN_POINT('Origin',(-35.1678404338008,34.5,0.));
#10324=CARTESIAN_POINT('',(-35.1678404338008,36.5,-8.2173009889108E-33));
#10325=CARTESIAN_POINT('Origin',(-35.1678404338008,34.5,-1.));
#10326=CARTESIAN_POINT('',(-37.1398670281673,34.8333333333333,25.));
#10327=CARTESIAN_POINT('',(-37.1398670281673,34.8333333333333,0.));
#10328=CARTESIAN_POINT('Origin',(-35.1678404338008,34.5,25.));
#10329=CARTESIAN_POINT('',(-35.1678404338008,36.5,-8.2173009889108E-33));
#10330=CARTESIAN_POINT('Origin',(-35.1678404338008,34.5,-1.));
#10331=CARTESIAN_POINT('Origin',(-35.1678404338008,34.5,25.));
#10332=CARTESIAN_POINT('Origin',(-35.1678404338008,34.5,25.));
#10333=CARTESIAN_POINT('Origin',(-47.,36.5,25.));
#10334=CARTESIAN_POINT('',(-37.3846153845975,33.7532967583154,25.0000000000279));
#10335=CARTESIAN_POINT('Origin',(-35.461538461517,33.2039561099784,25.));
#10336=CARTESIAN_POINT('Origin',(-47.,36.5,25.));
#10337=CARTESIAN_POINT('Origin',(-35.6010205144336,9.,25.));
#10338=CARTESIAN_POINT('',(-37.3824676000941,32.261698515464,25.9090909090909));
#10339=CARTESIAN_POINT('Origin',(-35.6010205144336,32.261698515464,25.));
#10340=CARTESIAN_POINT('',(-37.3824676000941,19.,25.9090909090909));
#10341=CARTESIAN_POINT('',(-37.3824676000941,9.,25.9090909090909));
#10342=CARTESIAN_POINT('Origin',(-35.6010205144336,19.,25.));
#10343=CARTESIAN_POINT('Ctrl Pts',(-35.4812850250288,17.9692235935956,27.));
#10344=CARTESIAN_POINT('Ctrl Pts',(-35.5509985281605,18.3086494864962,27.));
#10345=CARTESIAN_POINT('Ctrl Pts',(-35.6010205144336,18.6534889478094,27.));
#10346=CARTESIAN_POINT('Ctrl Pts',(-35.6010205144336,19.,27.));
#10347=CARTESIAN_POINT('Ctrl Pts',(-35.9285685621669,17.8773575841979,27.));
#10348=CARTESIAN_POINT('Ctrl Pts',(-35.9812122423075,18.2365900617156,26.999606179496));
#10349=CARTESIAN_POINT('Ctrl Pts',(-36.0196622247252,18.616436760877,27.));
#10350=CARTESIAN_POINT('Ctrl Pts',(-36.0196622247252,19.,27.));
#10351=CARTESIAN_POINT('Ctrl Pts',(-36.7083988043252,17.7171909641316,26.7150350236288));
#10352=CARTESIAN_POINT('Ctrl Pts',(-36.7322438269271,18.1106848934045,26.7417741207011));
#10353=CARTESIAN_POINT('Ctrl Pts',(-36.7503555751065,18.5518841550157,26.7619372769312));
#10354=CARTESIAN_POINT('Ctrl Pts',(-36.7503555751065,19.,26.7619372769312));
#10355=CARTESIAN_POINT('Ctrl Pts',(-37.1842858694352,17.6194501756479,26.0462929864906));
#10356=CARTESIAN_POINT('Ctrl Pts',(-37.2163074291811,18.0286081485291,26.1257839394955));
#10357=CARTESIAN_POINT('Ctrl Pts',(-37.239748835222,18.5085723718378,26.1887614296164));
#10358=CARTESIAN_POINT('Ctrl Pts',(-37.239748835222,19.,26.1887614296164));
#10359=CARTESIAN_POINT('Ctrl Pts',(-37.3062722886547,17.5943958094485,25.7272727272727));
#10360=CARTESIAN_POINT('Ctrl Pts',(-37.3506354270112,18.0054401848019,25.8277971759191));
#10361=CARTESIAN_POINT('Ctrl Pts',(-37.3824676000941,18.4959839240864,25.9090909090909));
#10362=CARTESIAN_POINT('Ctrl Pts',(-37.3824676000941,19.,25.9090909090909));
#10363=CARTESIAN_POINT('',(-37.3062722886547,17.5943958094485,25.7272727272727));
#10364=CARTESIAN_POINT('Ctrl Pts',(-37.3824676000941,19.,25.9090909090909));
#10365=CARTESIAN_POINT('Ctrl Pts',(-37.3824676000941,18.4959839240864,25.9090909090909));
#10366=CARTESIAN_POINT('Ctrl Pts',(-37.3506354270112,18.0054401848019,25.8277971759191));
#10367=CARTESIAN_POINT('Ctrl Pts',(-37.3062722886547,17.5943958094485,25.7272727272727));
#10368=CARTESIAN_POINT('Origin',(-35.4812850250288,17.9692235935956,25.));
#10369=CARTESIAN_POINT('Ctrl Pts',(-37.3846153846154,33.7532967582528,25.));
#10370=CARTESIAN_POINT('Ctrl Pts',(-37.4036975463399,33.6864958306952,25.0441865996544));
#10371=CARTESIAN_POINT('Ctrl Pts',(-37.5176094490529,33.2144415860174,25.353254709782));
#10372=CARTESIAN_POINT('Ctrl Pts',(-37.5090924490396,32.7135437107834,25.6609578941521));
#10373=CARTESIAN_POINT('Ctrl Pts',(-37.3824676000941,32.2616985154641,25.9090909090909));
#10374=CARTESIAN_POINT('Ctrl Pts',(-37.3846153846154,33.7532967582528,25.5983986006838));
#10375=CARTESIAN_POINT('Ctrl Pts',(-37.3906114822869,33.682676629528,25.634124866877));
#10376=CARTESIAN_POINT('Ctrl Pts',(-37.415874389686,33.1884545110121,25.8808608949473));
#10377=CARTESIAN_POINT('Ctrl Pts',(-37.3473676511714,32.6945643902998,26.1080675997492));
#10378=CARTESIAN_POINT('Ctrl Pts',(-37.192175913598,32.2616985154641,26.2819849364583));
#10379=CARTESIAN_POINT('Ctrl Pts',(-36.9019019024023,33.6154062068641,26.6344798412662));
#10380=CARTESIAN_POINT('Ctrl Pts',(-36.8991064839939,33.54863620875,26.6452394222152));
#10381=CARTESIAN_POINT('Ctrl Pts',(-36.8693142595367,33.0850629794256,26.7186069201918));
#10382=CARTESIAN_POINT('Ctrl Pts',(-36.7807825234132,32.639783983747,26.779348491154));
#10383=CARTESIAN_POINT('Ctrl Pts',(-36.6480774909625,32.2616985154641,26.8247310306419));
#10384=CARTESIAN_POINT('Ctrl Pts',(-35.8930759139546,33.3272278631299,27.));
#10385=CARTESIAN_POINT('Ctrl Pts',(-35.9010428369257,33.2766021589847,26.9998880656405));
#10386=CARTESIAN_POINT('Ctrl Pts',(-35.9495744351949,32.9223007506558,26.9991601177433));
#10387=CARTESIAN_POINT('Ctrl Pts',(-35.9546663147167,32.5662023110421,27.0001571829041));
#10388=CARTESIAN_POINT('Ctrl Pts',(-35.9150017971523,32.2616985154641,27.));
#10389=CARTESIAN_POINT('Ctrl Pts',(-35.4615384615385,33.2039561099033,27.));
#10390=CARTESIAN_POINT('Ctrl Pts',(-35.4740362098431,33.160205239788,27.));
#10391=CARTESIAN_POINT('Ctrl Pts',(-35.5555689606614,32.8524523139676,27.));
#10392=CARTESIAN_POINT('Ctrl Pts',(-35.6010205144336,32.5347039449838,27.));
#10393=CARTESIAN_POINT('Ctrl Pts',(-35.6010205144336,32.2616985154641,27.));
#10394=CARTESIAN_POINT('Ctrl Pts',(-37.3846153846154,33.7532967582528,25.));
#10395=CARTESIAN_POINT('Ctrl Pts',(-37.4036975463399,33.6864958306952,25.0441865996544));
#10396=CARTESIAN_POINT('Ctrl Pts',(-37.5176094490529,33.2144415860174,25.353254709782));
#10397=CARTESIAN_POINT('Ctrl Pts',(-37.5090924490396,32.7135437107834,25.6609578941521));
#10398=CARTESIAN_POINT('Ctrl Pts',(-37.3824676000941,32.2616985154641,25.9090909090909));
#10399=CARTESIAN_POINT('Origin',(-35.,8.99999990127981,25.));
#10400=CARTESIAN_POINT('',(-37.,14.9688711258507,25.));
#10401=CARTESIAN_POINT('Origin',(-35.,14.9688711258507,25.));
#10402=CARTESIAN_POINT('',(-37.,-24.5,25.));
#10403=CARTESIAN_POINT('',(-37.,8.99999990127981,25.));
#10404=CARTESIAN_POINT('Origin',(-35.,-24.5,25.));
#10405=CARTESIAN_POINT('Origin',(-35.,-24.5,25.));
#10406=CARTESIAN_POINT('',(-35.,-26.5,25.));
#10407=CARTESIAN_POINT('Origin',(-35.,-24.5,25.));
#10408=CARTESIAN_POINT('Origin',(-35.,-24.5,25.));
#10409=CARTESIAN_POINT('Ctrl Pts',(-37.3062722886547,17.5943958094485,25.7272727272727));
#10410=CARTESIAN_POINT('Ctrl Pts',(-37.2505546074206,17.0781465014094,25.6010195045882));
#10411=CARTESIAN_POINT('Ctrl Pts',(-37.0858455683738,16.1224982614877,25.2754794288997));
#10412=CARTESIAN_POINT('Ctrl Pts',(-37.,15.3798109737522,25.0840089501827));
#10413=CARTESIAN_POINT('Ctrl Pts',(-37.,14.9688711258507,25.));
#10414=CARTESIAN_POINT('Ctrl Pts',(-37.1436237296954,17.6278016310477,26.1526330728965));
#10415=CARTESIAN_POINT('Ctrl Pts',(-37.1088820263652,17.1145943350945,26.0619189474008));
#10416=CARTESIAN_POINT('Ctrl Pts',(-37.0065339322756,16.1353624123065,25.8199472523051));
#10417=CARTESIAN_POINT('Ctrl Pts',(-36.9740828412709,15.3792603399485,25.6663224993389));
#10418=CARTESIAN_POINT('Ctrl Pts',(-37.,14.9688711258507,25.5983986006838));
#10419=CARTESIAN_POINT('Ctrl Pts',(-36.6001580642925,17.73942215311,26.7907844287966));
#10420=CARTESIAN_POINT('Ctrl Pts',(-36.5657727977721,17.2510875398807,26.7665145282517));
#10421=CARTESIAN_POINT('Ctrl Pts',(-36.4696741620215,16.2544899420267,26.7000133663076));
#10422=CARTESIAN_POINT('Ctrl Pts',(-36.4580489401478,15.4224661744424,26.6549774191117));
#10423=CARTESIAN_POINT('Ctrl Pts',(-36.4980273480777,14.9688711258507,26.6345209660921));
#10424=CARTESIAN_POINT('Ctrl Pts',(-35.8167476778824,17.9003240865473,27.));
#10425=CARTESIAN_POINT('Ctrl Pts',(-35.7450533346572,17.455448654264,27.0001095856439));
#10426=CARTESIAN_POINT('Ctrl Pts',(-35.5348786253725,16.4690287871798,27.0000999780681));
#10427=CARTESIAN_POINT('Ctrl Pts',(-35.4369259967956,15.5112344175358,26.9997871868823));
#10428=CARTESIAN_POINT('Ctrl Pts',(-35.4487989505128,14.9688711258507,27.));
#10429=CARTESIAN_POINT('Ctrl Pts',(-35.4812850250288,17.9692235935956,27.));
#10430=CARTESIAN_POINT('Ctrl Pts',(-35.3937286688038,17.5429231918691,27.));
#10431=CARTESIAN_POINT('Ctrl Pts',(-35.1349001788731,16.5607383654512,27.));
#10432=CARTESIAN_POINT('Ctrl Pts',(-35.,15.5491364261364,27.));
#10433=CARTESIAN_POINT('Ctrl Pts',(-35.,14.9688711258507,27.));
#10434=CARTESIAN_POINT('Ctrl Pts',(-37.3062722886547,17.5943958094485,25.7272727272727));
#10435=CARTESIAN_POINT('Ctrl Pts',(-37.2505546074206,17.0781465014094,25.6010195045882));
#10436=CARTESIAN_POINT('Ctrl Pts',(-37.0858455683738,16.1224982614877,25.2754794288997));
#10437=CARTESIAN_POINT('Ctrl Pts',(-37.,15.3798109737522,25.0840089501827));
#10438=CARTESIAN_POINT('Ctrl Pts',(-37.,14.9688711258507,25.));
#10439=CARTESIAN_POINT('Origin',(-15.5,36.5,12.));
#10440=CARTESIAN_POINT('',(4.,36.5,6.));
#10441=CARTESIAN_POINT('Origin',(-41.5,-24.5,25.));
#10442=CARTESIAN_POINT('',(-27.9755395482553,-26.5,25.));
#10443=CARTESIAN_POINT('',(-41.5,-26.5,25.));
#10444=CARTESIAN_POINT('Origin',(-27.9755395482553,-24.5,25.));
#10445=CARTESIAN_POINT('Origin',(-35.,-24.5,0.));
#10446=CARTESIAN_POINT('',(-37.,-24.5,23.8284271247462));
#10447=CARTESIAN_POINT('',(-37.,-24.5,0.));
#10448=CARTESIAN_POINT('',(-35.,-26.5,21.));
#10449=CARTESIAN_POINT('Ctrl Pts',(-35.,-26.5,21.));
#10450=CARTESIAN_POINT('Ctrl Pts',(-35.256291933695,-26.5,21.3138922313719));
#10451=CARTESIAN_POINT('Ctrl Pts',(-35.5350220691401,-26.4483327484189,
21.6549431847536));
#10452=CARTESIAN_POINT('Ctrl Pts',(-36.0609677774493,-26.2194753721874,
22.3138003505987));
#10453=CARTESIAN_POINT('Ctrl Pts',(-36.3080131324972,-26.0422285906636,
22.6317227454001));
#10454=CARTESIAN_POINT('Ctrl Pts',(-36.6382623999551,-25.6649412841746,
23.0905907538486));
#10455=CARTESIAN_POINT('Ctrl Pts',(-36.7661361930025,-25.4696605049043,
23.2798762041563));
#10456=CARTESIAN_POINT('Ctrl Pts',(-36.9474001820096,-25.016827837284,23.6031965005846));
#10457=CARTESIAN_POINT('Ctrl Pts',(-37.,-24.7587546244214,23.7369435499503));
#10458=CARTESIAN_POINT('Ctrl Pts',(-37.,-24.5,23.8284271247462));
#10459=CARTESIAN_POINT('',(-35.,-26.5,0.));
#10460=CARTESIAN_POINT('Origin',(4.,34.5,6.));
#10461=CARTESIAN_POINT('Origin',(-40.5,9.,-3.5));
#10462=CARTESIAN_POINT('',(-40.5,19.,0.));
#10463=CARTESIAN_POINT('Origin',(-40.5,19.,-3.5));
#10464=CARTESIAN_POINT('',(-40.5,25.2416697508023,0.));
#10465=CARTESIAN_POINT('',(-40.5,9.,0.));
#10466=CARTESIAN_POINT('Ctrl Pts',(-37.3823954096183,32.261764300097,-1.90887369723958));
#10467=CARTESIAN_POINT('Ctrl Pts',(-37.6486855548046,30.8264870538674,-1.3856856584959));
#10468=CARTESIAN_POINT('Ctrl Pts',(-38.2381444180866,28.8156235628317,-0.689451793533174));
#10469=CARTESIAN_POINT('Ctrl Pts',(-39.4498227340234,26.53242678474,-0.112671680993031));
#10470=CARTESIAN_POINT('Ctrl Pts',(-40.1380167524826,25.6297961265384,-1.81742528094556E-15));
#10471=CARTESIAN_POINT('Ctrl Pts',(-40.5,25.2416697508023,-1.66533453693773E-15));
#10472=CARTESIAN_POINT('Origin',(-40.5,9.,27.5));
#10473=CARTESIAN_POINT('',(-40.5000000000011,25.2416697507999,24.));
#10474=CARTESIAN_POINT('Ctrl Pts',(-40.5000000000023,25.2416697507999,24.));
#10475=CARTESIAN_POINT('Ctrl Pts',(-39.7756615803358,26.018321288017,23.9999999999995));
#10476=CARTESIAN_POINT('Ctrl Pts',(-38.4093420108803,28.215588972577,24.4806748807232));
#10477=CARTESIAN_POINT('Ctrl Pts',(-37.6476253163935,30.8272503311906,25.3857800226924));
#10478=CARTESIAN_POINT('Ctrl Pts',(-37.3822099168967,32.2617459985875,25.9088299445821));
#10479=CARTESIAN_POINT('',(-40.5,19.,24.));
#10480=CARTESIAN_POINT('',(-40.5,9.,24.));
#10481=CARTESIAN_POINT('Origin',(-40.5,19.,27.5));
#10482=CARTESIAN_POINT('Ctrl Pts',(-40.5000000000023,25.2416697507999,24.));
#10483=CARTESIAN_POINT('Ctrl Pts',(-39.7756615803358,26.018321288017,23.9999999999995));
#10484=CARTESIAN_POINT('Ctrl Pts',(-38.2961328994698,28.3976479342291,24.5205021490582));
#10485=CARTESIAN_POINT('Ctrl Pts',(-37.5255489959601,31.2628839982633,25.538682409683));
#10486=CARTESIAN_POINT('Ctrl Pts',(-37.2692307692209,32.9292857857928,26.1538461538698));
#10487=CARTESIAN_POINT('Ctrl Pts',(-40.9487989505149,26.019012335472,24.0000000000003));
#10488=CARTESIAN_POINT('Ctrl Pts',(-40.2893759026682,26.689589860371,23.9045188430901));
#10489=CARTESIAN_POINT('Ctrl Pts',(-38.6981564616103,28.8022835340511,24.1777583130226));
#10490=CARTESIAN_POINT('Ctrl Pts',(-37.6872436802693,31.5081158740642,25.2597409091132));
#10491=CARTESIAN_POINT('Ctrl Pts',(-37.3537003465872,33.0924001082825,25.9511191681866));
#10492=CARTESIAN_POINT('Ctrl Pts',(-41.725854223567,27.364911548688,23.2468415194606));
#10493=CARTESIAN_POINT('Ctrl Pts',(-41.0205398817381,27.8593783431372,23.0987678170281));
#10494=CARTESIAN_POINT('Ctrl Pts',(-39.1265938515376,29.5159239642527,23.3669708391543));
#10495=CARTESIAN_POINT('Ctrl Pts',(-37.8558197666346,31.9371403179175,24.7104719940276));
#10496=CARTESIAN_POINT('Ctrl Pts',(-37.4406575181913,33.3778239589554,25.5710249338506));
#10497=CARTESIAN_POINT('Ctrl Pts',(-42.0000000000029,27.8397459621539,21.6731984257694));
#10498=CARTESIAN_POINT('Ctrl Pts',(-41.0692029019609,28.3762493135129,21.6294953456766));
#10499=CARTESIAN_POINT('Ctrl Pts',(-38.9998501853787,30.0760238975645,22.3876447696863));
#10500=CARTESIAN_POINT('Ctrl Pts',(-37.8094328368482,32.32097351353,24.1134056628738));
#10501=CARTESIAN_POINT('Ctrl Pts',(-37.4156326134102,33.6447147388928,25.1713043029456));
#10502=CARTESIAN_POINT('Ctrl Pts',(-42.0000000000032,27.8397459621537,21.));
#10503=CARTESIAN_POINT('Ctrl Pts',(-40.9652308290513,28.4371702215515,20.9999999999991));
#10504=CARTESIAN_POINT('Ctrl Pts',(-38.851618427814,30.2674214878685,21.9666468482509));
#10505=CARTESIAN_POINT('Ctrl Pts',(-37.750784279943,32.4714492294333,23.8575530465542));
#10506=CARTESIAN_POINT('Ctrl Pts',(-37.3846153846013,33.7532967583021,25.000000000044));
#10507=CARTESIAN_POINT('',(-42.0000000000032,27.8397459621537,21.));
#10508=CARTESIAN_POINT('Ctrl Pts',(-37.3846153846013,33.7532967583021,25.000000000044));
#10509=CARTESIAN_POINT('Ctrl Pts',(-37.750784279943,32.4714492294333,23.8575530465542));
#10510=CARTESIAN_POINT('Ctrl Pts',(-38.851618427814,30.2674214878685,21.9666468482509));
#10511=CARTESIAN_POINT('Ctrl Pts',(-40.9652308290513,28.4371702215515,20.9999999999991));
#10512=CARTESIAN_POINT('Ctrl Pts',(-42.0000000000032,27.8397459621537,21.));
#10513=CARTESIAN_POINT('Origin',(-40.5000000000042,25.2416697507999,21.));
#10514=CARTESIAN_POINT('Origin',(-47.,36.5,21.));
#10515=CARTESIAN_POINT('',(-47.,23.5,24.));
#10516=CARTESIAN_POINT('Origin',(-47.,23.5,21.));
#10517=CARTESIAN_POINT('Origin',(-47.,36.5,24.));
#10518=CARTESIAN_POINT('Origin',(-47.,36.5,21.));
#10519=CARTESIAN_POINT('Origin',(-13.0000000172466,23.5,21.));
#10520=CARTESIAN_POINT('',(-55.0000000689863,23.5,24.));
#10521=CARTESIAN_POINT('Origin',(-55.0000000689863,23.5,21.));
#10522=CARTESIAN_POINT('',(-13.0000000172466,23.5,24.));
#10523=CARTESIAN_POINT('Origin',(-55.0000000689863,23.5,12.));
#10524=CARTESIAN_POINT('Ctrl Pts',(-62.8863906263542,26.5,7.66354476828615));
#10525=CARTESIAN_POINT('Ctrl Pts',(-62.955592947339,26.5,7.33218150369244));
#10526=CARTESIAN_POINT('Ctrl Pts',(-62.968200462868,26.4762528528139,6.99135967041105));
#10527=CARTESIAN_POINT('Ctrl Pts',(-62.8724327570631,26.4149023402081,6.26917674799643));
#10528=CARTESIAN_POINT('Ctrl Pts',(-62.745989160447,26.3765579981258,5.89505353062175));
#10529=CARTESIAN_POINT('Ctrl Pts',(-62.3584892784471,26.3300981481034,5.22079383022421));
#10530=CARTESIAN_POINT('Ctrl Pts',(-62.1039017614432,26.3224423719011,4.92677293301766));
#10531=CARTESIAN_POINT('Ctrl Pts',(-61.4989707170952,26.3450392515219,4.45303075560309));
#10532=CARTESIAN_POINT('Ctrl Pts',(-61.1573679456558,26.3742614743595,4.27793439592828));
#10533=CARTESIAN_POINT('Ctrl Pts',(-60.4152055211422,26.4420554544671,4.06053900061839));
#10534=CARTESIAN_POINT('Ctrl Pts',(-60.0192883690235,26.4800353010915,4.02531106210436));
#10535=CARTESIAN_POINT('Ctrl Pts',(-59.5296690116305,26.497965739973,4.07817217742678));
#10536=CARTESIAN_POINT('Ctrl Pts',(-59.4324566849989,26.5,4.0935603927793));
#10537=CARTESIAN_POINT('Ctrl Pts',(-59.3364553007002,26.5,4.1136094426321));
#10538=CARTESIAN_POINT('',(-55.0000000689863,23.5,0.));
#10539=CARTESIAN_POINT('Origin',(-55.0000000689863,23.5,3.));
#10540=CARTESIAN_POINT('Origin',(-55.0000000689863,23.5,12.));
#10541=CARTESIAN_POINT('Ctrl Pts',(-59.3364553007002,26.5,19.8863905573679));
#10542=CARTESIAN_POINT('Ctrl Pts',(-59.6678185652939,26.5,19.9555928783527));
#10543=CARTESIAN_POINT('Ctrl Pts',(-60.0086403985752,26.4762528528139,19.9682003938817));
#10544=CARTESIAN_POINT('Ctrl Pts',(-60.7308233209899,26.4149023402081,19.8724326880768));
#10545=CARTESIAN_POINT('Ctrl Pts',(-61.1049465383646,26.3765579981258,19.7459890914607));
#10546=CARTESIAN_POINT('Ctrl Pts',(-61.7792062387621,26.3300981481034,19.3584892094607));
#10547=CARTESIAN_POINT('Ctrl Pts',(-62.0732271359687,26.3224423719011,19.1039016924569));
#10548=CARTESIAN_POINT('Ctrl Pts',(-62.5469693133832,26.3450392515219,18.4989706481089));
#10549=CARTESIAN_POINT('Ctrl Pts',(-62.722065673058,26.3742614743595,18.1573678766695));
#10550=CARTESIAN_POINT('Ctrl Pts',(-62.9394610683679,26.4420554544671,17.4152054521559));
#10551=CARTESIAN_POINT('Ctrl Pts',(-62.9746890068819,26.4800353010915,17.0192883000372));
#10552=CARTESIAN_POINT('Ctrl Pts',(-62.9218278915595,26.497965739973,16.5296689426441));
#10553=CARTESIAN_POINT('Ctrl Pts',(-62.906439676207,26.5,16.4324566160126));
#10554=CARTESIAN_POINT('Ctrl Pts',(-62.8863906263542,26.5,16.3364552317139));
#10555=CARTESIAN_POINT('Origin',(-13.0000000172466,23.5,3.));
#10556=CARTESIAN_POINT('',(-47.,23.5,0.));
#10557=CARTESIAN_POINT('Origin',(-47.,23.5,3.));
#10558=CARTESIAN_POINT('',(-13.0000000172466,23.5,0.));
#10559=CARTESIAN_POINT('Origin',(-47.,36.5,3.));
#10560=CARTESIAN_POINT('',(-42.,27.8397459621556,3.));
#10561=CARTESIAN_POINT('Origin',(-40.5,25.2416697508023,3.));
#10562=CARTESIAN_POINT('Origin',(-47.,36.5,0.));
#10563=CARTESIAN_POINT('Origin',(-47.,36.5,3.));
#10564=CARTESIAN_POINT('Ctrl Pts',(-42.,27.8397459621556,3.));
#10565=CARTESIAN_POINT('Ctrl Pts',(-41.4828810749749,28.1383047127219,3.));
#10566=CARTESIAN_POINT('Ctrl Pts',(-40.4997467628905,28.8326359882616,2.79075259244152));
#10567=CARTESIAN_POINT('Ctrl Pts',(-38.6253832078797,30.7344345999888,1.63085372293529));
#10568=CARTESIAN_POINT('Ctrl Pts',(-37.7506908998647,32.4717761251181,0.142155607577792));
#10569=CARTESIAN_POINT('Ctrl Pts',(-37.3846153846154,33.7532967582528,-0.999999999999998));
#10570=CARTESIAN_POINT('Ctrl Pts',(-42.,27.8397459621556,2.10240209897434));
#10571=CARTESIAN_POINT('Ctrl Pts',(-41.5526834834774,28.0967190115084,2.13254384896265));
#10572=CARTESIAN_POINT('Ctrl Pts',(-40.6574456698666,28.7073785299409,2.01845475828686));
#10573=CARTESIAN_POINT('Ctrl Pts',(-38.7936003577521,30.4903054226652,1.11718770413938));
#10574=CARTESIAN_POINT('Ctrl Pts',(-37.8290215201243,32.2711811038624,-0.19899171883599));
#10575=CARTESIAN_POINT('Ctrl Pts',(-37.4259716896954,33.6085207323715,-1.22840573720648));
#10576=CARTESIAN_POINT('Ctrl Pts',(-41.6235014112884,27.1876312775291,0.548170089623106));
#10577=CARTESIAN_POINT('Ctrl Pts',(-41.2838121750954,27.4446338077676,0.626522581172869));
#10578=CARTESIAN_POINT('Ctrl Pts',(-40.5471733200168,28.0610940594621,0.672618349875109));
#10579=CARTESIAN_POINT('Ctrl Pts',(-38.8336122665368,29.9410440316059,0.211928222001505));
#10580=CARTESIAN_POINT('Ctrl Pts',(-37.8443793797892,31.8763213347825,-0.795816572086119));
#10581=CARTESIAN_POINT('Ctrl Pts',(-37.434953925144,33.3370794638618,-1.62807937934905));
#10582=CARTESIAN_POINT('Ctrl Pts',(-40.8365992128846,25.8246766893062,-1.62411302207227E-15));
#10583=CARTESIAN_POINT('Ctrl Pts',(-40.4986082609137,26.1738568919024,0.0350825809750291));
#10584=CARTESIAN_POINT('Ctrl Pts',(-39.8208420284465,26.990924729818,0.00216610814605681));
#10585=CARTESIAN_POINT('Ctrl Pts',(-38.3995574968307,29.2864919922011,-0.494357407608951));
#10586=CARTESIAN_POINT('Ctrl Pts',(-37.646633022273,31.4471960529577,-1.32962156893351));
#10587=CARTESIAN_POINT('Ctrl Pts',(-37.3325829522577,33.0516215275982,-2.00180091458149));
#10588=CARTESIAN_POINT('Ctrl Pts',(-40.5,25.2416697508023,-1.66533453693773E-15));
#10589=CARTESIAN_POINT('Ctrl Pts',(-40.1380167524826,25.6297961265384,-1.81742528094556E-15));
#10590=CARTESIAN_POINT('Ctrl Pts',(-39.4498227340234,26.53242678474,-0.112671680993031));
#10591=CARTESIAN_POINT('Ctrl Pts',(-38.1377682455159,29.0047649799853,-0.737232610727159));
#10592=CARTESIAN_POINT('Ctrl Pts',(-37.5254836299053,31.2633089626535,-1.53883928822734));
#10593=CARTESIAN_POINT('Ctrl Pts',(-37.2692307692308,32.9292857857286,-2.15384615384615));
#10594=CARTESIAN_POINT('Ctrl Pts',(-42.,27.8397459621556,3.));
#10595=CARTESIAN_POINT('Ctrl Pts',(-41.4828810749749,28.1383047127219,3.));
#10596=CARTESIAN_POINT('Ctrl Pts',(-40.4997467628905,28.8326359882616,2.79075259244152));
#10597=CARTESIAN_POINT('Ctrl Pts',(-38.6253832078797,30.7344345999888,1.63085372293529));
#10598=CARTESIAN_POINT('Ctrl Pts',(-37.7506908998647,32.4717761251181,0.142155607577792));
#10599=CARTESIAN_POINT('Ctrl Pts',(-37.3846153846154,33.7532967582528,-0.999999999999998));
#10600=CARTESIAN_POINT('Origin',(-31.0000000344932,0.,24.));
#10601=CARTESIAN_POINT('',(-55.0000000689863,19.,24.));
#10602=CARTESIAN_POINT('',(-55.0000000689863,26.5,24.));
#10603=CARTESIAN_POINT('',(-49.0000000172466,19.,24.));
#10604=CARTESIAN_POINT('Origin',(-55.0000000689863,26.5,12.));
#10605=CARTESIAN_POINT('',(-55.0000000689863,20.2,0.));
#10606=CARTESIAN_POINT('',(-55.0000000689863,26.5,0.));
#10607=CARTESIAN_POINT('',(-57.5714286404149,20.2,0.278747716133707));
#10608=CARTESIAN_POINT('Origin',(-55.0000000689863,20.2,12.));
#10609=CARTESIAN_POINT('',(-57.8739496488182,19.9,0.349231192209509));
#10610=CARTESIAN_POINT('Ctrl Pts',(-57.8739496488182,19.9,0.349231192209509));
#10611=CARTESIAN_POINT('Ctrl Pts',(-57.8739496488182,19.9795751766503,0.349231192209509));
#10612=CARTESIAN_POINT('Ctrl Pts',(-57.8058973539824,20.1367614836465,0.332185532678437));
#10613=CARTESIAN_POINT('Ctrl Pts',(-57.6498085329402,20.2,0.295942832336647));
#10614=CARTESIAN_POINT('Ctrl Pts',(-57.5714286404149,20.2,0.278747716133707));
#10615=CARTESIAN_POINT('',(-57.8739496488183,19.,0.34923119220951));
#10616=CARTESIAN_POINT('',(-57.8739496488182,26.5,0.349231192209509));
#10617=CARTESIAN_POINT('Origin',(-55.0000000689863,19.,12.));
#10618=CARTESIAN_POINT('Origin',(-31.0000000344932,0.,0.));
#10619=CARTESIAN_POINT('',(-52.1500000689863,19.,0.));
#10620=CARTESIAN_POINT('',(-49.0000000172466,19.,0.));
#10621=CARTESIAN_POINT('',(-52.1500000689863,19.9,0.));
#10622=CARTESIAN_POINT('',(-52.1500000689863,9.05,0.));
#10623=CARTESIAN_POINT('',(-52.4500000689863,20.2,0.));
#10624=CARTESIAN_POINT('Origin',(-52.4500000689863,19.9,0.));
#10625=CARTESIAN_POINT('',(-43.0000000517397,20.2,0.));
#10626=CARTESIAN_POINT('Origin',(-47.,36.5,0.));
#10627=CARTESIAN_POINT('Origin',(-40.5,19.,1.));
#10628=CARTESIAN_POINT('',(-37.,14.5,1.));
#10629=CARTESIAN_POINT('Origin',(-37.,19.,1.));
#10630=CARTESIAN_POINT('',(-40.5,18.,1.));
#10631=CARTESIAN_POINT('Origin',(-40.5,14.5,1.));
#10632=CARTESIAN_POINT('',(-40.5,18.5418771527091,0.111111111111111));
#10633=CARTESIAN_POINT('Origin',(-40.5,19.,1.));
#10634=CARTESIAN_POINT('Origin',(-40.5,16.9384471871912,-3.));
#10635=CARTESIAN_POINT('Origin',(-40.5,14.5,0.));
#10636=CARTESIAN_POINT('',(-38.8751922979579,17.599999988933,22.4999998069622));
#10637=CARTESIAN_POINT('',(-37.,14.5,22.4999996697312));
#10638=CARTESIAN_POINT('Origin',(-40.5,14.5,22.4999996697312));
#10639=CARTESIAN_POINT('',(-37.,14.5,23.));
#10640=CARTESIAN_POINT('',(-37.,14.5,0.));
#10641=CARTESIAN_POINT('',(-40.5,18.,23.));
#10642=CARTESIAN_POINT('Origin',(-40.5,14.5,23.));
#10643=CARTESIAN_POINT('',(-40.5,18.,0.));
#10644=CARTESIAN_POINT('',(-37.,14.5,1.5000000202472));
#10645=CARTESIAN_POINT('',(-37.,14.5,0.));
#10646=CARTESIAN_POINT('',(-38.8751940716176,17.6000009185621,1.50000006299129));
#10647=CARTESIAN_POINT('Origin',(-40.5,14.5,1.5000000202472));
#10648=CARTESIAN_POINT('',(-38.8751931847889,17.6000004537476,11.9999998449892));
#10649=CARTESIAN_POINT('Origin',(-40.5,19.,23.));
#10650=CARTESIAN_POINT('',(-40.5,18.5418771527091,23.8888888888889));
#10651=CARTESIAN_POINT('Origin',(-40.5,16.9384471871912,27.));
#10652=CARTESIAN_POINT('Origin',(-40.5,19.,23.));
#10653=CARTESIAN_POINT('Origin',(-37.,19.,23.));
#10654=CARTESIAN_POINT('Origin',(-40.5,19.,1.));
#10655=CARTESIAN_POINT('Origin',(-40.5,19.,1.));
#10656=CARTESIAN_POINT('Origin',(-40.5,19.,23.));
#10657=CARTESIAN_POINT('Origin',(-40.5,19.,23.));
#10658=CARTESIAN_POINT('Origin',(-49.0000000172466,19.,1.));
#10659=CARTESIAN_POINT('',(-49.0628290254674,18.,1.));
#10660=CARTESIAN_POINT('',(-49.0000000172466,18.,1.));
#10661=CARTESIAN_POINT('',(-49.953177075834,18.1,0.564110105645934));
#10662=CARTESIAN_POINT('Ctrl Pts',(-49.0628290254674,18.,0.999999999999996));
#10663=CARTESIAN_POINT('Ctrl Pts',(-49.3399424622607,18.,0.85043001157277));
#10664=CARTESIAN_POINT('Ctrl Pts',(-49.6460320259314,18.0343513319348,0.69965764190261));
#10665=CARTESIAN_POINT('Ctrl Pts',(-49.9531770758314,18.0999999999994,0.564110105647095));
#10666=CARTESIAN_POINT('',(-50.4987926988305,18.25,0.338562172233854));
#10667=CARTESIAN_POINT('Ctrl Pts',(-49.9531770758314,18.0999999999994,0.564110105647093));
#10668=CARTESIAN_POINT('Ctrl Pts',(-50.136924494248,18.1392738651758,0.483019722234452));
#10669=CARTESIAN_POINT('Ctrl Pts',(-50.3210194544558,18.1894838788314,0.407181003772015));
#10670=CARTESIAN_POINT('Ctrl Pts',(-50.4987926988305,18.25,0.338562172233853));
#10671=CARTESIAN_POINT('',(-52.1366026093648,18.25,0.338562172233854));
#10672=CARTESIAN_POINT('',(-49.0000000172466,18.25,0.338562172233854));
#10673=CARTESIAN_POINT('',(-52.1500000688141,18.2493532828983,0.339296203957853));
#10674=CARTESIAN_POINT('Ctrl Pts',(-52.1366026093648,18.25,0.338562172233854));
#10675=CARTESIAN_POINT('Ctrl Pts',(-52.139552959463,18.25,0.338562172233854));
#10676=CARTESIAN_POINT('Ctrl Pts',(-52.1425099608048,18.249913819141,0.338659842607208));
#10677=CARTESIAN_POINT('Ctrl Pts',(-52.1470362158514,18.2496244421668,0.338988241517865));
#10678=CARTESIAN_POINT('Ctrl Pts',(-52.14854238403,18.249499835999,0.339129700292317));
#10679=CARTESIAN_POINT('Ctrl Pts',(-52.1500000688142,18.2493532828983,0.339296203957855));
#10680=CARTESIAN_POINT('Origin',(-52.1500000689863,19.,1.));
#10681=CARTESIAN_POINT('Origin',(-41.5,-24.5,-1.));
#10682=CARTESIAN_POINT('',(-27.9755395482553,-26.5,-1.));
#10683=CARTESIAN_POINT('Origin',(-27.9755395482553,-24.5,-1.));
#10684=CARTESIAN_POINT('',(-41.5,-26.5,-1.));
#10685=CARTESIAN_POINT('Origin',(-37.,18.,0.));
#10686=CARTESIAN_POINT('',(-37.,-24.5,0.171572875253809));
#10687=CARTESIAN_POINT('',(-37.,-24.5,0.));
#10688=CARTESIAN_POINT('',(-37.,-23.5,0.));
#10689=CARTESIAN_POINT('Origin',(-37.,-23.5,3.));
#10690=CARTESIAN_POINT('',(-37.,-19.,0.));
#10691=CARTESIAN_POINT('',(-37.,-13.2500001974404,0.));
#10692=CARTESIAN_POINT('',(-37.,-18.,1.));
#10693=CARTESIAN_POINT('Origin',(-37.,-19.,1.));
#10694=CARTESIAN_POINT('',(-37.,-18.,23.));
#10695=CARTESIAN_POINT('',(-37.,-18.,0.));
#10696=CARTESIAN_POINT('',(-37.,-19.,24.));
#10697=CARTESIAN_POINT('Origin',(-37.,-19.,23.));
#10698=CARTESIAN_POINT('',(-37.,-23.5,24.));
#10699=CARTESIAN_POINT('',(-37.,13.25,24.));
#10700=CARTESIAN_POINT('Origin',(-37.,-23.5,21.));
#10701=CARTESIAN_POINT('',(-37.,14.2999995019843,22.4999996608776));
#10702=CARTESIAN_POINT('',(-37.,17.7999999913822,1.50000006574896));
#10703=CARTESIAN_POINT('',(-37.,10.3,22.25));
#10704=CARTESIAN_POINT('Origin',(-37.,8.3,22.25));
#10705=CARTESIAN_POINT('',(-37.,10.3,1.75));
#10706=CARTESIAN_POINT('Origin',(-37.,8.3,1.75));
#10707=CARTESIAN_POINT('Origin',(-59.9497475372921,26.5,16.9497474683058));
#10708=CARTESIAN_POINT('',(-56.9497475372921,21.5,16.9497474683058));
#10709=CARTESIAN_POINT('',(-56.9497475372921,26.5,16.9497474683058));
#10710=CARTESIAN_POINT('Origin',(-59.9497475372921,21.5,16.9497474683058));
#10711=CARTESIAN_POINT('Origin',(-32.5000002384186,26.,12.180000089407));
#10712=CARTESIAN_POINT('Origin',(-32.5000002384186,26.,1.00000017881394));
#10713=CARTESIAN_POINT('Origin',(-55.0000000689863,20.1,12.));
#10714=CARTESIAN_POINT('',(-56.7500000689863,20.1,12.));
#10715=CARTESIAN_POINT('Origin',(-55.0000000689863,20.1,12.));
#10716=CARTESIAN_POINT('',(-56.7500000689863,20.1,12.));
#10717=CARTESIAN_POINT('Origin',(-52.7493963839084,18.2,23.5614378277661));
#10718=CARTESIAN_POINT('',(-50.2478263185119,18.1,23.5614378277661));
#10719=CARTESIAN_POINT('',(-50.4987926988305,18.2,23.6614378277662));
#10720=CARTESIAN_POINT('Ctrl Pts',(-50.2478263185119,18.1,23.5614378277661));
#10721=CARTESIAN_POINT('Ctrl Pts',(-50.3142887595163,18.1,23.5887563215589));
#10722=CARTESIAN_POINT('Ctrl Pts',(-50.3938525036828,18.1096728802524,23.6205614608106));
#10723=CARTESIAN_POINT('Ctrl Pts',(-50.4663241614224,18.1506074744602,23.6488619464133));
#10724=CARTESIAN_POINT('Ctrl Pts',(-50.4812168720397,18.1613768134489,23.6546423865145));
#10725=CARTESIAN_POINT('Ctrl Pts',(-50.4925425070459,18.1778525692002,23.6590236804179));
#10726=CARTESIAN_POINT('Ctrl Pts',(-50.4948411939634,18.1820202329361,23.6599119157552));
#10727=CARTESIAN_POINT('Ctrl Pts',(-50.4979694123289,18.1908865338274,23.6611201543503));
#10728=CARTESIAN_POINT('Ctrl Pts',(-50.4987926988305,18.1955876903949,23.6614378277661));
#10729=CARTESIAN_POINT('Ctrl Pts',(-50.4987926988305,18.2,23.6614378277661));
#10730=CARTESIAN_POINT('',(-55.0000000689863,18.2,23.6614378277662));
#10731=CARTESIAN_POINT('',(-52.7493963839084,18.2,23.6614378277661));
#10732=CARTESIAN_POINT('',(-55.0000000689863,18.1,23.5614378277661));
#10733=CARTESIAN_POINT('Origin',(-55.0000000689863,18.2,23.5614378277661));
#10734=CARTESIAN_POINT('',(-52.7493963839084,18.1,23.5614378277661));
#10735=CARTESIAN_POINT('Origin',(-55.0000000689863,18.2,12.));
#10736=CARTESIAN_POINT('',(-57.9755159264769,18.2,0.724564860162735));
#10737=CARTESIAN_POINT('',(-57.9500000689863,18.1,0.821254782163521));
#10738=CARTESIAN_POINT('Origin',(-57.9500000689863,18.2,0.821254782163523));
#10739=CARTESIAN_POINT('Origin',(-55.0000000689863,18.1,12.));
#10740=CARTESIAN_POINT('Origin',(-55.0000000689863,18.2,12.));
#10741=CARTESIAN_POINT('Ctrl Pts',(-57.9755159264769,18.2,0.724564860162733));
#10742=CARTESIAN_POINT('Ctrl Pts',(-57.9605822265371,18.2,0.72062395141456));
#10743=CARTESIAN_POINT('Ctrl Pts',(-57.9256897949447,18.2077387293586,0.711495243724491));
#10744=CARTESIAN_POINT('Ctrl Pts',(-57.8983780179631,18.2324610603838,0.704485464910177));
#10745=CARTESIAN_POINT('Ctrl Pts',(-57.8881643199588,18.2500000040943,0.701874515201208));
#10746=CARTESIAN_POINT('Ctrl Pts',(-57.9755159264769,18.1850400349829,0.724564860162733));
#10747=CARTESIAN_POINT('Ctrl Pts',(-57.9585109030833,18.1846796118847,0.720075996015419));
#10748=CARTESIAN_POINT('Ctrl Pts',(-57.9183994252979,18.1926535110156,0.709591570091022));
#10749=CARTESIAN_POINT('Ctrl Pts',(-57.8861526396259,18.2208603333139,0.701347739967671));
#10750=CARTESIAN_POINT('Ctrl Pts',(-57.8740001134521,18.2412879013296,0.698253688460444));
#10751=CARTESIAN_POINT('Ctrl Pts',(-57.9737694870949,18.1551760837633,0.731182826566332));
#10752=CARTESIAN_POINT('Ctrl Pts',(-57.9525504020014,18.1540992073162,0.725928368969208));
#10753=CARTESIAN_POINT('Ctrl Pts',(-57.9018462954894,18.1625518008045,0.713518640198222));
#10754=CARTESIAN_POINT('Ctrl Pts',(-57.8596258118537,18.1977201886563,0.70345787147212));
#10755=CARTESIAN_POINT('Ctrl Pts',(-57.8435510290828,18.2239141887714,0.699649945541205));
#10756=CARTESIAN_POINT('Ctrl Pts',(-57.9652332776925,18.1131186654475,0.763529982510296));
#10757=CARTESIAN_POINT('Ctrl Pts',(-57.9378511726552,18.1115189372729,0.758226563905831));
#10758=CARTESIAN_POINT('Ctrl Pts',(-57.872161190334,18.1219100862371,0.74566263250703));
#10759=CARTESIAN_POINT('Ctrl Pts',(-57.8169900216255,18.1671973036672,0.735389631151258));
#10760=CARTESIAN_POINT('Ctrl Pts',(-57.7959628791938,18.2011390280834,0.731494178430949));
#10761=CARTESIAN_POINT('Ctrl Pts',(-57.9557258140179,18.1,0.799557614403961));
#10762=CARTESIAN_POINT('Ctrl Pts',(-57.9262078551661,18.0991405610852,0.795117758181223));
#10763=CARTESIAN_POINT('Ctrl Pts',(-57.8563689856404,18.1124625797728,0.784733858265289));
#10764=CARTESIAN_POINT('Ctrl Pts',(-57.7998049760083,18.1614797579868,0.776526816974442));
#10765=CARTESIAN_POINT('Ctrl Pts',(-57.7784132647592,18.1971970625237,0.773436979951137));
#10766=CARTESIAN_POINT('Ctrl Pts',(-57.9500000689863,18.1,0.821254782163522));
#10767=CARTESIAN_POINT('Ctrl Pts',(-57.9203887901812,18.1,0.817347667779358));
#10768=CARTESIAN_POINT('Ctrl Pts',(-57.8512023511721,18.1154774587171,0.808297241239734));
#10769=CARTESIAN_POINT('Ctrl Pts',(-57.7970472090357,18.1649221207676,0.80134757318464));
#10770=CARTESIAN_POINT('Ctrl Pts',(-57.7767949835018,18.2000000081885,0.798759013079317));
#10771=CARTESIAN_POINT('',(-57.8881643185746,18.2500000032356,0.701874514847378));
#10772=CARTESIAN_POINT('',(-57.7767949835018,18.2000000081885,0.798759013079315));
#10773=CARTESIAN_POINT('Origin',(-57.863397526244,18.2500000040943,0.798759013079316));
#10774=CARTESIAN_POINT('Ctrl Pts',(-57.7767949835018,18.2000000081885,0.798759013079317));
#10775=CARTESIAN_POINT('Ctrl Pts',(-57.7970472090357,18.1649221207676,0.80134757318464));
#10776=CARTESIAN_POINT('Ctrl Pts',(-57.8512023511721,18.1154774587171,0.808297241239734));
#10777=CARTESIAN_POINT('Ctrl Pts',(-57.9203887901812,18.1,0.817347667779358));
#10778=CARTESIAN_POINT('Ctrl Pts',(-57.9500000689863,18.1,0.821254782163522));
#10779=CARTESIAN_POINT('Ctrl Pts',(-57.9755159264769,18.2,0.724564860162733));
#10780=CARTESIAN_POINT('Ctrl Pts',(-57.9605822265371,18.2,0.72062395141456));
#10781=CARTESIAN_POINT('Ctrl Pts',(-57.9256897949447,18.2077387293586,0.711495243724491));
#10782=CARTESIAN_POINT('Ctrl Pts',(-57.8983780179631,18.2324610603838,0.704485464910177));
#10783=CARTESIAN_POINT('Ctrl Pts',(-57.8881643199588,18.2500000040943,0.701874515201208));
#10784=CARTESIAN_POINT('Ctrl Pts',(-57.8881643217146,18.250000001079,0.701874515650072));
#10785=CARTESIAN_POINT('Ctrl Pts',(-57.880379934005,18.2633673364775,0.699884575784064));
#10786=CARTESIAN_POINT('Ctrl Pts',(-57.8757354970271,18.2786486614635,0.698704550046261));
#10787=CARTESIAN_POINT('Ctrl Pts',(-57.8748220483215,18.2941783952741,0.698472191867761));
#10788=CARTESIAN_POINT('Ctrl Pts',(-57.8740001155411,18.241287897818,0.698253688992111));
#10789=CARTESIAN_POINT('Ctrl Pts',(-57.8647380465779,18.2568568030559,0.695895552251892));
#10790=CARTESIAN_POINT('Ctrl Pts',(-57.8591552879207,18.2748314831469,0.694485625532462));
#10791=CARTESIAN_POINT('Ctrl Pts',(-57.8580590126943,18.2931376068473,0.694208100845765));
#10792=CARTESIAN_POINT('Ctrl Pts',(-57.8435510301749,18.2239141830939,0.699649944760872));
#10793=CARTESIAN_POINT('Ctrl Pts',(-57.8312996065403,18.243877984189,0.696747727389973));
#10794=CARTESIAN_POINT('Ctrl Pts',(-57.8238274355261,18.2672160664488,0.694992232630702));
#10795=CARTESIAN_POINT('Ctrl Pts',(-57.8223616014374,18.2910624303013,0.694647378061489));
#10796=CARTESIAN_POINT('Ctrl Pts',(-57.7959628791644,18.20113901984,0.731494177039664));
#10797=CARTESIAN_POINT('Ctrl Pts',(-57.7799370060091,18.227007761986,0.728525250975009));
#10798=CARTESIAN_POINT('Ctrl Pts',(-57.7701210505031,18.2573708213325,0.726721660611974));
#10799=CARTESIAN_POINT('Ctrl Pts',(-57.7681996628146,18.2883745174318,0.726367937260006));
#10800=CARTESIAN_POINT('Ctrl Pts',(-57.7784132684317,18.1971970563882,0.773436980481618));
#10801=CARTESIAN_POINT('Ctrl Pts',(-57.762109538496,18.2244190599573,0.771082055818266));
#10802=CARTESIAN_POINT('Ctrl Pts',(-57.7522954514944,18.2558589697571,0.769674199159104));
#10803=CARTESIAN_POINT('Ctrl Pts',(-57.7503616729743,18.2879725746038,0.769396477420202));
#10804=CARTESIAN_POINT('Ctrl Pts',(-57.7767949869834,18.2000000021581,0.798759013524327));
#10805=CARTESIAN_POINT('Ctrl Pts',(-57.7613597180463,18.226734672955,0.796786137933715));
#10806=CARTESIAN_POINT('Ctrl Pts',(-57.7521504987103,18.257297322927,0.795616231237454));
#10807=CARTESIAN_POINT('Ctrl Pts',(-57.7503392674411,18.2883567905481,0.79538586559351));
#10808=CARTESIAN_POINT('',(-57.7525316844961,18.268278759059,0.795664770329759));
#10809=CARTESIAN_POINT('',(-57.8662092342915,18.2481795279977,0.698420288741236));
#10810=CARTESIAN_POINT('Ctrl Pts',(-57.7525446251198,18.26828377626,0.795666290452883));
#10811=CARTESIAN_POINT('Ctrl Pts',(-57.7515677642473,18.2743273437137,0.794633355421463));
#10812=CARTESIAN_POINT('Ctrl Pts',(-57.7510495631664,18.2793952831436,0.793797607723884));
#10813=CARTESIAN_POINT('Ctrl Pts',(-57.7507763530214,18.2827916603279,0.792933440358178));
#10814=CARTESIAN_POINT('Ctrl Pts',(-57.7507171314371,18.2835278659244,0.792746121689932));
#10815=CARTESIAN_POINT('Ctrl Pts',(-57.7506694304958,18.2841857246707,0.792557452027187));
#10816=CARTESIAN_POINT('Ctrl Pts',(-57.7506314563756,18.2847584347229,0.792365158728276));
#10817=CARTESIAN_POINT('Ctrl Pts',(-57.7505600090017,18.2858359746121,0.792003363611823));
#10818=CARTESIAN_POINT('Ctrl Pts',(-57.7505219427712,18.2866143019986,0.791627937996761));
#10819=CARTESIAN_POINT('Ctrl Pts',(-57.7505051961752,18.2871625902477,0.791201643134799));
#10820=CARTESIAN_POINT('Ctrl Pts',(-57.7505001445216,18.2873279828005,0.791073050199258));
#10821=CARTESIAN_POINT('Ctrl Pts',(-57.7504967851904,18.2874833632099,0.79093128424497));
#10822=CARTESIAN_POINT('Ctrl Pts',(-57.7504957848144,18.2876217296169,0.790773699659273));
#10823=CARTESIAN_POINT('Ctrl Pts',(-57.7504955703469,18.28765139356,0.790739915590636));
#10824=CARTESIAN_POINT('Ctrl Pts',(-57.7504954646136,18.2876802412774,0.790705445232041));
#10825=CARTESIAN_POINT('Ctrl Pts',(-57.7504954734896,18.2877082227272,0.790670255969513));
#10826=CARTESIAN_POINT('Ctrl Pts',(-57.7504954819157,18.2877347858967,0.790636850325655));
#10827=CARTESIAN_POINT('Ctrl Pts',(-57.7504955936164,18.2877605386141,0.790602834269733));
#10828=CARTESIAN_POINT('Ctrl Pts',(-57.7504958131112,18.2877854470862,0.790568179652804));
#10829=CARTESIAN_POINT('Ctrl Pts',(-57.7504973866077,18.2879640089872,0.790319750353096));
#10830=CARTESIAN_POINT('Ctrl Pts',(-57.75050437915,18.2880904949493,0.790050572613159));
#10831=CARTESIAN_POINT('Ctrl Pts',(-57.7505171738516,18.2881686223005,0.789755163061689));
#10832=CARTESIAN_POINT('Ctrl Pts',(-57.7505310522681,18.2882533670608,0.789434732236236));
#10833=CARTESIAN_POINT('Ctrl Pts',(-57.7505510264562,18.2882759356943,0.789102455548501));
#10834=CARTESIAN_POINT('Ctrl Pts',(-57.7505747631493,18.288261035636,0.788772978167126));
#10835=CARTESIAN_POINT('Ctrl Pts',(-57.7506093699359,18.2882393121746,0.788292618357646));
#10836=CARTESIAN_POINT('Ctrl Pts',(-57.7506570963453,18.2881348644686,0.787741165610742));
#10837=CARTESIAN_POINT('Ctrl Pts',(-57.7507257649028,18.2879391561404,0.787089142959732));
#10838=CARTESIAN_POINT('Ctrl Pts',(-57.7508529226196,18.2875767512045,0.785881753221821));
#10839=CARTESIAN_POINT('Ctrl Pts',(-57.7510403205612,18.2869511676135,0.784489958203565));
#10840=CARTESIAN_POINT('Ctrl Pts',(-57.7512502923701,18.2863181725137,0.78319374313475));
#10841=CARTESIAN_POINT('Ctrl Pts',(-57.751276223032,18.2862400002007,0.783033665860683));
#10842=CARTESIAN_POINT('Ctrl Pts',(-57.7513024315803,18.2861617164338,0.782875038580995));
#10843=CARTESIAN_POINT('Ctrl Pts',(-57.7513287904612,18.2860838036941,0.782718381372953));
#10844=CARTESIAN_POINT('Ctrl Pts',(-57.7517543451467,18.2848259304318,0.78018920689012));
#10845=CARTESIAN_POINT('Ctrl Pts',(-57.7524084735587,18.2830789526083,0.777037002753622));
#10846=CARTESIAN_POINT('Ctrl Pts',(-57.7534649483845,18.2810123485585,0.773382273414384));
#10847=CARTESIAN_POINT('Ctrl Pts',(-57.7552393815648,18.2775413233085,0.767243865905017));
#10848=CARTESIAN_POINT('Ctrl Pts',(-57.7576895512461,18.2740932611719,0.761278433912064));
#10849=CARTESIAN_POINT('Ctrl Pts',(-57.7607938660061,18.2708281481669,0.755503343294529));
#10850=CARTESIAN_POINT('Ctrl Pts',(-57.7643538575895,18.2670837550512,0.748880537432155));
#10851=CARTESIAN_POINT('Ctrl Pts',(-57.7687287776185,18.2636122492392,0.742601943253391));
#10852=CARTESIAN_POINT('Ctrl Pts',(-57.7738540863811,18.2605165848287,0.736780762554506));
#10853=CARTESIAN_POINT('Ctrl Pts',(-57.7771636632279,18.2585176146724,0.733021838799063));
#10854=CARTESIAN_POINT('Ctrl Pts',(-57.7807869731278,18.2566752843469,0.729454086786682));
#10855=CARTESIAN_POINT('Ctrl Pts',(-57.7847127165932,18.2550202895745,0.726117725668768));
#10856=CARTESIAN_POINT('Ctrl Pts',(-57.7850981814349,18.2548577872858,0.725790131692834));
#10857=CARTESIAN_POINT('Ctrl Pts',(-57.7854865645425,18.2546970944746,0.725464776653136));
#10858=CARTESIAN_POINT('Ctrl Pts',(-57.7858778327609,18.2545382353246,0.72514168440314));
#10859=CARTESIAN_POINT('Ctrl Pts',(-57.7918993069825,18.2520934513333,0.720169413303116));
#10860=CARTESIAN_POINT('Ctrl Pts',(-57.7985338805475,18.25010873089,0.715786654700767));
#10861=CARTESIAN_POINT('Ctrl Pts',(-57.805631566312,18.2486374739541,0.712062152951247));
#10862=CARTESIAN_POINT('Ctrl Pts',(-57.8103513574072,18.2476591233177,0.709585448462684));
#10863=CARTESIAN_POINT('Ctrl Pts',(-57.8152765836728,18.2469076470071,0.707400641564376));
#10864=CARTESIAN_POINT('Ctrl Pts',(-57.8203646015422,18.246397729393,0.70554073847789));
#10865=CARTESIAN_POINT('Ctrl Pts',(-57.8248097055259,18.2459522441616,0.703915849801938));
#10866=CARTESIAN_POINT('Ctrl Pts',(-57.8293545014292,18.2456937806758,0.702548016050959));
#10867=CARTESIAN_POINT('Ctrl Pts',(-57.8339672787863,18.2456271888796,0.701457421616146));
#10868=CARTESIAN_POINT('Ctrl Pts',(-57.8370381152073,18.2455828571252,0.700731386767354));
#10869=CARTESIAN_POINT('Ctrl Pts',(-57.8401390925705,18.2456235577768,0.700128373777167));
#10870=CARTESIAN_POINT('Ctrl Pts',(-57.8432601645734,18.2457496875761,0.699650692091811));
#10871=CARTESIAN_POINT('Ctrl Pts',(-57.8509023857271,18.2460585275576,0.698481046188991));
#10872=CARTESIAN_POINT('Ctrl Pts',(-57.858608165419,18.2468784199169,0.698068179780274));
#10873=CARTESIAN_POINT('Ctrl Pts',(-57.8662232330031,18.2481904420473,0.698443757880363));
#10874=CARTESIAN_POINT('Ctrl Pts',(-57.7525450756648,18.2682809889106,0.795666347755015));
#10875=CARTESIAN_POINT('Ctrl Pts',(-57.7564313742512,18.2442390247118,0.796160622943865));
#10876=CARTESIAN_POINT('Ctrl Pts',(-57.7647025171216,18.2209447749505,0.797213401412361));
#10877=CARTESIAN_POINT('Ctrl Pts',(-57.7767949869834,18.2000000021581,0.798759013524327));
#10878=CARTESIAN_POINT('Ctrl Pts',(-57.8662232330033,18.2481904420474,0.698443757880371));
#10879=CARTESIAN_POINT('Ctrl Pts',(-57.8709173146391,18.2490035625512,0.698674878446296));
#10880=CARTESIAN_POINT('Ctrl Pts',(-57.8755961473284,18.2495227704917,0.69925081242882));
#10881=CARTESIAN_POINT('Ctrl Pts',(-57.8802696763411,18.2497850814812,0.700123868158596));
#10882=CARTESIAN_POINT('Ctrl Pts',(-57.8829012102717,18.2499327814885,0.700615461506998));
#10883=CARTESIAN_POINT('Ctrl Pts',(-57.8855313871059,18.2500000040921,0.70120145288201));
#10884=CARTESIAN_POINT('Ctrl Pts',(-57.8881643199603,18.2500000040916,0.70187451520161));
#10885=CARTESIAN_POINT('Origin',(-55.0000000689863,18.25,12.));
#10886=CARTESIAN_POINT('',(-55.0000000689863,18.25,23.6614378277662));
#10887=CARTESIAN_POINT('',(-55.0000000689863,18.25,23.6614378277662));
#10888=CARTESIAN_POINT('Origin',(-55.0000000689863,18.25,12.));
#10889=CARTESIAN_POINT('Origin',(-50.4987926988305,18.25,23.6614378277661));
#10890=CARTESIAN_POINT('',(-50.4987926988305,18.25,23.6614378277662));
#10891=CARTESIAN_POINT('',(-50.4987926988305,18.25,23.6614378277662));
#10892=CARTESIAN_POINT('',(-49.0000000172466,18.25,23.6614378277661));
#10893=CARTESIAN_POINT('Origin',(-55.0000000689863,18.25,12.));
#10894=CARTESIAN_POINT('',(-49.953177075834,18.1,23.4358898943541));
#10895=CARTESIAN_POINT('Origin',(-55.0000000689863,18.1,12.));
#10896=CARTESIAN_POINT('Ctrl Pts',(-50.4987926988305,18.25,23.6614378277662));
#10897=CARTESIAN_POINT('Ctrl Pts',(-50.3210194544558,18.1894838788314,23.592818996228));
#10898=CARTESIAN_POINT('Ctrl Pts',(-50.136924494248,18.1392738651758,23.5169802777656));
#10899=CARTESIAN_POINT('Ctrl Pts',(-49.9531770758314,18.0999999999994,23.4358898943529));
#10900=CARTESIAN_POINT('Ctrl Pts',(-52.0500000689863,18.1,0.438562172233854));
#10901=CARTESIAN_POINT('Ctrl Pts',(-52.1654701228242,18.1,0.438562172233854));
#10902=CARTESIAN_POINT('Ctrl Pts',(-52.2232051497432,18.2,0.438562172233854));
#10903=CARTESIAN_POINT('Ctrl Pts',(-52.0500000689863,18.1,0.338562172233851));
#10904=CARTESIAN_POINT('Ctrl Pts',(-52.1654701228242,18.1,0.338562172233851));
#10905=CARTESIAN_POINT('Ctrl Pts',(-52.2232051497432,18.2,0.338562172233851));
#10906=CARTESIAN_POINT('Ctrl Pts',(-52.0500000689863,18.2,0.338562172233854));
#10907=CARTESIAN_POINT('Ctrl Pts',(-52.1077350959053,18.2,0.338562172233854));
#10908=CARTESIAN_POINT('Ctrl Pts',(-52.1366026093648,18.25,0.338562172233854));
#10909=CARTESIAN_POINT('',(-52.0500000689863,18.2,0.338562172233854));
#10910=CARTESIAN_POINT('',(-52.0500000689863,18.1,0.438562172233854));
#10911=CARTESIAN_POINT('Origin',(-52.0500000689863,18.2,0.438562172233854));
#10912=CARTESIAN_POINT('',(-52.2232051497432,18.2,0.438562172233854));
#10913=CARTESIAN_POINT('Origin',(-52.0500000689863,18.3,0.438562172233854));
#10914=CARTESIAN_POINT('Origin',(-52.1366026093648,18.25,0.438562172233854));
#10915=CARTESIAN_POINT('Origin',(-52.0500000689863,18.3,0.338562172233854));
#10916=CARTESIAN_POINT('Origin',(-55.0000000689863,18.2,0.438562172233854));
#10917=CARTESIAN_POINT('',(-50.4987926988305,18.2,0.338562172233854));
#10918=CARTESIAN_POINT('',(-50.2478263185119,18.1,0.438562172233854));
#10919=CARTESIAN_POINT('Ctrl Pts',(-50.4987926988305,18.2,0.338562172233854));
#10920=CARTESIAN_POINT('Ctrl Pts',(-50.4987926988305,18.1955876903949,0.338562172233854));
#10921=CARTESIAN_POINT('Ctrl Pts',(-50.4979694123289,18.1908865338274,0.338879845649711));
#10922=CARTESIAN_POINT('Ctrl Pts',(-50.4948411939634,18.1820202329361,0.340088084244814));
#10923=CARTESIAN_POINT('Ctrl Pts',(-50.4925425070459,18.1778525692002,0.340976319582105));
#10924=CARTESIAN_POINT('Ctrl Pts',(-50.4812168720397,18.1613768134489,0.345357613485541));
#10925=CARTESIAN_POINT('Ctrl Pts',(-50.4663241614224,18.1506074744602,0.35113805358672));
#10926=CARTESIAN_POINT('Ctrl Pts',(-50.3938525036828,18.1096728802524,0.379438539189364));
#10927=CARTESIAN_POINT('Ctrl Pts',(-50.3142887595163,18.1,0.411243678441082));
#10928=CARTESIAN_POINT('Ctrl Pts',(-50.2478263185119,18.1,0.438562172233856));
#10929=CARTESIAN_POINT('',(-55.0000000689863,18.1,0.438562172233854));
#10930=CARTESIAN_POINT('',(-55.0000000689863,18.2,0.338562172233854));
#10931=CARTESIAN_POINT('Ctrl Pts',(-52.2232051497432,18.2,0.438562172233936));
#10932=CARTESIAN_POINT('Ctrl Pts',(-52.2469046991716,18.2410488237266,0.438562172233936));
#10933=CARTESIAN_POINT('Ctrl Pts',(-52.2496615055174,18.2883676845668,0.438562172233936));
#10934=CARTESIAN_POINT('Ctrl Pts',(-52.2232051497433,18.2,0.338562172233851));
#10935=CARTESIAN_POINT('Ctrl Pts',(-52.2469046991717,18.2410488237265,0.338562172233851));
#10936=CARTESIAN_POINT('Ctrl Pts',(-52.2496615055175,18.2883676845668,0.338562172233851));
#10937=CARTESIAN_POINT('Ctrl Pts',(-52.1366026093648,18.25,0.338562172233854));
#10938=CARTESIAN_POINT('Ctrl Pts',(-52.148452384079,18.2705244118633,0.338562172233854));
#10939=CARTESIAN_POINT('Ctrl Pts',(-52.1498307872519,18.2941838422834,0.338562172233854));
#10940=CARTESIAN_POINT('',(-52.2473578909737,18.2675979923402,0.438562172233854));
#10941=CARTESIAN_POINT('Origin',(-52.0500000689863,18.3,0.438562172233854));
#10942=CARTESIAN_POINT('Ctrl Pts',(-52.1500000688141,18.2493532828983,0.339296203957854));
#10943=CARTESIAN_POINT('Ctrl Pts',(-52.1600800420194,18.2483398598462,0.340447586278239));
#10944=CARTESIAN_POINT('Ctrl Pts',(-52.1699880225197,18.2481980543022,0.342921038019204));
#10945=CARTESIAN_POINT('Ctrl Pts',(-52.1921069746576,18.2498280366023,0.35141347286861));
#10946=CARTESIAN_POINT('Ctrl Pts',(-52.2036731419016,18.2522656799842,0.358271614347342));
#10947=CARTESIAN_POINT('Ctrl Pts',(-52.2241224929512,18.2597834914248,0.375426009191961));
#10948=CARTESIAN_POINT('Ctrl Pts',(-52.2325972569083,18.2649542703062,0.385749506807913));
#10949=CARTESIAN_POINT('Ctrl Pts',(-52.2418868275209,18.2740134275704,0.402794844710005));
#10950=CARTESIAN_POINT('Ctrl Pts',(-52.2443937932013,18.2773114169148,0.408819963447488));
#10951=CARTESIAN_POINT('Ctrl Pts',(-52.2469622217355,18.2819878772947,0.417445411403267));
#10952=CARTESIAN_POINT('Ctrl Pts',(-52.2475834845328,18.2833315474771,0.41993140216083));
#10953=CARTESIAN_POINT('Ctrl Pts',(-52.2483791623468,18.2853435708898,0.423822803070278));
#10954=CARTESIAN_POINT('Ctrl Pts',(-52.2486380255229,18.2860784511818,0.425281366680382));
#10955=CARTESIAN_POINT('Ctrl Pts',(-52.2490455998005,18.2873174525352,0.427988801839103));
#10956=CARTESIAN_POINT('Ctrl Pts',(-52.2491991636432,18.2878292090221,0.429239833103961));
#10957=CARTESIAN_POINT('Ctrl Pts',(-52.2493709880268,18.2882981231822,0.43097476007225));
#10958=CARTESIAN_POINT('Ctrl Pts',(-52.2494152234999,18.2883812033439,0.431526735323016));
#10959=CARTESIAN_POINT('Ctrl Pts',(-52.2494703772201,18.2883788196969,0.432366494148305));
#10960=CARTESIAN_POINT('Ctrl Pts',(-52.2494889027323,18.2883280389572,0.432723332681223));
#10961=CARTESIAN_POINT('Ctrl Pts',(-52.249510461184,18.2880793644797,0.433380230570809));
#10962=CARTESIAN_POINT('Ctrl Pts',(-52.249513433815,18.2878984539287,0.433656592972346));
#10963=CARTESIAN_POINT('Ctrl Pts',(-52.2495073717083,18.2874062288504,0.434177855626954));
#10964=CARTESIAN_POINT('Ctrl Pts',(-52.2494966390925,18.2870697923272,0.434426652785593));
#10965=CARTESIAN_POINT('Ctrl Pts',(-52.2494376899278,18.2857717604668,0.435139751331478));
#10966=CARTESIAN_POINT('Ctrl Pts',(-52.2493625394066,18.2844891677343,0.435565330463093));
#10967=CARTESIAN_POINT('Ctrl Pts',(-52.249000238639,18.2800360271662,0.436595627796205));
#10968=CARTESIAN_POINT('Ctrl Pts',(-52.2486584250851,18.2765858271768,0.43716218716476));
#10969=CARTESIAN_POINT('Ctrl Pts',(-52.2478869997217,18.2709664480006,0.438043754572015));
#10970=CARTESIAN_POINT('Ctrl Pts',(-52.2476388842321,18.2693094979371,0.438298654247147));
#10971=CARTESIAN_POINT('Ctrl Pts',(-52.2473578909737,18.2675979923402,0.438562172233936));
#10972=CARTESIAN_POINT('Origin',(-52.2500000689863,18.1,9.83493649053892));
#10973=CARTESIAN_POINT('',(-52.2500000689863,19.,0.1));
#10974=CARTESIAN_POINT('',(-52.2500000689863,18.3,0.434314575050763));
#10975=CARTESIAN_POINT('Origin',(-52.2500000689863,19.,1.));
#10976=CARTESIAN_POINT('',(-52.2500000689863,18.3,8.6018387324899));
#10977=CARTESIAN_POINT('',(-52.2500000689863,18.3,10.9174682452695));
#10978=CARTESIAN_POINT('',(-52.2500000689863,19.1,9.76672885658728));
#10979=CARTESIAN_POINT('Ctrl Pts',(-52.2500000689863,19.1,9.76672885658728));
#10980=CARTESIAN_POINT('Ctrl Pts',(-52.2500000689863,18.9529303649206,9.76672885658728));
#10981=CARTESIAN_POINT('Ctrl Pts',(-52.2500000689863,18.6785306943064,9.62135455465724));
#10982=CARTESIAN_POINT('Ctrl Pts',(-52.2500000689863,18.3866672218708,9.18802031336559));
#10983=CARTESIAN_POINT('Ctrl Pts',(-52.2500000689863,18.2999999999999,8.82244318510894));
#10984=CARTESIAN_POINT('Ctrl Pts',(-52.2500000689863,18.3,8.6018387324899));
#10985=CARTESIAN_POINT('',(-52.2500000689863,19.9,9.76672885658728));
#10986=CARTESIAN_POINT('',(-52.2500000689863,18.1,9.76672885658728));
#10987=CARTESIAN_POINT('',(-52.2500000689863,19.9,0.1));
#10988=CARTESIAN_POINT('',(-52.2500000689863,19.9,9.37576441125382));
#10989=CARTESIAN_POINT('',(-52.2500000689863,9.05,0.1));
#10990=CARTESIAN_POINT('Origin',(-52.0500000689863,18.3,10.9174682452695));
#10991=CARTESIAN_POINT('Ctrl Pts',(-52.2473578909737,18.2675979923402,0.438562172233854));
#10992=CARTESIAN_POINT('Ctrl Pts',(-52.2490005017755,18.2776029924508,0.437021717156285));
#10993=CARTESIAN_POINT('Ctrl Pts',(-52.249887265672,18.2877631923411,0.43571136438993));
#10994=CARTESIAN_POINT('Ctrl Pts',(-52.2499967067655,18.2986609754885,0.434465740160159));
#10995=CARTESIAN_POINT('Ctrl Pts',(-52.2500000689863,18.2993304508496,0.43438985705959));
#10996=CARTESIAN_POINT('Ctrl Pts',(-52.2500000689863,18.3,0.434314575050762));
#10997=CARTESIAN_POINT('',(-52.0500000689865,18.1,8.60183873249009));
#10998=CARTESIAN_POINT('',(-52.0500000689863,18.1,10.9174682452695));
#10999=CARTESIAN_POINT('Origin',(-52.0500000689863,18.3,8.6018387324899));
#11000=CARTESIAN_POINT('Ctrl Pts',(-57.7500000689863,19.,0.446320932274431));
#11001=CARTESIAN_POINT('Ctrl Pts',(-57.7500000689863,18.7232071461895,0.446320932274431));
#11002=CARTESIAN_POINT('Ctrl Pts',(-57.7500000689863,18.4514734820093,0.586966434344632));
#11003=CARTESIAN_POINT('Ctrl Pts',(-57.7500000689863,18.2862151673048,0.8090139007926));
#11004=CARTESIAN_POINT('Ctrl Pts',(-57.7500000689863,19.,0.42905766723211));
#11005=CARTESIAN_POINT('Ctrl Pts',(-57.7500000689863,18.7177351317552,0.42905766723211));
#11006=CARTESIAN_POINT('Ctrl Pts',(-57.7499977395948,18.4408177869743,0.57291130730326));
#11007=CARTESIAN_POINT('Ctrl Pts',(-57.7500000689863,18.2730613071208,0.799224170692794));
#11008=CARTESIAN_POINT('Ctrl Pts',(-57.7591559314844,19.,0.394636026202695));
#11009=CARTESIAN_POINT('Ctrl Pts',(-57.7591559314844,18.7068155772583,0.394636026202694));
#11010=CARTESIAN_POINT('Ctrl Pts',(-57.7587997102295,18.4195693428657,0.544871335735964));
#11011=CARTESIAN_POINT('Ctrl Pts',(-57.758246145704,18.2468209507258,0.779694845974742));
#11012=CARTESIAN_POINT('Ctrl Pts',(-57.8029429220061,19.,0.349937182184603));
#11013=CARTESIAN_POINT('Ctrl Pts',(-57.8029429220061,18.6926768040729,0.349937182184602));
#11014=CARTESIAN_POINT('Ctrl Pts',(-57.8010323026688,18.3917455056883,0.50780159492591));
#11015=CARTESIAN_POINT('Ctrl Pts',(-57.7980179487357,18.2116191025246,0.753495951651526));
#11016=CARTESIAN_POINT('Ctrl Pts',(-57.8488083600838,19.,0.343029473045149));
#11017=CARTESIAN_POINT('Ctrl Pts',(-57.8488083600838,18.6904230227365,0.343029473045149));
#11018=CARTESIAN_POINT('Ctrl Pts',(-57.8457488272747,18.3870253783074,0.500652712394394));
#11019=CARTESIAN_POINT('Ctrl Pts',(-57.8407160549339,18.203939795125,0.747780644833306));
#11020=CARTESIAN_POINT('Ctrl Pts',(-57.8739496488183,19.,0.349231192209514));
#11021=CARTESIAN_POINT('Ctrl Pts',(-57.8739496488183,18.6924523846551,0.349231192209514));
#11022=CARTESIAN_POINT('Ctrl Pts',(-57.8706525439468,18.3905260911214,0.504699980523601));
#11023=CARTESIAN_POINT('Ctrl Pts',(-57.8650321395892,18.2069057414498,0.749988043543952));
#11024=CARTESIAN_POINT('',(-57.8662575075797,18.2500000000036,0.69629704448092));
#11025=CARTESIAN_POINT('Ctrl Pts',(-57.8662554677474,18.2501064504664,0.696413976591302));
#11026=CARTESIAN_POINT('Ctrl Pts',(-57.8711279278614,18.4357836475837,0.482284144790885));
#11027=CARTESIAN_POINT('Ctrl Pts',(-57.8739496488183,18.7154864102278,0.349231192209514));
#11028=CARTESIAN_POINT('Ctrl Pts',(-57.8739496488183,19.,0.349231192209514));
#11029=CARTESIAN_POINT('',(-57.7500000689863,19.,0.446320932274431));
#11030=CARTESIAN_POINT('Origin',(-57.8500000689863,19.,0.446320932274431));
#11031=CARTESIAN_POINT('',(-57.7500000690765,18.4167384379875,0.66745252816296));
#11032=CARTESIAN_POINT('Ctrl Pts',(-57.7500000689863,19.,0.446320932274431));
#11033=CARTESIAN_POINT('Ctrl Pts',(-57.7500000689863,18.787509493003,0.446320932178402));
#11034=CARTESIAN_POINT('Ctrl Pts',(-57.7500000689863,18.5780005920884,0.529209601179056));
#11035=CARTESIAN_POINT('Ctrl Pts',(-57.7500000689863,18.4173572834361,0.668183226141115));
#11036=CARTESIAN_POINT('',(-57.7500000689863,18.3,0.790959927429846));
#11037=CARTESIAN_POINT('Ctrl Pts',(-57.7500047203834,18.4167384677202,0.66745256253281));
#11038=CARTESIAN_POINT('Ctrl Pts',(-57.750004675764,18.3738036684428,0.704600646283967));
#11039=CARTESIAN_POINT('Ctrl Pts',(-57.7500046328639,18.33435747356,0.745750747459872));
#11040=CARTESIAN_POINT('Ctrl Pts',(-57.7500045957821,18.2992744226224,0.790391622300905));
#11041=CARTESIAN_POINT('Ctrl Pts',(-57.7500000689863,18.3000142054198,0.790975316253879));
#11042=CARTESIAN_POINT('Ctrl Pts',(-57.7500000660738,18.2996394405625,0.79102364945666));
#11043=CARTESIAN_POINT('Ctrl Pts',(-57.7500011385074,18.2992647143578,0.79107218297267));
#11044=CARTESIAN_POINT('Ctrl Pts',(-57.7500032837421,18.2988900312145,0.791120921034738));
#11045=CARTESIAN_POINT('Ctrl Pts',(-57.750062242118,18.2885924586644,0.792460409450574));
#11046=CARTESIAN_POINT('Ctrl Pts',(-57.7509280700741,18.2783649486653,0.793949141877596));
#11047=CARTESIAN_POINT('Ctrl Pts',(-57.7525507957532,18.2682913373116,0.795674131665294));
#11048=CARTESIAN_POINT('Ctrl Pts',(-57.8662323155356,18.2501160019092,0.69639706247638));
#11049=CARTESIAN_POINT('Ctrl Pts',(-57.8662162924434,18.2495053178105,0.697101304391741));
#11050=CARTESIAN_POINT('Ctrl Pts',(-57.8662002471717,18.2488956507596,0.697806423308061));
#11051=CARTESIAN_POINT('Ctrl Pts',(-57.8661841797479,18.2482870039301,0.69851241737622));
#11052=CARTESIAN_POINT('Origin',(-57.8500000689863,26.5,0.446320932274429));
#11053=CARTESIAN_POINT('',(-57.7500000689863,19.9,0.446320932274429));
#11054=CARTESIAN_POINT('Origin',(-57.8500000689863,19.9,0.446320932274429));
#11055=CARTESIAN_POINT('',(-57.7500000689863,26.5,0.446320932274429));
#11056=CARTESIAN_POINT('Ctrl Pts',(-57.8739496488182,19.9,0.349231192209509));
#11057=CARTESIAN_POINT('Ctrl Pts',(-57.8739496488182,19.9795751766503,0.349231192209509));
#11058=CARTESIAN_POINT('Ctrl Pts',(-57.8058973539824,20.1367614836465,0.332185532678437));
#11059=CARTESIAN_POINT('Ctrl Pts',(-57.6498085329402,20.2,0.295942832336647));
#11060=CARTESIAN_POINT('Ctrl Pts',(-57.5714286404149,20.2,0.278747716133707));
#11061=CARTESIAN_POINT('Ctrl Pts',(-57.8571887896619,19.9,0.345096712766601));
#11062=CARTESIAN_POINT('Ctrl Pts',(-57.8571887896619,19.974855728414,0.345096712766601));
#11063=CARTESIAN_POINT('Ctrl Pts',(-57.793870590262,20.1230726852462,0.329347877368464));
#11064=CARTESIAN_POINT('Ctrl Pts',(-57.646109419286,20.1845103500453,0.29512935588474));
#11065=CARTESIAN_POINT('Ctrl Pts',(-57.5714286404149,20.1850400349829,0.278747716133707));
#11066=CARTESIAN_POINT('Ctrl Pts',(-57.8215761817381,19.9,0.345742323997201));
#11067=CARTESIAN_POINT('Ctrl Pts',(-57.8215761817381,19.9654379403526,0.345742323997201));
#11068=CARTESIAN_POINT('Ctrl Pts',(-57.7678943688099,20.0957595738486,0.331953812674045));
#11069=CARTESIAN_POINT('Ctrl Pts',(-57.6371038212906,20.153593537863,0.30066505790636));
#11070=CARTESIAN_POINT('Ctrl Pts',(-57.5699619493404,20.1551761368597,0.285433282397461));
#11071=CARTESIAN_POINT('Ctrl Pts',(-57.7676914644182,19.9,0.377549834500346));
#11072=CARTESIAN_POINT('Ctrl Pts',(-57.7676914644182,19.9532436727799,0.377549834500346));
#11073=CARTESIAN_POINT('Ctrl Pts',(-57.7259755957759,20.0599168936102,0.36409494500198));
#11074=CARTESIAN_POINT('Ctrl Pts',(-57.6188483519347,20.1107677819473,0.333205056928842));
#11075=CARTESIAN_POINT('Ctrl Pts',(-57.5627931193547,20.1131187742183,0.318110707613708));
#11076=CARTESIAN_POINT('Ctrl Pts',(-57.7500000689863,19.9,0.420426034710949));
#11077=CARTESIAN_POINT('Ctrl Pts',(-57.7500000689863,19.9512998540126,0.420426034710949));
#11078=CARTESIAN_POINT('Ctrl Pts',(-57.7083241870439,20.0534384745991,0.40483308861607));
#11079=CARTESIAN_POINT('Ctrl Pts',(-57.6069153853499,20.0987369515157,0.370810498197821));
#11080=CARTESIAN_POINT('Ctrl Pts',(-57.5548086291704,20.1,0.354506127983862));
#11081=CARTESIAN_POINT('Ctrl Pts',(-57.7500000689863,19.9,0.446320932274429));
#11082=CARTESIAN_POINT('Ctrl Pts',(-57.7500000689863,19.9530501177668,0.446320932274429));
#11083=CARTESIAN_POINT('Ctrl Pts',(-57.7050099407337,20.0578409890977,0.429417319906116));
#11084=CARTESIAN_POINT('Ctrl Pts',(-57.6018178868225,20.1,0.393476642067175));
#11085=CARTESIAN_POINT('Ctrl Pts',(-57.5500000689863,20.1,0.376424818499259));
#11086=CARTESIAN_POINT('',(-57.5500000689863,20.1,0.376424818499259));
#11087=CARTESIAN_POINT('Origin',(-57.5500000689863,20.2,0.376424818499259));
#11088=CARTESIAN_POINT('Ctrl Pts',(-57.5500000689863,20.1,0.376424818499259));
#11089=CARTESIAN_POINT('Ctrl Pts',(-57.6018178868225,20.1,0.393476642067175));
#11090=CARTESIAN_POINT('Ctrl Pts',(-57.7050099407337,20.0578409890977,0.429417319906116));
#11091=CARTESIAN_POINT('Ctrl Pts',(-57.7500000689863,19.9530501177668,0.446320932274429));
#11092=CARTESIAN_POINT('Ctrl Pts',(-57.7500000689863,19.9,0.446320932274429));
#11093=CARTESIAN_POINT('Origin',(-55.0000000689863,20.2,12.));
#11094=CARTESIAN_POINT('',(-55.0000000689863,20.1,0.0999999999999988));
#11095=CARTESIAN_POINT('Origin',(-55.0000000689863,20.2,0.0999999999999988));
#11096=CARTESIAN_POINT('Origin',(-55.0000000689863,20.1,12.));
#11097=CARTESIAN_POINT('Origin',(-43.0000000517397,20.2,0.1));
#11098=CARTESIAN_POINT('',(-52.4500000689863,20.1,0.1));
#11099=CARTESIAN_POINT('Origin',(-52.4500000689863,20.2,0.1));
#11100=CARTESIAN_POINT('',(-43.0000000517397,20.1,0.1));
#11101=CARTESIAN_POINT('Origin',(-52.4500000689863,19.9,0.1));
#11102=CARTESIAN_POINT('Origin',(-52.1500000689863,19.9,0.1));
#11103=CARTESIAN_POINT('Origin',(-52.4500000689863,19.9,0.1));
#11104=CARTESIAN_POINT('Origin',(-52.1500000689863,9.05,0.1));
#11105=CARTESIAN_POINT('Origin',(-52.1500000689863,19.,0.1));
#11106=CARTESIAN_POINT('Origin',(-52.1500000689863,19.,1.));
#11107=CARTESIAN_POINT('Origin',(-55.0000000689863,19.,12.));
#11108=CARTESIAN_POINT('Origin',(-55.0000000689863,19.,23.));
#11109=CARTESIAN_POINT('Origin',(-57.9500000689863,18.3,7.16659233196873));
#11110=CARTESIAN_POINT('',(-57.7500000689863,18.3,8.60183873249077));
#11111=CARTESIAN_POINT('',(-57.7500000689863,18.3,7.16659233196873));
#11112=CARTESIAN_POINT('',(-57.9500000689863,18.1,8.60183873249077));
#11113=CARTESIAN_POINT('Origin',(-57.9500000689863,18.3,8.60183873249077));
#11114=CARTESIAN_POINT('',(-57.9500000689863,18.1,7.16659233196873));
#11115=CARTESIAN_POINT('Origin',(-57.5500000689863,19.9,5.62488849795309));
#11116=CARTESIAN_POINT('',(-57.5500000689863,20.1,9.76672885658728));
#11117=CARTESIAN_POINT('',(-57.5500000689863,20.1,5.62488849795309));
#11118=CARTESIAN_POINT('',(-57.7500000689863,19.9,9.76672885658728));
#11119=CARTESIAN_POINT('Origin',(-57.5500000689863,19.9,9.76672885658728));
#11120=CARTESIAN_POINT('',(-57.7500000689863,19.9,5.62488849795309));
#11121=CARTESIAN_POINT('Ctrl Pts',(-57.7500000689863,19.9,9.76672885658728));
#11122=CARTESIAN_POINT('Ctrl Pts',(-57.7500000689863,19.9,9.80992720853575));
#11123=CARTESIAN_POINT('Ctrl Pts',(-57.7644658719251,19.9000004470673,9.8530026030686));
#11124=CARTESIAN_POINT('Ctrl Pts',(-57.7905395142533,19.8999999999812,9.88744476889486));
#11125=CARTESIAN_POINT('Ctrl Pts',(-57.7500000689863,19.9523598775598,9.76672885658728));
#11126=CARTESIAN_POINT('Ctrl Pts',(-57.7500000689863,19.9523598775598,9.80983697705156));
#11127=CARTESIAN_POINT('Ctrl Pts',(-57.7645202383953,19.9523602503874,9.85307461711011));
#11128=CARTESIAN_POINT('Ctrl Pts',(-57.7905395142572,19.9523598775442,9.88744476889189));
#11129=CARTESIAN_POINT('Ctrl Pts',(-57.7065258155581,20.0565257465717,9.76672885658728));
#11130=CARTESIAN_POINT('Ctrl Pts',(-57.7065258155581,20.0565257465717,9.81933210231112));
#11131=CARTESIAN_POINT('Ctrl Pts',(-57.7241269528061,20.0565258772957,9.87174435818966));
#11132=CARTESIAN_POINT('Ctrl Pts',(-57.7558773714193,20.0565257465663,9.91368493971171));
#11133=CARTESIAN_POINT('Ctrl Pts',(-57.6023599465461,20.1,9.76672885658728));
#11134=CARTESIAN_POINT('Ctrl Pts',(-57.6023599465461,20.1,9.84179779199264));
#11135=CARTESIAN_POINT('Ctrl Pts',(-57.6275155000748,20.0999999975669,9.91670470422171));
#11136=CARTESIAN_POINT('Ctrl Pts',(-57.6728256351301,20.1,9.97655732926081));
#11137=CARTESIAN_POINT('Ctrl Pts',(-57.5500000689863,20.1,9.76672885658728));
#11138=CARTESIAN_POINT('Ctrl Pts',(-57.5500000689863,20.1,9.85312556048421));
#11139=CARTESIAN_POINT('Ctrl Pts',(-57.5789316748639,20.1,9.93927634954992));
#11140=CARTESIAN_POINT('Ctrl Pts',(-57.6310789595204,20.1,10.0081606812024));
#11141=CARTESIAN_POINT('',(-57.6310789595204,20.1,10.0081606812024));
#11142=CARTESIAN_POINT('',(-57.7905406095269,19.9,9.88744621569067));
#11143=CARTESIAN_POINT('Ctrl Pts',(-57.7905395142533,19.8999999999812,9.88744476889486));
#11144=CARTESIAN_POINT('Ctrl Pts',(-57.7905395142572,19.9523598775442,9.88744476889189));
#11145=CARTESIAN_POINT('Ctrl Pts',(-57.7558773714193,20.0565257465663,9.91368493971171));
#11146=CARTESIAN_POINT('Ctrl Pts',(-57.6728256351301,20.1,9.97655732926081));
#11147=CARTESIAN_POINT('Ctrl Pts',(-57.6310789595204,20.1,10.0081606812024));
#11148=CARTESIAN_POINT('Origin',(-57.9500000689863,19.9,9.76672885658728));
#11149=CARTESIAN_POINT('Ctrl Pts',(-57.5500000689863,20.1,9.76672885658728));
#11150=CARTESIAN_POINT('Ctrl Pts',(-57.5500000689863,20.1,9.85312556048421));
#11151=CARTESIAN_POINT('Ctrl Pts',(-57.5789316748639,20.1,9.93927634954992));
#11152=CARTESIAN_POINT('Ctrl Pts',(-57.6310789595204,20.1,10.0081606812024));
#11153=CARTESIAN_POINT('Origin',(-55.0000000689863,20.1,8.91659233196873));
#11154=CARTESIAN_POINT('',(-52.4500000689863,20.1,9.90536399343468));
#11155=CARTESIAN_POINT('',(-52.4500000689863,20.1,9.37576441125382));
#11156=CARTESIAN_POINT('Origin',(-55.0000000689863,20.1,12.));
#11157=CARTESIAN_POINT('Ctrl Pts',(-52.2094595284458,19.9,9.88744621569067));
#11158=CARTESIAN_POINT('Ctrl Pts',(-52.2094595284458,20.0067948012644,9.88744621569067));
#11159=CARTESIAN_POINT('Ctrl Pts',(-52.3243412077491,20.1007586185991,9.89702659073038));
#11160=CARTESIAN_POINT('Ctrl Pts',(-52.4488339306591,20.0999933745119,9.90528659958481));
#11161=CARTESIAN_POINT('Ctrl Pts',(-52.4494160444044,20.1,9.90532526855437));
#11162=CARTESIAN_POINT('Ctrl Pts',(-52.4500000689863,20.1,9.90536399343468));
#11163=CARTESIAN_POINT('Ctrl Pts',(-52.2355341634197,19.9,9.85300338800272));
#11164=CARTESIAN_POINT('Ctrl Pts',(-52.2355341634197,19.9989893121409,9.85300338800272));
#11165=CARTESIAN_POINT('Ctrl Pts',(-52.3309836394627,20.0998775408454,9.87486964024105));
#11166=CARTESIAN_POINT('Ctrl Pts',(-52.4489095511729,20.0999956946646,9.90508724984973));
#11167=CARTESIAN_POINT('Ctrl Pts',(-52.4494520953048,20.1,9.90522458386968));
#11168=CARTESIAN_POINT('Ctrl Pts',(-52.4500000689863,20.1,9.90536399343468));
#11169=CARTESIAN_POINT('Ctrl Pts',(-52.2500000689863,19.9,9.80992833538233));
#11170=CARTESIAN_POINT('Ctrl Pts',(-52.2500000689863,19.9989893121409,9.80992833538233));
#11171=CARTESIAN_POINT('Ctrl Pts',(-52.3386591871212,20.0998775408454,9.85343840323964));
#11172=CARTESIAN_POINT('Ctrl Pts',(-52.4489817434918,20.0999956946646,9.90488549197336));
#11173=CARTESIAN_POINT('Ctrl Pts',(-52.4494881462051,20.1,9.905123899185));
#11174=CARTESIAN_POINT('Ctrl Pts',(-52.4500000689863,20.1,9.90536399343468));
#11175=CARTESIAN_POINT('Ctrl Pts',(-52.2500000689863,19.9,9.76672885658728));
#11176=CARTESIAN_POINT('Ctrl Pts',(-52.2500000689863,20.0067948012644,9.76672885658728));
#11177=CARTESIAN_POINT('Ctrl Pts',(-52.3475963096459,20.1007586185991,9.83203008619363));
#11178=CARTESIAN_POINT('Ctrl Pts',(-52.44904974951,20.0999933745119,9.90468365824773));
#11179=CARTESIAN_POINT('Ctrl Pts',(-52.4495241971055,20.1,9.90502321450031));
#11180=CARTESIAN_POINT('Ctrl Pts',(-52.4500000689863,20.1,9.90536399343468));
#11181=CARTESIAN_POINT('',(-52.2094595284458,19.9,9.88744621569067));
#11182=CARTESIAN_POINT('Ctrl Pts',(-52.2094595284458,19.9,9.88744621569067));
#11183=CARTESIAN_POINT('Ctrl Pts',(-52.2094595284458,20.0067948012644,9.88744621569067));
#11184=CARTESIAN_POINT('Ctrl Pts',(-52.3243412077491,20.1007586185991,9.89702659073038));
#11185=CARTESIAN_POINT('Ctrl Pts',(-52.4488339306591,20.0999933745119,9.90528659958481));
#11186=CARTESIAN_POINT('Ctrl Pts',(-52.4494160444044,20.1,9.90532526855437));
#11187=CARTESIAN_POINT('Ctrl Pts',(-52.4500000689863,20.1,9.90536399343468));
#11188=CARTESIAN_POINT('Ctrl Pts',(-52.4500000689863,20.1,9.90536399343468));
#11189=CARTESIAN_POINT('Ctrl Pts',(-52.4495241971055,20.1,9.90502321450031));
#11190=CARTESIAN_POINT('Ctrl Pts',(-52.44904974951,20.0999933745119,9.90468365824773));
#11191=CARTESIAN_POINT('Ctrl Pts',(-52.3475963096459,20.1007586185991,9.83203008619363));
#11192=CARTESIAN_POINT('Ctrl Pts',(-52.2500000689863,20.0067948012644,9.76672885658728));
#11193=CARTESIAN_POINT('Ctrl Pts',(-52.2500000689863,19.9,9.76672885658728));
#11194=CARTESIAN_POINT('Origin',(-52.0500000689863,19.9,9.76672885658728));
#11195=CARTESIAN_POINT('Origin',(-52.0500000689863,18.1,9.76672885658728));
#11196=CARTESIAN_POINT('',(-52.2094595284458,19.1,9.88744621569067));
#11197=CARTESIAN_POINT('Origin',(-52.0500000689863,19.1,9.76672885658728));
#11198=CARTESIAN_POINT('',(-52.2094595284458,18.1,9.88744621569067));
#11199=CARTESIAN_POINT('Ctrl Pts',(-52.2500000689863,19.1,9.76672885658728));
#11200=CARTESIAN_POINT('Ctrl Pts',(-52.2500000689863,18.9529303649206,9.76672885658728));
#11201=CARTESIAN_POINT('Ctrl Pts',(-52.2500000689863,18.6785306943064,9.62135455465724));
#11202=CARTESIAN_POINT('Ctrl Pts',(-52.2500000689863,18.3866672218708,9.18802031336559));
#11203=CARTESIAN_POINT('Ctrl Pts',(-52.2500000689863,18.2999999999999,8.82244318510894));
#11204=CARTESIAN_POINT('Ctrl Pts',(-52.2500000689863,18.3,8.6018387324899));
#11205=CARTESIAN_POINT('Ctrl Pts',(-52.2500000689863,19.1,9.7883285959848));
#11206=CARTESIAN_POINT('Ctrl Pts',(-52.2500000689863,18.9463513892524,9.7883285959848));
#11207=CARTESIAN_POINT('Ctrl Pts',(-52.2498618960506,18.6594044139002,9.64245450062424));
#11208=CARTESIAN_POINT('Ctrl Pts',(-52.2499298278376,18.3497910948559,9.20467858643429));
#11209=CARTESIAN_POINT('Ctrl Pts',(-52.2498514893874,18.2522309119634,8.83069015505916));
#11210=CARTESIAN_POINT('Ctrl Pts',(-52.2500000689863,18.2476401224402,8.60183873248987));
#11211=CARTESIAN_POINT('Ctrl Pts',(-52.2429343629863,19.1,9.83152202822109));
#11212=CARTESIAN_POINT('Ctrl Pts',(-52.2429343629863,18.9331963418998,9.83152202822109));
#11213=CARTESIAN_POINT('Ctrl Pts',(-52.2391208138149,18.6210417838161,9.6846338115717));
#11214=CARTESIAN_POINT('Ctrl Pts',(-52.2265321202977,18.2760253612047,9.23791866040444));
#11215=CARTESIAN_POINT('Ctrl Pts',(-52.2145126133953,18.1568454620994,8.847045880183));
#11216=CARTESIAN_POINT('Ctrl Pts',(-52.2065294005086,18.1434706684777,8.6018387324898));
#11217=CARTESIAN_POINT('Ctrl Pts',(-52.2224968459327,19.1,9.87022480184669));
#11218=CARTESIAN_POINT('Ctrl Pts',(-52.2224968459327,18.9214062418188,9.87022480184669));
#11219=CARTESIAN_POINT('Ctrl Pts',(-52.2078200436386,18.5877459772945,9.71989715470001));
#11220=CARTESIAN_POINT('Ctrl Pts',(-52.1631167468243,18.2245499475345,9.25919489605461));
#11221=CARTESIAN_POINT('Ctrl Pts',(-52.125128234687,18.1073079106127,8.85395862851003));
#11222=CARTESIAN_POINT('Ctrl Pts',(-52.102359946546,18.1,8.60183873248978));
#11223=CARTESIAN_POINT('Ctrl Pts',(-52.2094595284458,19.1,9.88744621569067));
#11224=CARTESIAN_POINT('Ctrl Pts',(-52.2094595284458,18.9161629561508,9.88744621569067));
#11225=CARTESIAN_POINT('Ctrl Pts',(-52.1881226024772,18.5731633678831,9.73430249676118));
#11226=CARTESIAN_POINT('Ctrl Pts',(-52.1259366922389,18.2083340273385,9.26464821216999));
#11227=CARTESIAN_POINT('Ctrl Pts',(-52.0773021189081,18.0999999999998,8.85389293716585));
#11228=CARTESIAN_POINT('Ctrl Pts',(-52.0500000689862,18.1,8.60183873248978));
#11229=CARTESIAN_POINT('Ctrl Pts',(-52.0500000689862,18.1,8.60183873248978));
#11230=CARTESIAN_POINT('Ctrl Pts',(-52.0773021189081,18.0999999999998,8.85389293716585));
#11231=CARTESIAN_POINT('Ctrl Pts',(-52.1259366922389,18.2083340273385,9.26464821216999));
#11232=CARTESIAN_POINT('Ctrl Pts',(-52.1881226024772,18.5731633678831,9.73430249676118));
#11233=CARTESIAN_POINT('Ctrl Pts',(-52.2094595284458,18.9161629561508,9.88744621569067));
#11234=CARTESIAN_POINT('Ctrl Pts',(-52.2094595284458,19.1,9.88744621569067));
#11235=CARTESIAN_POINT('Origin',(-52.4500000689863,19.9,9.37576441125382));
#11236=CARTESIAN_POINT('Ctrl Pts',(-57.7500000689863,18.3,8.60183873249077));
#11237=CARTESIAN_POINT('Ctrl Pts',(-57.7500000689863,18.3,8.82244791414678));
#11238=CARTESIAN_POINT('Ctrl Pts',(-57.7500000689863,18.3866623929156,9.18801558284023));
#11239=CARTESIAN_POINT('Ctrl Pts',(-57.7500000689863,18.6785399998142,9.62136236904212));
#11240=CARTESIAN_POINT('Ctrl Pts',(-57.7500000689863,18.9529272122293,9.76672885658727));
#11241=CARTESIAN_POINT('Ctrl Pts',(-57.7500000689863,19.1,9.76672885658727));
#11242=CARTESIAN_POINT('Ctrl Pts',(-57.7500000689863,18.2476401224402,8.60183873249077));
#11243=CARTESIAN_POINT('Ctrl Pts',(-57.7501486517703,18.252231010375,8.83069506088504));
#11244=CARTESIAN_POINT('Ctrl Pts',(-57.7500703695162,18.3497859966194,9.20467378671855));
#11245=CARTESIAN_POINT('Ctrl Pts',(-57.7501382839133,18.6594142085735,9.64246242716298));
#11246=CARTESIAN_POINT('Ctrl Pts',(-57.7500000689863,18.9463480955294,9.7883285959848));
#11247=CARTESIAN_POINT('Ctrl Pts',(-57.7500000689863,19.1,9.7883285959848));
#11248=CARTESIAN_POINT('Ctrl Pts',(-57.7934738218948,18.1434737529085,8.60183873249077));
#11249=CARTESIAN_POINT('Ctrl Pts',(-57.7854904378742,18.1568488332422,8.8470511366221));
#11250=CARTESIAN_POINT('Ctrl Pts',(-57.7734694927851,18.2760209280778,9.23791368057154));
#11251=CARTESIAN_POINT('Ctrl Pts',(-57.7608802961126,18.6210536428852,9.68464192775381));
#11252=CARTESIAN_POINT('Ctrl Pts',(-57.7570659042673,18.9331927661756,9.83152198480463));
#11253=CARTESIAN_POINT('Ctrl Pts',(-57.7570659042673,19.1,9.83152198480463));
#11254=CARTESIAN_POINT('Ctrl Pts',(-57.8976401914265,18.1,8.60183873249077));
#11255=CARTESIAN_POINT('Ctrl Pts',(-57.874871415208,18.1073080672706,8.85396403313584));
#11256=CARTESIAN_POINT('Ctrl Pts',(-57.8368838648601,18.2245440355553,9.25918982973485));
#11257=CARTESIAN_POINT('Ctrl Pts',(-57.7921792918746,18.5877574325505,9.71990553526542));
#11258=CARTESIAN_POINT('Ctrl Pts',(-57.7775032920399,18.9214024133535,9.87022480184669));
#11259=CARTESIAN_POINT('Ctrl Pts',(-57.7775032920399,19.1,9.87022480184669));
#11260=CARTESIAN_POINT('Ctrl Pts',(-57.9500000689863,18.1,8.60183873249077));
#11261=CARTESIAN_POINT('Ctrl Pts',(-57.9226974337979,18.1,8.85389834038346));
#11262=CARTESIAN_POINT('Ctrl Pts',(-57.8740640950371,18.2083279911445,9.26464306336375));
#11263=CARTESIAN_POINT('Ctrl Pts',(-57.8118764351208,18.5731749997678,9.73431099240828));
#11264=CARTESIAN_POINT('Ctrl Pts',(-57.7905406095269,18.9161590152866,9.88744621569066));
#11265=CARTESIAN_POINT('Ctrl Pts',(-57.7905406095269,19.1,9.88744621569066));
#11266=CARTESIAN_POINT('',(-57.7500000689863,19.1,9.76672885658727));
#11267=CARTESIAN_POINT('',(-57.7905406095269,19.1,9.88744621569067));
#11268=CARTESIAN_POINT('Origin',(-57.9500000689863,19.1,9.76672885658727));
#11269=CARTESIAN_POINT('Ctrl Pts',(-57.7905406095269,19.1,9.88744621569066));
#11270=CARTESIAN_POINT('Ctrl Pts',(-57.7905406095269,18.9161590152866,9.88744621569066));
#11271=CARTESIAN_POINT('Ctrl Pts',(-57.8118764351208,18.5731749997678,9.73431099240828));
#11272=CARTESIAN_POINT('Ctrl Pts',(-57.8740640950371,18.2083279911445,9.26464306336375));
#11273=CARTESIAN_POINT('Ctrl Pts',(-57.9226974337979,18.1,8.85389834038346));
#11274=CARTESIAN_POINT('Ctrl Pts',(-57.9500000689863,18.1,8.60183873249077));
#11275=CARTESIAN_POINT('Ctrl Pts',(-57.7500000689863,18.3,8.60183873249077));
#11276=CARTESIAN_POINT('Ctrl Pts',(-57.7500000689863,18.3,8.82244791414678));
#11277=CARTESIAN_POINT('Ctrl Pts',(-57.7500000689863,18.3866623929156,9.18801558284023));
#11278=CARTESIAN_POINT('Ctrl Pts',(-57.7500000689863,18.6785399998142,9.62136236904212));
#11279=CARTESIAN_POINT('Ctrl Pts',(-57.7500000689863,18.9529272122293,9.76672885658727));
#11280=CARTESIAN_POINT('Ctrl Pts',(-57.7500000689863,19.1,9.76672885658727));
#11281=CARTESIAN_POINT('Origin',(-57.9500000689863,18.1,9.76672885658728));
#11282=CARTESIAN_POINT('',(-57.7905406095269,18.1,9.88744621569067));
#11283=CARTESIAN_POINT('',(-57.7500000689863,18.1,9.76672885658728));
#11284=CARTESIAN_POINT('Origin',(-57.7500000689863,18.1,2.33318466393746));
#11285=CARTESIAN_POINT('Origin',(-55.0000000689863,18.1,12.));
#11286=CARTESIAN_POINT('Origin',(-55.0000000689863,18.1,12.));
#11287=CARTESIAN_POINT('Origin',(-55.0000000689863,18.1,12.));
#11288=CARTESIAN_POINT('Origin',(-55.0000000689863,18.1,12.));
#11289=CARTESIAN_POINT('',(-58.1997475372921,18.1,7.05025253169417));
#11290=CARTESIAN_POINT('Origin',(-59.9497475372921,18.1,7.05025253169417));
#11291=CARTESIAN_POINT('',(-58.1997475372921,18.1,16.9497474683058));
#11292=CARTESIAN_POINT('Origin',(-59.9497475372921,18.1,16.9497474683058));
#11293=CARTESIAN_POINT('',(-48.3002526006805,18.1,16.9497474683058));
#11294=CARTESIAN_POINT('Origin',(-50.0502526006805,18.1,16.9497474683058));
#11295=CARTESIAN_POINT('',(-48.3002526006805,18.1,7.05025253169417));
#11296=CARTESIAN_POINT('Origin',(-50.0502526006805,18.1,7.05025253169417));
#11297=CARTESIAN_POINT('Origin',(-55.0000000689863,19.9,12.));
#11298=CARTESIAN_POINT('Origin',(-55.0000000689863,19.9,12.));
#11299=CARTESIAN_POINT('Origin',(-55.0000000689863,19.1,12.));
#11300=CARTESIAN_POINT('Origin',(-55.0000000689863,19.1,12.));
#11301=CARTESIAN_POINT('Origin',(-55.0000000689863,-17.9,12.));
#11302=CARTESIAN_POINT('',(-49.0628290254674,-18.,1.));
#11303=CARTESIAN_POINT('',(-49.1450968806722,-18.1,1.15242047106606));
#11304=CARTESIAN_POINT('Origin',(-49.1450968806722,-17.9,1.15242047106606));
#11305=CARTESIAN_POINT('',(-49.1450968806722,-18.1,22.8475795289339));
#11306=CARTESIAN_POINT('Origin',(-55.0000000689863,-18.1,12.));
#11307=CARTESIAN_POINT('',(-49.0628290254674,-18.,23.));
#11308=CARTESIAN_POINT('Origin',(-49.1450968806722,-17.9,22.8475795289339));
#11309=CARTESIAN_POINT('Origin',(-55.0000000689863,-18.,12.));
#11310=CARTESIAN_POINT('Ctrl Pts',(-49.9095652010915,-18.0908843617189,
0.583456177296026));
#11311=CARTESIAN_POINT('Ctrl Pts',(-49.8933359565573,-18.0875687771409,
0.590692510247496));
#11312=CARTESIAN_POINT('Ctrl Pts',(-49.8567209706113,-18.0802789031048,
0.607112878526968));
#11313=CARTESIAN_POINT('Ctrl Pts',(-49.7805007313423,-18.0660484754937,
0.64174871987363));
#11314=CARTESIAN_POINT('Ctrl Pts',(-49.6801173869647,-18.0491715325945,
0.688285448557145));
#11315=CARTESIAN_POINT('Ctrl Pts',(-49.4312716174957,-18.0142692425552,
0.806980784535222));
#11316=CARTESIAN_POINT('Ctrl Pts',(-49.2261192484942,-18.,0.911865274195911));
#11317=CARTESIAN_POINT('Ctrl Pts',(-49.0628290254673,-18.,1.00000000000001));
#11318=CARTESIAN_POINT('Ctrl Pts',(-49.9191716680952,-18.0943303628608,
0.588855124645032));
#11319=CARTESIAN_POINT('Ctrl Pts',(-49.9036892977631,-18.0922590674993,
0.598493492177448));
#11320=CARTESIAN_POINT('Ctrl Pts',(-49.8678624341626,-18.0876777388065,
0.618171908943148));
#11321=CARTESIAN_POINT('Ctrl Pts',(-49.7922673729643,-18.0786378022699,
0.656776629106158));
#11322=CARTESIAN_POINT('Ctrl Pts',(-49.6918441290907,-18.0677283884363,
0.705762851412892));
#11323=CARTESIAN_POINT('Ctrl Pts',(-49.4419301688808,-18.0446688994489,
0.826192465679561));
#11324=CARTESIAN_POINT('Ctrl Pts',(-49.2357562458057,-18.0345485593187,
0.929330387732339));
#11325=CARTESIAN_POINT('Ctrl Pts',(-49.0723031450526,-18.0345485593187,
1.01755302562006));
#11326=CARTESIAN_POINT('Ctrl Pts',(-49.9364392060331,-18.0986863114063,
0.598559683890202));
#11327=CARTESIAN_POINT('Ctrl Pts',(-49.9224727416562,-18.0982040714496,
0.612613262027823));
#11328=CARTESIAN_POINT('Ctrl Pts',(-49.8885274779095,-18.0971356255087,
0.638604436961518));
#11329=CARTESIAN_POINT('Ctrl Pts',(-49.815161639421,-18.0949967710897,0.685897400653265));
#11330=CARTESIAN_POINT('Ctrl Pts',(-49.7161685976658,-18.0923807166382,
0.741851623896868));
#11331=CARTESIAN_POINT('Ctrl Pts',(-49.467866514729,-18.0867052405145,0.872344358415979));
#11332=CARTESIAN_POINT('Ctrl Pts',(-49.2616048682207,-18.0841022298605,
0.976168457266036));
#11333=CARTESIAN_POINT('Ctrl Pts',(-49.0977118226333,-18.0841022298605,
1.06462855222015));
#11334=CARTESIAN_POINT('Ctrl Pts',(-49.9540534114933,-18.1,0.60845907435681));
#11335=CARTESIAN_POINT('Ctrl Pts',(-49.9417626680358,-18.100000079193,0.627089163767627));
#11336=CARTESIAN_POINT('Ctrl Pts',(-49.910097294698,-18.0999989788142,0.659880652959853));
#11337=CARTESIAN_POINT('Ctrl Pts',(-49.8398621532357,-18.0999999471353,
0.717235329983845));
#11338=CARTESIAN_POINT('Ctrl Pts',(-49.7435568795694,-18.0999992236484,
0.782380912634392));
#11339=CARTESIAN_POINT('Ctrl Pts',(-49.4998703648967,-18.100009293631,0.928913292712289));
#11340=CARTESIAN_POINT('Ctrl Pts',(-49.2953517529928,-18.1,1.03732156174632));
#11341=CARTESIAN_POINT('Ctrl Pts',(-49.1308857012943,-18.1,1.12609093263598));
#11342=CARTESIAN_POINT('Ctrl Pts',(-49.9616023276936,-18.1,0.612701653974429));
#11343=CARTESIAN_POINT('Ctrl Pts',(-49.9500297089462,-18.1,0.633293071700127));
#11344=CARTESIAN_POINT('Ctrl Pts',(-49.9193415755975,-18.1,0.668999388164318));
#11345=CARTESIAN_POINT('Ctrl Pts',(-49.8504475628784,-18.1,0.730665451121934));
#11346=CARTESIAN_POINT('Ctrl Pts',(-49.7552935107139,-18.1,0.799749332467298));
#11347=CARTESIAN_POINT('Ctrl Pts',(-49.5135801670771,-18.1,0.953146906966022));
#11348=CARTESIAN_POINT('Ctrl Pts',(-49.3098083154292,-18.1,1.06351865643188));
#11349=CARTESIAN_POINT('Ctrl Pts',(-49.1450968806722,-18.1,1.15242047106607));
#11350=CARTESIAN_POINT('',(-49.9095652010915,-18.090884361719,0.583456177296021));
#11351=CARTESIAN_POINT('',(-49.9616023316217,-18.1,0.612701656182106));
#11352=CARTESIAN_POINT('Origin',(-49.9616023276936,-17.9,0.612701653974419));
#11353=CARTESIAN_POINT('Ctrl Pts',(-49.9616023276936,-18.1,0.612701653974429));
#11354=CARTESIAN_POINT('Ctrl Pts',(-49.9500297089462,-18.1,0.633293071700127));
#11355=CARTESIAN_POINT('Ctrl Pts',(-49.9193415755975,-18.1,0.668999388164318));
#11356=CARTESIAN_POINT('Ctrl Pts',(-49.8504475628784,-18.1,0.730665451121934));
#11357=CARTESIAN_POINT('Ctrl Pts',(-49.7552935107139,-18.1,0.799749332467298));
#11358=CARTESIAN_POINT('Ctrl Pts',(-49.5135801670771,-18.1,0.953146906966022));
#11359=CARTESIAN_POINT('Ctrl Pts',(-49.3098083154292,-18.1,1.06351865643188));
#11360=CARTESIAN_POINT('Ctrl Pts',(-49.1450968806722,-18.1,1.15242047106607));
#11361=CARTESIAN_POINT('Ctrl Pts',(-49.9095652010915,-18.0908843617189,
0.583456177296026));
#11362=CARTESIAN_POINT('Ctrl Pts',(-49.8933359565573,-18.0875687771409,
0.590692510247496));
#11363=CARTESIAN_POINT('Ctrl Pts',(-49.8750284635843,-18.0839238401229,
0.598902694387232));
#11364=CARTESIAN_POINT('Ctrl Pts',(-49.8563471871892,-18.0803225681625,
0.607337266625433));
#11365=CARTESIAN_POINT('Ctrl Pts',(-49.8376659107941,-18.076721296202,0.615771838863634));
#11366=CARTESIAN_POINT('Ctrl Pts',(-49.8186108509768,-18.0731636892993,
0.624430799200299));
#11367=CARTESIAN_POINT('Ctrl Pts',(-49.7992152548068,-18.0696668218374,
0.633305888003644));
#11368=CARTESIAN_POINT('Ctrl Pts',(-49.7604240624668,-18.0626730869138,
0.651056065610333));
#11369=CARTESIAN_POINT('Ctrl Pts',(-49.7202707247157,-18.0559223097542,
0.669670757083739));
#11370=CARTESIAN_POINT('Ctrl Pts',(-49.6794569083844,-18.0496383970044,
0.688869380818615));
#11371=CARTESIAN_POINT('Ctrl Pts',(-49.6386430920532,-18.0433544842546,
0.708068004553491));
#11372=CARTESIAN_POINT('Ctrl Pts',(-49.5971687971417,-18.0375374359148,
0.727850560549837));
#11373=CARTESIAN_POINT('Ctrl Pts',(-49.5557832664524,-18.0323130275406,
0.747871984933342));
#11374=CARTESIAN_POINT('Ctrl Pts',(-49.3902411436954,-18.0114153940442,
0.827957682467359));
#11375=CARTESIAN_POINT('Ctrl Pts',(-49.2261192484943,-18.,0.911865274195908));
#11376=CARTESIAN_POINT('Ctrl Pts',(-49.0628290254674,-18.,1.));
#11377=CARTESIAN_POINT('Ctrl Pts',(-49.0628290254674,-18.,23.));
#11378=CARTESIAN_POINT('Ctrl Pts',(-49.1852967127315,-18.,23.0661010551447));
#11379=CARTESIAN_POINT('Ctrl Pts',(-49.3900410475283,-18.0107177731567,
23.1722500583022));
#11380=CARTESIAN_POINT('Ctrl Pts',(-49.6391412912041,-18.0423137735687,
23.2927125491246));
#11381=CARTESIAN_POINT('Ctrl Pts',(-49.7806581400324,-18.0660703635837,
23.3583261455359));
#11382=CARTESIAN_POINT('Ctrl Pts',(-49.8566078294808,-18.0802645535716,
23.3928339593339));
#11383=CARTESIAN_POINT('Ctrl Pts',(-49.8933360215583,-18.0875687904204,
23.4093075187353));
#11384=CARTESIAN_POINT('Ctrl Pts',(-49.9095652010797,-18.0908843617166,
23.4165438226987));
#11385=CARTESIAN_POINT('Ctrl Pts',(-49.0723031450526,-18.0345485593187,
22.9824469743799));
#11386=CARTESIAN_POINT('Ctrl Pts',(-49.1948929906314,-18.0345485593187,
23.0486139635981));
#11387=CARTESIAN_POINT('Ctrl Pts',(-49.4003385832994,-18.042134860314,23.1537947353308));
#11388=CARTESIAN_POINT('Ctrl Pts',(-49.6508110297593,-18.0632869437352,
23.2743569062586));
#11389=CARTESIAN_POINT('Ctrl Pts',(-49.7924273427039,-18.0786526691425,
23.3432934514888));
#11390=CARTESIAN_POINT('Ctrl Pts',(-49.8677426643248,-18.0876670464954,
23.3817916727644));
#11391=CARTESIAN_POINT('Ctrl Pts',(-49.9036893597724,-18.0922590757952,
23.4015065464265));
#11392=CARTESIAN_POINT('Ctrl Pts',(-49.9191716680839,-18.0943303628593,
23.411144875348));
#11393=CARTESIAN_POINT('Ctrl Pts',(-49.0977122288929,-18.084100525677,22.9353706950889));
#11394=CARTESIAN_POINT('Ctrl Pts',(-49.2206320331511,-18.084100525677,23.0017157771359));
#11395=CARTESIAN_POINT('Ctrl Pts',(-49.4261084597101,-18.0860382958579,
23.1078654990051));
#11396=CARTESIAN_POINT('Ctrl Pts',(-49.6756493245034,-18.0913139785599,
23.2355944640314));
#11397=CARTESIAN_POINT('Ctrl Pts',(-49.8153242965056,-18.0950000144493,
23.3141698461114));
#11398=CARTESIAN_POINT('Ctrl Pts',(-49.8883980114542,-18.0971327332056,
23.3613785504653));
#11399=CARTESIAN_POINT('Ctrl Pts',(-49.9224727992276,-18.0982040595827,
23.3873867933425));
#11400=CARTESIAN_POINT('Ctrl Pts',(-49.9364392076571,-18.0986862976076,
23.4014403151813));
#11401=CARTESIAN_POINT('Ctrl Pts',(-49.1308857012943,-18.1,22.873909067364));
#11402=CARTESIAN_POINT('Ctrl Pts',(-49.2542352602062,-18.1,22.9404861064006));
#11403=CARTESIAN_POINT('Ctrl Pts',(-49.4584103561606,-18.1000109099857,
23.0504627603314));
#11404=CARTESIAN_POINT('Ctrl Pts',(-49.7040660274612,-18.0999988256916,
23.1914516935082));
#11405=CARTESIAN_POINT('Ctrl Pts',(-49.8400252642692,-18.1000000516509,
23.282834670322));
#11406=CARTESIAN_POINT('Ctrl Pts',(-49.9099597542081,-18.0999989616777,
23.3401139564931));
#11407=CARTESIAN_POINT('Ctrl Pts',(-49.9417627172612,-18.1000000791927,
23.3729109108518));
#11408=CARTESIAN_POINT('Ctrl Pts',(-49.9540534114844,-18.1,23.3915409256297));
#11409=CARTESIAN_POINT('Ctrl Pts',(-49.1450968806722,-18.1,22.8475795289339));
#11410=CARTESIAN_POINT('Ctrl Pts',(-49.268630476908,-18.1,22.9142559007951));
#11411=CARTESIAN_POINT('Ctrl Pts',(-49.472246948655,-18.1,23.0258737635847));
#11412=CARTESIAN_POINT('Ctrl Pts',(-49.7162431826511,-18.1,23.1725349022735));
#11413=CARTESIAN_POINT('Ctrl Pts',(-49.8506108597135,-18.1,23.2694057480842));
#11414=CARTESIAN_POINT('Ctrl Pts',(-49.9192005857191,-18.1,23.3310001834198));
#11415=CARTESIAN_POINT('Ctrl Pts',(-49.9500297552952,-18.1,23.3667070107752));
#11416=CARTESIAN_POINT('Ctrl Pts',(-49.9616023276852,-18.1,23.3872983460107));
#11417=CARTESIAN_POINT('',(-49.9616023316082,-18.1,23.3872983438059));
#11418=CARTESIAN_POINT('',(-49.9095652010797,-18.0908843617166,23.4165438226987));
#11419=CARTESIAN_POINT('Origin',(-49.9616023276852,-17.9,23.3872983460107));
#11420=CARTESIAN_POINT('Ctrl Pts',(-49.0628290254674,-18.,23.));
#11421=CARTESIAN_POINT('Ctrl Pts',(-49.1852967127315,-18.,23.0661010551447));
#11422=CARTESIAN_POINT('Ctrl Pts',(-49.3081433136096,-18.006430663894,23.1297904570392));
#11423=CARTESIAN_POINT('Ctrl Pts',(-49.4320120270636,-18.0184817295752,
23.1914049650437));
#11424=CARTESIAN_POINT('Ctrl Pts',(-49.5145911693662,-18.0265157733627,
23.2324813037134));
#11425=CARTESIAN_POINT('Ctrl Pts',(-49.5976245839248,-18.0370477735,23.2726354673208));
#11426=CARTESIAN_POINT('Ctrl Pts',(-49.6792135692837,-18.049608569742,23.3110158442991));
#11427=CARTESIAN_POINT('Ctrl Pts',(-49.7200080619632,-18.055888967863,23.3302060327882));
#11428=CARTESIAN_POINT('Ctrl Pts',(-49.7604414473427,-18.0626765650101,
23.34895277462));
#11429=CARTESIAN_POINT('Ctrl Pts',(-49.7992358056186,-18.0696704940551,
23.3667042931633));
#11430=CARTESIAN_POINT('Ctrl Pts',(-49.8186329847566,-18.0731674585776,
23.3755800524349));
#11431=CARTESIAN_POINT('Ctrl Pts',(-49.8376204071187,-18.0767160060746,
23.3842070058844));
#11432=CARTESIAN_POINT('Ctrl Pts',(-49.8562961663191,-18.0803163390353,
23.3926388724595));
#11433=CARTESIAN_POINT('Ctrl Pts',(-49.8749719255195,-18.083916671996,23.4010707390346));
#11434=CARTESIAN_POINT('Ctrl Pts',(-49.8933360215583,-18.0875687904204,
23.4093075187353));
#11435=CARTESIAN_POINT('Ctrl Pts',(-49.9095652010797,-18.0908843617166,
23.4165438226987));
#11436=CARTESIAN_POINT('Ctrl Pts',(-49.1450968806722,-18.1,22.8475795289339));
#11437=CARTESIAN_POINT('Ctrl Pts',(-49.268630476908,-18.1,22.9142559007951));
#11438=CARTESIAN_POINT('Ctrl Pts',(-49.472246948655,-18.1,23.0258737635847));
#11439=CARTESIAN_POINT('Ctrl Pts',(-49.7162431826511,-18.1,23.1725349022735));
#11440=CARTESIAN_POINT('Ctrl Pts',(-49.8506108597135,-18.1,23.2694057480842));
#11441=CARTESIAN_POINT('Ctrl Pts',(-49.9192005857191,-18.1,23.3310001834198));
#11442=CARTESIAN_POINT('Ctrl Pts',(-49.9500297552952,-18.1,23.3667070107752));
#11443=CARTESIAN_POINT('Ctrl Pts',(-49.9616023276852,-18.1,23.3872983460107));
#11444=CARTESIAN_POINT('Ctrl Pts',(-49.953177075834,-18.1,0.564110105645939));
#11445=CARTESIAN_POINT('Ctrl Pts',(-49.9386701862676,-18.0968993217435,
0.570512205045233));
#11446=CARTESIAN_POINT('Ctrl Pts',(-49.9241646636598,-18.0938669868706,
0.576946535283141));
#11447=CARTESIAN_POINT('Ctrl Pts',(-49.9095652010915,-18.090884361719,0.583456177296022));
#11448=CARTESIAN_POINT('Ctrl Pts',(-49.9658724149495,-18.1022476063994,
0.571115853242897));
#11449=CARTESIAN_POINT('Ctrl Pts',(-49.9528463102117,-18.1001523297604,
0.578430759966932));
#11450=CARTESIAN_POINT('Ctrl Pts',(-49.9397197958012,-18.0983893992089,
0.585703293967696));
#11451=CARTESIAN_POINT('Ctrl Pts',(-49.9263765182984,-18.0969148639952,
0.592904337059145));
#11452=CARTESIAN_POINT('Ctrl Pts',(-49.978881080507,-18.1029056060773,0.578062595445865));
#11453=CARTESIAN_POINT('Ctrl Pts',(-49.9674538556639,-18.1014117841031,
0.586374443722874));
#11454=CARTESIAN_POINT('Ctrl Pts',(-49.955865685824,-18.100456658578,0.594642813907829));
#11455=CARTESIAN_POINT('Ctrl Pts',(-49.943988189868,-18.1000000002823,0.602802305379424));
#11456=CARTESIAN_POINT('Ctrl Pts',(-49.9918902537153,-18.1019581761453,
0.58478328425996));
#11457=CARTESIAN_POINT('Ctrl Pts',(-49.9820622753207,-18.1006433835058,
0.594109897118365));
#11458=CARTESIAN_POINT('Ctrl Pts',(-49.9720127954634,-18.1000000002641,
0.603439873068431));
#11459=CARTESIAN_POINT('Ctrl Pts',(-49.9616023276936,-18.1,0.612701659676834));
#11460=CARTESIAN_POINT('',(-49.953177075834,-18.1,0.564110105645934));
#11461=CARTESIAN_POINT('',(-49.9918902537154,-18.1019581761453,0.58478328425996));
#11462=CARTESIAN_POINT('Origin',(-49.9918902537154,-17.9039163522907,0.556864903140658));
#11463=CARTESIAN_POINT('Ctrl Pts',(-49.9918902537153,-18.1019581761453,
0.58478328425996));
#11464=CARTESIAN_POINT('Ctrl Pts',(-49.9820622765568,-18.1006433836711,
0.594109895945299));
#11465=CARTESIAN_POINT('Ctrl Pts',(-49.9720127979914,-18.1000000004259,
0.603439870721453));
#11466=CARTESIAN_POINT('Ctrl Pts',(-49.9616023316217,-18.1,0.612701656182096));
#11467=CARTESIAN_POINT('Ctrl Pts',(-49.9531770758314,-18.0999999999994,
0.564110105647099));
#11468=CARTESIAN_POINT('Ctrl Pts',(-49.9386701862658,-18.0968993217432,
0.570512205046008));
#11469=CARTESIAN_POINT('Ctrl Pts',(-49.9241646636589,-18.0938669868704,
0.576946535283529));
#11470=CARTESIAN_POINT('Ctrl Pts',(-49.9095652010915,-18.090884361719,0.583456177296015));
#11471=CARTESIAN_POINT('Ctrl Pts',(-49.9095652010797,-18.0908843617166,
23.4165438226987));
#11472=CARTESIAN_POINT('Ctrl Pts',(-49.924164663652,-18.093866986869,23.4230534647134));
#11473=CARTESIAN_POINT('Ctrl Pts',(-49.9386701862637,-18.0968993217427,
23.4294877949531));
#11474=CARTESIAN_POINT('Ctrl Pts',(-49.9531770758341,-18.1,23.4358898943541));
#11475=CARTESIAN_POINT('Ctrl Pts',(-49.9263765182876,-18.096914863994,23.4070956629351));
#11476=CARTESIAN_POINT('Ctrl Pts',(-49.9397197957941,-18.098389399208,23.4142967060284));
#11477=CARTESIAN_POINT('Ctrl Pts',(-49.9528463102082,-18.1001523297598,
23.4215692400311));
#11478=CARTESIAN_POINT('Ctrl Pts',(-49.9658724149496,-18.1022476063994,
23.4288841467571));
#11479=CARTESIAN_POINT('Ctrl Pts',(-49.9439881898584,-18.1000000002819,
23.397197694614));
#11480=CARTESIAN_POINT('Ctrl Pts',(-49.9558656858177,-18.1004566585775,
23.4053571860877));
#11481=CARTESIAN_POINT('Ctrl Pts',(-49.9674538556609,-18.1014117841027,
23.4136255562749));
#11482=CARTESIAN_POINT('Ctrl Pts',(-49.978881080507,-18.1029056060773,23.4219374045542));
#11483=CARTESIAN_POINT('Ctrl Pts',(-49.9616023276852,-18.1,23.3872983403157));
#11484=CARTESIAN_POINT('Ctrl Pts',(-49.972012795458,-18.1000000002637,23.3965601269266));
#11485=CARTESIAN_POINT('Ctrl Pts',(-49.9820622753181,-18.1006433835054,
23.4058901028792));
#11486=CARTESIAN_POINT('Ctrl Pts',(-49.9918902537154,-18.1019581761453,
23.4152167157401));
#11487=CARTESIAN_POINT('',(-49.9918902537154,-18.1019581761453,23.4152167157401));
#11488=CARTESIAN_POINT('',(-49.953177075834,-18.1,23.4358898943541));
#11489=CARTESIAN_POINT('Origin',(-49.9918902537154,-17.9039163522907,23.4431350968593));
#11490=CARTESIAN_POINT('Ctrl Pts',(-49.9095652010797,-18.0908843617166,
23.4165438226988));
#11491=CARTESIAN_POINT('Ctrl Pts',(-49.9241646636511,-18.0938669868688,
23.423053464713));
#11492=CARTESIAN_POINT('Ctrl Pts',(-49.938670186262,-18.0968993217424,23.4294877949523));
#11493=CARTESIAN_POINT('Ctrl Pts',(-49.9531770758314,-18.0999999999994,
23.4358898943529));
#11494=CARTESIAN_POINT('Ctrl Pts',(-49.9616023316082,-18.1,23.3872983438059));
#11495=CARTESIAN_POINT('Ctrl Pts',(-49.9720127979827,-18.1000000004254,
23.3965601292705));
#11496=CARTESIAN_POINT('Ctrl Pts',(-49.9820622765526,-18.1006433836706,
23.4058901040507));
#11497=CARTESIAN_POINT('Ctrl Pts',(-49.9918902537154,-18.1019581761453,
23.4152167157401));
#11498=CARTESIAN_POINT('Ctrl Pts',(-50.0639165204704,-18.125,0.515877081724079));
#11499=CARTESIAN_POINT('Ctrl Pts',(-50.027130871153,-18.1162519615019,0.531688218517812));
#11500=CARTESIAN_POINT('Ctrl Pts',(-49.9902143636583,-18.1079162878099,
0.547765016848958));
#11501=CARTESIAN_POINT('Ctrl Pts',(-49.953177075834,-18.1,0.564110105645932));
#11502=CARTESIAN_POINT('Ctrl Pts',(-50.0639165204704,-18.125,0.515877081724079));
#11503=CARTESIAN_POINT('Ctrl Pts',(-50.0316013444112,-18.1151967888786,
0.533554012834795));
#11504=CARTESIAN_POINT('Ctrl Pts',(-49.9991284132762,-18.1075750028301,
0.552437521716854));
#11505=CARTESIAN_POINT('Ctrl Pts',(-49.9658724149496,-18.1022476063994,
0.571115853242891));
#11506=CARTESIAN_POINT('Ctrl Pts',(-50.0639165204704,-18.125,0.515877081724079));
#11507=CARTESIAN_POINT('Ctrl Pts',(-50.036052420703,-18.1141822403896,0.535421264864693));
#11508=CARTESIAN_POINT('Ctrl Pts',(-50.008059724327,-18.106717163549,0.556847026466324));
#11509=CARTESIAN_POINT('Ctrl Pts',(-49.978881080507,-18.1029056060773,0.578062595445861));
#11510=CARTESIAN_POINT('Ctrl Pts',(-50.0639165204704,-18.125,0.515877081724079));
#11511=CARTESIAN_POINT('Ctrl Pts',(-50.0405202866623,-18.1131532019942,
0.537288892369124));
#11512=CARTESIAN_POINT('Ctrl Pts',(-50.0169818946813,-18.1053149504007,
0.560971670937863));
#11513=CARTESIAN_POINT('Ctrl Pts',(-49.9918902537154,-18.1019581761453,
0.584783284259957));
#11514=CARTESIAN_POINT('',(-50.0639165204704,-18.125,0.515877081724066));
#11515=CARTESIAN_POINT('Ctrl Pts',(-50.0639165204704,-18.125,0.515877081724079));
#11516=CARTESIAN_POINT('Ctrl Pts',(-50.027130871153,-18.1162519615019,0.531688218517812));
#11517=CARTESIAN_POINT('Ctrl Pts',(-49.9902143636583,-18.1079162878099,
0.547765016848958));
#11518=CARTESIAN_POINT('Ctrl Pts',(-49.953177075834,-18.1,0.564110105645932));
#11519=CARTESIAN_POINT('Ctrl Pts',(-50.0639165204704,-18.125,0.515877081724079));
#11520=CARTESIAN_POINT('Ctrl Pts',(-50.0405202866623,-18.1131532019942,
0.537288892369124));
#11521=CARTESIAN_POINT('Ctrl Pts',(-50.0169818946813,-18.1053149504007,
0.560971670937863));
#11522=CARTESIAN_POINT('Ctrl Pts',(-49.9918902537154,-18.1019581761453,
0.584783284259957));
#11523=CARTESIAN_POINT('Ctrl Pts',(-49.953177075834,-18.1,23.4358898943541));
#11524=CARTESIAN_POINT('Ctrl Pts',(-49.9902143636584,-18.1079162878099,
23.4522349831511));
#11525=CARTESIAN_POINT('Ctrl Pts',(-50.0271308714563,-18.116251961574,23.4683117816125));
#11526=CARTESIAN_POINT('Ctrl Pts',(-50.0639165204704,-18.125,23.4841229182759));
#11527=CARTESIAN_POINT('Ctrl Pts',(-49.9658724149496,-18.1022476063994,
23.4288841467571));
#11528=CARTESIAN_POINT('Ctrl Pts',(-49.9991291367434,-18.1075970207996,
23.447559708083));
#11529=CARTESIAN_POINT('Ctrl Pts',(-50.0315940102915,-18.115219041719,23.4664448902942));
#11530=CARTESIAN_POINT('Ctrl Pts',(-50.0639165204704,-18.125,23.4841229182759));
#11531=CARTESIAN_POINT('Ctrl Pts',(-49.978881080507,-18.1029056060773,23.4219374045541));
#11532=CARTESIAN_POINT('Ctrl Pts',(-50.0080557298078,-18.1067194570178,
23.443158240046));
#11533=CARTESIAN_POINT('Ctrl Pts',(-50.0360571491266,-18.1141861218639,
23.4645779989758));
#11534=CARTESIAN_POINT('Ctrl Pts',(-50.0639165204704,-18.125,23.4841229182759));
#11535=CARTESIAN_POINT('Ctrl Pts',(-49.9918902537153,-18.1019581761453,
23.4152167157401));
#11536=CARTESIAN_POINT('Ctrl Pts',(-50.0169818946813,-18.1053149504007,
23.4390283290622));
#11537=CARTESIAN_POINT('Ctrl Pts',(-50.0405202879618,-18.1131532020089,
23.4627111076574));
#11538=CARTESIAN_POINT('Ctrl Pts',(-50.0639165204704,-18.125,23.4841229182759));
#11539=CARTESIAN_POINT('',(-50.0639165204704,-18.125,23.4841229182759));
#11540=CARTESIAN_POINT('Ctrl Pts',(-49.9918902537153,-18.1019581761453,
23.4152167157401));
#11541=CARTESIAN_POINT('Ctrl Pts',(-50.0169818946813,-18.1053149504007,
23.4390283290622));
#11542=CARTESIAN_POINT('Ctrl Pts',(-50.0405202879618,-18.1131532020089,
23.4627111076574));
#11543=CARTESIAN_POINT('Ctrl Pts',(-50.0639165204704,-18.125,23.4841229182759));
#11544=CARTESIAN_POINT('Ctrl Pts',(-49.953177075834,-18.1,23.4358898943541));
#11545=CARTESIAN_POINT('Ctrl Pts',(-49.9902143636584,-18.1079162878099,
23.4522349831511));
#11546=CARTESIAN_POINT('Ctrl Pts',(-50.0271308714563,-18.116251961574,23.4683117816125));
#11547=CARTESIAN_POINT('Ctrl Pts',(-50.0639165204703,-18.125,23.4841229182759));
#11548=CARTESIAN_POINT('Origin',(-34.0000000172466,-18.3,0.61270166537926));
#11549=CARTESIAN_POINT('',(-50.0639165204704,-18.1,0.612701665379256));
#11550=CARTESIAN_POINT('Origin',(-50.0639165204704,-18.3,0.612701665379256));
#11551=CARTESIAN_POINT('',(-34.0000000172466,-18.1,0.61270166537926));
#11552=CARTESIAN_POINT('Origin',(-50.0502526006805,-18.3,16.9497474683058));
#11553=CARTESIAN_POINT('',(-50.0502526006805,-18.1,18.8997474683058));
#11554=CARTESIAN_POINT('Origin',(-50.0502526006805,-18.1,16.9497474683058));
#11555=CARTESIAN_POINT('',(-50.0502526006805,-18.3,18.6997474683058));
#11556=CARTESIAN_POINT('Origin',(-50.0502526006805,-18.3,18.8997474683058));
#11557=CARTESIAN_POINT('',(-48.3002526006805,-18.3,16.9497474683058));
#11558=CARTESIAN_POINT('Origin',(-50.0502526006805,-18.3,16.9497474683058));
#11559=CARTESIAN_POINT('Origin',(-50.0502526006805,-18.3,16.9497474683058));
#11560=CARTESIAN_POINT('Origin',(-55.0000000689863,-18.1,12.));
#11561=CARTESIAN_POINT('',(-50.5261558860704,-18.1,0.532211339544222));
#11562=CARTESIAN_POINT('Ctrl Pts',(-50.5261584170178,-18.1,0.532220292868049));
#11563=CARTESIAN_POINT('Ctrl Pts',(-50.466740734742,-18.1,0.549052641500971));
#11564=CARTESIAN_POINT('Ctrl Pts',(-50.3605474481391,-18.1,0.575331005680237));
#11565=CARTESIAN_POINT('Ctrl Pts',(-50.2062529491578,-18.1,0.603130507580376));
#11566=CARTESIAN_POINT('Ctrl Pts',(-50.1115388230267,-18.1,0.612701665379256));
#11567=CARTESIAN_POINT('Ctrl Pts',(-50.0639165204704,-18.1,0.612701665379256));
#11568=CARTESIAN_POINT('',(-51.7500000689863,-18.1,0.532211339544225));
#11569=CARTESIAN_POINT('',(-34.0000000172466,-18.1,0.532211339544225));
#11570=CARTESIAN_POINT('',(-51.7500000689863,-18.1,6.09455459615809));
#11571=CARTESIAN_POINT('',(-51.7500000689863,-18.1,8.00000002980232));
#11572=CARTESIAN_POINT('',(-51.7500000689863,-18.1,8.00595046723024));
#11573=CARTESIAN_POINT('Origin',(-50.0502526006805,-18.1,7.05025253169417));
#11574=CARTESIAN_POINT('',(-51.7500000689863,-18.1,8.88752510050282));
#11575=CARTESIAN_POINT('',(-51.7500000689863,-18.1,8.00000002980232));
#11576=CARTESIAN_POINT('',(-58.2500000689863,-18.1,8.88752510050282));
#11577=CARTESIAN_POINT('Origin',(-55.0000000689863,-18.1,12.));
#11578=CARTESIAN_POINT('',(-58.2500000689863,-18.1,8.00595046723024));
#11579=CARTESIAN_POINT('',(-58.2500000689863,-18.1,10.9174682452695));
#11580=CARTESIAN_POINT('',(-58.2500000689863,-18.1,6.0945545961581));
#11581=CARTESIAN_POINT('Origin',(-59.9497475372921,-18.1,7.05025253169417));
#11582=CARTESIAN_POINT('',(-58.2500000689863,-18.1,1.00237858621793));
#11583=CARTESIAN_POINT('',(-58.2500000689863,-18.1,10.9174682452695));
#11584=CARTESIAN_POINT('',(-55.0000000689863,-18.1,23.4677886604558));
#11585=CARTESIAN_POINT('Origin',(-55.0000000689863,-18.1,12.));
#11586=CARTESIAN_POINT('',(-50.5261558860704,-18.1,23.4677886604558));
#11587=CARTESIAN_POINT('',(-34.0000000172466,-18.1,23.4677886604558));
#11588=CARTESIAN_POINT('',(-50.0639165204704,-18.1,23.3872983346207));
#11589=CARTESIAN_POINT('Ctrl Pts',(-50.0639165204703,-18.1,23.3872983346207));
#11590=CARTESIAN_POINT('Ctrl Pts',(-50.1115387770037,-18.1,23.3872983346207));
#11591=CARTESIAN_POINT('Ctrl Pts',(-50.2062529539038,-18.1,23.3968694706541));
#11592=CARTESIAN_POINT('Ctrl Pts',(-50.3605474395945,-18.1,23.4246689698992));
#11593=CARTESIAN_POINT('Ctrl Pts',(-50.4667407340422,-18.1,23.4509473549339));
#11594=CARTESIAN_POINT('Ctrl Pts',(-50.5261584171874,-18.1,23.4677797065322));
#11595=CARTESIAN_POINT('',(-34.0000000172466,-18.1,23.3872983346207));
#11596=CARTESIAN_POINT('',(-59.9497475372921,-18.1,18.8997474683058));
#11597=CARTESIAN_POINT('Origin',(-59.9497475372921,-18.1,16.9497474683058));
#11598=CARTESIAN_POINT('Origin',(-50.0502526006805,26.5,16.9497474683058));
#11599=CARTESIAN_POINT('',(-48.3002526006805,-21.5,16.9497474683058));
#11600=CARTESIAN_POINT('',(-48.3002526006805,26.5,16.9497474683058));
#11601=CARTESIAN_POINT('Origin',(-50.0502526006805,-21.5,16.9497474683058));
#11602=CARTESIAN_POINT('Origin',(-59.9497475372921,-18.3,16.9497474683058));
#11603=CARTESIAN_POINT('',(-59.9497475372921,-18.3,18.6997474683058));
#11604=CARTESIAN_POINT('Origin',(-59.9497475372921,-18.3,18.8997474683058));
#11605=CARTESIAN_POINT('',(-58.1997475372921,-18.3,16.9497474683058));
#11606=CARTESIAN_POINT('Origin',(-59.9497475372921,-18.3,16.9497474683058));
#11607=CARTESIAN_POINT('Origin',(-59.9497475372921,-18.3,16.9497474683058));
#11608=CARTESIAN_POINT('Origin',(-59.9497475372921,26.5,16.9497474683058));
#11609=CARTESIAN_POINT('',(-58.1997475372921,-21.5,16.9497474683058));
#11610=CARTESIAN_POINT('',(-58.1997475372921,26.5,16.9497474683058));
#11611=CARTESIAN_POINT('Origin',(-59.9497475372921,-21.5,16.9497474683058));
#11612=CARTESIAN_POINT('Origin',(-50.0502526006805,-18.3,7.05025253169417));
#11613=CARTESIAN_POINT('',(-51.5756669953139,-18.3,6.19257489723872));
#11614=CARTESIAN_POINT('Origin',(-51.7500000689863,-18.3,6.09455459615809));
#11615=CARTESIAN_POINT('',(-48.3002526006805,-18.3,7.05025253169417));
#11616=CARTESIAN_POINT('Origin',(-50.0502526006805,-18.3,7.05025253169417));
#11617=CARTESIAN_POINT('',(-51.5756669953139,-18.3,7.90793016614962));
#11618=CARTESIAN_POINT('Origin',(-50.0502526006805,-18.3,7.05025253169417));
#11619=CARTESIAN_POINT('Origin',(-51.7500000689863,-18.3,8.00595046723024));
#11620=CARTESIAN_POINT('Ctrl Pts',(-51.5756669953139,-18.3,7.90793016614962));
#11621=CARTESIAN_POINT('Ctrl Pts',(-51.6602578704945,-18.3,7.75748187011006));
#11622=CARTESIAN_POINT('Ctrl Pts',(-51.7514738497337,-18.3609907857236,
7.51719863616359));
#11623=CARTESIAN_POINT('Ctrl Pts',(-51.8016431639313,-18.4364130904047,
7.18116733027989));
#11624=CARTESIAN_POINT('Ctrl Pts',(-51.8017103494055,-18.4365522799439,
6.91989395715388));
#11625=CARTESIAN_POINT('Ctrl Pts',(-51.7638988267627,-18.3790197537353,
6.66742217794184));
#11626=CARTESIAN_POINT('Ctrl Pts',(-51.6909951263119,-18.321504468145,6.42422003442302));
#11627=CARTESIAN_POINT('Ctrl Pts',(-51.6179624329042,-18.3,6.26779904525851));
#11628=CARTESIAN_POINT('Ctrl Pts',(-51.5756669953139,-18.3,6.19257489723872));
#11629=CARTESIAN_POINT('Ctrl Pts',(-51.5756669953139,-18.2700800699658,
7.90793016614962));
#11630=CARTESIAN_POINT('Ctrl Pts',(-51.6624965000524,-18.2648691320806,
7.7534592028693));
#11631=CARTESIAN_POINT('Ctrl Pts',(-51.7542993251982,-18.3201390489916,
7.50690992946884));
#11632=CARTESIAN_POINT('Ctrl Pts',(-51.8013577292712,-18.3875347704977,
7.17415306802845));
#11633=CARTESIAN_POINT('Ctrl Pts',(-51.801419985536,-18.3876607233564,6.92659210820087));
#11634=CARTESIAN_POINT('Ctrl Pts',(-51.7660627179382,-18.3363959068595,
6.6768174853322));
#11635=CARTESIAN_POINT('Ctrl Pts',(-51.6933891930742,-18.28440442337,6.42993351456854));
#11636=CARTESIAN_POINT('Ctrl Pts',(-51.6190817476831,-18.2674746010232,
6.2698103788789));
#11637=CARTESIAN_POINT('Ctrl Pts',(-51.5756669953139,-18.2700800699658,
6.19257489723872));
#11638=CARTESIAN_POINT('Ctrl Pts',(-51.5875780234989,-18.2102629872665,
7.91462724630931));
#11639=CARTESIAN_POINT('Ctrl Pts',(-51.6838210018709,-18.1946260217805,
7.75333141847293));
#11640=CARTESIAN_POINT('Ctrl Pts',(-51.7865068482245,-18.2384446767797,
7.49468020461719));
#11641=CARTESIAN_POINT('Ctrl Pts',(-51.8389749522332,-18.2897223317738,
7.16322090499942));
#11642=CARTESIAN_POINT('Ctrl Pts',(-51.8390108178102,-18.2898234137403,
6.93694466776144));
#11643=CARTESIAN_POINT('Ctrl Pts',(-51.7997309407062,-18.2511405085982,
6.68859157427493));
#11644=CARTESIAN_POINT('Ctrl Pts',(-51.7182138812033,-18.2102219065026,
6.43329841119173));
#11645=CARTESIAN_POINT('Ctrl Pts',(-51.6356995126849,-18.2024445045235,
6.26652573099727));
#11646=CARTESIAN_POINT('Ctrl Pts',(-51.5875780234989,-18.2102629872665,
6.18587781707904));
#11647=CARTESIAN_POINT('Ctrl Pts',(-51.6375926770052,-18.1382765299334,
7.94274842430415));
#11648=CARTESIAN_POINT('Ctrl Pts',(-51.7585592451187,-18.1161958045666,
7.77614723706824));
#11649=CARTESIAN_POINT('Ctrl Pts',(-51.8958621143079,-18.1614612111832,
7.50769987602977));
#11650=CARTESIAN_POINT('Ctrl Pts',(-51.9787971403725,-18.2184521470277,
7.16477260729975));
#11651=CARTESIAN_POINT('Ctrl Pts',(-51.9788044561509,-18.2185521170488,
6.93523693590615));
#11652=CARTESIAN_POINT('Ctrl Pts',(-51.9164905398366,-18.1755840071648,
6.67839644656356));
#11653=CARTESIAN_POINT('Ctrl Pts',(-51.8043871715143,-18.132332662424,6.41350631056124));
#11654=CARTESIAN_POINT('Ctrl Pts',(-51.698075961062,-18.12723616725,6.24105723270223));
#11655=CARTESIAN_POINT('Ctrl Pts',(-51.6375926770052,-18.1382765299334,
6.1577566390842));
#11656=CARTESIAN_POINT('Ctrl Pts',(-51.6978324206769,-18.1050116796125,
7.97661874900697));
#11657=CARTESIAN_POINT('Ctrl Pts',(-51.8413631498085,-18.0903508195657,
7.80900372271465));
#11658=CARTESIAN_POINT('Ctrl Pts',(-52.0048764706813,-18.160317336613,7.539898285881));
#11659=CARTESIAN_POINT('Ctrl Pts',(-52.1052918458169,-18.252311685539,7.18026099572252));
#11660=CARTESIAN_POINT('Ctrl Pts',(-52.1053322009871,-18.2524605800509,
6.92027551364935));
#11661=CARTESIAN_POINT('Ctrl Pts',(-52.0297081367905,-18.182534507909,6.65049826438605));
#11662=CARTESIAN_POINT('Ctrl Pts',(-51.8961101647393,-18.1150843419677,
6.38160132205719));
#11663=CARTESIAN_POINT('Ctrl Pts',(-51.7695977852427,-18.0976812495891,
6.20769382752763));
#11664=CARTESIAN_POINT('Ctrl Pts',(-51.6978324206769,-18.1050116796125,
6.12388631438138));
#11665=CARTESIAN_POINT('Ctrl Pts',(-51.736959985569,-18.1,7.99861856585459));
#11666=CARTESIAN_POINT('Ctrl Pts',(-51.8910568150558,-18.0959174990207,
7.83098491687326));
#11667=CARTESIAN_POINT('Ctrl Pts',(-52.0600748485833,-18.1893001264433,
7.56291025259838));
#11668=CARTESIAN_POINT('Ctrl Pts',(-52.1562600129022,-18.306937767121,7.19217769767513));
#11669=CARTESIAN_POINT('Ctrl Pts',(-52.1563616387899,-18.3071446940999,
6.90880156798216));
#11670=CARTESIAN_POINT('Ctrl Pts',(-52.0838808511328,-18.2174729059602,
6.63036461772005));
#11671=CARTESIAN_POINT('Ctrl Pts',(-51.9479109680366,-18.1288461768097,
6.35990065005972));
#11672=CARTESIAN_POINT('Ctrl Pts',(-51.8140084003125,-18.0979587495104,
6.18570332202452));
#11673=CARTESIAN_POINT('Ctrl Pts',(-51.736959985569,-18.1,6.10188649753376));
#11674=CARTESIAN_POINT('Ctrl Pts',(-51.7500000689863,-18.1,8.00595046723025));
#11675=CARTESIAN_POINT('Ctrl Pts',(-51.9070974086073,-18.1,7.83830808021474));
#11676=CARTESIAN_POINT('Ctrl Pts',(-52.0764985129088,-18.2016513095394,
7.57056390524585));
#11677=CARTESIAN_POINT('Ctrl Pts',(-52.1696700964187,-18.3273551506745,
7.19612902154685));
#11678=CARTESIAN_POINT('Ctrl Pts',(-52.1697948694421,-18.3275871332398,
6.90499583434931));
#11679=CARTESIAN_POINT('Ctrl Pts',(-52.0995734702485,-18.2316995895589,
6.62367013751303));
#11680=CARTESIAN_POINT('Ctrl Pts',(-51.9641808836969,-18.1358407802416,
6.35267346330637));
#11681=CARTESIAN_POINT('Ctrl Pts',(-51.8285487387969,-18.1,6.17837578966595));
#11682=CARTESIAN_POINT('Ctrl Pts',(-51.7500000689863,-18.1,6.0945545961581));
#11683=CARTESIAN_POINT('Ctrl Pts',(-51.7500000689863,-18.1,6.0945545961581));
#11684=CARTESIAN_POINT('Ctrl Pts',(-51.8285487387969,-18.1,6.17837578966595));
#11685=CARTESIAN_POINT('Ctrl Pts',(-51.9641808836969,-18.1358407802416,
6.35267346330637));
#11686=CARTESIAN_POINT('Ctrl Pts',(-52.0995734702485,-18.2316995895589,
6.62367013751303));
#11687=CARTESIAN_POINT('Ctrl Pts',(-52.1697948694421,-18.3275871332398,
6.90499583434931));
#11688=CARTESIAN_POINT('Ctrl Pts',(-52.1696700964187,-18.3273551506745,
7.19612902154685));
#11689=CARTESIAN_POINT('Ctrl Pts',(-52.0764985129088,-18.2016513095394,
7.57056390524585));
#11690=CARTESIAN_POINT('Ctrl Pts',(-51.9070974086073,-18.1,7.83830808021474));
#11691=CARTESIAN_POINT('Ctrl Pts',(-51.7500000689863,-18.1,8.00595046723025));
#11692=CARTESIAN_POINT('Ctrl Pts',(-51.5756669953139,-18.3,7.90793016614962));
#11693=CARTESIAN_POINT('Ctrl Pts',(-51.6602578704945,-18.3,7.75748187011006));
#11694=CARTESIAN_POINT('Ctrl Pts',(-51.7514738497337,-18.3609907857236,
7.51719863616359));
#11695=CARTESIAN_POINT('Ctrl Pts',(-51.8016431639313,-18.4364130904047,
7.18116733027989));
#11696=CARTESIAN_POINT('Ctrl Pts',(-51.8017103494055,-18.4365522799439,
6.91989395715388));
#11697=CARTESIAN_POINT('Ctrl Pts',(-51.7638988267627,-18.3790197537353,
6.66742217794184));
#11698=CARTESIAN_POINT('Ctrl Pts',(-51.6909951263119,-18.321504468145,6.42422003442302));
#11699=CARTESIAN_POINT('Ctrl Pts',(-51.6179624329042,-18.3,6.26779904525851));
#11700=CARTESIAN_POINT('Ctrl Pts',(-51.5756669953139,-18.3,6.19257489723872));
#11701=CARTESIAN_POINT('Origin',(-50.0502526006805,26.5,7.05025253169417));
#11702=CARTESIAN_POINT('',(-48.3002526006805,-21.5,7.05025253169417));
#11703=CARTESIAN_POINT('',(-48.3002526006805,26.5,7.05025253169417));
#11704=CARTESIAN_POINT('Origin',(-50.0502526006805,-21.5,7.05025253169417));
#11705=CARTESIAN_POINT('Ctrl Pts',(-58.4243331426587,-18.3,6.19257489723872));
#11706=CARTESIAN_POINT('Ctrl Pts',(-58.3397422674781,-18.3,6.3430231932783));
#11707=CARTESIAN_POINT('Ctrl Pts',(-58.2485266482827,-18.3609905482664,
6.58330568006125));
#11708=CARTESIAN_POINT('Ctrl Pts',(-58.1983572509914,-18.4364129367213,
6.91933718839458));
#11709=CARTESIAN_POINT('Ctrl Pts',(-58.1982901285474,-18.4365520841328,
7.18061044266827));
#11710=CARTESIAN_POINT('Ctrl Pts',(-58.2361015234718,-18.3790195668701,
7.43308250978417));
#11711=CARTESIAN_POINT('Ctrl Pts',(-58.3090052409697,-18.3215042098,7.67628465775902));
#11712=CARTESIAN_POINT('Ctrl Pts',(-58.3820377050684,-18.3,7.83270601812984));
#11713=CARTESIAN_POINT('Ctrl Pts',(-58.4243331426587,-18.3,7.90793016614962));
#11714=CARTESIAN_POINT('Ctrl Pts',(-58.4243331426587,-18.2700800699658,
6.19257489723872));
#11715=CARTESIAN_POINT('Ctrl Pts',(-58.3375036379202,-18.2648691320806,
6.34704586051906));
#11716=CARTESIAN_POINT('Ctrl Pts',(-58.245701700893,-18.320138687178,6.59359473318542));
#11717=CARTESIAN_POINT('Ctrl Pts',(-58.1986431453618,-18.3875345423763,
6.92635173064389));
#11718=CARTESIAN_POINT('Ctrl Pts',(-58.1985810605182,-18.3876604429126,
7.17391263955136));
#11719=CARTESIAN_POINT('Ctrl Pts',(-58.2339379536919,-18.3363956875469,
7.42368740204936));
#11720=CARTESIAN_POINT('Ctrl Pts',(-58.3066114854314,-18.2844041451336,
7.67057137982046));
#11721=CARTESIAN_POINT('Ctrl Pts',(-58.3809183902895,-18.2674746010232,
7.83069468450945));
#11722=CARTESIAN_POINT('Ctrl Pts',(-58.4243331426587,-18.2700800699658,
7.90793016614962));
#11723=CARTESIAN_POINT('Ctrl Pts',(-58.4124219398601,-18.2102629756581,
6.18587771890095));
#11724=CARTESIAN_POINT('Ctrl Pts',(-58.3161789614881,-18.194626010172,6.34717354673734));
#11725=CARTESIAN_POINT('Ctrl Pts',(-58.2134937227859,-18.2384434814012,
6.60582508119941));
#11726=CARTESIAN_POINT('Ctrl Pts',(-58.1610254909134,-18.289721422679,6.93728443201649));
#11727=CARTESIAN_POINT('Ctrl Pts',(-58.1609897318692,-18.2898223045638,
7.16356076763274));
#11728=CARTESIAN_POINT('Ctrl Pts',(-58.2002693646729,-18.251139838839,7.41191375635531));
#11729=CARTESIAN_POINT('Ctrl Pts',(-58.2817864297982,-18.2102212091134,
7.66720695023341));
#11730=CARTESIAN_POINT('Ctrl Pts',(-58.3643004506741,-18.2024444929151,
7.83397943056919));
#11731=CARTESIAN_POINT('Ctrl Pts',(-58.4124219398601,-18.2102629756581,
7.91462734448739));
#11732=CARTESIAN_POINT('Ctrl Pts',(-58.3624073663561,-18.1382765138031,
6.15775658588811));
#11733=CARTESIAN_POINT('Ctrl Pts',(-58.2414407982425,-18.1161957884364,
6.32435777312402));
#11734=CARTESIAN_POINT('Ctrl Pts',(-58.1041384043812,-18.1614601753006,
6.59280559069605));
#11735=CARTESIAN_POINT('Ctrl Pts',(-58.0212033162534,-18.2184513955036,
6.9357328735121));
#11736=CARTESIAN_POINT('Ctrl Pts',(-58.021196099655,-18.2185512068225,7.16526868026698));
#11737=CARTESIAN_POINT('Ctrl Pts',(-58.0835098248333,-18.175583448321,7.42210897597098));
#11738=CARTESIAN_POINT('Ctrl Pts',(-58.1956132158834,-18.1323320704706,
7.68699914549999));
#11739=CARTESIAN_POINT('Ctrl Pts',(-58.3019240822993,-18.1272361511197,
7.85944788388225));
#11740=CARTESIAN_POINT('Ctrl Pts',(-58.3624073663561,-18.1382765138031,
7.94274847750023));
#11741=CARTESIAN_POINT('Ctrl Pts',(-58.302167655456,-18.1050116654172,6.12388627961147));
#11742=CARTESIAN_POINT('Ctrl Pts',(-58.1586369263245,-18.0903508053704,
6.29150130590378));
#11743=CARTESIAN_POINT('Ctrl Pts',(-57.9951237318327,-18.1603165327086,
6.56060659794208));
#11744=CARTESIAN_POINT('Ctrl Pts',(-57.8947083249814,-18.2523110843938,
6.92024400248156));
#11745=CARTESIAN_POINT('Ctrl Pts',(-57.8946679932676,-18.2524598399056,
7.18022949350917));
#11746=CARTESIAN_POINT('Ctrl Pts',(-57.970292046966,-18.1825339932391,7.45000679444498));
#11747=CARTESIAN_POINT('Ctrl Pts',(-58.103890058994,-18.1150837478465,7.71890375776596));
#11748=CARTESIAN_POINT('Ctrl Pts',(-58.2304022908903,-18.0976812353938,
7.89281127063069));
#11749=CARTESIAN_POINT('Ctrl Pts',(-58.3021676554561,-18.1050116654172,
7.97661878377687));
#11750=CARTESIAN_POINT('Ctrl Pts',(-58.2630401524036,-18.1,6.10188649753375));
#11751=CARTESIAN_POINT('Ctrl Pts',(-58.1089433229168,-18.0959174990207,
6.26952014651508));
#11752=CARTESIAN_POINT('Ctrl Pts',(-57.9399260294602,-18.1892999107687,
6.53759413799115));
#11753=CARTESIAN_POINT('Ctrl Pts',(-57.8437407273939,-18.3069376713823,
6.90832689317658));
#11754=CARTESIAN_POINT('Ctrl Pts',(-57.8436392430325,-18.307144569144,7.19170292765409));
#11755=CARTESIAN_POINT('Ctrl Pts',(-57.9161197478491,-18.2174727237838,
7.4701401288802));
#11756=CARTESIAN_POINT('Ctrl Pts',(-58.0520896612871,-18.1288458851193,
7.7406041057818));
#11757=CARTESIAN_POINT('Ctrl Pts',(-58.1859917376602,-18.0979587495104,
7.9148017413639));
#11758=CARTESIAN_POINT('Ctrl Pts',(-58.2630401524036,-18.1,7.99861856585459));
#11759=CARTESIAN_POINT('Ctrl Pts',(-58.2500000689863,-18.1,6.0945545961581));
#11760=CARTESIAN_POINT('Ctrl Pts',(-58.0929027293653,-18.1,6.2621969831736));
#11761=CARTESIAN_POINT('Ctrl Pts',(-57.9235022937167,-18.2016509137773,
6.5299403255889));
#11762=CARTESIAN_POINT('Ctrl Pts',(-57.83033055589,-18.3273548945355,6.90437543487462));
#11763=CARTESIAN_POINT('Ctrl Pts',(-57.8302058999226,-18.327586806888,7.19550848963672));
#11764=CARTESIAN_POINT('Ctrl Pts',(-57.900427061925,-18.2316992781168,7.47683450728016));
#11765=CARTESIAN_POINT('Ctrl Pts',(-58.0358196801354,-18.1358403496666,
7.74783118645216));
#11766=CARTESIAN_POINT('Ctrl Pts',(-58.1714513991758,-18.1,7.92212927372247));
#11767=CARTESIAN_POINT('Ctrl Pts',(-58.2500000689863,-18.1,8.00595046723024));
#11768=CARTESIAN_POINT('',(-58.4243331426587,-18.3,7.90793016614962));
#11769=CARTESIAN_POINT('Origin',(-58.2500000689863,-18.3,8.00595046723025));
#11770=CARTESIAN_POINT('Ctrl Pts',(-58.2500000689863,-18.1,8.00595046723024));
#11771=CARTESIAN_POINT('Ctrl Pts',(-58.1714513991758,-18.1,7.92212927372247));
#11772=CARTESIAN_POINT('Ctrl Pts',(-58.0358196801354,-18.1358403496666,
7.74783118645216));
#11773=CARTESIAN_POINT('Ctrl Pts',(-57.900427061925,-18.2316992781168,7.47683450728016));
#11774=CARTESIAN_POINT('Ctrl Pts',(-57.8302058999226,-18.327586806888,7.19550848963672));
#11775=CARTESIAN_POINT('Ctrl Pts',(-57.83033055589,-18.3273548945355,6.90437543487462));
#11776=CARTESIAN_POINT('Ctrl Pts',(-57.9235022937167,-18.2016509137773,
6.5299403255889));
#11777=CARTESIAN_POINT('Ctrl Pts',(-58.0929027293653,-18.1,6.2621969831736));
#11778=CARTESIAN_POINT('Ctrl Pts',(-58.2500000689863,-18.1,6.0945545961581));
#11779=CARTESIAN_POINT('',(-58.4243331426587,-18.3,6.19257489723872));
#11780=CARTESIAN_POINT('Origin',(-58.2500000689863,-18.3,6.0945545961581));
#11781=CARTESIAN_POINT('',(-58.199842837889,-18.4342633618652,7.05007369891481));
#11782=CARTESIAN_POINT('Ctrl Pts',(-58.4243331426587,-18.3,6.19257489723872));
#11783=CARTESIAN_POINT('Ctrl Pts',(-58.3397422674781,-18.3,6.3430231932783));
#11784=CARTESIAN_POINT('Ctrl Pts',(-58.2485266482827,-18.3609905482664,
6.58330568006125));
#11785=CARTESIAN_POINT('Ctrl Pts',(-58.2046288106867,-18.4269845593221,
6.87733067091999));
#11786=CARTESIAN_POINT('Ctrl Pts',(-58.1999000672934,-18.4341078757955,
7.00680837427168));
#11787=CARTESIAN_POINT('Ctrl Pts',(-58.1998953248522,-18.434105441973,7.04997520646224));
#11788=CARTESIAN_POINT('Ctrl Pts',(-58.1998953248522,-18.434105441973,7.04997520646224));
#11789=CARTESIAN_POINT('Ctrl Pts',(-58.1998905818286,-18.4341030078516,
7.09314733964144));
#11790=CARTESIAN_POINT('Ctrl Pts',(-58.2045916407812,-18.4269639199802,
7.22268653699919));
#11791=CARTESIAN_POINT('Ctrl Pts',(-58.2361015234718,-18.3790195668701,
7.43308250978417));
#11792=CARTESIAN_POINT('Ctrl Pts',(-58.3090052409697,-18.3215042098,7.67628465775902));
#11793=CARTESIAN_POINT('Ctrl Pts',(-58.3820377050684,-18.3,7.83270601812984));
#11794=CARTESIAN_POINT('Ctrl Pts',(-58.4243331426587,-18.3,7.90793016614962));
#11795=CARTESIAN_POINT('Origin',(-59.9497475372921,-18.3,7.05025253169417));
#11796=CARTESIAN_POINT('Origin',(-59.9497475372921,-18.3,7.05025253169417));
#11797=CARTESIAN_POINT('Origin',(-58.2500000689863,-18.6,10.9174682452695));
#11798=CARTESIAN_POINT('',(-57.7500000689863,-18.6,8.88752510050282));
#11799=CARTESIAN_POINT('Origin',(-58.2500000689863,-18.6,8.88752510050282));
#11800=CARTESIAN_POINT('',(-57.7500000689863,-18.5999999999999,0.685427665766407));
#11801=CARTESIAN_POINT('',(-57.7500000689863,-18.6,10.9174682452695));
#11802=CARTESIAN_POINT('',(-57.8773220726895,-18.2666666667191,0.875151688447571));
#11803=CARTESIAN_POINT('Ctrl Pts',(-57.8773220727363,-18.2666666666667,
0.87515168849216));
#11804=CARTESIAN_POINT('Ctrl Pts',(-57.8667811617442,-18.2784517634282,
0.865121952832625));
#11805=CARTESIAN_POINT('Ctrl Pts',(-57.8466894560352,-18.3031695810867,
0.845113861007491));
#11806=CARTESIAN_POINT('Ctrl Pts',(-57.8108798828282,-18.3570536372153,
0.805796959243361));
#11807=CARTESIAN_POINT('Ctrl Pts',(-57.7819225900631,-18.4181513804739,
0.767786789390898));
#11808=CARTESIAN_POINT('Ctrl Pts',(-57.7569497125395,-18.5040532882998,
0.723392751599414));
#11809=CARTESIAN_POINT('Ctrl Pts',(-57.7500000689863,-18.5604792045635,
0.699575743361269));
#11810=CARTESIAN_POINT('Ctrl Pts',(-57.7500000689863,-18.6000000000001,
0.685427665766336));
#11811=CARTESIAN_POINT('Ctrl Pts',(-58.2500000689863,-18.1,1.00237858621793));
#11812=CARTESIAN_POINT('Ctrl Pts',(-58.1741301191539,-18.1,0.988926004372567));
#11813=CARTESIAN_POINT('Ctrl Pts',(-58.023353136815,-18.135808204368,0.95923710224835));
#11814=CARTESIAN_POINT('Ctrl Pts',(-57.9137639019025,-18.2259234630198,
0.909826292451532));
#11815=CARTESIAN_POINT('Ctrl Pts',(-57.8773220726271,-18.2666666667888,
0.875151688388251));
#11816=CARTESIAN_POINT('Origin',(-59.9497475372921,26.5,7.05025253169417));
#11817=CARTESIAN_POINT('',(-58.1997475372921,-21.5,7.05025253169417));
#11818=CARTESIAN_POINT('',(-58.1997475372921,26.5,7.05025253169417));
#11819=CARTESIAN_POINT('Origin',(-59.9497475372921,-21.5,7.05025253169417));
#11820=CARTESIAN_POINT('Origin',(-34.0000000172466,-18.3,23.4677886604558));
#11821=CARTESIAN_POINT('',(-50.4987926988305,-18.25,23.6614378277662));
#11822=CARTESIAN_POINT('Ctrl Pts',(-50.4987926988305,-18.25,23.6614378277662));
#11823=CARTESIAN_POINT('Ctrl Pts',(-50.4992724012717,-18.2371093851081,
23.6581094853129));
#11824=CARTESIAN_POINT('Ctrl Pts',(-50.4999491343893,-18.2246555125027,
23.6534615204612));
#11825=CARTESIAN_POINT('Ctrl Pts',(-50.5007902075896,-18.2127780587903,
23.6476482155206));
#11826=CARTESIAN_POINT('Ctrl Pts',(-50.5015859473609,-18.2015407939528,
23.6421482448382));
#11827=CARTESIAN_POINT('Ctrl Pts',(-50.5025290937583,-18.1908184821913,
23.6356039165094));
#11828=CARTESIAN_POINT('Ctrl Pts',(-50.5036018924577,-18.180744283114,23.6281069140705));
#11829=CARTESIAN_POINT('Ctrl Pts',(-50.5047743630204,-18.169734107704,23.6199133781607));
#11830=CARTESIAN_POINT('Ctrl Pts',(-50.506090375317,-18.1596094389078,23.610665414716));
#11831=CARTESIAN_POINT('Ctrl Pts',(-50.507528928736,-18.1505260047128,23.6005101751314));
#11832=CARTESIAN_POINT('Ctrl Pts',(-50.5087234759712,-18.1429832947514,
23.5920774584813));
#11833=CARTESIAN_POINT('Ctrl Pts',(-50.5100028819463,-18.1361582607836,
23.5830178665054));
#11834=CARTESIAN_POINT('Ctrl Pts',(-50.5113612602673,-18.1301582471648,
23.5733961451801));
#11835=CARTESIAN_POINT('Ctrl Pts',(-50.511449732346,-18.1297674623082,23.5727694761044));
#11836=CARTESIAN_POINT('Ctrl Pts',(-50.5115385409801,-18.1293801853977,
23.5721404178506));
#11837=CARTESIAN_POINT('Ctrl Pts',(-50.511627680516,-18.1289964273777,23.5715090025996));
#11838=CARTESIAN_POINT('Ctrl Pts',(-50.5132333806139,-18.122083666575,23.5601351097533));
#11839=CARTESIAN_POINT('Ctrl Pts',(-50.5149327172517,-18.116364390613,23.5480898232826));
#11840=CARTESIAN_POINT('Ctrl Pts',(-50.5166904878831,-18.1118715421342,
23.5355822842503));
#11841=CARTESIAN_POINT('Ctrl Pts',(-50.5173292470754,-18.1102388784553,
23.5310371488452));
#11842=CARTESIAN_POINT('Ctrl Pts',(-50.5179758312131,-18.1087685793964,
23.5264306955572));
#11843=CARTESIAN_POINT('Ctrl Pts',(-50.518628859266,-18.1074637273893,23.5217722480387));
#11844=CARTESIAN_POINT('Ctrl Pts',(-50.5204403923373,-18.1038440014779,
23.5088494774119));
#11845=CARTESIAN_POINT('Ctrl Pts',(-50.5222895159334,-18.1015168985053,
23.4956095791905));
#11846=CARTESIAN_POINT('Ctrl Pts',(-50.5241460725358,-18.1005337843141,
23.4822575452784));
#11847=CARTESIAN_POINT('Ctrl Pts',(-50.5247609126397,-18.1002082041348,
23.4778357216145));
#11848=CARTESIAN_POINT('Ctrl Pts',(-50.5253766285596,-18.1000304267703,
23.473401489027));
#11849=CARTESIAN_POINT('Ctrl Pts',(-50.5259922581143,-18.1000035782441,
23.4689621296106));
#11850=CARTESIAN_POINT('Ctrl Pts',(-50.5260469433273,-18.1000011933401,
23.4685677896809));
#11851=CARTESIAN_POINT('Ctrl Pts',(-50.5261016223525,-18.1,23.4681734464902));
#11852=CARTESIAN_POINT('Ctrl Pts',(-50.5261562944861,-18.1,23.467779105196));
#11853=CARTESIAN_POINT('',(-55.0000000689863,-18.25,23.6614378277661));
#11854=CARTESIAN_POINT('Origin',(-55.0000000689865,-18.3,23.4677886604558));
#11855=CARTESIAN_POINT('',(-34.0000000172466,-18.25,23.6614378277661));
#11856=CARTESIAN_POINT('Origin',(-55.0000000689863,-18.3,12.));
#11857=CARTESIAN_POINT('',(-58.3048807275329,-18.25,0.81666883063817));
#11858=CARTESIAN_POINT('Origin',(-58.2500000689863,-18.3,1.00237858621793));
#11859=CARTESIAN_POINT('Origin',(-55.0000000689863,-18.25,12.));
#11860=CARTESIAN_POINT('Ctrl Pts',(-58.0611186568032,-18.25,0.747503156979923));
#11861=CARTESIAN_POINT('Ctrl Pts',(-58.0905943622783,-18.25,0.755521699991093));
#11862=CARTESIAN_POINT('Ctrl Pts',(-58.1655561938578,-18.25,0.776170334991725));
#11863=CARTESIAN_POINT('Ctrl Pts',(-58.2585900574222,-18.25,0.802989083700243));
#11864=CARTESIAN_POINT('Ctrl Pts',(-58.3048807275329,-18.25,0.81666883063817));
#11865=CARTESIAN_POINT('Ctrl Pts',(-58.0215599465912,-18.2310083404348,
0.759058773426589));
#11866=CARTESIAN_POINT('Ctrl Pts',(-58.05354589747,-18.2231581204742,0.76852061539423));
#11867=CARTESIAN_POINT('Ctrl Pts',(-58.1381730582696,-18.2053844381909,
0.787371215610643));
#11868=CARTESIAN_POINT('Ctrl Pts',(-58.2477222159332,-18.1997670034355,
0.81325765058611));
#11869=CARTESIAN_POINT('Ctrl Pts',(-58.3013230380779,-18.2013805562488,
0.828707637325457));
#11870=CARTESIAN_POINT('Ctrl Pts',(-57.9476995200042,-18.2189898195174,
0.797160480459253));
#11871=CARTESIAN_POINT('Ctrl Pts',(-57.9826664009013,-18.1954852773139,
0.814221146494684));
#11872=CARTESIAN_POINT('Ctrl Pts',(-58.0814498493993,-18.1413104291825,
0.839666363997789));
#11873=CARTESIAN_POINT('Ctrl Pts',(-58.2187845040201,-18.1217561018224,
0.865723669312509));
#11874=CARTESIAN_POINT('Ctrl Pts',(-58.285599662606,-18.1254425939631,0.881913708336935));
#11875=CARTESIAN_POINT('Ctrl Pts',(-57.8938053207134,-18.2482378351712,
0.851765188827725));
#11876=CARTESIAN_POINT('Ctrl Pts',(-57.929945345346,-18.2118735976743,0.881162267922477));
#11877=CARTESIAN_POINT('Ctrl Pts',(-58.0369747230566,-18.1302303982439,
0.923395229245892));
#11878=CARTESIAN_POINT('Ctrl Pts',(-58.1863453721581,-18.098371414149,0.951993718559822));
#11879=CARTESIAN_POINT('Ctrl Pts',(-58.2606731373513,-18.1,0.966262166156068));
#11880=CARTESIAN_POINT('Ctrl Pts',(-57.8773220726271,-18.2666666667888,
0.875151688388251));
#11881=CARTESIAN_POINT('Ctrl Pts',(-57.9137639019025,-18.2259234630198,
0.909826292451532));
#11882=CARTESIAN_POINT('Ctrl Pts',(-58.023353136815,-18.135808204368,0.95923710224835));
#11883=CARTESIAN_POINT('Ctrl Pts',(-58.1741301191539,-18.1,0.988926004372567));
#11884=CARTESIAN_POINT('Ctrl Pts',(-58.2500000689863,-18.1,1.00237858621793));
#11885=CARTESIAN_POINT('',(-58.0611186568595,-18.2500000000393,0.747503156972141));
#11886=CARTESIAN_POINT('Origin',(-58.0263932712082,-18.4000000000314,0.87515168844757));
#11887=CARTESIAN_POINT('Origin',(-55.0000000689863,-18.25,12.));
#11888=CARTESIAN_POINT('Ctrl Pts',(-57.7510669068691,-18.5894296072377,
0.667711463947067));
#11889=CARTESIAN_POINT('Ctrl Pts',(-57.753600484893,-18.5407172051168,0.668326524396723));
#11890=CARTESIAN_POINT('Ctrl Pts',(-57.7711923885614,-18.4675265623681,
0.672577767688887));
#11891=CARTESIAN_POINT('Ctrl Pts',(-57.8332408269592,-18.3611013229781,
0.687910281825637));
#11892=CARTESIAN_POINT('Ctrl Pts',(-57.904772491412,-18.2954027002564,0.705990253122211));
#11893=CARTESIAN_POINT('Ctrl Pts',(-57.9902780722186,-18.2578081333557,
0.728399720997804));
#11894=CARTESIAN_POINT('Ctrl Pts',(-58.0368127194497,-18.25,0.740890992793852));
#11895=CARTESIAN_POINT('Ctrl Pts',(-58.0611186568916,-18.25,0.747503157003963));
#11896=CARTESIAN_POINT('Ctrl Pts',(-57.7506608541389,-18.5914358439683,
0.671073959136645));
#11897=CARTESIAN_POINT('Ctrl Pts',(-57.7523900809849,-18.5444404615589,
0.674238390411821));
#11898=CARTESIAN_POINT('Ctrl Pts',(-57.7668032381421,-18.4742898837078,
0.682131767713211));
#11899=CARTESIAN_POINT('Ctrl Pts',(-57.818853943631,-18.3691950646987,0.701781690261447));
#11900=CARTESIAN_POINT('Ctrl Pts',(-57.8798764936897,-18.2999783390456,
0.721660507884024));
#11901=CARTESIAN_POINT('Ctrl Pts',(-57.9557509823119,-18.2518128212082,
0.743179744518483));
#11902=CARTESIAN_POINT('Ctrl Pts',(-57.9985508799363,-18.2360073037754,
0.753952692333616));
#11903=CARTESIAN_POINT('Ctrl Pts',(-58.0215599466871,-18.2310083404113,
0.759058773455082));
#11904=CARTESIAN_POINT('Ctrl Pts',(-57.7501526294128,-18.5949575103957,
0.676976346547453));
#11905=CARTESIAN_POINT('Ctrl Pts',(-57.7507942835907,-18.5510094863268,
0.684644669041915));
#11906=CARTESIAN_POINT('Ctrl Pts',(-57.7608034273815,-18.486255498907,0.698976656931559));
#11907=CARTESIAN_POINT('Ctrl Pts',(-57.7978290830477,-18.3864376229315,
0.727976651878818));
#11908=CARTESIAN_POINT('Ctrl Pts',(-57.8417034896305,-18.3158912189002,
0.753878050974567));
#11909=CARTESIAN_POINT('Ctrl Pts',(-57.8977474576964,-18.2565864734512,
0.779677603564511));
#11910=CARTESIAN_POINT('Ctrl Pts',(-57.9300898842393,-18.2307888603898,
0.79177837636707));
#11911=CARTESIAN_POINT('Ctrl Pts',(-57.9476995019626,-18.2189897808805,
0.79716046476337));
#11912=CARTESIAN_POINT('Ctrl Pts',(-57.7500000689863,-18.5984872531741,
0.682892270093394));
#11913=CARTESIAN_POINT('Ctrl Pts',(-57.7501196345398,-18.557634671763,0.695096421799731));
#11914=CARTESIAN_POINT('Ctrl Pts',(-57.7577535672035,-18.4986945662771,
0.716064598764757));
#11915=CARTESIAN_POINT('Ctrl Pts',(-57.7855167526274,-18.4082382019765,
0.755840422225147));
#11916=CARTESIAN_POINT('Ctrl Pts',(-57.8180092604635,-18.3436431933881,
0.790216047232012));
#11917=CARTESIAN_POINT('Ctrl Pts',(-57.8586249426349,-18.2867742438345,
0.825483381574232));
#11918=CARTESIAN_POINT('Ctrl Pts',(-57.8816188782141,-18.2607097184832,
0.843124396703615));
#11919=CARTESIAN_POINT('Ctrl Pts',(-57.8938053208217,-18.2482378350623,
0.851765188915803));
#11920=CARTESIAN_POINT('Ctrl Pts',(-57.7500000689863,-18.6000000000001,
0.685427665766336));
#11921=CARTESIAN_POINT('Ctrl Pts',(-57.7500000689863,-18.5604792045635,
0.699575743361269));
#11922=CARTESIAN_POINT('Ctrl Pts',(-57.7569497125395,-18.5040532882998,
0.723392751599414));
#11923=CARTESIAN_POINT('Ctrl Pts',(-57.7819225900631,-18.4181513804739,
0.767786789390898));
#11924=CARTESIAN_POINT('Ctrl Pts',(-57.8108798828282,-18.3570536372153,
0.805796959243361));
#11925=CARTESIAN_POINT('Ctrl Pts',(-57.8466894560352,-18.3031695810867,
0.845113861007491));
#11926=CARTESIAN_POINT('Ctrl Pts',(-57.8667811617442,-18.2784517634282,
0.865121952832625));
#11927=CARTESIAN_POINT('Ctrl Pts',(-57.8773220727363,-18.2666666666667,
0.87515168849216));
#11928=CARTESIAN_POINT('',(-57.7510669068691,-18.5894296072377,0.667711463947069));
#11929=CARTESIAN_POINT('Origin',(-57.9500000689863,-18.5999999999999,0.685427665766381));
#11930=CARTESIAN_POINT('Ctrl Pts',(-57.7510669068691,-18.5894296072374,
0.667711463947082));
#11931=CARTESIAN_POINT('Ctrl Pts',(-57.753600484893,-18.5407172051166,0.668326524396754));
#11932=CARTESIAN_POINT('Ctrl Pts',(-57.765328420672,-18.4919234432843,0.671160686591535));
#11933=CARTESIAN_POINT('Ctrl Pts',(-57.7857839828377,-18.4472787921696,
0.676194077759586));
#11934=CARTESIAN_POINT('Ctrl Pts',(-57.7960117639205,-18.4249564666122,
0.678710773343618));
#11935=CARTESIAN_POINT('Ctrl Pts',(-57.8084214516001,-18.4036714187342,
0.68177727617097));
#11936=CARTESIAN_POINT('Ctrl Pts',(-57.8226555487575,-18.3840065015887,
0.68532827566392));
#11937=CARTESIAN_POINT('Ctrl Pts',(-57.8511237430724,-18.3446766672977,
0.69243027464982));
#11938=CARTESIAN_POINT('Ctrl Pts',(-57.8868895752987,-18.3118273559368,
0.701470260298109));
#11939=CARTESIAN_POINT('Ctrl Pts',(-57.927313379643,-18.288346063183,0.711953411472736));
#11940=CARTESIAN_POINT('Ctrl Pts',(-57.9475252818152,-18.276605416806,0.717194987060049));
#11941=CARTESIAN_POINT('Ctrl Pts',(-57.9689016770168,-18.2672067750808,
0.722797354028947));
#11942=CARTESIAN_POINT('Ctrl Pts',(-57.9912235364254,-18.2605554208793,
0.728721355462407));
#11943=CARTESIAN_POINT('Ctrl Pts',(-58.013545395834,-18.2539040666778,0.734645356895866));
#11944=CARTESIAN_POINT('Ctrl Pts',(-58.0368127194496,-18.25,0.740890992793888));
#11945=CARTESIAN_POINT('Ctrl Pts',(-58.0611186568915,-18.2499999999999,
0.747503157003995));
#11946=CARTESIAN_POINT('Ctrl Pts',(-57.7500000689863,-18.6317679482546,
0.667452527747563));
#11947=CARTESIAN_POINT('Ctrl Pts',(-57.7500000689863,-18.6179639344139,
0.667452527747563));
#11948=CARTESIAN_POINT('Ctrl Pts',(-57.7503164498993,-18.6038584352989,
0.667529280332859));
#11949=CARTESIAN_POINT('Ctrl Pts',(-57.7510669068691,-18.5894296072377,
0.667711463947072));
#11950=CARTESIAN_POINT('Ctrl Pts',(-57.7500000689863,-18.6317679482546,
0.667452527747563));
#11951=CARTESIAN_POINT('Ctrl Pts',(-57.7499997829573,-18.6189899055661,
0.669367724061246));
#11952=CARTESIAN_POINT('Ctrl Pts',(-57.7501049818935,-18.6060560628822,
0.671417901042627));
#11953=CARTESIAN_POINT('Ctrl Pts',(-57.7503563145912,-18.5929405215161,
0.673595830528845));
#11954=CARTESIAN_POINT('Ctrl Pts',(-57.7500000689863,-18.6317679482546,
0.667452527747563));
#11955=CARTESIAN_POINT('Ctrl Pts',(-57.7500000689863,-18.6200162227076,
0.671283248131283));
#11956=CARTESIAN_POINT('Ctrl Pts',(-57.7500000689863,-18.6082527013589,
0.675305668729931));
#11957=CARTESIAN_POINT('Ctrl Pts',(-57.7500000689863,-18.596470257406,0.679511742529503));
#11958=CARTESIAN_POINT('Ctrl Pts',(-57.7500000689863,-18.6317679482546,
0.667452527747563));
#11959=CARTESIAN_POINT('Ctrl Pts',(-57.7500000689863,-18.6210425251669,
0.673198760282036));
#11960=CARTESIAN_POINT('Ctrl Pts',(-57.7500000689863,-18.6104491607152,
0.67919316167102));
#11961=CARTESIAN_POINT('Ctrl Pts',(-57.7500000689863,-18.6,0.685427665766381));
#11962=CARTESIAN_POINT('',(-57.7500000689897,-18.6317679481989,0.667452527763324));
#11963=CARTESIAN_POINT('Ctrl Pts',(-57.7500000689863,-18.6,0.685427665766381));
#11964=CARTESIAN_POINT('Ctrl Pts',(-57.7500000689863,-18.6104491607152,
0.67919316167102));
#11965=CARTESIAN_POINT('Ctrl Pts',(-57.7500000689863,-18.6210425251669,
0.673198760282036));
#11966=CARTESIAN_POINT('Ctrl Pts',(-57.7500000689863,-18.6317679482546,
0.667452527747563));
#11967=CARTESIAN_POINT('Ctrl Pts',(-57.7500000689863,-18.6317679482546,
0.667452527747563));
#11968=CARTESIAN_POINT('Ctrl Pts',(-57.7500000689863,-18.6179639344139,
0.667452527747563));
#11969=CARTESIAN_POINT('Ctrl Pts',(-57.7503164498993,-18.6038584352989,
0.667529280332859));
#11970=CARTESIAN_POINT('Ctrl Pts',(-57.7510669068691,-18.5894296072377,
0.667711463947072));
#11971=CARTESIAN_POINT('Origin',(-57.7500000689863,-18.1,9.83493649053891));
#11972=CARTESIAN_POINT('',(-57.7500000689863,-19.1,9.66815523672781));
#11973=CARTESIAN_POINT('Ctrl Pts',(-57.7500000689863,-19.1,9.66815523672781));
#11974=CARTESIAN_POINT('Ctrl Pts',(-57.7500000689863,-19.0518061484913,
9.66815523672781));
#11975=CARTESIAN_POINT('Ctrl Pts',(-57.7500000689863,-18.9564218715957,
9.64260386164121));
#11976=CARTESIAN_POINT('Ctrl Pts',(-57.7500000689863,-18.83976468069,9.55369690592124));
#11977=CARTESIAN_POINT('Ctrl Pts',(-57.7500000689863,-18.6617296296582,
9.32391826898039));
#11978=CARTESIAN_POINT('Ctrl Pts',(-57.7500000689863,-18.6,9.0803005065378));
#11979=CARTESIAN_POINT('Ctrl Pts',(-57.7500000689863,-18.6,8.88752510050282));
#11980=CARTESIAN_POINT('',(-57.7500000689863,-19.9,9.66815523672779));
#11981=CARTESIAN_POINT('',(-57.7500000689863,-18.1,9.66815523672779));
#11982=CARTESIAN_POINT('',(-57.7500000689863,-19.9,0.574699128688121));
#11983=CARTESIAN_POINT('',(-57.7500000689863,-19.9,9.79246826017062));
#11984=CARTESIAN_POINT('',(-57.7500000689863,-19.,0.574699128688119));
#11985=CARTESIAN_POINT('',(-57.7500000689863,26.5,0.574699128688119));
#11986=CARTESIAN_POINT('Ctrl Pts',(-57.7500000689863,-18.6317764365602,
0.66747015369466));
#11987=CARTESIAN_POINT('Ctrl Pts',(-57.7500000689863,-18.7445364967983,
0.607198738296011));
#11988=CARTESIAN_POINT('Ctrl Pts',(-57.7500000689863,-18.872137050665,0.574699128688123));
#11989=CARTESIAN_POINT('Ctrl Pts',(-57.7500000689863,-19.,0.574699128688123));
#11990=CARTESIAN_POINT('Origin',(-34.0000000172466,-18.3,0.532211339544225));
#11991=CARTESIAN_POINT('',(-50.4987926988305,-18.25,0.338562172233854));
#11992=CARTESIAN_POINT('Ctrl Pts',(-50.5261562938073,-18.1,0.53222089434834));
#11993=CARTESIAN_POINT('Ctrl Pts',(-50.5261016216783,-18.1,0.531826553075623));
#11994=CARTESIAN_POINT('Ctrl Pts',(-50.5260469426422,-18.1000011931608,
0.531432209796362));
#11995=CARTESIAN_POINT('Ctrl Pts',(-50.5259922574028,-18.1000035777095,
0.531037869670366));
#11996=CARTESIAN_POINT('Ctrl Pts',(-50.524132262186,-18.1000846827635,0.517625278707323));
#11997=CARTESIAN_POINT('Ctrl Pts',(-50.5222717804151,-18.1015392763371,
0.504263242298575));
#11998=CARTESIAN_POINT('Ctrl Pts',(-50.5204386034021,-18.1042968973359,
0.491153181432384));
#11999=CARTESIAN_POINT('Ctrl Pts',(-50.5195959679898,-18.1055644612923,
0.485127030402997));
#12000=CARTESIAN_POINT('Ctrl Pts',(-50.5187591662563,-18.1071080793558,
0.47915416946379));
#12001=CARTESIAN_POINT('Ctrl Pts',(-50.5179314289631,-18.1089244067157,
0.47325513152637));
#12002=CARTESIAN_POINT('Ctrl Pts',(-50.5161471884213,-18.1128396162141,
0.46053937891755));
#12003=CARTESIAN_POINT('Ctrl Pts',(-50.5144167273942,-18.1179917975931,
0.44825321270704));
#12004=CARTESIAN_POINT('Ctrl Pts',(-50.5127717048835,-18.1243314318264,
0.436595702976863));
#12005=CARTESIAN_POINT('Ctrl Pts',(-50.5122939036586,-18.1261727956877,
0.433209747835048));
#12006=CARTESIAN_POINT('Ctrl Pts',(-50.5118233711416,-18.1281146313206,
0.42987697080802));
#12007=CARTESIAN_POINT('Ctrl Pts',(-50.5113610567647,-18.1301564138496,
0.426602689986411));
#12008=CARTESIAN_POINT('Ctrl Pts',(-50.5110298467811,-18.1316191820257,
0.424256938802123));
#12009=CARTESIAN_POINT('Ctrl Pts',(-50.5107028571308,-18.133133255918,0.421941217214764));
#12010=CARTESIAN_POINT('Ctrl Pts',(-50.510380221194,-18.1346973494378,0.419656714648084));
#12011=CARTESIAN_POINT('Ctrl Pts',(-50.5087904919047,-18.1424041328289,
0.40840024806552));
#12012=CARTESIAN_POINT('Ctrl Pts',(-50.5073190069637,-18.1512557230476,
0.39799565324965));
#12013=CARTESIAN_POINT('Ctrl Pts',(-50.5059777335581,-18.1610690169639,
0.388556929446133));
#12014=CARTESIAN_POINT('Ctrl Pts',(-50.5047882636365,-18.169771655737,0.380186467454349));
#12015=CARTESIAN_POINT('Ctrl Pts',(-50.5037011770637,-18.1792321862441,
0.372575401794498));
#12016=CARTESIAN_POINT('Ctrl Pts',(-50.502732748861,-18.1893436500219,0.365829334862781));
#12017=CARTESIAN_POINT('Ctrl Pts',(-50.5016795123032,-18.2003406070223,
0.358492493273789));
#12018=CARTESIAN_POINT('Ctrl Pts',(-50.5007755349736,-18.2120068547201,
0.352245004373219));
#12019=CARTESIAN_POINT('Ctrl Pts',(-50.5000442117986,-18.2241912327972,
0.347201380884793));
#12020=CARTESIAN_POINT('Ctrl Pts',(-50.499541683079,-18.2325637281922,0.343735655005019));
#12021=CARTESIAN_POINT('Ctrl Pts',(-50.4991208614544,-18.2411815791554,
0.340839078705258));
#12022=CARTESIAN_POINT('Ctrl Pts',(-50.4987926988305,-18.25,0.338562172233858));
#12023=CARTESIAN_POINT('',(-51.7500000689863,-18.25,0.338562172233854));
#12024=CARTESIAN_POINT('',(-34.0000000172466,-18.25,0.338562172233854));
#12025=CARTESIAN_POINT('Origin',(-51.7500000689863,-18.3,0.532211339544225));
#12026=CARTESIAN_POINT('Ctrl Pts',(-51.7500000689863,-18.25,0.338562172233854));
#12027=CARTESIAN_POINT('Ctrl Pts',(-51.7938805256359,-18.25,0.338562172233854));
#12028=CARTESIAN_POINT('Ctrl Pts',(-51.8828444585173,-18.25,0.338562172233854));
#12029=CARTESIAN_POINT('Ctrl Pts',(-51.9511980681206,-18.25,0.338562172233854));
#12030=CARTESIAN_POINT('Ctrl Pts',(-51.9736068667584,-18.25,0.338562172233854));
#12031=CARTESIAN_POINT('Ctrl Pts',(-51.7500000689863,-18.2013805562488,
0.351115658630548));
#12032=CARTESIAN_POINT('Ctrl Pts',(-51.8014823880177,-18.2013805562488,
0.351115658630548));
#12033=CARTESIAN_POINT('Ctrl Pts',(-51.9053355451144,-18.2095378357675,
0.355442038650829));
#12034=CARTESIAN_POINT('Ctrl Pts',(-51.9824044196727,-18.2289885728932,
0.356547830685605));
#12035=CARTESIAN_POINT('Ctrl Pts',(-52.0079415010554,-18.2365644491613,
0.353796654916614));
#12036=CARTESIAN_POINT('Ctrl Pts',(-51.7500000689863,-18.1254413384364,
0.406595550311609));
#12037=CARTESIAN_POINT('Ctrl Pts',(-51.8146633606565,-18.1254413384364,
0.406595550311609));
#12038=CARTESIAN_POINT('Ctrl Pts',(-51.9444498514968,-18.1502785303526,
0.412315991100758));
#12039=CARTESIAN_POINT('Ctrl Pts',(-52.0368853024687,-18.2065337277844,
0.406010279820407));
#12040=CARTESIAN_POINT('Ctrl Pts',(-52.0678970653181,-18.22926660752,0.394654150409741));
#12041=CARTESIAN_POINT('Ctrl Pts',(-51.7500000689863,-18.1,0.494550880354145));
#12042=CARTESIAN_POINT('Ctrl Pts',(-51.8217234869735,-18.1,0.494550880354145));
#12043=CARTESIAN_POINT('Ctrl Pts',(-51.9665170285514,-18.1322964948126,
0.494172647748852));
#12044=CARTESIAN_POINT('Ctrl Pts',(-52.0741651654306,-18.2156682011188,
0.471294484787292));
#12045=CARTESIAN_POINT('Ctrl Pts',(-52.1098025774112,-18.2522714336533,
0.447998013735876));
#12046=CARTESIAN_POINT('Ctrl Pts',(-51.7500000689863,-18.1,0.532211339544225));
#12047=CARTESIAN_POINT('Ctrl Pts',(-51.8231341634023,-18.1,0.532211339544225));
#12048=CARTESIAN_POINT('Ctrl Pts',(-51.9714073848713,-18.1329500197863,
0.529227537041311));
#12049=CARTESIAN_POINT('Ctrl Pts',(-52.0853300675434,-18.224910335825,0.499258075044238));
#12050=CARTESIAN_POINT('Ctrl Pts',(-52.1226780652731,-18.2666666667078,
0.470849737759074));
#12051=CARTESIAN_POINT('',(-51.9736068667442,-18.2500000000055,0.33856217222757));
#12052=CARTESIAN_POINT('',(-52.1226780652495,-18.2666666666815,0.470849737777018));
#12053=CARTESIAN_POINT('Origin',(-51.9736068667442,-18.4000000000089,0.470849737777023));
#12054=CARTESIAN_POINT('Ctrl Pts',(-52.1226780652731,-18.2666666667078,
0.470849737759074));
#12055=CARTESIAN_POINT('Ctrl Pts',(-52.0853300675434,-18.224910335825,0.499258075044238));
#12056=CARTESIAN_POINT('Ctrl Pts',(-51.9714073848713,-18.1329500197863,
0.529227537041311));
#12057=CARTESIAN_POINT('Ctrl Pts',(-51.8231341634023,-18.1,0.532211339544225));
#12058=CARTESIAN_POINT('Ctrl Pts',(-51.7500000689863,-18.1,0.532211339544225));
#12059=CARTESIAN_POINT('',(-34.0000000172466,-18.25,0.338562172233854));
#12060=CARTESIAN_POINT('Ctrl Pts',(-51.9736068667726,-18.25,0.338562172233859));
#12061=CARTESIAN_POINT('Ctrl Pts',(-52.1389650958029,-18.2500000000313,
0.338562172233859));
#12062=CARTESIAN_POINT('Ctrl Pts',(-52.2208290760555,-18.3935129041544,
0.338562172233863));
#12063=CARTESIAN_POINT('Ctrl Pts',(-52.2427838624016,-18.5153433654652,
0.338562172233854));
#12064=CARTESIAN_POINT('Ctrl Pts',(-52.2428954942481,-18.5160086605735,
0.338562172233854));
#12065=CARTESIAN_POINT('Ctrl Pts',(-52.2430067175779,-18.5166666666667,
0.338562172233854));
#12066=CARTESIAN_POINT('Ctrl Pts',(-52.0079415010628,-18.2365644491608,
0.35379665492089));
#12067=CARTESIAN_POINT('Ctrl Pts',(-52.1562684214521,-18.2684937507443,
0.360990754046703));
#12068=CARTESIAN_POINT('Ctrl Pts',(-52.2212688109808,-18.3979444724022,
0.345627094083318));
#12069=CARTESIAN_POINT('Ctrl Pts',(-52.2427951180305,-18.515399160447,0.338645071254958));
#12070=CARTESIAN_POINT('Ctrl Pts',(-52.2428999982301,-18.5160353064904,
0.338602457072736));
#12071=CARTESIAN_POINT('Ctrl Pts',(-52.2430067175779,-18.5166666666667,
0.338562172233854));
#12072=CARTESIAN_POINT('Ctrl Pts',(-52.0678970538526,-18.2292666271696,
0.394654158717418));
#12073=CARTESIAN_POINT('Ctrl Pts',(-52.1728532932636,-18.3015323678085,
0.392317032210185));
#12074=CARTESIAN_POINT('Ctrl Pts',(-52.2230833517669,-18.4055726328081,
0.35876380205293));
#12075=CARTESIAN_POINT('Ctrl Pts',(-52.2428106562197,-18.5154973106349,
0.338787220011198));
#12076=CARTESIAN_POINT('Ctrl Pts',(-52.2429078801986,-18.5160819368449,
0.338672955540781));
#12077=CARTESIAN_POINT('Ctrl Pts',(-52.2430067175779,-18.5166666666667,
0.338562172233855));
#12078=CARTESIAN_POINT('Ctrl Pts',(-52.1098025773914,-18.2522714336332,
0.447998013751657));
#12079=CARTESIAN_POINT('Ctrl Pts',(-52.1798880865676,-18.325483589165,0.415165268337794));
#12080=CARTESIAN_POINT('Ctrl Pts',(-52.2251882238034,-18.4142885963081,
0.372816603358682));
#12081=CARTESIAN_POINT('Ctrl Pts',(-52.242824712865,-18.5155914263193,0.338925912593791));
#12082=CARTESIAN_POINT('Ctrl Pts',(-52.2429157621671,-18.5161285671994,
0.338743454008825));
#12083=CARTESIAN_POINT('Ctrl Pts',(-52.2430067175779,-18.5166666666667,
0.338562172233855));
#12084=CARTESIAN_POINT('Ctrl Pts',(-52.1226780652495,-18.2666666666814,
0.470849737777036));
#12085=CARTESIAN_POINT('Ctrl Pts',(-52.1829649195876,-18.3340694189117,
0.424993215471675));
#12086=CARTESIAN_POINT('Ctrl Pts',(-52.2259658786485,-18.4182150406953,
0.378837227007852));
#12087=CARTESIAN_POINT('Ctrl Pts',(-52.2428311377071,-18.5156310516856,
0.338985360097916));
#12088=CARTESIAN_POINT('Ctrl Pts',(-52.2429191401536,-18.5161485516371,
0.338773667637987));
#12089=CARTESIAN_POINT('Ctrl Pts',(-52.2430067175779,-18.5166666666667,
0.338562172233855));
#12090=CARTESIAN_POINT('',(-52.2430067162502,-18.5166666588113,0.338562175440431));
#12091=CARTESIAN_POINT('Ctrl Pts',(-51.9736068667363,-18.25,0.338562172233846));
#12092=CARTESIAN_POINT('Ctrl Pts',(-52.0005437040141,-18.25,0.338562172233846));
#12093=CARTESIAN_POINT('Ctrl Pts',(-52.028942374624,-18.2556488829776,0.338562172233855));
#12094=CARTESIAN_POINT('Ctrl Pts',(-52.0894293439347,-18.2804112548049,
0.338562172233855));
#12095=CARTESIAN_POINT('Ctrl Pts',(-52.1205580877098,-18.301019942092,0.338562172233855));
#12096=CARTESIAN_POINT('Ctrl Pts',(-52.1698805005742,-18.3501146371058,
0.338562172233855));
#12097=CARTESIAN_POINT('Ctrl Pts',(-52.1883355052959,-18.3749414123749,
0.338562172233859));
#12098=CARTESIAN_POINT('Ctrl Pts',(-52.222934321858,-18.4374781858853,0.338562172233859));
#12099=CARTESIAN_POINT('Ctrl Pts',(-52.2362030536486,-18.4764156480431,
0.338562172233853));
#12100=CARTESIAN_POINT('Ctrl Pts',(-52.2430067175779,-18.5166666666667,
0.338562172233853));
#12101=CARTESIAN_POINT('Ctrl Pts',(-52.2430067162502,-18.5166666588113,
0.338562175440427));
#12102=CARTESIAN_POINT('Ctrl Pts',(-52.2429191392641,-18.5161485464064,
0.338773669777693));
#12103=CARTESIAN_POINT('Ctrl Pts',(-52.242831137254,-18.5156310490686,0.338985361168511));
#12104=CARTESIAN_POINT('Ctrl Pts',(-52.2259658786485,-18.4182150406953,
0.378837227007852));
#12105=CARTESIAN_POINT('Ctrl Pts',(-52.1829649195876,-18.3340694189117,
0.424993215471675));
#12106=CARTESIAN_POINT('Ctrl Pts',(-52.1226780652495,-18.2666666666814,
0.470849737777036));
#12107=CARTESIAN_POINT('Ctrl Pts',(-50.0639165204704,-18.125,0.515877081724069));
#12108=CARTESIAN_POINT('Ctrl Pts',(-50.1038333506657,-18.1344926683028,
0.498720106808513));
#12109=CARTESIAN_POINT('Ctrl Pts',(-50.1865713144706,-18.1552421309487,
0.46366586987601));
#12110=CARTESIAN_POINT('Ctrl Pts',(-50.3328474993529,-18.1960547489708,
0.403563628727128));
#12111=CARTESIAN_POINT('Ctrl Pts',(-50.4371029568073,-18.2290000800387,
0.362373843278133));
#12112=CARTESIAN_POINT('Ctrl Pts',(-50.4987926988306,-18.25,0.338562172233845));
#12113=CARTESIAN_POINT('Ctrl Pts',(-50.0639165204704,-18.1156797483802,
0.532722432066874));
#12114=CARTESIAN_POINT('Ctrl Pts',(-50.105149624655,-18.1217152721246,0.517869970550618));
#12115=CARTESIAN_POINT('Ctrl Pts',(-50.1897065726393,-18.1350862454658,
0.48520812806073));
#12116=CARTESIAN_POINT('Ctrl Pts',(-50.3375070297929,-18.1624195576881,
0.424301006585073));
#12117=CARTESIAN_POINT('Ctrl Pts',(-50.4415027707001,-18.1857481374,0.378578639829926));
#12118=CARTESIAN_POINT('Ctrl Pts',(-50.5023376424575,-18.2013805562488,
0.350604738214306));
#12119=CARTESIAN_POINT('Ctrl Pts',(-50.0639165204704,-18.1036597979621,
0.564571127183494));
#12120=CARTESIAN_POINT('Ctrl Pts',(-50.1077208567457,-18.1050855575681,
0.555264534374967));
#12121=CARTESIAN_POINT('Ctrl Pts',(-50.1961108286536,-18.1082800880109,
0.530310091732972));
#12122=CARTESIAN_POINT('Ctrl Pts',(-50.3491350071587,-18.1150499204524,
0.477409688543055));
#12123=CARTESIAN_POINT('Ctrl Pts',(-50.4559025411244,-18.1211398953964,
0.432899382051081));
#12124=CARTESIAN_POINT('Ctrl Pts',(-50.5180043858572,-18.1254409809212,
0.403826400092433));
#12125=CARTESIAN_POINT('Ctrl Pts',(-50.0639165204704,-18.1,0.598262793656851));
#12126=CARTESIAN_POINT('Ctrl Pts',(-50.1104068931458,-18.1,0.595500962275581));
#12127=CARTESIAN_POINT('Ctrl Pts',(-50.2032129627612,-18.1,0.581292942869619));
#12128=CARTESIAN_POINT('Ctrl Pts',(-50.3636643887406,-18.1,0.544800173563883));
#12129=CARTESIAN_POINT('Ctrl Pts',(-50.4763864852361,-18.1,0.510997283156117));
#12130=CARTESIAN_POINT('Ctrl Pts',(-50.5428419102808,-18.1,0.488202220455058));
#12131=CARTESIAN_POINT('Ctrl Pts',(-50.0639165204704,-18.1,0.612701665379256));
#12132=CARTESIAN_POINT('Ctrl Pts',(-50.1115388230267,-18.1,0.612701665379256));
#12133=CARTESIAN_POINT('Ctrl Pts',(-50.2062529491578,-18.1,0.603130507580376));
#12134=CARTESIAN_POINT('Ctrl Pts',(-50.3698794194156,-18.1,0.573649648568042));
#12135=CARTESIAN_POINT('Ctrl Pts',(-50.4851600804954,-18.1,0.544440143346496));
#12136=CARTESIAN_POINT('Ctrl Pts',(-50.5534767411616,-18.1,0.524329918396443));
#12137=CARTESIAN_POINT('Ctrl Pts',(-50.4987926988305,-18.25,0.338562172233854));
#12138=CARTESIAN_POINT('Ctrl Pts',(-50.4371029568073,-18.2290000800386,
0.362373843278139));
#12139=CARTESIAN_POINT('Ctrl Pts',(-50.3745496823346,-18.2092328813979,
0.387087714547533));
#12140=CARTESIAN_POINT('Ctrl Pts',(-50.311914496433,-18.1908313287359,0.412428125065001));
#12141=CARTESIAN_POINT('Ctrl Pts',(-50.2701577058319,-18.1785636269613,
0.429321732076649));
#12142=CARTESIAN_POINT('Ctrl Pts',(-50.2283645101512,-18.166902878955,0.44649380097633));
#12143=CARTESIAN_POINT('Ctrl Pts',(-50.1867834213597,-18.1558851392903,
0.463843394659296));
#12144=CARTESIAN_POINT('Ctrl Pts',(-50.1452023325681,-18.1448673996257,
0.481192988342262));
#12145=CARTESIAN_POINT('Ctrl Pts',(-50.1038333506657,-18.1344926683028,
0.498720106808513));
#12146=CARTESIAN_POINT('Ctrl Pts',(-50.0639165204704,-18.125,0.515877081724069));
#12147=CARTESIAN_POINT('Ctrl Pts',(-50.4987926988306,-18.25,23.6614378277662));
#12148=CARTESIAN_POINT('Ctrl Pts',(-50.4371029573586,-18.2290000802263,
23.6376261569347));
#12149=CARTESIAN_POINT('Ctrl Pts',(-50.3328474826207,-18.1960547453834,
23.5964363637909));
#12150=CARTESIAN_POINT('Ctrl Pts',(-50.1865713104092,-18.1552421305054,
23.5363341280764));
#12151=CARTESIAN_POINT('Ctrl Pts',(-50.1038333120894,-18.1344926591289,
23.5012798766107));
#12152=CARTESIAN_POINT('Ctrl Pts',(-50.0639165204703,-18.125,23.4841229182759));
#12153=CARTESIAN_POINT('Ctrl Pts',(-50.5023376424575,-18.2013805562488,
23.6493952617857));
#12154=CARTESIAN_POINT('Ctrl Pts',(-50.4415027713154,-18.1857481377426,
23.6214213601501));
#12155=CARTESIAN_POINT('Ctrl Pts',(-50.337507012983,-18.1624195546999,23.5756989859155));
#12156=CARTESIAN_POINT('Ctrl Pts',(-50.1897065686098,-18.1350862450737,
23.5147918697895));
#12157=CARTESIAN_POINT('Ctrl Pts',(-50.1051495856249,-18.1217152646826,
23.4821300134899));
#12158=CARTESIAN_POINT('Ctrl Pts',(-50.0639165204703,-18.1156797483802,
23.4672775679331));
#12159=CARTESIAN_POINT('Ctrl Pts',(-50.5180051159953,-18.1254448899603,
23.5961711195475));
#12160=CARTESIAN_POINT('Ctrl Pts',(-50.4559019943332,-18.1211429629166,
23.5670989274975));
#12161=CARTESIAN_POINT('Ctrl Pts',(-50.3491352854629,-18.1150514292029,
23.522589108106));
#12162=CARTESIAN_POINT('Ctrl Pts',(-50.1961106203232,-18.1082806481425,
23.4696895336682));
#12163=CARTESIAN_POINT('Ctrl Pts',(-50.1077211712436,-18.1050858391631,
23.4447343482341));
#12164=CARTESIAN_POINT('Ctrl Pts',(-50.0639165204703,-18.1036599027295,
23.4354288488346));
#12165=CARTESIAN_POINT('Ctrl Pts',(-50.5428419102808,-18.1,23.5117977795449));
#12166=CARTESIAN_POINT('Ctrl Pts',(-50.476386485899,-18.1,23.489002716971));
#12167=CARTESIAN_POINT('Ctrl Pts',(-50.3636643794563,-18.1,23.4551998015055));
#12168=CARTESIAN_POINT('Ctrl Pts',(-50.2032129675043,-18.1,23.41870703538));
#12169=CARTESIAN_POINT('Ctrl Pts',(-50.1104068475936,-18.1,23.4044990365897));
#12170=CARTESIAN_POINT('Ctrl Pts',(-50.0639165204703,-18.1,23.4017372063431));
#12171=CARTESIAN_POINT('Ctrl Pts',(-50.5534767411616,-18.1,23.4756700816036));
#12172=CARTESIAN_POINT('Ctrl Pts',(-50.4851600811059,-18.1,23.4555598568332));
#12173=CARTESIAN_POINT('Ctrl Pts',(-50.3698794099783,-18.1,23.4263503268348));
#12174=CARTESIAN_POINT('Ctrl Pts',(-50.2062529539038,-18.1,23.3968694706541));
#12175=CARTESIAN_POINT('Ctrl Pts',(-50.1115387770037,-18.1,23.3872983346207));
#12176=CARTESIAN_POINT('Ctrl Pts',(-50.0639165204703,-18.1,23.3872983346207));
#12177=CARTESIAN_POINT('Ctrl Pts',(-50.0639165204703,-18.125,23.4841229182759));
#12178=CARTESIAN_POINT('Ctrl Pts',(-50.1038333120894,-18.1344926591289,
23.5012798766107));
#12179=CARTESIAN_POINT('Ctrl Pts',(-50.1452023112493,-18.1448673948172,
23.5188070023436));
#12180=CARTESIAN_POINT('Ctrl Pts',(-50.1867834068594,-18.1558851362153,
23.5361565988835));
#12181=CARTESIAN_POINT('Ctrl Pts',(-50.2283645024696,-18.1669028776134,
23.5535061954234));
#12182=CARTESIAN_POINT('Ctrl Pts',(-50.27015769453,-18.1785636247214,23.5706782627704));
#12183=CARTESIAN_POINT('Ctrl Pts',(-50.3119144857244,-18.1908313265611,
23.5875718700816));
#12184=CARTESIAN_POINT('Ctrl Pts',(-50.3745496725158,-18.2092328793206,
23.6129122810484));
#12185=CARTESIAN_POINT('Ctrl Pts',(-50.4371029573586,-18.2290000802263,
23.6376261569347));
#12186=CARTESIAN_POINT('Ctrl Pts',(-50.4987926988305,-18.25,23.6614378277662));
#12187=CARTESIAN_POINT('Origin',(-50.0639165204704,-18.3,23.3872983346207));
#12188=CARTESIAN_POINT('Origin',(-34.0000000172466,-18.3,23.3872983346207));
#12189=CARTESIAN_POINT('Ctrl Pts',(-51.9736068667363,-18.25,0.338562172233846));
#12190=CARTESIAN_POINT('Ctrl Pts',(-52.0200713759487,-18.3149361257126,
0.264931526631157));
#12191=CARTESIAN_POINT('Ctrl Pts',(-52.0500000689863,-18.4012191055986,
0.191005772189012));
#12192=CARTESIAN_POINT('Ctrl Pts',(-52.0500000689863,-18.5,0.133974596215563));
#12193=CARTESIAN_POINT('Ctrl Pts',(-52.0036496717435,-18.2382438930096,
0.351892344583654));
#12194=CARTESIAN_POINT('Ctrl Pts',(-52.0586343358045,-18.3026845816046,
0.276090956157838));
#12195=CARTESIAN_POINT('Ctrl Pts',(-52.0979306596472,-18.3908883139785,
0.197135786850429));
#12196=CARTESIAN_POINT('Ctrl Pts',(-52.1023599465461,-18.5,0.133974596215563));
#12197=CARTESIAN_POINT('Ctrl Pts',(-52.0636769964871,-18.2288075070647,
0.390920426735093));
#12198=CARTESIAN_POINT('Ctrl Pts',(-52.1356020002084,-18.2967029072759,
0.317132405032416));
#12199=CARTESIAN_POINT('Ctrl Pts',(-52.1936316386899,-18.3924912447831,
0.237338965653918));
#12200=CARTESIAN_POINT('Ctrl Pts',(-52.2065359110083,-18.521732078989,0.171615661178652));
#12201=CARTESIAN_POINT('Ctrl Pts',(-52.1076566627327,-18.2498722281089,
0.444189393087461));
#12202=CARTESIAN_POINT('Ctrl Pts',(-52.1860997938206,-18.3296270453537,
0.380296809004038));
#12203=CARTESIAN_POINT('Ctrl Pts',(-52.2429492485181,-18.4390362015294,
0.314286529940014));
#12204=CARTESIAN_POINT('Ctrl Pts',(-52.2500000689863,-18.5738200612201,
0.261834692866595));
#12205=CARTESIAN_POINT('Ctrl Pts',(-52.1226780652363,-18.2666666666667,
0.470849737787077));
#12206=CARTESIAN_POINT('Ctrl Pts',(-52.2001189139237,-18.3532481676168,
0.411945221304927));
#12207=CARTESIAN_POINT('Ctrl Pts',(-52.2500000689863,-18.4682921407981,
0.352804617751211));
#12208=CARTESIAN_POINT('Ctrl Pts',(-52.2500000689863,-18.6,0.307179676972451));
#12209=CARTESIAN_POINT('',(-52.0500000689863,-18.5,0.133974596215563));
#12210=CARTESIAN_POINT('',(-52.2500000689863,-18.6,0.307179676972451));
#12211=CARTESIAN_POINT('Origin',(-52.0500000689863,-18.6,0.307179676972451));
#12212=CARTESIAN_POINT('Ctrl Pts',(-52.2500000689863,-18.6,0.307179676972451));
#12213=CARTESIAN_POINT('Ctrl Pts',(-52.2500000689863,-18.5714098056712,
0.317083610807591));
#12214=CARTESIAN_POINT('Ctrl Pts',(-52.2476496389157,-18.5436048236886,
0.327624410813335));
#12215=CARTESIAN_POINT('Ctrl Pts',(-52.2431770961036,-18.5167057370861,
0.338661415823625));
#12216=CARTESIAN_POINT('Ctrl Pts',(-51.9736068667363,-18.25,0.338562172233846));
#12217=CARTESIAN_POINT('Ctrl Pts',(-52.0200713759487,-18.3149361257126,
0.264931526631157));
#12218=CARTESIAN_POINT('Ctrl Pts',(-52.0500000689863,-18.4012191055986,
0.191005772189012));
#12219=CARTESIAN_POINT('Ctrl Pts',(-52.0500000689863,-18.5,0.133974596215563));
#12220=CARTESIAN_POINT('Origin',(-52.0500000689863,-19.,1.));
#12221=CARTESIAN_POINT('',(-52.0500000689863,-19.,0.));
#12222=CARTESIAN_POINT('',(-52.2500000689863,-19.,0.2));
#12223=CARTESIAN_POINT('Origin',(-52.0500000689863,-19.,0.2));
#12224=CARTESIAN_POINT('Origin',(-52.2500000689863,-19.,1.));
#12225=CARTESIAN_POINT('Origin',(-52.0500000689863,-19.,1.));
#12226=CARTESIAN_POINT('Origin',(-52.0500000689863,-9.05,0.2));
#12227=CARTESIAN_POINT('',(-52.0500000689863,-20.,0.));
#12228=CARTESIAN_POINT('',(-52.2500000689863,-20.,0.2));
#12229=CARTESIAN_POINT('Origin',(-52.0500000689863,-20.,0.2));
#12230=CARTESIAN_POINT('',(-52.2500000689863,-9.05,0.2));
#12231=CARTESIAN_POINT('',(-52.0500000689863,-9.05,0.));
#12232=CARTESIAN_POINT('Origin',(-52.3500000689863,-20.,0.2));
#12233=CARTESIAN_POINT('',(-52.3500000689863,-20.3,0.));
#12234=CARTESIAN_POINT('',(-52.3500000689863,-20.1,0.2));
#12235=CARTESIAN_POINT('Origin',(-52.3500000689863,-20.3,0.2));
#12236=CARTESIAN_POINT('Origin',(-52.3500000689863,-20.,0.2));
#12237=CARTESIAN_POINT('Origin',(-52.3500000689863,-20.,0.));
#12238=CARTESIAN_POINT('Origin',(-43.0000000517397,-20.3,0.2));
#12239=CARTESIAN_POINT('',(-55.0000000689863,-20.3,0.));
#12240=CARTESIAN_POINT('',(-55.0000000689863,-20.1,0.2));
#12241=CARTESIAN_POINT('Origin',(-55.0000000689863,-20.3,0.2));
#12242=CARTESIAN_POINT('',(-43.0000000517397,-20.1,0.2));
#12243=CARTESIAN_POINT('',(-43.0000000517397,-20.3,0.));
#12244=CARTESIAN_POINT('Origin',(-55.0000000689863,-20.3,12.));
#12245=CARTESIAN_POINT('',(-57.5932204079694,-20.3,0.283549672640415));
#12246=CARTESIAN_POINT('',(-57.5500000689863,-20.1,0.47882384476307));
#12247=CARTESIAN_POINT('Origin',(-57.5500000689863,-20.3,0.478823844763072));
#12248=CARTESIAN_POINT('Origin',(-55.0000000689863,-20.1,12.));
#12249=CARTESIAN_POINT('Origin',(-55.0000000689863,-20.3,12.));
#12250=CARTESIAN_POINT('Ctrl Pts',(-57.5932204079694,-20.3,0.283549672640411));
#12251=CARTESIAN_POINT('Ctrl Pts',(-57.6986405276166,-20.3,0.306882473170347));
#12252=CARTESIAN_POINT('Ctrl Pts',(-57.8480859174681,-20.2398513729373,
0.342452841949431));
#12253=CARTESIAN_POINT('Ctrl Pts',(-57.9746891870667,-20.0663300219641,
0.374508621068521));
#12254=CARTESIAN_POINT('Ctrl Pts',(-58.0000000689863,-19.9606696385768,
0.381049961377748));
#12255=CARTESIAN_POINT('Ctrl Pts',(-58.0000000689863,-19.9,0.381049961377748));
#12256=CARTESIAN_POINT('Ctrl Pts',(-57.5932204079694,-20.2476401224402,
0.283549672640411));
#12257=CARTESIAN_POINT('Ctrl Pts',(-57.6856977467327,-20.2457549760139,
0.303955490869553));
#12258=CARTESIAN_POINT('Ctrl Pts',(-57.8146023754499,-20.1899841075423,
0.334459746978802));
#12259=CARTESIAN_POINT('Ctrl Pts',(-57.9203148744331,-20.0402518253284,
0.36050497416846));
#12260=CARTESIAN_POINT('Ctrl Pts',(-57.9411476153693,-19.9511145216231,
0.365854323194941));
#12261=CARTESIAN_POINT('Ctrl Pts',(-57.9411476153693,-19.9,0.365854323194941));
#12262=CARTESIAN_POINT('Ctrl Pts',(-57.5838453272297,-20.1433827265603,
0.325907302707814));
#12263=CARTESIAN_POINT('Ctrl Pts',(-57.6495232913808,-20.1378968767413,
0.343799199408844));
#12264=CARTESIAN_POINT('Ctrl Pts',(-57.7354751748765,-20.0913952726665,
0.369196548448587));
#12265=CARTESIAN_POINT('Ctrl Pts',(-57.7981457440432,-19.9887663515438,
0.389546733477134));
#12266=CARTESIAN_POINT('Ctrl Pts',(-57.8095445856991,-19.932316783527,0.393371879469858));
#12267=CARTESIAN_POINT('Ctrl Pts',(-57.8095445856991,-19.9,0.393371879469858));
#12268=CARTESIAN_POINT('Ctrl Pts',(-57.5613151272726,-20.1,0.427701186048373));
#12269=CARTESIAN_POINT('Ctrl Pts',(-57.6139058751805,-20.0970013440549,
0.448906500804967));
#12270=CARTESIAN_POINT('Ctrl Pts',(-57.6850211478454,-20.0614113256911,
0.480689167733822));
#12271=CARTESIAN_POINT('Ctrl Pts',(-57.7393459654253,-19.9765801144534,
0.508323970131447));
#12272=CARTESIAN_POINT('Ctrl Pts',(-57.7500000689863,-19.9278291803713,
0.513916575956888));
#12273=CARTESIAN_POINT('Ctrl Pts',(-57.7500000689863,-19.9,0.513916575956888));
#12274=CARTESIAN_POINT('Ctrl Pts',(-57.5500000689863,-20.1,0.478823844763071));
#12275=CARTESIAN_POINT('Ctrl Pts',(-57.6018316278129,-20.1,0.501767765284175));
#12276=CARTESIAN_POINT('Ctrl Pts',(-57.6753089444899,-20.0699256864686,
0.536745294583608));
#12277=CARTESIAN_POINT('Ctrl Pts',(-57.7375555520425,-19.983165010982,0.568266810717381));
#12278=CARTESIAN_POINT('Ctrl Pts',(-57.7500000689863,-19.9303348192884,
0.574699128688121));
#12279=CARTESIAN_POINT('Ctrl Pts',(-57.7500000689863,-19.9,0.574699128688121));
#12280=CARTESIAN_POINT('',(-58.0000000689863,-19.9,0.381049961377748));
#12281=CARTESIAN_POINT('Origin',(-57.9500000689863,-19.9,0.574699128688121));
#12282=CARTESIAN_POINT('Ctrl Pts',(-57.7500000689863,-19.9,0.574699128688121));
#12283=CARTESIAN_POINT('Ctrl Pts',(-57.7500000689863,-19.9303348192884,
0.574699128688121));
#12284=CARTESIAN_POINT('Ctrl Pts',(-57.7375555520425,-19.983165010982,0.568266810717381));
#12285=CARTESIAN_POINT('Ctrl Pts',(-57.6753089444899,-20.0699256864686,
0.536745294583608));
#12286=CARTESIAN_POINT('Ctrl Pts',(-57.6018316278129,-20.1,0.501767765284175));
#12287=CARTESIAN_POINT('Ctrl Pts',(-57.5500000689863,-20.1,0.478823844763071));
#12288=CARTESIAN_POINT('Ctrl Pts',(-57.5932204079694,-20.3,0.283549672640411));
#12289=CARTESIAN_POINT('Ctrl Pts',(-57.6986405276166,-20.3,0.306882473170347));
#12290=CARTESIAN_POINT('Ctrl Pts',(-57.8480859174681,-20.2398513729373,
0.342452841949431));
#12291=CARTESIAN_POINT('Ctrl Pts',(-57.9746891870667,-20.0663300219641,
0.374508621068521));
#12292=CARTESIAN_POINT('Ctrl Pts',(-58.0000000689863,-19.9606696385768,
0.381049961377748));
#12293=CARTESIAN_POINT('Ctrl Pts',(-58.0000000689863,-19.9,0.381049961377748));
#12294=CARTESIAN_POINT('Origin',(-57.9500000689863,26.5,0.574699128688119));
#12295=CARTESIAN_POINT('',(-58.0000000689863,-19.,0.381049961377746));
#12296=CARTESIAN_POINT('Origin',(-57.9500000689863,-19.,0.574699128688119));
#12297=CARTESIAN_POINT('',(-58.0000000689863,26.5,0.381049961377746));
#12298=CARTESIAN_POINT('Ctrl Pts',(-57.7500000689863,-18.6,0.685427665766326));
#12299=CARTESIAN_POINT('Ctrl Pts',(-57.7500000689863,-18.7202528374009,
0.613678668149288));
#12300=CARTESIAN_POINT('Ctrl Pts',(-57.7500000689863,-18.8599690621255,
0.574699128688123));
#12301=CARTESIAN_POINT('Ctrl Pts',(-57.7500000689863,-19.,0.574699128688123));
#12302=CARTESIAN_POINT('Ctrl Pts',(-57.7500000689863,-18.569409842824,0.634157915398777));
#12303=CARTESIAN_POINT('Ctrl Pts',(-57.7499658340036,-18.6983772043785,
0.556375675102683));
#12304=CARTESIAN_POINT('Ctrl Pts',(-57.7500000689863,-18.8489420309784,
0.513916575956889));
#12305=CARTESIAN_POINT('Ctrl Pts',(-57.7500000689863,-19.,0.513916575956889));
#12306=CARTESIAN_POINT('Ctrl Pts',(-57.8073031980761,-18.5087042796087,
0.532414107608838));
#12307=CARTESIAN_POINT('Ctrl Pts',(-57.8087535905273,-18.6548822883953,
0.442825448857393));
#12308=CARTESIAN_POINT('Ctrl Pts',(-57.8095439295134,-18.8272486027888,
0.393371032337729));
#12309=CARTESIAN_POINT('Ctrl Pts',(-57.8095439295134,-19.,0.393371032337729));
#12310=CARTESIAN_POINT('Ctrl Pts',(-57.9354385792474,-18.4933163287521,
0.506623576538864));
#12311=CARTESIAN_POINT('Ctrl Pts',(-57.9391579542378,-18.6449948464172,
0.41554460820188));
#12312=CARTESIAN_POINT('Ctrl Pts',(-57.9411476153693,-18.8220697085887,
0.365854323194939));
#12313=CARTESIAN_POINT('Ctrl Pts',(-57.9411476153693,-19.,0.365854323194939));
#12314=CARTESIAN_POINT('Ctrl Pts',(-57.9936982507865,-18.5,0.517825550900928));
#12315=CARTESIAN_POINT('Ctrl Pts',(-57.9978178110709,-18.6503160467511,
0.429213379194182));
#12316=CARTESIAN_POINT('Ctrl Pts',(-58.0000000689863,-18.8249613276569,
0.381049961377747));
#12317=CARTESIAN_POINT('Ctrl Pts',(-58.0000000689863,-19.,0.381049961377747));
#12318=CARTESIAN_POINT('',(-57.9936982507865,-18.5,0.517825550900925));
#12319=CARTESIAN_POINT('Ctrl Pts',(-58.0000000689863,-19.,0.381049961377747));
#12320=CARTESIAN_POINT('Ctrl Pts',(-58.0000000689863,-18.8249613276569,
0.381049961377747));
#12321=CARTESIAN_POINT('Ctrl Pts',(-57.9978178110709,-18.6503160467511,
0.429213379194182));
#12322=CARTESIAN_POINT('Ctrl Pts',(-57.9936982507865,-18.5,0.517825550900928));
#12323=CARTESIAN_POINT('Origin',(-57.9500000689863,-18.6,0.685427665766326));
#12324=CARTESIAN_POINT('Ctrl Pts',(-57.9936982507865,-18.5,0.517825550900924));
#12325=CARTESIAN_POINT('Ctrl Pts',(-57.9924767389845,-18.4554290233766,
0.544100397259982));
#12326=CARTESIAN_POINT('Ctrl Pts',(-58.0042669853095,-18.3591076761088,
0.615945244732974));
#12327=CARTESIAN_POINT('Ctrl Pts',(-58.0374754995314,-18.2854494055918,
0.699414639849525));
#12328=CARTESIAN_POINT('Ctrl Pts',(-58.0611186568916,-18.25,0.747503157003953));
#12329=CARTESIAN_POINT('Ctrl Pts',(-57.9387998180106,-18.4937019370861,
0.507269864261661));
#12330=CARTESIAN_POINT('Ctrl Pts',(-57.9395628445796,-18.443946112069,0.537679496385301));
#12331=CARTESIAN_POINT('Ctrl Pts',(-57.9589233738665,-18.3413561302306,
0.618734942587376));
#12332=CARTESIAN_POINT('Ctrl Pts',(-58.0003455650301,-18.2686839283278,
0.707046966976819));
#12333=CARTESIAN_POINT('Ctrl Pts',(-58.028501801294,-18.2343410410713,0.757030966964871));
#12334=CARTESIAN_POINT('Ctrl Pts',(-57.81872944274,-18.5064988788443,0.5287178092866));
#12335=CARTESIAN_POINT('Ctrl Pts',(-57.824477567704,-18.4466545825276,0.562357162841465));
#12336=CARTESIAN_POINT('Ctrl Pts',(-57.8615101759488,-18.3295825275656,
0.65001523501533));
#12337=CARTESIAN_POINT('Ctrl Pts',(-57.9214761315615,-18.2542467663375,
0.739988315511466));
#12338=CARTESIAN_POINT('Ctrl Pts',(-57.9596020569085,-18.2192709356343,
0.789853173299326));
#12339=CARTESIAN_POINT('Ctrl Pts',(-57.7568698868339,-18.5607580808935,
0.61965737943007));
#12340=CARTESIAN_POINT('Ctrl Pts',(-57.7611130866246,-18.4986012611553,
0.646366379828584));
#12341=CARTESIAN_POINT('Ctrl Pts',(-57.7965522297209,-18.3712350158386,
0.717724456072164));
#12342=CARTESIAN_POINT('Ctrl Pts',(-57.8615399370443,-18.2827001691099,
0.795759670430261));
#12343=CARTESIAN_POINT('Ctrl Pts',(-57.9043187804849,-18.2410453694,0.840064859837161));
#12344=CARTESIAN_POINT('Ctrl Pts',(-57.7510669068691,-18.5894296072377,
0.667711463947075));
#12345=CARTESIAN_POINT('Ctrl Pts',(-57.7522433272343,-18.529191051507,0.690442982496663));
#12346=CARTESIAN_POINT('Ctrl Pts',(-57.779923641219,-18.4009149660703,0.752671943123943));
#12347=CARTESIAN_POINT('Ctrl Pts',(-57.8418431368022,-18.3052912985746,
0.824391200038521));
#12348=CARTESIAN_POINT('Ctrl Pts',(-57.884325614864,-18.259544610787,0.865714281331949));
#12349=CARTESIAN_POINT('Ctrl Pts',(-57.9936982507865,-18.5,0.517825550900924));
#12350=CARTESIAN_POINT('Ctrl Pts',(-57.9924767389845,-18.4554290233766,
0.544100397259982));
#12351=CARTESIAN_POINT('Ctrl Pts',(-58.0042669853095,-18.3591076761088,
0.615945244732974));
#12352=CARTESIAN_POINT('Ctrl Pts',(-58.0374754995314,-18.2854494055918,
0.699414639849525));
#12353=CARTESIAN_POINT('Ctrl Pts',(-58.0611186568916,-18.25,0.747503157003953));
#12354=CARTESIAN_POINT('Origin',(-55.0000000689863,-19.,12.));
#12355=CARTESIAN_POINT('',(-55.0000000689863,-19.,24.));
#12356=CARTESIAN_POINT('Origin',(-55.0000000689863,-19.,12.));
#12357=CARTESIAN_POINT('Origin',(-55.0000000689863,-19.,23.));
#12358=CARTESIAN_POINT('Origin',(-55.0000000689863,26.5,12.));
#12359=CARTESIAN_POINT('',(-55.0000000689863,26.5,0.));
#12360=CARTESIAN_POINT('',(-55.0000000689863,26.5,24.));
#12361=CARTESIAN_POINT('Origin',(-31.0000000344932,0.,0.));
#12362=CARTESIAN_POINT('',(-34.0000000172466,-19.,0.));
#12363=CARTESIAN_POINT('',(-49.0000000172466,-23.5,0.));
#12364=CARTESIAN_POINT('Origin',(-34.0000000172466,-19.,1.));
#12365=CARTESIAN_POINT('',(-34.0000000172466,-18.,1.));
#12366=CARTESIAN_POINT('Origin',(-52.3500000689863,-20.,6.87500004470348));
#12367=CARTESIAN_POINT('',(-52.3500000689863,-20.1,9.68049269628492));
#12368=CARTESIAN_POINT('',(-52.3500000689863,-20.1,6.87500004470348));
#12369=CARTESIAN_POINT('',(-52.2500000689863,-19.9999999999975,9.68049269628492));
#12370=CARTESIAN_POINT('Origin',(-52.3500000689863,-20.,9.68049269628492));
#12371=CARTESIAN_POINT('',(-52.2500000689863,-20.,6.87500004470348));
#12372=CARTESIAN_POINT('Ctrl Pts',(-52.2500000689863,-20.,9.68049269628615));
#12373=CARTESIAN_POINT('Ctrl Pts',(-52.2500000689863,-20.0047986670066,
9.78421313194477));
#12374=CARTESIAN_POINT('Ctrl Pts',(-52.1793695401152,-20.0366045191066,
9.98837698439701));
#12375=CARTESIAN_POINT('Ctrl Pts',(-52.0301974346821,-20.0854880050901,
10.3373946613031));
#12376=CARTESIAN_POINT('Ctrl Pts',(-51.9088843398251,-20.0945594013406,
10.6905842167158));
#12377=CARTESIAN_POINT('Ctrl Pts',(-51.8113391092538,-20.1008747889757,
11.0530423666425));
#12378=CARTESIAN_POINT('Ctrl Pts',(-51.7679998874696,-20.0999904786771,
11.2963701232733));
#12379=CARTESIAN_POINT('Ctrl Pts',(-51.7508474769149,-20.099999970144,11.4214712505106));
#12380=CARTESIAN_POINT('Ctrl Pts',(-51.7504220379525,-20.1,11.4245971618798));
#12381=CARTESIAN_POINT('Ctrl Pts',(-51.7500000689863,-20.1,11.4277238428869));
#12382=CARTESIAN_POINT('Ctrl Pts',(-52.2500000689863,-20.0299199300342,
9.68049269628615));
#12383=CARTESIAN_POINT('Ctrl Pts',(-52.2514797127331,-20.0338000903041,
9.78415140956854));
#12384=CARTESIAN_POINT('Ctrl Pts',(-52.1890697389729,-20.0587358039691,
9.99319176802111));
#12385=CARTESIAN_POINT('Ctrl Pts',(-52.0405606341414,-20.091158675097,10.3426681722622));
#12386=CARTESIAN_POINT('Ctrl Pts',(-51.9148950752249,-20.0965426056306,
10.6926269351251));
#12387=CARTESIAN_POINT('Ctrl Pts',(-51.8139304821644,-20.1006159657327,
11.053762421538));
#12388=CARTESIAN_POINT('Ctrl Pts',(-51.7686959477691,-20.0999924184691,
11.2964870460256));
#12389=CARTESIAN_POINT('Ctrl Pts',(-51.7508796042289,-20.1000000137178,
11.4214765272182));
#12390=CARTESIAN_POINT('Ctrl Pts',(-51.7504381129608,-20.1,11.4245997766912));
#12391=CARTESIAN_POINT('Ctrl Pts',(-51.7500000689863,-20.1,11.4277238428869));
#12392=CARTESIAN_POINT('Ctrl Pts',(-52.2751243485967,-20.0817063606272,
9.68049269628615));
#12393=CARTESIAN_POINT('Ctrl Pts',(-52.277405915172,-20.0828751258365,9.78908120325517));
#12394=CARTESIAN_POINT('Ctrl Pts',(-52.21546988827,-20.090099454616,10.0088747747336));
#12395=CARTESIAN_POINT('Ctrl Pts',(-52.058880445796,-20.0980491649252,10.3510126696542));
#12396=CARTESIAN_POINT('Ctrl Pts',(-51.9252799403826,-20.0992305593521,
10.6965355658067));
#12397=CARTESIAN_POINT('Ctrl Pts',(-51.8179863636209,-20.1001800589503,
11.0545693530828));
#12398=CARTESIAN_POINT('Ctrl Pts',(-51.7698872227447,-20.1000005811739,
11.2966916427171));
#12399=CARTESIAN_POINT('Ctrl Pts',(-51.7509362389317,-20.0999999672162,
11.4214857344008));
#12400=CARTESIAN_POINT('Ctrl Pts',(-51.7504662442253,-20.1,11.4246043526111));
#12401=CARTESIAN_POINT('Ctrl Pts',(-51.7500000689863,-20.1,11.4277238428869));
#12402=CARTESIAN_POINT('Ctrl Pts',(-52.3275601214607,-20.1,9.68049269628615));
#12403=CARTESIAN_POINT('Ctrl Pts',(-52.3282397056714,-20.0999876263466,
9.79920142779663));
#12404=CARTESIAN_POINT('Ctrl Pts',(-52.2503011831548,-20.0999453125579,
10.0307737184663));
#12405=CARTESIAN_POINT('Ctrl Pts',(-52.0780164256008,-20.0999516665034,
10.3583335692336));
#12406=CARTESIAN_POINT('Ctrl Pts',(-51.9360371817594,-20.0999632450789,
10.7007225867988));
#12407=CARTESIAN_POINT('Ctrl Pts',(-51.8219158507117,-20.0999824040503,
11.0549291584556));
#12408=CARTESIAN_POINT('Ctrl Pts',(-51.7710855052497,-20.0999979034901,
11.2968945174289));
#12409=CARTESIAN_POINT('Ctrl Pts',(-51.7509927514794,-20.1000000333365,
11.4214949427928));
#12410=CARTESIAN_POINT('Ctrl Pts',(-51.7504943754898,-20.1,11.424608928531));
#12411=CARTESIAN_POINT('Ctrl Pts',(-51.7500000689863,-20.1,11.4277238428869));
#12412=CARTESIAN_POINT('Ctrl Pts',(-52.3500000689863,-20.1,9.68049269628614));
#12413=CARTESIAN_POINT('Ctrl Pts',(-52.3500000689863,-20.1,9.80352646410253));
#12414=CARTESIAN_POINT('Ctrl Pts',(-52.2652434343414,-20.1,10.0401494452543));
#12415=CARTESIAN_POINT('Ctrl Pts',(-52.0862369078218,-20.1,10.3614749969575));
#12416=CARTESIAN_POINT('Ctrl Pts',(-51.9406611939938,-20.1000000000001,
10.7025165278616));
#12417=CARTESIAN_POINT('Ctrl Pts',(-51.8236069173079,-20.1000000000001,
11.0550845107557));
#12418=CARTESIAN_POINT('Ctrl Pts',(-51.7715998511686,-20.1000000000002,
11.2969814734329));
#12419=CARTESIAN_POINT('Ctrl Pts',(-51.7510169585005,-20.1,11.4214988891574));
#12420=CARTESIAN_POINT('Ctrl Pts',(-51.750506431746,-20.1,11.4246108896395));
#12421=CARTESIAN_POINT('Ctrl Pts',(-51.7500000689863,-20.1,11.4277238428869));
#12422=CARTESIAN_POINT('',(-51.7500000692832,-20.1,11.4277238409115));
#12423=CARTESIAN_POINT('Ctrl Pts',(-52.3500000689863,-20.1,9.68049269628614));
#12424=CARTESIAN_POINT('Ctrl Pts',(-52.3500000689863,-20.1,9.80352646410253));
#12425=CARTESIAN_POINT('Ctrl Pts',(-52.2652434343414,-20.1,10.0401494452543));
#12426=CARTESIAN_POINT('Ctrl Pts',(-52.0862369078218,-20.1,10.3614749969575));
#12427=CARTESIAN_POINT('Ctrl Pts',(-51.9406611939938,-20.1000000000001,
10.7025165278616));
#12428=CARTESIAN_POINT('Ctrl Pts',(-51.8236069173079,-20.1000000000001,
11.0550845107557));
#12429=CARTESIAN_POINT('Ctrl Pts',(-51.7715998511686,-20.1000000000002,
11.2969814734329));
#12430=CARTESIAN_POINT('Ctrl Pts',(-51.7510169586093,-20.1,11.4214988884994));
#12431=CARTESIAN_POINT('Ctrl Pts',(-51.7505064319619,-20.1,11.4246108883234));
#12432=CARTESIAN_POINT('Ctrl Pts',(-51.7500000693075,-20.1,11.4277238409121));
#12433=CARTESIAN_POINT('Ctrl Pts',(-51.7500000692538,-20.1,11.4277238409048));
#12434=CARTESIAN_POINT('Ctrl Pts',(-51.7504220381323,-20.1,11.4245971605587));
#12435=CARTESIAN_POINT('Ctrl Pts',(-51.7508474770055,-20.0999999701439,
11.4214712498498));
#12436=CARTESIAN_POINT('Ctrl Pts',(-51.7679998874696,-20.0999904786771,
11.2963701232733));
#12437=CARTESIAN_POINT('Ctrl Pts',(-51.8113391092538,-20.1008747889757,
11.0530423666425));
#12438=CARTESIAN_POINT('Ctrl Pts',(-51.9088843398251,-20.0945594013406,
10.6905842167158));
#12439=CARTESIAN_POINT('Ctrl Pts',(-52.0301974346821,-20.0854880050901,
10.3373946613031));
#12440=CARTESIAN_POINT('Ctrl Pts',(-52.1793695401152,-20.0366045191066,
9.98837698439701));
#12441=CARTESIAN_POINT('Ctrl Pts',(-52.2500000689863,-20.0047986670066,
9.78421313194477));
#12442=CARTESIAN_POINT('Ctrl Pts',(-52.2500000689863,-20.,9.68049269628615));
#12443=CARTESIAN_POINT('Origin',(-55.0000000689863,-20.1,9.75000002980232));
#12444=CARTESIAN_POINT('',(-57.5500000689863,-20.1,9.66815523672779));
#12445=CARTESIAN_POINT('',(-57.5500000689863,-20.1,9.79246826017062));
#12446=CARTESIAN_POINT('',(-57.6812500689863,-20.1,10.0762280703004));
#12447=CARTESIAN_POINT('Origin',(-58.2500000689863,-20.1,9.66815523672779));
#12448=CARTESIAN_POINT('Origin',(-55.0000000689863,-20.1,12.));
#12449=CARTESIAN_POINT('Origin',(-51.7500000689863,-18.6,8.00000002980232));
#12450=CARTESIAN_POINT('',(-52.2500000689863,-18.6,8.88752510050282));
#12451=CARTESIAN_POINT('',(-52.2500000689863,-18.6,8.00000002980232));
#12452=CARTESIAN_POINT('Origin',(-51.7500000689863,-18.6,8.88752510050282));
#12453=CARTESIAN_POINT('Ctrl Pts',(-52.2500000689863,-18.6,8.88752510050282));
#12454=CARTESIAN_POINT('Ctrl Pts',(-52.2500000689863,-18.6,9.03210664477979));
#12455=CARTESIAN_POINT('Ctrl Pts',(-52.2500000689863,-18.6500541991439,
9.27228052433973));
#12456=CARTESIAN_POINT('Ctrl Pts',(-52.2500000689863,-18.8268283408867,
9.56510037312519));
#12457=CARTESIAN_POINT('Ctrl Pts',(-52.2500000689863,-19.0036123038154,
9.66815523672781));
#12458=CARTESIAN_POINT('Ctrl Pts',(-52.2500000689863,-19.1,9.66815523672781));
#12459=CARTESIAN_POINT('Ctrl Pts',(-52.2500000689863,-18.4691003061004,
8.88752510050282));
#12460=CARTESIAN_POINT('Ctrl Pts',(-52.2496076225377,-18.4812557184464,
9.05024793773443));
#12461=CARTESIAN_POINT('Ctrl Pts',(-52.2498144203607,-18.5573896392381,
9.30934058686218));
#12462=CARTESIAN_POINT('Ctrl Pts',(-52.2496486617085,-18.7774648463496,
9.61459164164974));
#12463=CARTESIAN_POINT('Ctrl Pts',(-52.2500000689863,-18.9864610799522,
9.72001927744072));
#12464=CARTESIAN_POINT('Ctrl Pts',(-52.2500000689863,-19.1,9.72001927744072));
#12465=CARTESIAN_POINT('Ctrl Pts',(-52.1415404489388,-18.2084596200475,
8.88752510050282));
#12466=CARTESIAN_POINT('Ctrl Pts',(-52.1626641228936,-18.243832345311,9.0862123753886));
#12467=CARTESIAN_POINT('Ctrl Pts',(-52.1927964766799,-18.3719027346144,
9.38328793430306));
#12468=CARTESIAN_POINT('Ctrl Pts',(-52.2240513028628,-18.6783391658033,
9.71352656473352));
#12469=CARTESIAN_POINT('Ctrl Pts',(-52.2337249022081,-18.9521654780898,
9.82373747386062));
#12470=CARTESIAN_POINT('Ctrl Pts',(-52.2337249022081,-19.1,9.82373747386062));
#12471=CARTESIAN_POINT('Ctrl Pts',(-51.8808997628859,-18.1,8.88752510050282));
#12472=CARTESIAN_POINT('Ctrl Pts',(-51.9411195214691,-18.1193353147468,
9.1014192302763));
#12473=CARTESIAN_POINT('Ctrl Pts',(-52.0374089877244,-18.2416884137716,
9.43088218186836));
#12474=CARTESIAN_POINT('Ctrl Pts',(-52.148761567638,-18.5918435164492,9.79662872919698));
#12475=CARTESIAN_POINT('Ctrl Pts',(-52.1864847919209,-18.9211551510217,
9.91749629905758));
#12476=CARTESIAN_POINT('Ctrl Pts',(-52.1864847919209,-19.1,9.91749629905758));
#12477=CARTESIAN_POINT('Ctrl Pts',(-51.7500000689863,-18.1,8.88752510050282));
#12478=CARTESIAN_POINT('Ctrl Pts',(-51.8222233227814,-18.1,9.10127374157888));
#12479=CARTESIAN_POINT('Ctrl Pts',(-51.9460427955486,-18.2001083982879,
9.44322145762017));
#12480=CARTESIAN_POINT('Ctrl Pts',(-52.1012810094249,-18.5536566817734,
9.83078436318548));
#12481=CARTESIAN_POINT('Ctrl Pts',(-52.1562500689863,-18.9072246076307,
9.95963583213683));
#12482=CARTESIAN_POINT('Ctrl Pts',(-52.1562500689863,-19.1,9.95963583213683));
#12483=CARTESIAN_POINT('',(-52.2500000689863,-19.1,9.66815523672781));
#12484=CARTESIAN_POINT('',(-52.1562500689863,-19.1,9.95963583213683));
#12485=CARTESIAN_POINT('Origin',(-51.7500000689863,-19.1,9.66815523672781));
#12486=CARTESIAN_POINT('Ctrl Pts',(-52.1562500689863,-19.1,9.95963583213683));
#12487=CARTESIAN_POINT('Ctrl Pts',(-52.1562500689863,-18.9072246076307,
9.95963583213683));
#12488=CARTESIAN_POINT('Ctrl Pts',(-52.1012810094249,-18.5536566817734,
9.83078436318548));
#12489=CARTESIAN_POINT('Ctrl Pts',(-51.9460427955486,-18.2001083982879,
9.44322145762017));
#12490=CARTESIAN_POINT('Ctrl Pts',(-51.8222233227814,-18.1,9.10127374157888));
#12491=CARTESIAN_POINT('Ctrl Pts',(-51.7500000689863,-18.1,8.88752510050282));
#12492=CARTESIAN_POINT('Ctrl Pts',(-52.2500000689863,-18.6,8.88752510050282));
#12493=CARTESIAN_POINT('Ctrl Pts',(-52.2500000689863,-18.6,9.03210664477979));
#12494=CARTESIAN_POINT('Ctrl Pts',(-52.2500000689863,-18.6500541991439,
9.27228052433973));
#12495=CARTESIAN_POINT('Ctrl Pts',(-52.2500000689863,-18.8268283408867,
9.56510037312519));
#12496=CARTESIAN_POINT('Ctrl Pts',(-52.2500000689863,-19.0036123038154,
9.66815523672781));
#12497=CARTESIAN_POINT('Ctrl Pts',(-52.2500000689863,-19.1,9.66815523672781));
#12498=CARTESIAN_POINT('Origin',(-51.7500000689863,-18.1,9.66815523672779));
#12499=CARTESIAN_POINT('',(-52.2500000689863,-19.9,9.66815523672779));
#12500=CARTESIAN_POINT('',(-52.1562500689863,-19.9,9.95963583213682));
#12501=CARTESIAN_POINT('Origin',(-51.7500000689863,-19.9,9.66815523672779));
#12502=CARTESIAN_POINT('',(-52.1562500689863,-18.1,9.95963583213682));
#12503=CARTESIAN_POINT('',(-52.2500000689863,-18.1,9.66815523672779));
#12504=CARTESIAN_POINT('Ctrl Pts',(-52.2500000689863,-19.9,9.66815523672779));
#12505=CARTESIAN_POINT('Ctrl Pts',(-52.2500000689863,-19.9984219986366,
9.66815523672779));
#12506=CARTESIAN_POINT('Ctrl Pts',(-52.2500000689863,-20.1421302726918,
9.72485538107384));
#12507=CARTESIAN_POINT('Ctrl Pts',(-52.2500000689863,-20.3545066471011,
9.93371936538257));
#12508=CARTESIAN_POINT('Ctrl Pts',(-52.2500000689863,-20.5216419730836,
10.2990233056282));
#12509=CARTESIAN_POINT('Ctrl Pts',(-52.2500000689863,-20.595495019143,10.8371410217778));
#12510=CARTESIAN_POINT('Ctrl Pts',(-52.2500000689863,-20.6,11.2308793236871));
#12511=CARTESIAN_POINT('Ctrl Pts',(-52.2500000689863,-20.6,11.4277238428869));
#12512=CARTESIAN_POINT('Ctrl Pts',(-52.2500000689863,-19.9,9.72001927744071));
#12513=CARTESIAN_POINT('Ctrl Pts',(-52.2500000689863,-19.9859125646492,
9.72001927744071));
#12514=CARTESIAN_POINT('Ctrl Pts',(-52.2498419082457,-20.1112769671916,
9.77402159427476));
#12515=CARTESIAN_POINT('Ctrl Pts',(-52.2498709710264,-20.2939406750074,
9.97335761484677));
#12516=CARTESIAN_POINT('Ctrl Pts',(-52.2497343553862,-20.4321406110642,
10.3231376148129));
#12517=CARTESIAN_POINT('Ctrl Pts',(-52.2499149688638,-20.4803709864458,
10.8438964709723));
#12518=CARTESIAN_POINT('Ctrl Pts',(-52.2498695842303,-20.4731418664709,
11.2319883641857));
#12519=CARTESIAN_POINT('Ctrl Pts',(-52.2500000689863,-20.4691003061004,
11.4277238428869));
#12520=CARTESIAN_POINT('Ctrl Pts',(-52.2337247974559,-19.9,9.82373744016877));
#12521=CARTESIAN_POINT('Ctrl Pts',(-52.2337247974559,-19.9608986897804,
9.82373744016877));
#12522=CARTESIAN_POINT('Ctrl Pts',(-52.2309417939934,-20.0493990158389,
9.87233596535487));
#12523=CARTESIAN_POINT('Ctrl Pts',(-52.2200197044764,-20.1726747420835,
10.0525896889065));
#12524=CARTESIAN_POINT('Ctrl Pts',(-52.1999965166503,-20.252897691425,10.3712632536392));
#12525=CARTESIAN_POINT('Ctrl Pts',(-52.1683126807404,-20.2504450807257,
10.8573072002964));
#12526=CARTESIAN_POINT('Ctrl Pts',(-52.1485609807477,-20.2202236100346,
11.2341869956707));
#12527=CARTESIAN_POINT('Ctrl Pts',(-52.1415375576746,-20.2084625113117,
11.4277238428869));
#12528=CARTESIAN_POINT('Ctrl Pts',(-52.1864847919209,-19.9,9.91749629905757));
#12529=CARTESIAN_POINT('Ctrl Pts',(-52.1864847919209,-19.9382809662592,
9.91749629905757));
#12530=CARTESIAN_POINT('Ctrl Pts',(-52.1755777583693,-19.9941115396669,
9.95941041807427));
#12531=CARTESIAN_POINT('Ctrl Pts',(-52.1349562983699,-20.0715416093316,
10.1174654409976));
#12532=CARTESIAN_POINT('Ctrl Pts',(-52.0627095203208,-20.1222829575032,
10.4034353213851));
#12533=CARTESIAN_POINT('Ctrl Pts',(-51.9591694664722,-20.1225429629216,
10.8630953874793));
#12534=CARTESIAN_POINT('Ctrl Pts',(-51.9009222666792,-20.1064288104431,
11.2351166437376));
#12535=CARTESIAN_POINT('Ctrl Pts',(-51.8808997628859,-20.1,11.4277238428869));
#12536=CARTESIAN_POINT('Ctrl Pts',(-52.1562500689863,-19.9,9.95963583213681));
#12537=CARTESIAN_POINT('Ctrl Pts',(-52.1562500689863,-19.928120571039,9.95963583213681));
#12538=CARTESIAN_POINT('Ctrl Pts',(-52.1404071664087,-19.9691800779119,
9.9976267623669));
#12539=CARTESIAN_POINT('Ctrl Pts',(-52.0821836434801,-20.0298590420289,
10.1432738451892));
#12540=CARTESIAN_POINT('Ctrl Pts',(-51.9810594674712,-20.0776119923096,
10.4125876120231));
#12541=CARTESIAN_POINT('Ctrl Pts',(-51.8449569696927,-20.0987128626123,
10.8630880355041));
#12542=CARTESIAN_POINT('Ctrl Pts',(-51.7740136221306,-20.1,11.2351077495062));
#12543=CARTESIAN_POINT('Ctrl Pts',(-51.7500000689863,-20.1,11.4277238428869));
#12544=CARTESIAN_POINT('Ctrl Pts',(-51.7500000689863,-20.1,11.4277238428869));
#12545=CARTESIAN_POINT('Ctrl Pts',(-51.7740136221306,-20.1,11.2351077495062));
#12546=CARTESIAN_POINT('Ctrl Pts',(-51.8449569696927,-20.0987128626123,
10.8630880355041));
#12547=CARTESIAN_POINT('Ctrl Pts',(-51.9810594674712,-20.0776119923096,
10.4125876120231));
#12548=CARTESIAN_POINT('Ctrl Pts',(-52.0821836434801,-20.0298590420289,
10.1432738451892));
#12549=CARTESIAN_POINT('Ctrl Pts',(-52.1404071664087,-19.9691800779119,
9.9976267623669));
#12550=CARTESIAN_POINT('Ctrl Pts',(-52.1562500689863,-19.928120571039,9.95963583213681));
#12551=CARTESIAN_POINT('Ctrl Pts',(-52.1562500689863,-19.9,9.95963583213681));
#12552=CARTESIAN_POINT('Ctrl Pts',(-52.2500000689863,-19.9,9.66815523672779));
#12553=CARTESIAN_POINT('Ctrl Pts',(-52.2500000689863,-19.9336667469647,
9.66815523672779));
#12554=CARTESIAN_POINT('Ctrl Pts',(-52.2500000689863,-19.9670273428458,
9.67257817476703));
#12555=CARTESIAN_POINT('Ctrl Pts',(-52.2500000689863,-19.9995190774248,
9.68076020528068));
#12556=CARTESIAN_POINT('Origin',(-55.0000000689863,-19.9,12.));
#12557=CARTESIAN_POINT('',(-57.8437500689863,-19.9,9.95963583213682));
#12558=CARTESIAN_POINT('Origin',(-57.6812500689863,-19.9,10.0762280703004));
#12559=CARTESIAN_POINT('Origin',(-55.0000000689863,-19.9,12.));
#12560=CARTESIAN_POINT('Origin',(-52.2500000689863,-18.1,4.00000005960464));
#12561=CARTESIAN_POINT('Origin',(-58.2500000689863,-19.9,9.66815523672779));
#12562=CARTESIAN_POINT('Origin',(-57.5500000689863,-19.9,9.66815523672779));
#12563=CARTESIAN_POINT('Origin',(-58.2500000689863,-19.9,9.66815523672779));
#12564=CARTESIAN_POINT('Origin',(-57.5500000689863,-19.9,9.79246826017062));
#12565=CARTESIAN_POINT('Ctrl Pts',(-57.7500000689863,-19.1,9.66815523672781));
#12566=CARTESIAN_POINT('Ctrl Pts',(-57.7500000689863,-19.0518061484913,
9.66815523672781));
#12567=CARTESIAN_POINT('Ctrl Pts',(-57.7500000689863,-18.9564218715957,
9.64260386164121));
#12568=CARTESIAN_POINT('Ctrl Pts',(-57.7500000689863,-18.83976468069,9.55369690592124));
#12569=CARTESIAN_POINT('Ctrl Pts',(-57.7500000689863,-18.6617296296582,
9.32391826898039));
#12570=CARTESIAN_POINT('Ctrl Pts',(-57.7500000689863,-18.6,9.0803005065378));
#12571=CARTESIAN_POINT('Ctrl Pts',(-57.7500000689863,-18.6,8.88752510050282));
#12572=CARTESIAN_POINT('Ctrl Pts',(-57.7500000689863,-19.1,9.72001927744072));
#12573=CARTESIAN_POINT('Ctrl Pts',(-57.7500000689863,-19.0432305359518,
9.72001927744072));
#12574=CARTESIAN_POINT('Ctrl Pts',(-57.7500452004266,-18.930856941972,9.69383827273677));
#12575=CARTESIAN_POINT('Ctrl Pts',(-57.7500866655968,-18.7915908044917,
9.6023061622044));
#12576=CARTESIAN_POINT('Ctrl Pts',(-57.7500235240225,-18.5740536850643,
9.36349856755502));
#12577=CARTESIAN_POINT('Ctrl Pts',(-57.7505233309548,-18.4853075237107,
9.10448889885874));
#12578=CARTESIAN_POINT('Ctrl Pts',(-57.7500000689863,-18.4691003061004,
8.88752510050282));
#12579=CARTESIAN_POINT('Ctrl Pts',(-57.7662754254147,-19.1,9.82373741286273));
#12580=CARTESIAN_POINT('Ctrl Pts',(-57.7662754254147,-19.026082733805,9.82373741286273));
#12581=CARTESIAN_POINT('Ctrl Pts',(-57.7687029165953,-18.879680221737,9.79629422698785));
#12582=CARTESIAN_POINT('Ctrl Pts',(-57.7775009135302,-18.6951461300168,
9.69947278782468));
#12583=CARTESIAN_POINT('Ctrl Pts',(-57.801519626707,-18.3987126211683,9.44254411282001));
#12584=CARTESIAN_POINT('Ctrl Pts',(-57.8303000229639,-18.2556284916086,
9.15244148579705));
#12585=CARTESIAN_POINT('Ctrl Pts',(-57.8584649235669,-18.2084648545806,
8.88752510050282));
#12586=CARTESIAN_POINT('Ctrl Pts',(-57.8135153460517,-19.1,9.91749629905758));
#12587=CARTESIAN_POINT('Ctrl Pts',(-57.8135153460517,-19.0105775691717,
9.91749629905758));
#12588=CARTESIAN_POINT('Ctrl Pts',(-57.8228692208354,-18.8335883007761,
9.88746507678292));
#12589=CARTESIAN_POINT('Ctrl Pts',(-57.8558334034702,-18.6136375142958,
9.78080039094945));
#12590=CARTESIAN_POINT('Ctrl Pts',(-57.9425631248534,-18.2686742309362,
9.49717865674184));
#12591=CARTESIAN_POINT('Ctrl Pts',(-58.0388073579506,-18.1257804214899,
9.17271729375137));
#12592=CARTESIAN_POINT('Ctrl Pts',(-58.1191003750867,-18.1,8.88752510050282));
#12593=CARTESIAN_POINT('Ctrl Pts',(-57.8437500689863,-19.1,9.95963583213683));
#12594=CARTESIAN_POINT('Ctrl Pts',(-57.8437500689863,-19.0036122969825,
9.95963583213683));
#12595=CARTESIAN_POINT('Ctrl Pts',(-57.8573720934565,-18.8128437431914,
9.92767880302483));
#12596=CARTESIAN_POINT('Ctrl Pts',(-57.9047004061103,-18.5795293613799,
9.81415024863906));
#12597=CARTESIAN_POINT('Ctrl Pts',(-58.0266762667767,-18.2234592593163,
9.51355276581505));
#12598=CARTESIAN_POINT('Ctrl Pts',(-58.153702390433,-18.1,9.17252330880774));
#12599=CARTESIAN_POINT('Ctrl Pts',(-58.2500000689863,-18.1,8.88752510050282));
#12600=CARTESIAN_POINT('',(-57.8437500689863,-19.1,9.95963583213683));
#12601=CARTESIAN_POINT('Ctrl Pts',(-58.2500000689863,-18.1,8.88752510050282));
#12602=CARTESIAN_POINT('Ctrl Pts',(-58.153702390433,-18.1,9.17252330880774));
#12603=CARTESIAN_POINT('Ctrl Pts',(-58.0266762667767,-18.2234592593163,
9.51355276581505));
#12604=CARTESIAN_POINT('Ctrl Pts',(-57.9047004061103,-18.5795293613799,
9.81415024863906));
#12605=CARTESIAN_POINT('Ctrl Pts',(-57.8573720934565,-18.8128437431914,
9.92767880302483));
#12606=CARTESIAN_POINT('Ctrl Pts',(-57.8437500689863,-19.0036122969825,
9.95963583213683));
#12607=CARTESIAN_POINT('Ctrl Pts',(-57.8437500689863,-19.1,9.95963583213683));
#12608=CARTESIAN_POINT('Origin',(-58.2500000689863,-19.1,9.66815523672781));
#12609=CARTESIAN_POINT('Origin',(-58.2500000689863,-18.1,9.66815523672779));
#12610=CARTESIAN_POINT('',(-57.8437500689863,-18.1,9.95963583213682));
#12611=CARTESIAN_POINT('Origin',(-55.0000000689863,-19.1,12.));
#12612=CARTESIAN_POINT('Origin',(-55.0000000689863,-19.1,12.));
#12613=CARTESIAN_POINT('Origin',(-55.0000000689863,-18.1,12.));
#12614=CARTESIAN_POINT('Origin',(-55.0000000689863,18.1,12.));
#12615=CARTESIAN_POINT('Origin',(-37.,8.3,1.75));
#12616=CARTESIAN_POINT('',(-34.,10.3,1.75));
#12617=CARTESIAN_POINT('',(-37.,10.3,1.75));
#12618=CARTESIAN_POINT('Origin',(-34.,8.3,1.75));
#12619=CARTESIAN_POINT('Origin',(-34.,8.3,1.75));
#12620=CARTESIAN_POINT('',(-34.,7.05,1.75));
#12621=CARTESIAN_POINT('Origin',(-34.,8.3,1.75));
#12622=CARTESIAN_POINT('Origin',(-37.,8.3,22.25));
#12623=CARTESIAN_POINT('',(-34.,10.3,22.25));
#12624=CARTESIAN_POINT('',(-37.,10.3,22.25));
#12625=CARTESIAN_POINT('Origin',(-34.,8.3,22.25));
#12626=CARTESIAN_POINT('Origin',(-34.,8.3,22.25));
#12627=CARTESIAN_POINT('',(-34.,7.05,22.25));
#12628=CARTESIAN_POINT('Origin',(-34.,8.3,22.25));
#12629=CARTESIAN_POINT('Origin',(4.99999999999999,8.3,22.25));
#12630=CARTESIAN_POINT('Origin',(1.99999999999999,8.3,22.25));
#12631=CARTESIAN_POINT('Origin',(1.99999999999999,8.3,22.25));
#12632=CARTESIAN_POINT('',(1.99999999999999,7.05,22.25));
#12633=CARTESIAN_POINT('Origin',(1.99999999999999,8.3,22.25));
#12634=CARTESIAN_POINT('Origin',(1.99999999999999,8.3,1.75));
#12635=CARTESIAN_POINT('',(1.99999999999999,7.05,1.75));
#12636=CARTESIAN_POINT('Origin',(1.99999999999999,8.3,1.75));
#12637=CARTESIAN_POINT('Origin',(-55.0000000689863,18.25,12.));
#12638=CARTESIAN_POINT('',(-50.4987926988305,18.25,0.338562172233854));
#12639=CARTESIAN_POINT('Origin',(-55.0000000689863,18.25,0.338562172233854));
#12640=CARTESIAN_POINT('Origin',(-55.0000000689863,18.,12.));
#12641=CARTESIAN_POINT('',(-49.0628290254674,18.,23.));
#12642=CARTESIAN_POINT('Origin',(-55.0000000689863,18.,12.));
#12643=CARTESIAN_POINT('Ctrl Pts',(-49.9531770758314,18.0999999999994,23.4358898943529));
#12644=CARTESIAN_POINT('Ctrl Pts',(-49.6460320259314,18.0343513319348,23.3003423580974));
#12645=CARTESIAN_POINT('Ctrl Pts',(-49.3399424622607,18.,23.1495699884272));
#12646=CARTESIAN_POINT('Ctrl Pts',(-49.0628290254674,18.,23.));
#12647=CARTESIAN_POINT('Origin',(-34.0000002384186,17.599999988933,22.4999998069622));
#12648=CARTESIAN_POINT('',(-37.,17.6,22.25));
#12649=CARTESIAN_POINT('',(-34.0000002384186,17.6,22.25));
#12650=CARTESIAN_POINT('',(-34.0000002384186,17.599999988933,22.4999998069622));
#12651=CARTESIAN_POINT('',(-37.,17.6000000034471,1.50000006299127));
#12652=CARTESIAN_POINT('',(-34.0000002384186,17.6000009185621,1.50000006299129));
#12653=CARTESIAN_POINT('',(-37.,17.6,1.75));
#12654=CARTESIAN_POINT('',(-37.,17.6000000120649,0.874999997242319));
#12655=CARTESIAN_POINT('',(-37.,17.6,11.125));
#12656=CARTESIAN_POINT('Origin',(-34.0000002384186,10.6,22.4999994970858));
#12657=CARTESIAN_POINT('Origin',(-34.0000002384186,17.6000000034471,1.50000006299127));
#12658=CARTESIAN_POINT('',(-34.0000002384186,26.5,1.50000017881394));
#12659=CARTESIAN_POINT('',(-34.0000002384186,17.6000000034471,1.50000006299127));
#12660=CARTESIAN_POINT('Origin',(-34.0000002384186,17.6,1.75));
#12661=CARTESIAN_POINT('',(-34.0000002384186,17.6,1.75));
#12662=CARTESIAN_POINT('Origin',(-35.0000002384186,26.5,16.0000001788139));
#12663=CARTESIAN_POINT('',(-35.0000002384186,-10.5,16.0000001788139));
#12664=CARTESIAN_POINT('',(-35.0000002384186,26.5,16.0000001788139));
#12665=CARTESIAN_POINT('',(-35.0000002384186,-10.5,14.0000001788139));
#12666=CARTESIAN_POINT('Origin',(-16.0000002384186,-10.5,12.0000001788139));
#12667=CARTESIAN_POINT('',(-25.0000002384186,-10.5,16.0000001788139));
#12668=CARTESIAN_POINT('',(-25.0000002384186,-10.5,18.1800001788139));
#12669=CARTESIAN_POINT('Origin',(-34.0000002384186,26.5,16.0000001788139));
#12670=CARTESIAN_POINT('Origin',(-34.0000002384186,17.6,22.25));
#12671=CARTESIAN_POINT('Origin',(4.99999999999999,8.3,22.25));
#12672=CARTESIAN_POINT('',(4.99999999999999,7.05,22.25));
#12673=CARTESIAN_POINT('Origin',(4.99999999999999,8.3,22.25));
#12674=CARTESIAN_POINT('',(4.99999999999999,7.05,22.25));
#12675=CARTESIAN_POINT('Origin',(4.99999999999999,8.3,1.75));
#12676=CARTESIAN_POINT('',(4.99999999999999,7.05,1.75));
#12677=CARTESIAN_POINT('Origin',(4.99999999999999,8.3,1.75));
#12678=CARTESIAN_POINT('',(4.99999999999999,7.05,1.75));
#12679=CARTESIAN_POINT('Origin',(-34.0000002384186,26.5,1.50000017881394));
#12680=CARTESIAN_POINT('',(-14.5000001192093,26.,1.50000017881394));
#12681=CARTESIAN_POINT('Origin',(-30.0000004470348,-5.00000007450581,27.));
#12682=CARTESIAN_POINT('',(-28.5000004470348,-5.00000007450581,27.));
#12683=CARTESIAN_POINT('Origin',(-30.0000004470348,-5.00000007450581,-3.));
#12684=CARTESIAN_POINT('',(-31.5000004470348,-5.00000007450581,-3.));
#12685=CARTESIAN_POINT('Origin',(-37.,-18.,0.));
#12686=CARTESIAN_POINT('',(-34.0000000172466,-18.,23.));
#12687=CARTESIAN_POINT('Origin',(-49.0000000172466,19.,23.));
#12688=CARTESIAN_POINT('',(-49.0000000172466,18.,23.));
#12689=CARTESIAN_POINT('Origin',(-14.5000001192093,26.,1.00000017881394));
#12690=CARTESIAN_POINT('Origin',(-19.5088553244412,-22.3005252214149,-1.));
#12691=CARTESIAN_POINT('',(-25.6071644982463,-25.9395951168499,-1.21100538598804));
#12692=CARTESIAN_POINT('',(-25.748565889653,-25.9878608158941,-1.));
#12693=CARTESIAN_POINT('Ctrl Pts',(-25.6071644982462,-25.9395951168499,
-1.21100538598802));
#12694=CARTESIAN_POINT('Ctrl Pts',(-25.6542304844642,-25.959700627385,-1.13913002538421));
#12695=CARTESIAN_POINT('Ctrl Pts',(-25.7017472442567,-25.9756982706764,
-1.06840925467976));
#12696=CARTESIAN_POINT('Ctrl Pts',(-25.748565889653,-25.9878608158941,-1.));
#12697=CARTESIAN_POINT('',(-27.4726708507241,-26.4357487112338,-1.));
#12698=CARTESIAN_POINT('',(-19.00598662691,-24.2362739326487,-1.));
#12699=CARTESIAN_POINT('Origin',(-27.9755395482553,-24.5,-1.));
#12700=CARTESIAN_POINT('',(1.25143411034702,-18.9738022479882,-1.));
#12701=CARTESIAN_POINT('',(-19.00598662691,-24.2362739326487,-1.));
#12702=CARTESIAN_POINT('',(1.10441971583814,-19.0004611865113,-1.21100538598802));
#12703=CARTESIAN_POINT('Ctrl Pts',(1.25143411034702,-18.9738022479882,-1.));
#12704=CARTESIAN_POINT('Ctrl Pts',(1.20461546495071,-18.985964793206,-1.06840925467976));
#12705=CARTESIAN_POINT('Ctrl Pts',(1.15532037883296,-18.9951169261101,-1.1391300253842));
#12706=CARTESIAN_POINT('Ctrl Pts',(1.10441971583811,-19.0004611865113,-1.211005385988));
#12707=CARTESIAN_POINT('',(-19.0087931284611,-24.2254705523881,-1.21100538598803));
#12708=CARTESIAN_POINT('Origin',(-27.9755395482553,-24.5,0.));
#12709=CARTESIAN_POINT('Origin',(-27.9755395482553,-24.5,-1.));
#12710=CARTESIAN_POINT('',(-27.4726708507242,-26.4357487112338,25.));
#12711=CARTESIAN_POINT('',(-27.4726708507242,-26.4357487112338,0.));
#12712=CARTESIAN_POINT('Origin',(-27.9755395482553,-24.5,25.));
#12713=CARTESIAN_POINT('',(-27.9755395482553,-26.5,0.));
#12714=CARTESIAN_POINT('Origin',(-27.9755395482553,-24.5,-1.));
#12715=CARTESIAN_POINT('Origin',(-19.5088553244412,-22.3005252214149,25.));
#12716=CARTESIAN_POINT('Origin',(-27.9755395482553,-24.5,25.));
#12717=CARTESIAN_POINT('',(-25.748565889653,-25.9878608158941,25.));
#12718=CARTESIAN_POINT('',(-19.00598662691,-24.2362739326487,25.));
#12719=CARTESIAN_POINT('',(-25.607164360824,-25.9395950581462,25.2110055958483));
#12720=CARTESIAN_POINT('Ctrl Pts',(-25.748565889653,-25.9878608158941,25.));
#12721=CARTESIAN_POINT('Ctrl Pts',(-25.7017471986931,-25.9756982588399,
25.0684093212552));
#12722=CARTESIAN_POINT('Ctrl Pts',(-25.6542303919802,-25.9597005961947,
25.1391301630365));
#12723=CARTESIAN_POINT('Ctrl Pts',(-25.607164360824,-25.9395950581462,25.2110055958483));
#12724=CARTESIAN_POINT('',(1.1044195672194,-19.0004612021154,25.2110055958482));
#12725=CARTESIAN_POINT('',(-19.0087931340593,-24.2254705308383,25.2110055958482));
#12726=CARTESIAN_POINT('',(1.25143411034702,-18.9738022479882,25.));
#12727=CARTESIAN_POINT('Ctrl Pts',(1.10441956721939,-19.0004612021154,25.2110055958482));
#12728=CARTESIAN_POINT('Ctrl Pts',(1.15532028286172,-18.9951169438767,25.1391301630365));
#12729=CARTESIAN_POINT('Ctrl Pts',(1.20461541938713,-18.9859648050425,25.0684093212552));
#12730=CARTESIAN_POINT('Ctrl Pts',(1.25143411034702,-18.9738022479882,25.));
#12731=CARTESIAN_POINT('',(-19.00598662691,-24.2362739326487,25.));
#12732=CARTESIAN_POINT('Origin',(-27.9755395482553,-24.5,25.));
#12733=CARTESIAN_POINT('Origin',(-23.5271888370491,-24.3775996455887,-1.35999982118606));
#12734=CARTESIAN_POINT('Origin',(0.999999761581396,-18.0059278923713,-1.35999982118606));
#12735=CARTESIAN_POINT('',(-25.0000002384186,-25.0199864602773,-0.392125465569168));
#12736=CARTESIAN_POINT('Origin',(-25.0000002384186,-24.7602065133178,-1.35999982118606));
#12737=CARTESIAN_POINT('Origin',(-26.0000002384186,-25.0199864602773,-1.35999982118606));
#12738=CARTESIAN_POINT('Origin',(0.999999761581422,-18.0059278923713,-0.179999910593032));
#12739=CARTESIAN_POINT('',(1.25143411034702,-18.9738022479882,-0.179999910593032));
#12740=CARTESIAN_POINT('Origin',(0.999999761581413,-18.0059278923713,25.3600001788139));
#12741=CARTESIAN_POINT('Origin',(-67.,-26.5,0.));
#12742=CARTESIAN_POINT('Origin',(-59.9497475372921,-26.5,7.05025253169417));
#12743=CARTESIAN_POINT('',(-35.,-26.5,3.));
#12744=CARTESIAN_POINT('',(-49.0000000172466,-26.5,3.));
#12745=CARTESIAN_POINT('',(-35.,-26.5,0.));
#12746=CARTESIAN_POINT('',(-49.0000000172466,-26.5,21.));
#12747=CARTESIAN_POINT('Origin',(-59.9497475372921,-26.5,16.9497474683058));
#12748=CARTESIAN_POINT('',(-53.0502526006805,-26.5,16.9497474683058));
#12749=CARTESIAN_POINT('Origin',(-50.0502526006805,-26.5,16.9497474683058));
#12750=CARTESIAN_POINT('',(-53.0502526006805,-26.5,7.05025253169417));
#12751=CARTESIAN_POINT('Origin',(-50.0502526006805,-26.5,7.05025253169417));
#12752=CARTESIAN_POINT('Origin',(-27.7200005215406,-26.5,0.));
#12753=CARTESIAN_POINT('Origin',(-8.53869654487601,-20.4838899129254,25.3600001788139));
#12754=CARTESIAN_POINT('',(-25.0000002384186,-25.0199864602773,24.392125823197));
#12755=CARTESIAN_POINT('Origin',(-26.0000002384186,-25.0199864602773,25.3600001788139));
#12756=CARTESIAN_POINT('Origin',(-25.0000002384186,-24.7602065133178,25.3600001788139));
#12757=CARTESIAN_POINT('Origin',(-26.0000002384186,-25.0199864602773,12.180000089407));
#12758=CARTESIAN_POINT('',(-25.0000002384186,-25.0199864602773,12.180000089407));
#12759=CARTESIAN_POINT('',(-25.748565889653,-25.9878608158941,12.180000089407));
#12760=CARTESIAN_POINT('Origin',(-25.0000002384186,-10.5,24.3600001788139));
#12761=CARTESIAN_POINT('Origin',(-27.7200005215406,-26.5,0.));
#12762=CARTESIAN_POINT('Origin',(-35.,-24.5,0.));
#12763=CARTESIAN_POINT('Ctrl Pts',(-37.,-24.5,0.171572875253809));
#12764=CARTESIAN_POINT('Ctrl Pts',(-37.,-24.7587546244214,0.26305645004968));
#12765=CARTESIAN_POINT('Ctrl Pts',(-36.9474001820096,-25.0168278372841,
0.396803499415369));
#12766=CARTESIAN_POINT('Ctrl Pts',(-36.7661361930025,-25.4696605049043,
0.72012379584368));
#12767=CARTESIAN_POINT('Ctrl Pts',(-36.6382623999551,-25.6649412841746,
0.909409246151437));
#12768=CARTESIAN_POINT('Ctrl Pts',(-36.3080131324972,-26.0422285906636,
1.36827725459992));
#12769=CARTESIAN_POINT('Ctrl Pts',(-36.0609677774493,-26.2194753721874,
1.68619964940133));
#12770=CARTESIAN_POINT('Ctrl Pts',(-35.5350220691401,-26.4483327484189,
2.34505681524644));
#12771=CARTESIAN_POINT('Ctrl Pts',(-35.256291933695,-26.5,2.68610776862806));
#12772=CARTESIAN_POINT('Ctrl Pts',(-35.,-26.5,3.));
#12773=CARTESIAN_POINT('Origin',(-67.,18.,0.));
#12774=CARTESIAN_POINT('Origin',(-34.0000000172466,-19.,23.));
#12775=CARTESIAN_POINT('',(-34.0000000172466,-19.,24.));
#12776=CARTESIAN_POINT('Origin',(-31.0000000344932,0.,24.));
#12777=CARTESIAN_POINT('',(-49.0000000172466,-23.5,24.));
#12778=CARTESIAN_POINT('Origin',(-49.0000000172466,-23.5,3.));
#12779=CARTESIAN_POINT('Origin',(-49.0000000172466,-23.5,21.));
#12780=CARTESIAN_POINT('Origin',(-59.9497475372921,-26.5,16.9497474683058));
#12781=CARTESIAN_POINT('',(-62.9497475372921,-21.5,16.9497474683058));
#12782=CARTESIAN_POINT('',(-62.9497475372921,-26.5,16.9497474683058));
#12783=CARTESIAN_POINT('Origin',(-59.9497475372921,-21.5,16.9497474683058));
#12784=CARTESIAN_POINT('Origin',(-59.9497475372921,21.5,16.9497474683058));
#12785=CARTESIAN_POINT('',(-58.1997475372921,21.5,16.9497474683058));
#12786=CARTESIAN_POINT('Origin',(-59.9497475372921,21.5,16.9497474683058));
#12787=CARTESIAN_POINT('Origin',(-50.0502526006805,26.5,7.05025253169417));
#12788=CARTESIAN_POINT('',(-47.0502526006805,21.5,7.05025253169417));
#12789=CARTESIAN_POINT('',(-47.0502526006805,26.5,7.05025253169417));
#12790=CARTESIAN_POINT('Origin',(-50.0502526006805,21.5,7.05025253169417));
#12791=CARTESIAN_POINT('Origin',(-50.0502526006805,21.5,7.05025253169417));
#12792=CARTESIAN_POINT('',(-48.3002526006805,21.5,7.05025253169417));
#12793=CARTESIAN_POINT('Origin',(-50.0502526006805,21.5,7.05025253169417));
#12794=CARTESIAN_POINT('Origin',(-50.0502526006805,26.5,16.9497474683058));
#12795=CARTESIAN_POINT('',(-47.0502526006805,21.5,16.9497474683058));
#12796=CARTESIAN_POINT('',(-47.0502526006805,26.5,16.9497474683058));
#12797=CARTESIAN_POINT('Origin',(-50.0502526006805,21.5,16.9497474683058));
#12798=CARTESIAN_POINT('Origin',(-50.0502526006805,21.5,16.9497474683058));
#12799=CARTESIAN_POINT('',(-48.3002526006805,21.5,16.9497474683058));
#12800=CARTESIAN_POINT('Origin',(-50.0502526006805,21.5,16.9497474683058));
#12801=CARTESIAN_POINT('Origin',(-59.9497475372921,26.5,7.05025253169417));
#12802=CARTESIAN_POINT('',(-56.9497475372921,21.5,7.05025253169417));
#12803=CARTESIAN_POINT('',(-56.9497475372921,26.5,7.05025253169417));
#12804=CARTESIAN_POINT('Origin',(-59.9497475372921,21.5,7.05025253169417));
#12805=CARTESIAN_POINT('Origin',(-59.9497475372921,21.5,7.05025253169417));
#12806=CARTESIAN_POINT('',(-58.1997475372921,21.5,7.05025253169417));
#12807=CARTESIAN_POINT('Origin',(-59.9497475372921,21.5,7.05025253169417));
#12808=CARTESIAN_POINT('Origin',(-50.0502526006805,-26.5,16.9497474683058));
#12809=CARTESIAN_POINT('',(-53.0502526006805,-21.5,16.9497474683058));
#12810=CARTESIAN_POINT('',(-53.0502526006805,-26.5,16.9497474683058));
#12811=CARTESIAN_POINT('Origin',(-50.0502526006805,-21.5,16.9497474683058));
#12812=CARTESIAN_POINT('Origin',(-50.0502526006805,-21.5,16.9497474683058));
#12813=CARTESIAN_POINT('Origin',(-59.9497475372921,-26.5,7.05025253169417));
#12814=CARTESIAN_POINT('',(-62.9497475372921,-21.5,7.05025253169417));
#12815=CARTESIAN_POINT('',(-62.9497475372921,-26.5,7.05025253169417));
#12816=CARTESIAN_POINT('Origin',(-59.9497475372921,-21.5,7.05025253169417));
#12817=CARTESIAN_POINT('Origin',(-59.9497475372921,-21.5,7.05025253169417));
#12818=CARTESIAN_POINT('Origin',(-59.9497475372921,-21.5,16.9497474683058));
#12819=CARTESIAN_POINT('Origin',(-50.0502526006805,-26.5,7.05025253169417));
#12820=CARTESIAN_POINT('',(-53.0502526006805,-21.5,7.05025253169417));
#12821=CARTESIAN_POINT('',(-53.0502526006805,-26.5,7.05025253169417));
#12822=CARTESIAN_POINT('Origin',(-50.0502526006805,-21.5,7.05025253169417));
#12823=CARTESIAN_POINT('Origin',(-50.0502526006805,-21.5,7.05025253169417));
#12824=CARTESIAN_POINT('Origin',(-59.9497475372921,26.5,16.9497474683058));
#12825=CARTESIAN_POINT('',(-58.1997475372921,26.5,16.9497474683058));
#12826=CARTESIAN_POINT('Origin',(-50.0502526006805,26.5,7.05025253169417));
#12827=CARTESIAN_POINT('',(-48.3002526006805,26.5,7.05025253169417));
#12828=CARTESIAN_POINT('Origin',(-50.0502526006805,26.5,16.9497474683058));
#12829=CARTESIAN_POINT('',(-48.3002526006805,26.5,16.9497474683058));
#12830=CARTESIAN_POINT('Origin',(-59.9497475372921,26.5,7.05025253169417));
#12831=CARTESIAN_POINT('',(-58.1997475372921,26.5,7.05025253169417));
#12832=CARTESIAN_POINT('Origin',(-25.0000004470348,-5.00000007450581,-3.));
#12833=CARTESIAN_POINT('',(-26.5000004470348,-5.00000007450581,-3.));
#12834=CARTESIAN_POINT('Origin',(-20.0000004470348,-5.00000007450581,-3.));
#12835=CARTESIAN_POINT('',(-21.5000004470348,-5.00000007450581,-3.));
#12836=CARTESIAN_POINT('Origin',(-15.0000004470348,-5.00000007450581,-3.));
#12837=CARTESIAN_POINT('',(-16.5000004470348,-5.00000007450581,-3.));
#12838=CARTESIAN_POINT('Origin',(-10.0000004470348,-5.00000007450581,-3.));
#12839=CARTESIAN_POINT('',(-11.5000004470348,-5.00000007450581,-3.));
#12840=CARTESIAN_POINT('Origin',(-5.00000044703484,-5.00000007450581,-3.));
#12841=CARTESIAN_POINT('',(-6.50000044703484,-5.00000007450581,-3.));
#12842=CARTESIAN_POINT('Origin',(-30.0000004470348,-7.45058059692383E-8,
-3.));
#12843=CARTESIAN_POINT('',(-31.5000004470348,-7.45058061529353E-8,-3.));
#12844=CARTESIAN_POINT('Origin',(-30.0000004470348,4.99999992549419,-3.));
#12845=CARTESIAN_POINT('',(-31.5000004470348,4.99999992549419,-3.));
#12846=CARTESIAN_POINT('Origin',(-30.0000004470348,9.99999992549419,-3.));
#12847=CARTESIAN_POINT('',(-31.5000004470348,9.99999992549419,-3.));
#12848=CARTESIAN_POINT('Origin',(-30.0000004470348,14.9999999254942,-3.));
#12849=CARTESIAN_POINT('',(-31.5000004470348,14.9999999254942,-3.));
#12850=CARTESIAN_POINT('Origin',(-30.0000004470348,19.9999999254942,-3.));
#12851=CARTESIAN_POINT('',(-31.5000004470348,19.9999999254942,-3.));
#12852=CARTESIAN_POINT('Origin',(-25.0000004470348,-7.45058059692383E-8,
-3.));
#12853=CARTESIAN_POINT('',(-26.5000004470348,-7.45058061529353E-8,-3.));
#12854=CARTESIAN_POINT('Origin',(-25.0000004470348,4.99999992549419,-3.));
#12855=CARTESIAN_POINT('',(-26.5000004470348,4.99999992549419,-3.));
#12856=CARTESIAN_POINT('Origin',(-25.0000004470348,9.99999992549419,-3.));
#12857=CARTESIAN_POINT('',(-26.5000004470348,9.99999992549419,-3.));
#12858=CARTESIAN_POINT('Origin',(-25.0000004470348,14.9999999254942,-3.));
#12859=CARTESIAN_POINT('',(-26.5000004470348,14.9999999254942,-3.));
#12860=CARTESIAN_POINT('Origin',(-25.0000004470348,19.9999999254942,-3.));
#12861=CARTESIAN_POINT('',(-26.5000004470348,19.9999999254942,-3.));
#12862=CARTESIAN_POINT('Origin',(-20.0000004470348,-7.45058059692383E-8,
-3.));
#12863=CARTESIAN_POINT('',(-21.5000004470348,-7.45058061529353E-8,-3.));
#12864=CARTESIAN_POINT('Origin',(-20.0000004470348,4.99999992549419,-3.));
#12865=CARTESIAN_POINT('',(-21.5000004470348,4.99999992549419,-3.));
#12866=CARTESIAN_POINT('Origin',(-20.0000004470348,9.99999992549419,-3.));
#12867=CARTESIAN_POINT('',(-21.5000004470348,9.99999992549419,-3.));
#12868=CARTESIAN_POINT('Origin',(-20.0000004470348,14.9999999254942,-3.));
#12869=CARTESIAN_POINT('',(-21.5000004470348,14.9999999254942,-3.));
#12870=CARTESIAN_POINT('Origin',(-20.0000004470348,19.9999999254942,-3.));
#12871=CARTESIAN_POINT('',(-21.5000004470348,19.9999999254942,-3.));
#12872=CARTESIAN_POINT('Origin',(-15.0000004470348,-7.45058059692383E-8,
-3.));
#12873=CARTESIAN_POINT('',(-16.5000004470348,-7.45058061529353E-8,-3.));
#12874=CARTESIAN_POINT('Origin',(-15.0000004470348,4.99999992549419,-3.));
#12875=CARTESIAN_POINT('',(-16.5000004470348,4.99999992549419,-3.));
#12876=CARTESIAN_POINT('Origin',(-15.0000004470348,9.99999992549419,-3.));
#12877=CARTESIAN_POINT('',(-16.5000004470348,9.99999992549419,-3.));
#12878=CARTESIAN_POINT('Origin',(-15.0000004470348,14.9999999254942,-3.));
#12879=CARTESIAN_POINT('',(-16.5000004470348,14.9999999254942,-3.));
#12880=CARTESIAN_POINT('Origin',(-15.0000004470348,19.9999999254942,-3.));
#12881=CARTESIAN_POINT('',(-16.5000004470348,19.9999999254942,-3.));
#12882=CARTESIAN_POINT('Origin',(-10.0000004470348,-7.45058059692383E-8,
-3.));
#12883=CARTESIAN_POINT('',(-11.5000004470348,-7.45058061529353E-8,-3.));
#12884=CARTESIAN_POINT('Origin',(-10.0000004470348,4.99999992549419,-3.));
#12885=CARTESIAN_POINT('',(-11.5000004470348,4.99999992549419,-3.));
#12886=CARTESIAN_POINT('Origin',(-10.0000004470348,9.99999992549419,-3.));
#12887=CARTESIAN_POINT('',(-11.5000004470348,9.99999992549419,-3.));
#12888=CARTESIAN_POINT('Origin',(-10.0000004470348,14.9999999254942,-3.));
#12889=CARTESIAN_POINT('',(-11.5000004470348,14.9999999254942,-3.));
#12890=CARTESIAN_POINT('Origin',(-10.0000004470348,19.9999999254942,-3.));
#12891=CARTESIAN_POINT('',(-11.5000004470348,19.9999999254942,-3.));
#12892=CARTESIAN_POINT('Origin',(-5.00000044703484,-7.45058059692383E-8,
-3.));
#12893=CARTESIAN_POINT('',(-6.50000044703484,-7.45058061529353E-8,-3.));
#12894=CARTESIAN_POINT('Origin',(-5.00000044703484,4.99999992549419,-3.));
#12895=CARTESIAN_POINT('',(-6.50000044703484,4.99999992549419,-3.));
#12896=CARTESIAN_POINT('Origin',(-5.00000044703484,9.99999992549419,-3.));
#12897=CARTESIAN_POINT('',(-6.50000044703484,9.99999992549419,-3.));
#12898=CARTESIAN_POINT('Origin',(-5.00000044703484,14.9999999254942,-3.));
#12899=CARTESIAN_POINT('',(-6.50000044703484,14.9999999254942,-3.));
#12900=CARTESIAN_POINT('Origin',(-5.00000044703484,19.9999999254942,-3.));
#12901=CARTESIAN_POINT('',(-6.50000044703484,19.9999999254942,-3.));
#12902=CARTESIAN_POINT('Origin',(-25.0000004470348,-5.00000007450581,27.));
#12903=CARTESIAN_POINT('',(-23.5000004470348,-5.00000007450581,27.));
#12904=CARTESIAN_POINT('Origin',(-20.0000004470348,-5.00000007450581,27.));
#12905=CARTESIAN_POINT('',(-18.5000004470348,-5.00000007450581,27.));
#12906=CARTESIAN_POINT('Origin',(-15.0000004470348,-5.00000007450581,27.));
#12907=CARTESIAN_POINT('',(-13.5000004470348,-5.00000007450581,27.));
#12908=CARTESIAN_POINT('Origin',(-10.0000004470348,-5.00000007450581,27.));
#12909=CARTESIAN_POINT('',(-8.50000044703484,-5.00000007450581,27.));
#12910=CARTESIAN_POINT('Origin',(-5.00000044703484,-5.00000007450581,27.));
#12911=CARTESIAN_POINT('',(-3.50000044703484,-5.00000007450581,27.));
#12912=CARTESIAN_POINT('Origin',(-30.0000004470348,-7.45058059692383E-8,
27.));
#12913=CARTESIAN_POINT('',(-28.5000004470348,-7.45058061529353E-8,27.));
#12914=CARTESIAN_POINT('Origin',(-30.0000004470348,4.99999992549419,27.));
#12915=CARTESIAN_POINT('',(-28.5000004470348,4.99999992549419,27.));
#12916=CARTESIAN_POINT('Origin',(-30.0000004470348,9.99999992549419,27.));
#12917=CARTESIAN_POINT('',(-28.5000004470348,9.99999992549419,27.));
#12918=CARTESIAN_POINT('Origin',(-30.0000004470348,14.9999999254942,27.));
#12919=CARTESIAN_POINT('',(-28.5000004470348,14.9999999254942,27.));
#12920=CARTESIAN_POINT('Origin',(-30.0000004470348,19.9999999254942,27.));
#12921=CARTESIAN_POINT('',(-28.5000004470348,19.9999999254942,27.));
#12922=CARTESIAN_POINT('Origin',(-25.0000004470348,-7.45058059692383E-8,
27.));
#12923=CARTESIAN_POINT('',(-23.5000004470348,-7.45058061529353E-8,27.));
#12924=CARTESIAN_POINT('Origin',(-25.0000004470348,4.99999992549419,27.));
#12925=CARTESIAN_POINT('',(-23.5000004470348,4.99999992549419,27.));
#12926=CARTESIAN_POINT('Origin',(-25.0000004470348,9.99999992549419,27.));
#12927=CARTESIAN_POINT('',(-23.5000004470348,9.99999992549419,27.));
#12928=CARTESIAN_POINT('Origin',(-25.0000004470348,14.9999999254942,27.));
#12929=CARTESIAN_POINT('',(-23.5000004470348,14.9999999254942,27.));
#12930=CARTESIAN_POINT('Origin',(-25.0000004470348,19.9999999254942,27.));
#12931=CARTESIAN_POINT('',(-23.5000004470348,19.9999999254942,27.));
#12932=CARTESIAN_POINT('Origin',(-20.0000004470348,-7.45058059692383E-8,
27.));
#12933=CARTESIAN_POINT('',(-18.5000004470348,-7.45058061529353E-8,27.));
#12934=CARTESIAN_POINT('Origin',(-20.0000004470348,4.99999992549419,27.));
#12935=CARTESIAN_POINT('',(-18.5000004470348,4.99999992549419,27.));
#12936=CARTESIAN_POINT('Origin',(-20.0000004470348,9.99999992549419,27.));
#12937=CARTESIAN_POINT('',(-18.5000004470348,9.99999992549419,27.));
#12938=CARTESIAN_POINT('Origin',(-20.0000004470348,14.9999999254942,27.));
#12939=CARTESIAN_POINT('',(-18.5000004470348,14.9999999254942,27.));
#12940=CARTESIAN_POINT('Origin',(-20.0000004470348,19.9999999254942,27.));
#12941=CARTESIAN_POINT('',(-18.5000004470348,19.9999999254942,27.));
#12942=CARTESIAN_POINT('Origin',(-15.0000004470348,-7.45058059692383E-8,
27.));
#12943=CARTESIAN_POINT('',(-13.5000004470348,-7.45058061529353E-8,27.));
#12944=CARTESIAN_POINT('Origin',(-15.0000004470348,4.99999992549419,27.));
#12945=CARTESIAN_POINT('',(-13.5000004470348,4.99999992549419,27.));
#12946=CARTESIAN_POINT('Origin',(-15.0000004470348,9.99999992549419,27.));
#12947=CARTESIAN_POINT('',(-13.5000004470348,9.99999992549419,27.));
#12948=CARTESIAN_POINT('Origin',(-15.0000004470348,14.9999999254942,27.));
#12949=CARTESIAN_POINT('',(-13.5000004470348,14.9999999254942,27.));
#12950=CARTESIAN_POINT('Origin',(-15.0000004470348,19.9999999254942,27.));
#12951=CARTESIAN_POINT('',(-13.5000004470348,19.9999999254942,27.));
#12952=CARTESIAN_POINT('Origin',(-10.0000004470348,-7.45058059692383E-8,
27.));
#12953=CARTESIAN_POINT('',(-8.50000044703484,-7.45058061529353E-8,27.));
#12954=CARTESIAN_POINT('Origin',(-10.0000004470348,4.99999992549419,27.));
#12955=CARTESIAN_POINT('',(-8.50000044703484,4.99999992549419,27.));
#12956=CARTESIAN_POINT('Origin',(-10.0000004470348,9.99999992549419,27.));
#12957=CARTESIAN_POINT('',(-8.50000044703484,9.99999992549419,27.));
#12958=CARTESIAN_POINT('Origin',(-10.0000004470348,14.9999999254942,27.));
#12959=CARTESIAN_POINT('',(-8.50000044703484,14.9999999254942,27.));
#12960=CARTESIAN_POINT('Origin',(-10.0000004470348,19.9999999254942,27.));
#12961=CARTESIAN_POINT('',(-8.50000044703484,19.9999999254942,27.));
#12962=CARTESIAN_POINT('Origin',(-5.00000044703484,-7.45058059692383E-8,
27.));
#12963=CARTESIAN_POINT('',(-3.50000044703484,-7.45058061529353E-8,27.));
#12964=CARTESIAN_POINT('Origin',(-5.00000044703484,4.99999992549419,27.));
#12965=CARTESIAN_POINT('',(-3.50000044703484,4.99999992549419,27.));
#12966=CARTESIAN_POINT('Origin',(-5.00000044703483,9.99999992549419,27.));
#12967=CARTESIAN_POINT('',(-3.50000044703484,9.99999992549419,27.));
#12968=CARTESIAN_POINT('Origin',(-5.00000044703483,14.9999999254942,27.));
#12969=CARTESIAN_POINT('',(-3.50000044703484,14.9999999254942,27.));
#12970=CARTESIAN_POINT('Origin',(-5.00000044703483,19.9999999254942,27.));
#12971=CARTESIAN_POINT('',(-3.50000044703484,19.9999999254942,27.));
#12972=UNCERTAINTY_MEASURE_WITH_UNIT(LENGTH_MEASURE(0.01),#12976,
'DISTANCE_ACCURACY_VALUE',
'Maximum model space distance between geometric entities at asserted c
onnectivities');
#12973=UNCERTAINTY_MEASURE_WITH_UNIT(LENGTH_MEASURE(0.01),#12976,
'DISTANCE_ACCURACY_VALUE',
'Maximum model space distance between geometric entities at asserted c
onnectivities');
#12974=(
GEOMETRIC_REPRESENTATION_CONTEXT(3)
GLOBAL_UNCERTAINTY_ASSIGNED_CONTEXT((#12972))
GLOBAL_UNIT_ASSIGNED_CONTEXT((#12976,#12978,#12979))
REPRESENTATION_CONTEXT('','3D')
);
#12975=(
GEOMETRIC_REPRESENTATION_CONTEXT(3)
GLOBAL_UNCERTAINTY_ASSIGNED_CONTEXT((#12973))
GLOBAL_UNIT_ASSIGNED_CONTEXT((#12976,#12978,#12979))
REPRESENTATION_CONTEXT('','3D')
);
#12976=(
LENGTH_UNIT()
NAMED_UNIT(*)
SI_UNIT(.MILLI.,.METRE.)
);
#12977=(
LENGTH_UNIT()
NAMED_UNIT(*)
SI_UNIT($,.METRE.)
);
#12978=(
NAMED_UNIT(*)
PLANE_ANGLE_UNIT()
SI_UNIT($,.RADIAN.)
);
#12979=(
NAMED_UNIT(*)
SI_UNIT($,.STERADIAN.)
SOLID_ANGLE_UNIT()
);
#12980=SHAPE_DEFINITION_REPRESENTATION(#12981,#12982);
#12981=PRODUCT_DEFINITION_SHAPE('',$,#12984);
#12982=SHAPE_REPRESENTATION('',(#6492),#12974);
#12983=PRODUCT_DEFINITION_CONTEXT('part definition',#12988,'design');
#12984=PRODUCT_DEFINITION('2026-04-01-12-11-22-744','wrist_link',#12985,
#12983);
#12985=PRODUCT_DEFINITION_FORMATION('',$,#12990);
#12986=PRODUCT_RELATED_PRODUCT_CATEGORY('wrist_link','wrist_link',(#12990));
#12987=APPLICATION_PROTOCOL_DEFINITION('international standard',
'automotive_design',2009,#12988);
#12988=APPLICATION_CONTEXT(
'Core Data for Automotive Mechanical Design Process');
#12989=PRODUCT_CONTEXT('part definition',#12988,'mechanical');
#12990=PRODUCT('2026-04-01-12-11-22-744','wrist_link',$,(#12989));
#12991=PRESENTATION_STYLE_ASSIGNMENT((#12992));
#12992=SURFACE_STYLE_USAGE(.BOTH.,#12993);
#12993=SURFACE_SIDE_STYLE('',(#12994));
#12994=SURFACE_STYLE_FILL_AREA(#12995);
#12995=FILL_AREA_STYLE('\X2\AC15CCA0\X0\ - \X2\C0C8D2F4\X0\',(#12996));
#12996=FILL_AREA_STYLE_COLOUR('\X2\AC15CCA0\X0\ - \X2\C0C8D2F4\X0\',#12997);
#12997=COLOUR_RGB('\X2\AC15CCA0\X0\ - \X2\C0C8D2F4\X0\',0.627450980392157,
0.627450980392157,0.627450980392157);
ENDSEC;
END-ISO-10303-21;
